<document>
 <table id="Table 2">
  <caption text="

   The influence of sildenafil on clinical and hemodynamic parameters in responder and non-responder groups by Student's unpaired test.
  
">
  </caption>
  <legend text="


    Abbreviations
   
   : CI – cardiac index, mPAP - mean pulmonary arterial pressure, NT-proBNP – N-terminal pro B-type natriuretic peptide, NYHA – New York Heart Association class, PASP – pulmonary artery systolic pressure, NPS – nitroprusside, CWP – pulmonary capillary wedge pressure, PVR – pulmonary vascular resistance, SAP – systolic arterial pressure, TPG – transpulmonary gradient, VO2 – maximal oxygen uptake in cardiopulmonary stress testing, 6 MW - 6 min walk distance.
  


    a,b,c,d,e,
   
   p &lt; 0.05.
  


    f,g
   
   p &lt; 0.001.
  
">
  </legend>
  <row row="0">
   <cell col-end="0" col-start="0" row-end="1" row-start="0" text="Parameter">
   </cell>
   <cell col-end="3" col-start="1" row-end="0" row-start="0" text="Responders n = 22">
   </cell>
   <cell col-end="6" col-start="4" row-end="0" row-start="0" text="Non-responders n = 13">
   </cell>
  </row>
  <row row="1">
   <cell col-end="1" col-start="1" row-end="1" row-start="1" text="Baseline">
   </cell>
   <cell col-end="2" col-start="2" row-end="1" row-start="1" text="Post sildenafil">
   </cell>
   <cell col-end="3" col-start="3" row-end="1" row-start="1" text="p">
   </cell>
   <cell col-end="4" col-start="4" row-end="1" row-start="1" text="Baseline">
   </cell>
   <cell col-end="5" col-start="5" row-end="1" row-start="1" text="Post sildenafil">
   </cell>
   <cell col-end="6" col-start="6" row-end="1" row-start="1" text="p">
   </cell>
  </row>
  <row row="2">
   <cell col-end="0" col-start="0" row-end="2" row-start="2" text="SAP">
   </cell>
   <cell col-end="1" col-start="1" row-end="2" row-start="2" text="105 (12)">
   </cell>
   <cell col-end="2" col-start="2" row-end="2" row-start="2" text="95 (12)">
   </cell>
   <cell col-end="3" col-start="3" row-end="2" row-start="2" text="0.003">
   </cell>
   <cell col-end="4" col-start="4" row-end="2" row-start="2" text="105 (13)">
   </cell>
   <cell col-end="5" col-start="5" row-end="2" row-start="2" text="99 (16)">
   </cell>
   <cell col-end="6" col-start="6" row-end="2" row-start="2" text="NS">
   </cell>
  </row>
  <row row="3">
   <cell col-end="0" col-start="0" row-end="3" row-start="3" text="SAP NPS test">
   </cell>
   <cell col-end="1" col-start="1" row-end="3" row-start="3" text="86 (14)">
   </cell>
   <cell col-end="2" col-start="2" row-end="3" row-start="3" text="90 (9)">
   </cell>
   <cell col-end="3" col-start="3" row-end="3" row-start="3" text="NS">
   </cell>
   <cell col-end="4" col-start="4" row-end="3" row-start="3" text="83 (23)">
   </cell>
   <cell col-end="5" col-start="5" row-end="3" row-start="3" text="75 (12)">
   </cell>
   <cell col-end="6" col-start="6" row-end="3" row-start="3" text="NS">
   </cell>
  </row>
  <row row="4">
   <cell col-end="0" col-start="0" row-end="4" row-start="4" text="NYHA">
   </cell>
   <cell col-end="1" col-start="1" row-end="4" row-start="4" text="2.9(0.3)">
   </cell>
   <cell col-end="2" col-start="2" row-end="4" row-start="4" text="2.6(0.7)">
   </cell>
   <cell col-end="3" col-start="3" row-end="4" row-start="4" text="0.05">
   </cell>
   <cell col-end="4" col-start="4" row-end="4" row-start="4" text="2.9(0.2)">
   </cell>
   <cell col-end="5" col-start="5" row-end="4" row-start="4" text="2.9(0.2)">
   </cell>
   <cell col-end="6" col-start="6" row-end="4" row-start="4" text="NS">
   </cell>
  </row>
  <row row="5">
   <cell col-end="0" col-start="0" row-end="5" row-start="5" text="NT-proBNP, ng/ml">
   </cell>
   <cell col-end="1" col-start="1" row-end="5" row-start="5" text="6564(6562)">
   </cell>
   <cell col-end="2" col-start="2" row-end="5" row-start="5" text="5823(7212)">
   </cell>
   <cell col-end="3" col-start="3" row-end="5" row-start="5" text="NS">
   </cell>
   <cell col-end="4" col-start="4" row-end="5" row-start="5" text="7249(5507)">
   </cell>
   <cell col-end="5" col-start="5" row-end="5" row-start="5" text="7936(6781)">
   </cell>
   <cell col-end="6" col-start="6" row-end="5" row-start="5" text="NS">
   </cell>
  </row>
  <row row="6">
   <cell col-end="0" col-start="0" row-end="6" row-start="6" text="VO2, ml/kg/min">
   </cell>
   <cell col-end="1" col-start="1" row-end="6" row-start="6" text="12.0(2.6)">
   </cell>
   <cell col-end="2" col-start="2" row-end="6" row-start="6" text="13.1(3.1)">
   </cell>
   <cell col-end="3" col-start="3" row-end="6" row-start="6" text="NS">
   </cell>
   <cell col-end="4" col-start="4" row-end="6" row-start="6" text="11.4(3.0)">
   </cell>
   <cell col-end="5" col-start="5" row-end="6" row-start="6" text="11.4(3.5)">
   </cell>
   <cell col-end="6" col-start="6" row-end="6" row-start="6" text="NS">
   </cell>
  </row>
  <row row="7">
   <cell col-end="0" col-start="0" row-end="7" row-start="7" text="6 MW, m">
   </cell>
   <cell col-end="1" col-start="1" row-end="7" row-start="7" text="283(106)">
   </cell>
   <cell col-end="2" col-start="2" row-end="7" row-start="7" text="331(97)
     
      a">
   </cell>
   <cell col-end="3" col-start="3" row-end="7" row-start="7" text="NS">
   </cell>
   <cell col-end="4" col-start="4" row-end="7" row-start="7" text="224(132)
     
      a">
   </cell>
   <cell col-end="5" col-start="5" row-end="7" row-start="7" text="240(121)">
   </cell>
   <cell col-end="6" col-start="6" row-end="7" row-start="7" text="NS">
   </cell>
  </row>
  <row row="8">
   <cell col-end="0" col-start="0" row-end="8" row-start="8" text="PASP, mmHg">
   </cell>
   <cell col-end="1" col-start="1" row-end="8" row-start="8" text="62(13)">
   </cell>
   <cell col-end="2" col-start="2" row-end="8" row-start="8" text="49(14)
     
      b">
   </cell>
   <cell col-end="3" col-start="3" row-end="8" row-start="8" text="0.001">
   </cell>
   <cell col-end="4" col-start="4" row-end="8" row-start="8" text="72(13)">
   </cell>
   <cell col-end="5" col-start="5" row-end="8" row-start="8" text="61(14)
     
      b">
   </cell>
   <cell col-end="6" col-start="6" row-end="8" row-start="8" text="0.05">
   </cell>
  </row>
  <row row="9">
   <cell col-end="0" col-start="0" row-end="9" row-start="9" text="mPAP, mmHg">
   </cell>
   <cell col-end="1" col-start="1" row-end="9" row-start="9" text="34(7)
     
      c">
   </cell>
   <cell col-end="2" col-start="2" row-end="9" row-start="9" text="32(10)">
   </cell>
   <cell col-end="3" col-start="3" row-end="9" row-start="9" text="0.001">
   </cell>
   <cell col-end="4" col-start="4" row-end="9" row-start="9" text="47(8)
     
      c">
   </cell>
   <cell col-end="5" col-start="5" row-end="9" row-start="9" text="37(13)">
   </cell>
   <cell col-end="6" col-start="6" row-end="9" row-start="9" text="0.05">
   </cell>
  </row>
  <row row="10">
   <cell col-end="0" col-start="0" row-end="10" row-start="10" text="TPG, mmHg">
   </cell>
   <cell col-end="1" col-start="1" row-end="10" row-start="10" text="17(6)
     
      d">
   </cell>
   <cell col-end="2" col-start="2" row-end="10" row-start="10" text="10(5)
     
      f">
   </cell>
   <cell col-end="3" col-start="3" row-end="10" row-start="10" text="&lt;0,001">
   </cell>
   <cell col-end="4" col-start="4" row-end="10" row-start="10" text="22(6)
     
      d">
   </cell>
   <cell col-end="5" col-start="5" row-end="10" row-start="10" text="20(5)
     
      f">
   </cell>
   <cell col-end="6" col-start="6" row-end="10" row-start="10" text="NS">
   </cell>
  </row>
  <row row="11">
   <cell col-end="0" col-start="0" row-end="11" row-start="11" text="CWP, mmHg">
   </cell>
   <cell col-end="1" col-start="1" row-end="11" row-start="11" text="23(7)">
   </cell>
   <cell col-end="2" col-start="2" row-end="11" row-start="11" text="21(9)">
   </cell>
   <cell col-end="3" col-start="3" row-end="11" row-start="11" text="NS">
   </cell>
   <cell col-end="4" col-start="4" row-end="11" row-start="11" text="22(4)">
   </cell>
   <cell col-end="5" col-start="5" row-end="11" row-start="11" text="18(6)">
   </cell>
   <cell col-end="6" col-start="6" row-end="11" row-start="11" text="NS">
   </cell>
  </row>
  <row row="12">
   <cell col-end="0" col-start="0" row-end="12" row-start="12" text="PVR, WU">
   </cell>
   <cell col-end="1" col-start="1" row-end="12" row-start="12" text="4.4(1.4)
     
      e">
   </cell>
   <cell col-end="2" col-start="2" row-end="12" row-start="12" text="2.4(1.1)
     
      g">
   </cell>
   <cell col-end="3" col-start="3" row-end="12" row-start="12" text="&lt;0.001">
   </cell>
   <cell col-end="4" col-start="4" row-end="12" row-start="12" text="6.0(1.6)
     
      e">
   </cell>
   <cell col-end="5" col-start="5" row-end="12" row-start="12" text="5.1(1.0)
     
      g">
   </cell>
   <cell col-end="6" col-start="6" row-end="12" row-start="12" text="0.03">
   </cell>
  </row>
  <row row="13">
   <cell col-end="0" col-start="0" row-end="13" row-start="13" text="CI, ml/min/m
     
      2">
   </cell>
   <cell col-end="1" col-start="1" row-end="13" row-start="13" text="1.98(0.46)">
   </cell>
   <cell col-end="2" col-start="2" row-end="13" row-start="13" text="2.16(0.43)">
   </cell>
   <cell col-end="3" col-start="3" row-end="13" row-start="13" text="NS">
   </cell>
   <cell col-end="4" col-start="4" row-end="13" row-start="13" text="2.0(0.4)">
   </cell>
   <cell col-end="5" col-start="5" row-end="13" row-start="13" text="2.12(0.42)">
   </cell>
   <cell col-end="6" col-start="6" row-end="13" row-start="13" text="NS">
   </cell>
  </row>
  <statements>
   <statement id="1" text="For Non-responders n = 13 has unique P value for SAP Parameter compare to other Parameter." type="">
   </statement>
   <statement id="2" text="For Responders n = 22 Baseline has highest value for TPG, mmHg Parameter." type="">
   </statement>
   <statement id="3" text="In the non-responder group, less prominent but significant reduction of PASP, mPAP and PVR were noted." type="">
   </statement>
   <statement id="4" text="The table contain 12 types of parameter." type="">
   </statement>
  </statements>
 </table>
</document>