<document>
 <table id="Table 4">
  <caption text="

   Strength of relationships between the implementation of farm investments co-financed by the EU and characteristics of communes (Pearson correlation coefficient).
  
">
  </caption>
  <legend text="

   Source: own calculations based on
   
    https://bdl.stat.gov.pl
   
   , unpublished data of the Agency for Restructuring and Modernization of Agriculture and
   
    Stanny et al. (2018)
   
   .
  
">
  </legend>
  <row row="0">
   <cell col-end="0" col-start="0" row-end="0" row-start="0" text="Variable">
   </cell>
   <cell col-end="1" col-start="1" row-end="0" row-start="0" text="Amount of investments co-financed by the EU (EUR per hectare of agricultural land in the commune)">
   </cell>
   <cell col-end="2" col-start="2" row-end="0" row-start="0" text="Amount of investments co-financed by the EU (EUR per farm in the commune)">
   </cell>
   <cell col-end="3" col-start="3" row-end="0" row-start="0" text="Share of farms who made investments co-financed by the EU (total farms = 100)">
   </cell>
  </row>
  <row row="1">
   <cell col-end="0" col-start="0" row-end="1" row-start="1" text="Hellwig development index for “social capital”">
   </cell>
   <cell col-end="1" col-start="1" row-end="1" row-start="1" text="−0.001">
   </cell>
   <cell col-end="2" col-start="2" row-end="1" row-start="1" text="−0.007">
   </cell>
   <cell col-end="3" col-start="3" row-end="1" row-start="1" text="−0.022">
   </cell>
  </row>
  <row row="2">
   <cell col-end="0" col-start="0" row-end="2" row-start="2" text="Hellwig development index for “infrastructure and location rent”">
   </cell>
   <cell col-end="1" col-start="1" row-end="2" row-start="2" text="−0.049">
   </cell>
   <cell col-end="2" col-start="2" row-end="2" row-start="2" text="−0.001">
   </cell>
   <cell col-end="3" col-start="3" row-end="2" row-start="2" text="−0.083">
   </cell>
  </row>
  <row row="3">
   <cell col-end="0" col-start="0" row-end="3" row-start="3" text="Hellwig development index for “economy and standards of living”">
   </cell>
   <cell col-end="1" col-start="1" row-end="3" row-start="3" text="−0.021">
   </cell>
   <cell col-end="2" col-start="2" row-end="3" row-start="3" text="−0.017">
   </cell>
   <cell col-end="3" col-start="3" row-end="3" row-start="3" text="−0.136">
   </cell>
  </row>
  <row row="4">
   <cell col-end="0" col-start="0" row-end="4" row-start="4" text="Mean indicator of socioeconomic development">
   </cell>
   <cell col-end="1" col-start="1" row-end="4" row-start="4" text="−0.039">
   </cell>
   <cell col-end="2" col-start="2" row-end="4" row-start="4" text="−0.012">
   </cell>
   <cell col-end="3" col-start="3" row-end="4" row-start="4" text="−0.126">
   </cell>
  </row>
  <statements>
   <statement id="0" text="-0.083 Share of farms who made investments co-financed by the EU (total farms = 100) is Hellwig development index for Auinfrastructure and location rentAu." type="">
   </statement>
   <statement id="3" text="-0.021 Amount of investments co-financed by the EU (EUR per hectare of agricultural land in the commune) is Hellwig development index for Aueconomy and standards of livingAu Variable." type="">
   </statement>
   <statement id="8" text="Hellwig development index for Auinfrastructure and location rentAu -0.012 is Mean indicator of socioeconomic development Variable." type="">
   </statement>
   <statement id="10" text="Similarly, the values of characteristics in particular quintile groups ( Table 5 ), defined based on the share of investing farms, are at similar levels and usually do not follow any considerable upward or downward trends." type="">
   </statement>
  </statements>
 </table>
 <table id="Table 7">
  <caption text="

   Agricultural characteristics of communes grouped by the share of farms who made investments co-financed under “Modernization of agricultural holdings” and “Setting up of young farmers” programs.
  
">
  </caption>
  <legend text="

   Source: own calculations based on
   
    www.stat.gov.pl
   
   and on unpublished data of the Agency for Restructuring and Modernization of Agriculture.
  
">
  </legend>
  <row row="0">
   <cell col-end="0" col-start="0" row-end="0" row-start="0" text="Communes grouped by the share of farms who made investments co-financed under “Modernization…” and “Setting up…” programs">
   </cell>
   <cell col-end="1" col-start="1" row-end="0" row-start="0" text="Quality index of agricultural production space (score)">
   </cell>
   <cell col-end="2" col-start="2" row-end="0" row-start="0" text="Share of farms with an area of over 10 ha (total farms in the commune = 100)">
   </cell>
  </row>
  <row row="1">
   <cell col-end="0" col-start="0" row-end="1" row-start="1" text="0−2.25%">
   </cell>
   <cell col-end="1" col-start="1" row-end="1" row-start="1" text="60.5">
   </cell>
   <cell col-end="2" col-start="2" row-end="1" row-start="1" text="18.0">
   </cell>
  </row>
  <row row="2">
   <cell col-end="0" col-start="0" row-end="2" row-start="2" text="2.26−6.01%">
   </cell>
   <cell col-end="1" col-start="1" row-end="2" row-start="2" text="64.6">
   </cell>
   <cell col-end="2" col-start="2" row-end="2" row-start="2" text="38.9">
   </cell>
  </row>
  <row row="3">
   <cell col-end="0" col-start="0" row-end="3" row-start="3" text="6.02−10.26%">
   </cell>
   <cell col-end="1" col-start="1" row-end="3" row-start="3" text="65.7">
   </cell>
   <cell col-end="2" col-start="2" row-end="3" row-start="3" text="52.3">
   </cell>
  </row>
  <row row="4">
   <cell col-end="0" col-start="0" row-end="4" row-start="4" text="10.27−16.67%">
   </cell>
   <cell col-end="1" col-start="1" row-end="4" row-start="4" text="68.2">
   </cell>
   <cell col-end="2" col-start="2" row-end="4" row-start="4" text="60.7">
   </cell>
  </row>
  <row row="5">
   <cell col-end="0" col-start="0" row-end="5" row-start="5" text="16.68−57.52%">
   </cell>
   <cell col-end="1" col-start="1" row-end="5" row-start="5" text="70.2">
   </cell>
   <cell col-end="2" col-start="2" row-end="5" row-start="5" text="70.1">
   </cell>
  </row>
  <row row="6">
   <cell col-end="0" col-start="0" row-end="6" row-start="6" text="Total">
   </cell>
   <cell col-end="1" col-start="1" row-end="6" row-start="6" text="65.8">
   </cell>
   <cell col-end="2" col-start="2" row-end="6" row-start="6" text="45.8">
   </cell>
  </row>
  <statements>
   <statement id="2" text="65.7 Quality index of agricultural production space (score) for 6.02-10.26% Communes grouped by the share of farms who made investments co-financed under AuModernizationAAu and AuSetting upAAu programs." type="">
   </statement>
   <statement id="3" text="18.0 is the total for Quality index of agricultural production space (score)" type="">
   </statement>
   <statement id="4" text="Communes grouped by the share of farms who made investments co-financed under AuModernizationAAu and AuSetting upAAu programs 16.68-57.52% is 70.2" type="">
   </statement>
   <statement id="5" text="The smallest numbers of farms with an area of over 10 ha are located in southeast Poland." type="">
   </statement>
   <statement id="6" text="45.8 is Total of Share of farms with an area of over 10 ha (total farms in the commune = 100)" type="">
   </statement>
   <statement id="7" text="60.5 Quality index of agricultural production space (score) for 0-2.25% Communes grouped by the share of farms who made investments co-financed under AuModernizationAAu and AuSetting upAAu programs ." type="">
   </statement>
   <statement id="8" text="65.8 is the total for Quality index of agricultural production space (score)" type="">
   </statement>
   <statement id="10" text="Communes grouped by the share of farms who made investments co-financed under AuModernizationAAu and AuSetting upAAu programs 16.68-57.52% is 45.8" type="">
   </statement>
   <statement id="12" text="Similarly, in subsequent quintile groups ( Table 7 ), the different characteristics of the agrarian structure grow consistently from 18 % in the class 0Ai0.25 % to over 70 % in the class &gt;16.68 %." type="">
   </statement>
  </statements>
 </table>
 <table id="Table 5">
  <caption text="

   Synthetic characteristics of commune development grouped by the share of farms who made investments co-financed under “Modernization of agricultural holdings” and “Setting up of young farmers” programs.
  
">
  </caption>
  <legend text="

   Source: own calculations based on
   
    https://bdl.stat.gov.pl
   
   , unpublished data of the Agency for Restructuring and Modernization of Agriculture and
   
    Stanny et al. (2018)
   
   .
  
">
  </legend>
  <row row="0">
   <cell col-end="0" col-start="0" row-end="0" row-start="0" text="Communes grouped by the share of farms who made investments co-financed under “Modernization…” and “Setting up…” programs">
   </cell>
   <cell col-end="1" col-start="1" row-end="0" row-start="0" text="Hellwig development index for “social capital”">
   </cell>
   <cell col-end="2" col-start="2" row-end="0" row-start="0" text="Hellwig development index for “infrastructure and location rent”">
   </cell>
   <cell col-end="3" col-start="3" row-end="0" row-start="0" text="Hellwig development index for “economy and standards of living”">
   </cell>
   <cell col-end="4" col-start="4" row-end="0" row-start="0" text="Mean indicator of socioeconomic development">
   </cell>
  </row>
  <row row="1">
   <cell col-end="0" col-start="0" row-end="1" row-start="1" text="0−2.25%">
   </cell>
   <cell col-end="1" col-start="1" row-end="1" row-start="1" text="0.17">
   </cell>
   <cell col-end="2" col-start="2" row-end="1" row-start="1" text="0.23">
   </cell>
   <cell col-end="3" col-start="3" row-end="1" row-start="1" text="0.20">
   </cell>
   <cell col-end="4" col-start="4" row-end="1" row-start="1" text="0.20">
   </cell>
  </row>
  <row row="2">
   <cell col-end="0" col-start="0" row-end="2" row-start="2" text="2.26−6.01%">
   </cell>
   <cell col-end="1" col-start="1" row-end="2" row-start="2" text="0.18">
   </cell>
   <cell col-end="2" col-start="2" row-end="2" row-start="2" text="0.20">
   </cell>
   <cell col-end="3" col-start="3" row-end="2" row-start="2" text="0.19">
   </cell>
   <cell col-end="4" col-start="4" row-end="2" row-start="2" text="0.19">
   </cell>
  </row>
  <row row="3">
   <cell col-end="0" col-start="0" row-end="3" row-start="3" text="6.02−10.26%">
   </cell>
   <cell col-end="1" col-start="1" row-end="3" row-start="3" text="0.17">
   </cell>
   <cell col-end="2" col-start="2" row-end="3" row-start="3" text="0.21">
   </cell>
   <cell col-end="3" col-start="3" row-end="3" row-start="3" text="0.17">
   </cell>
   <cell col-end="4" col-start="4" row-end="3" row-start="3" text="0.18">
   </cell>
  </row>
  <row row="4">
   <cell col-end="0" col-start="0" row-end="4" row-start="4" text="10.27−16.67%">
   </cell>
   <cell col-end="1" col-start="1" row-end="4" row-start="4" text="0.16">
   </cell>
   <cell col-end="2" col-start="2" row-end="4" row-start="4" text="0.20">
   </cell>
   <cell col-end="3" col-start="3" row-end="4" row-start="4" text="0.17">
   </cell>
   <cell col-end="4" col-start="4" row-end="4" row-start="4" text="0.18">
   </cell>
  </row>
  <row row="5">
   <cell col-end="0" col-start="0" row-end="5" row-start="5" text="16.68−57.52%">
   </cell>
   <cell col-end="1" col-start="1" row-end="5" row-start="5" text="0.17">
   </cell>
   <cell col-end="2" col-start="2" row-end="5" row-start="5" text="0.19">
   </cell>
   <cell col-end="3" col-start="3" row-end="5" row-start="5" text="0.16">
   </cell>
   <cell col-end="4" col-start="4" row-end="5" row-start="5" text="0.17">
   </cell>
  </row>
  <row row="6">
   <cell col-end="0" col-start="0" row-end="6" row-start="6" text="Total">
   </cell>
   <cell col-end="1" col-start="1" row-end="6" row-start="6" text="0.17">
   </cell>
   <cell col-end="2" col-start="2" row-end="6" row-start="6" text="0.21">
   </cell>
   <cell col-end="3" col-start="3" row-end="6" row-start="6" text="0.18">
   </cell>
   <cell col-end="4" col-start="4" row-end="6" row-start="6" text="0.18">
   </cell>
  </row>
  <statements>
   <statement id="0" text="Similarly, the values of characteristics in particular quintile groups ( Table 5 ), defined based on the share of investing farms, are at similar levels and usually do not follow any considerable upward or downward trends." type="">
   </statement>
   <statement id="3" text="The total value of Mean indicator of socioeconomic development is 7.17." type="">
   </statement>
   <statement id="6" text="The total value of Hellwig development index for Aueconomy and standards of livingAu is 0.77." type="">
   </statement>
   <statement id="7" text="The total value of Hellwig development index for Auinfrastructure and location rentAu is 0.21." type="">
   </statement>
   <statement id="9" text="The total value of Hellwig development index for Ausocial capitalAu is 0.77." type="">
   </statement>
   <statement id="11" text="There are five different categories." type="">
   </statement>
  </statements>
 </table>
 <table id="Table 2">
  <caption text="

   Investments co-financed under “Modernization of agricultural holdings” and “Setting up of young farmers” programs on a countrywide basis.
  
">
  </caption>
  <legend text="

   Source: own calculations based on
   
    https://bdl.stat.gov.pl
   
   and on unpublished data of the Agency for Restructuring and Modernization of Agriculture.
  
">
  </legend>
  <row row="0">
   <cell col-end="0" col-start="0" row-end="0" row-start="0" text="Measure">
   </cell>
   <cell col-end="1" col-start="1" row-end="0" row-start="0" text="Number of farms">
   </cell>
   <cell col-end="2" col-start="2" row-end="0" row-start="0" text="Average farm area (hectares of agricultural land per farm)">
   </cell>
   <cell col-end="3" col-start="3" row-end="0" row-start="0" text="Average investment value (EUR per farm)">
   </cell>
  </row>
  <row row="1">
   <cell col-end="0" col-start="0" row-end="1" row-start="1" text="“Modernization…”">
   </cell>
   <cell col-end="1" col-start="1" row-end="1" row-start="1" text="97,929">
   </cell>
   <cell col-end="2" col-start="2" row-end="1" row-start="1" text="48.4">
   </cell>
   <cell col-end="3" col-start="3" row-end="1" row-start="1" text="100,759">
   </cell>
  </row>
  <row row="2">
   <cell col-end="0" col-start="0" row-end="2" row-start="2" text="“Setting up…”">
   </cell>
   <cell col-end="1" col-start="1" row-end="2" row-start="2" text="38,727">
   </cell>
   <cell col-end="2" col-start="2" row-end="2" row-start="2" text="17.2">
   </cell>
   <cell col-end="3" col-start="3" row-end="2" row-start="2" text="22,565">
   </cell>
  </row>
  <statements>
   <statement id="0" text="As a direct consequence of its nature, the Setting up... program attracted much less interest than the Modernization...." type="">
   </statement>
   <statement id="2" text="Modernisation and Setting up are totally same from each other." type="">
   </statement>
   <statement id="4" text="Modernisation has a lowest number of farms." type="">
   </statement>
   <statement id="5" text="Nearly 100,000 investments co-financed under the Modernization...." type="">
   </statement>
   <statement id="6" text="program and almost 38,000 investments co-financed under the Setting up...." type="">
   </statement>
   <statement id="7" text="program were implemented on a countrywide basis over the lifespan of the 20072013 Rural Development Program ( Table 2 )." type="">
   </statement>
   <statement id="8" text="Setting up has a highest number of farms." type="">
   </statement>
   <statement id="9" text="There are 2 different types of measures." type="">
   </statement>
   <statement id="10" text="There are 3 different types of measure." type="">
   </statement>
  </statements>
 </table>
 <table id="Table 3">
  <caption text="

   Projects implemented at commune level, grouped by the share of farms who made investments co-financed under “Modernization of agricultural holdings” and “Setting up of young farmers” programs.
  
">
  </caption>
  <legend text="

   Source: own calculations based on
   
    https://bdl.stat.gov.pl
   
   and on unpublished data of the Agency for Restructuring and Modernization of Agriculture.
  

   *The reason behind the small differences in the number of communes distributed between the quintiles is that some of them had the same share of investing farms.
  
">
  </legend>
  <row row="0">
   <cell col-end="0" col-start="0" row-end="0" row-start="0" text="Communes grouped by the share of farms who made investments co-financed under “Modernization…” and “Setting up…” programs">
   </cell>
   <cell col-end="1" col-start="1" row-end="0" row-start="0" text="Number of communes*">
   </cell>
   <cell col-end="2" col-start="2" row-end="0" row-start="0" text="Amount of investments co-financed by the EU (EUR per hectare of agricultural land in the commune)">
   </cell>
   <cell col-end="3" col-start="3" row-end="0" row-start="0" text="Amount of investments co-financed by the EU (EUR per farm in the commune)">
   </cell>
   <cell col-end="4" col-start="4" row-end="0" row-start="0" text="Share of farms who made investments co-financed by the EU (total farms = 100)">
   </cell>
  </row>
  <row row="1">
   <cell col-end="0" col-start="0" row-end="1" row-start="1" text="0−2.25%">
   </cell>
   <cell col-end="1" col-start="1" row-end="1" row-start="1" text="437">
   </cell>
   <cell col-end="2" col-start="2" row-end="1" row-start="1" text="159">
   </cell>
   <cell col-end="3" col-start="3" row-end="1" row-start="1" text="720">
   </cell>
   <cell col-end="4" col-start="4" row-end="1" row-start="1" text="1.0">
   </cell>
  </row>
  <row row="2">
   <cell col-end="0" col-start="0" row-end="2" row-start="2" text="2.26−6.01%">
   </cell>
   <cell col-end="1" col-start="1" row-end="2" row-start="2" text="433">
   </cell>
   <cell col-end="2" col-start="2" row-end="2" row-start="2" text="418">
   </cell>
   <cell col-end="3" col-start="3" row-end="2" row-start="2" text="3124">
   </cell>
   <cell col-end="4" col-start="4" row-end="2" row-start="2" text="4.2">
   </cell>
  </row>
  <row row="3">
   <cell col-end="0" col-start="0" row-end="3" row-start="3" text="6.02−10.26%">
   </cell>
   <cell col-end="1" col-start="1" row-end="3" row-start="3" text="435">
   </cell>
   <cell col-end="2" col-start="2" row-end="3" row-start="3" text="617">
   </cell>
   <cell col-end="3" col-start="3" row-end="3" row-start="3" text="6470">
   </cell>
   <cell col-end="4" col-start="4" row-end="3" row-start="3" text="8.1">
   </cell>
  </row>
  <row row="4">
   <cell col-end="0" col-start="0" row-end="4" row-start="4" text="10.27−16.67%">
   </cell>
   <cell col-end="1" col-start="1" row-end="4" row-start="4" text="435">
   </cell>
   <cell col-end="2" col-start="2" row-end="4" row-start="4" text="840">
   </cell>
   <cell col-end="3" col-start="3" row-end="4" row-start="4" text="11,051">
   </cell>
   <cell col-end="4" col-start="4" row-end="4" row-start="4" text="13.2">
   </cell>
  </row>
  <row row="5">
   <cell col-end="0" col-start="0" row-end="5" row-start="5" text="16.68−57.52%">
   </cell>
   <cell col-end="1" col-start="1" row-end="5" row-start="5" text="433">
   </cell>
   <cell col-end="2" col-start="2" row-end="5" row-start="5" text="1257">
   </cell>
   <cell col-end="3" col-start="3" row-end="5" row-start="5" text="20,944">
   </cell>
   <cell col-end="4" col-start="4" row-end="5" row-start="5" text="24.0">
   </cell>
  </row>
  <row row="6">
   <cell col-end="0" col-start="0" row-end="6" row-start="6" text="Total">
   </cell>
   <cell col-end="1" col-start="1" row-end="6" row-start="6" text="2173">
   </cell>
   <cell col-end="2" col-start="2" row-end="6" row-start="6" text="658">
   </cell>
   <cell col-end="3" col-start="3" row-end="6" row-start="6" text="8448">
   </cell>
   <cell col-end="4" col-start="4" row-end="6" row-start="6" text="10.1">
   </cell>
  </row>
  <statements>
   <statement id="0" text="Table 3 presents the results for communes grouped into quintile classes illustrated in Fig." type="">
   </statement>
   <statement id="5" text="The total of Share of farms who made investments co-financed by the EU is 10.1." type="">
   </statement>
   <statement id="6" text="The total of Share of farms who made investments co-financed by the EU is 2173." type="">
   </statement>
  </statements>
 </table>
 <table id="Table 6">
  <caption text="

   Strength of relationships between the implementation of farm investments co-financed by the EU and agricultural characteristics of commune (Pearson correlation coefficient).
  
">
  </caption>
  <legend text="

   Source: own calculations based on
   
    www.stat.gov.pl
   
   and on unpublished data of the Agency for Restructuring and Modernization of Agriculture.
  
">
  </legend>
  <row row="0">
   <cell col-end="0" col-start="0" row-end="0" row-start="0" text="Variable">
   </cell>
   <cell col-end="1" col-start="1" row-end="0" row-start="0" text="Amount of investments co-financed by the EU (EUR per hectare of agricultural land in the commune)">
   </cell>
   <cell col-end="2" col-start="2" row-end="0" row-start="0" text="Amount of investments co-financed by the EU (EUR per farm in the commune)">
   </cell>
   <cell col-end="3" col-start="3" row-end="0" row-start="0" text="Share of farms who made investments co-financed by the EU (total farms = 100)">
   </cell>
  </row>
  <row row="1">
   <cell col-end="0" col-start="0" row-end="1" row-start="1" text="Quality index of agricultural production space (score)">
   </cell>
   <cell col-end="1" col-start="1" row-end="1" row-start="1" text="0.058">
   </cell>
   <cell col-end="2" col-start="2" row-end="1" row-start="1" text="0.058">
   </cell>
   <cell col-end="3" col-start="3" row-end="1" row-start="1" text="0.204">
   </cell>
  </row>
  <row row="2">
   <cell col-end="0" col-start="0" row-end="2" row-start="2" text="Share of farms with an area of over 10 ha (total farms in the commune = 100)">
   </cell>
   <cell col-end="1" col-start="1" row-end="2" row-start="2" text="0.105">
   </cell>
   <cell col-end="2" col-start="2" row-end="2" row-start="2" text="0.159">
   </cell>
   <cell col-end="3" col-start="3" row-end="2" row-start="2" text="0.715">
   </cell>
  </row>
  <statements>
   <statement id="3" text="Quality index of agricultural production space will have 0.098 EUR per farm." type="">
   </statement>
   <statement id="6" text="There are 2 Amount of investments co-financed by the EU i.e, EUR per hectare of agricultural land and farm." type="">
   </statement>
  </statements>
 </table>
</document>