<document>
 <table id="Table 1">
  <caption text="

   Distribution of collagen type XV in mammalian tissues and organs. NB, Northern blot; IF, Immunofluorescence; IHC, immunohistochemistry; IG, immunogold electron microscopy; ISH,
   
    in situ
   
   hybridization; PNS, peripheral nervous system.
  
">
  </caption>
  <row row="0">
   <cell col-end="0" col-start="0" row-end="1" row-start="0" text="Organ/tissue">
   </cell>
   <cell col-end="2" col-start="1" row-end="0" row-start="0" text="Human">
   </cell>
   <cell col-end="4" col-start="3" row-end="0" row-start="0" text="Mouse">
   </cell>
  </row>
  <row row="1">
   <cell col-end="1" col-start="1" row-end="1" row-start="1" text="Developing">
   </cell>
   <cell col-end="2" col-start="2" row-end="1" row-start="1" text="Adult">
   </cell>
   <cell col-end="3" col-start="3" row-end="1" row-start="1" text="Developing">
   </cell>
   <cell col-end="4" col-start="4" row-end="1" row-start="1" text="Adult">
   </cell>
  </row>
  <row row="2">
   <cell col-end="0" col-start="0" row-end="2" row-start="2" text="Brain">
   </cell>
   <cell col-end="1" col-start="1" row-end="2" row-start="2" text="NB [
     
      47
     
     ]">
   </cell>
   <cell col-end="2" col-start="2" row-end="2" row-start="2" text="">
   </cell>
   <cell col-end="3" col-start="3" row-end="2" row-start="2" text="">
   </cell>
   <cell col-end="4" col-start="4" row-end="2" row-start="2" text="">
   </cell>
  </row>
  <row row="3">
   <cell col-end="0" col-start="0" row-end="3" row-start="3" text="PNS">
   </cell>
   <cell col-end="1" col-start="1" row-end="3" row-start="3" text="">
   </cell>
   <cell col-end="2" col-start="2" row-end="3" row-start="3" text="">
   </cell>
   <cell col-end="3" col-start="3" row-end="3" row-start="3" text="IF [
     
      50
     
     ]">
   </cell>
   <cell col-end="4" col-start="4" row-end="3" row-start="3" text="IF [
     
      50
     
     ]">
   </cell>
  </row>
  <row row="4">
   <cell col-end="0" col-start="0" row-end="4" row-start="4" text="Cornea">
   </cell>
   <cell col-end="1" col-start="1" row-end="4" row-start="4" text="">
   </cell>
   <cell col-end="2" col-start="2" row-end="4" row-start="4" text="IHC [
     
      76
     
     ,
     
      99
     
     ]
     
     IF [
     
      63
     
     ]">
   </cell>
   <cell col-end="3" col-start="3" row-end="4" row-start="4" text="IF [
     
      100
     
     ]">
   </cell>
   <cell col-end="4" col-start="4" row-end="4" row-start="4" text="">
   </cell>
  </row>
  <row row="5">
   <cell col-end="0" col-start="0" row-end="5" row-start="5" text="Heart">
   </cell>
   <cell col-end="1" col-start="1" row-end="5" row-start="5" text="ISH, IF [
     
      49
     
     ]
     
     NB [
     
      47
     
     ]">
   </cell>
   <cell col-end="2" col-start="2" row-end="5" row-start="5" text="NB [
     
      47
     
     ,
     
      48
     
     ]">
   </cell>
   <cell col-end="3" col-start="3" row-end="5" row-start="5" text="IF [
     
      50
     
     ]">
   </cell>
   <cell col-end="4" col-start="4" row-end="5" row-start="5" text="NB [
     
      22
     
     ] IF [
     
      50
     
     ]">
   </cell>
  </row>
  <row row="6">
   <cell col-end="0" col-start="0" row-end="6" row-start="6" text="Skeletal muscle">
   </cell>
   <cell col-end="1" col-start="1" row-end="6" row-start="6" text="">
   </cell>
   <cell col-end="2" col-start="2" row-end="6" row-start="6" text="ISH, IF [
     
      49
     
     ]
     
     NB [
     
      47
     
     ,
     
      48
     
     ]">
   </cell>
   <cell col-end="3" col-start="3" row-end="6" row-start="6" text="IF [
     
      50
     
     ]">
   </cell>
   <cell col-end="4" col-start="4" row-end="6" row-start="6" text="NB [
     
      22
     
     ] IF [
     
      50
     
     ]">
   </cell>
  </row>
  <row row="7">
   <cell col-end="0" col-start="0" row-end="7" row-start="7" text="Lung">
   </cell>
   <cell col-end="1" col-start="1" row-end="7" row-start="7" text="ISH, IF [
     
      49
     
     ]
     
     NB [
     
      47
     
     ]">
   </cell>
   <cell col-end="2" col-start="2" row-end="7" row-start="7" text="NB [
     
      48
     
     ] IF [
     
      51
     
     ]">
   </cell>
   <cell col-end="3" col-start="3" row-end="7" row-start="7" text="IF [
     
      50
     
     ]">
   </cell>
   <cell col-end="4" col-start="4" row-end="7" row-start="7" text="NB [
     
      22
     
     ]">
   </cell>
  </row>
  <row row="8">
   <cell col-end="0" col-start="0" row-end="8" row-start="8" text="Pancreas">
   </cell>
   <cell col-end="1" col-start="1" row-end="8" row-start="8" text="ISH, IF [
     
      49
     
     ]
     
     NB [
     
      101
     
     ]">
   </cell>
   <cell col-end="2" col-start="2" row-end="8" row-start="8" text="NB [
     
      47
     
     ,
     
      48
     
     ]">
   </cell>
   <cell col-end="3" col-start="3" row-end="8" row-start="8" text="">
   </cell>
   <cell col-end="4" col-start="4" row-end="8" row-start="8" text="">
   </cell>
  </row>
  <row row="9">
   <cell col-end="0" col-start="0" row-end="9" row-start="9" text="Intestine">
   </cell>
   <cell col-end="1" col-start="1" row-end="9" row-start="9" text="">
   </cell>
   <cell col-end="2" col-start="2" row-end="9" row-start="9" text="IG [
     
      39
     
     ] NB [
     
      48
     
     ]
     
     IF [
     
      51
     
     ]">
   </cell>
   <cell col-end="3" col-start="3" row-end="9" row-start="9" text="">
   </cell>
   <cell col-end="4" col-start="4" row-end="9" row-start="9" text="">
   </cell>
  </row>
  <row row="10">
   <cell col-end="0" col-start="0" row-end="10" row-start="10" text="Adrenal gland">
   </cell>
   <cell col-end="1" col-start="1" row-end="10" row-start="10" text="NB [
     
      101
     
     ]">
   </cell>
   <cell col-end="2" col-start="2" row-end="10" row-start="10" text="">
   </cell>
   <cell col-end="3" col-start="3" row-end="10" row-start="10" text="">
   </cell>
   <cell col-end="4" col-start="4" row-end="10" row-start="10" text="">
   </cell>
  </row>
  <row row="11">
   <cell col-end="0" col-start="0" row-end="11" row-start="11" text="Kidney">
   </cell>
   <cell col-end="1" col-start="1" row-end="11" row-start="11" text="ISH, IF [
     
      49
     
     ]
     
     NB [
     
      47
     
     ,
     
      101
     
     ]">
   </cell>
   <cell col-end="2" col-start="2" row-end="11" row-start="11" text="IG [
     
      39
     
     ] NB [
     
      47
     
     ,
     
      48
     
     ]
     
     IF [
     
      51
     
     ]">
   </cell>
   <cell col-end="3" col-start="3" row-end="11" row-start="11" text="IF [
     
      50
     
     ]">
   </cell>
   <cell col-end="4" col-start="4" row-end="11" row-start="11" text="NB [
     
      22
     
     ] IF [
     
      50
     
     ]">
   </cell>
  </row>
  <row row="12">
   <cell col-end="0" col-start="0" row-end="12" row-start="12" text="Placenta">
   </cell>
   <cell col-end="1" col-start="1" row-end="12" row-start="12" text="">
   </cell>
   <cell col-end="2" col-start="2" row-end="12" row-start="12" text="IG [
     
      39
     
     ] ISH [
     
      49
     
     ]
     
     NB [
     
      47
     
     ,
     
      48
     
     ]
     
     IF [
     
      49
     
     ,
     
      51
     
     ]">
   </cell>
   <cell col-end="3" col-start="3" row-end="12" row-start="12" text="">
   </cell>
   <cell col-end="4" col-start="4" row-end="12" row-start="12" text="">
   </cell>
  </row>
  <row row="13">
   <cell col-end="0" col-start="0" row-end="13" row-start="13" text="Skin">
   </cell>
   <cell col-end="1" col-start="1" row-end="13" row-start="13" text="">
   </cell>
   <cell col-end="2" col-start="2" row-end="13" row-start="13" text="IHC [
     
      79
     
     ] ISH, IF, [
     
      49
     
     ,
     
      51
     
     ]">
   </cell>
   <cell col-end="3" col-start="3" row-end="13" row-start="13" text="">
   </cell>
   <cell col-end="4" col-start="4" row-end="13" row-start="13" text="">
   </cell>
  </row>
  <row row="14">
   <cell col-end="0" col-start="0" row-end="14" row-start="14" text="Ovary">
   </cell>
   <cell col-end="1" col-start="1" row-end="14" row-start="14" text="">
   </cell>
   <cell col-end="2" col-start="2" row-end="14" row-start="14" text="NB [
     
      48
     
     ]">
   </cell>
   <cell col-end="3" col-start="3" row-end="14" row-start="14" text="">
   </cell>
   <cell col-end="4" col-start="4" row-end="14" row-start="14" text="">
   </cell>
  </row>
  <row row="15">
   <cell col-end="0" col-start="0" row-end="15" row-start="15" text="Testis">
   </cell>
   <cell col-end="1" col-start="1" row-end="15" row-start="15" text="">
   </cell>
   <cell col-end="2" col-start="2" row-end="15" row-start="15" text="NB [
     
      48
     
     ]">
   </cell>
   <cell col-end="3" col-start="3" row-end="15" row-start="15" text="">
   </cell>
   <cell col-end="4" col-start="4" row-end="15" row-start="15" text="NB [
     
      22
     
     ]">
   </cell>
  </row>
  <row row="16">
   <cell col-end="0" col-start="0" row-end="16" row-start="16" text="Prostate">
   </cell>
   <cell col-end="1" col-start="1" row-end="16" row-start="16" text="">
   </cell>
   <cell col-end="2" col-start="2" row-end="16" row-start="16" text="NB [
     
      48
     
     ]">
   </cell>
   <cell col-end="3" col-start="3" row-end="16" row-start="16" text="">
   </cell>
   <cell col-end="4" col-start="4" row-end="16" row-start="16" text="">
   </cell>
  </row>
  <row row="17">
   <cell col-end="0" col-start="0" row-end="17" row-start="17" text="Cartilage and Bones">
   </cell>
   <cell col-end="1" col-start="1" row-end="17" row-start="17" text="">
   </cell>
   <cell col-end="2" col-start="2" row-end="17" row-start="17" text="IHC [
     
      53
     
     ]">
   </cell>
   <cell col-end="3" col-start="3" row-end="17" row-start="17" text="IF [
     
      50
     
     ]">
   </cell>
   <cell col-end="4" col-start="4" row-end="17" row-start="17" text="">
   </cell>
  </row>
  <statements>
   <statement id="0" text="There are 16 tissues and organs observed." type="">
   </statement>
   <statement id="7" text="Also two categories,i.e Developing and Adult are observed for each mammal." type="">
   </statement>
   <statement id="8" text="Heart in both human and mouse have ISH, IF [ ] NB [ ]." type="">
   </statement>
   <statement id="11" text="This wide expression pattern seems to be quite well conserved between mice and humans, even though comparisons cannot be made for all organs due to incomplete data." type="">
   </statement>
  </statements>
 </table>
</document>