<document>
 <table id="Table 2">
  <caption text="

   Grading of fracture consolidation including respective definition and reference to sample images.
  
">
  </caption>
  <row row="0">
   <cell col-end="0" col-start="0" row-end="0" row-start="0" text="Classification">
   </cell>
   <cell col-end="1" col-start="1" row-end="0" row-start="0" text="Definition">
   </cell>
   <cell col-end="2" col-start="2" row-end="0" row-start="0" text="Figure">
   </cell>
  </row>
  <row row="1">
   <cell col-end="0" col-start="0" row-end="1" row-start="1" text="No consolidation">
   </cell>
   <cell col-end="1" col-start="1" row-end="1" row-start="1" text="The fracture gap is visible in all three planes; fracture margins have sharp limitations.">
   </cell>
   <cell col-end="2" col-start="2" row-end="1" row-start="1" text="4a">
   </cell>
  </row>
  <row row="2">
   <cell col-end="0" col-start="0" row-end="2" row-start="2" text="Incipient consolidation">
   </cell>
   <cell col-end="1" col-start="1" row-end="2" row-start="2" text="The fracture gap shows incipient consolidation including bone bridges in all three planes; fracture margins have indistinct limitations.">
   </cell>
   <cell col-end="2" col-start="2" row-end="2" row-start="2" text="4b">
   </cell>
  </row>
  <row row="3">
   <cell col-end="0" col-start="0" row-end="3" row-start="3" text="Consolidation">
   </cell>
   <cell col-end="1" col-start="1" row-end="3" row-start="3" text="The fracture gap shows bone consolidation in all three planes; fracture margins are not determinable.">
   </cell>
   <cell col-end="2" col-start="2" row-end="3" row-start="3" text="4c">
   </cell>
  </row>
  <statements>
   <statement id="0" text="Each Classification has a different figure." type="">
   </statement>
   <statement id="1" text="The definition of No consolidation is the fracture gap is visible in all three planes; fracture margins have sharp limitations." type="">
   </statement>
   <statement id="2" text="Regarding fracture healing, at 3 weeks post-surgery 25% of all cases showed no consolidation, 50% an incipient and 25%" type="">
   </statement>
   <statement id="3" text="The definition of No consolidation is the fracture gap shows No consolidation including bone bridges in all three planes; fracture margins have indistinct limitations." type="">
   </statement>
   <statement id="4" text="There are five classifications of grading of fracture consolidation." type="">
   </statement>
   <statement id="6" text="The definition of Consolidation is the fracture gap is visible in all three planes; fracture margins have sharp limitations." type="">
   </statement>
   <statement id="7" text="The definition of Consolidation is the fracture gap shows bone consolidation in all three planes; fracture margins are not determinable." type="">
   </statement>
   <statement id="8" text="The definition of Incipient Consolidation is the fracture gap shows bone consolidation in all three planes; fracture margins are not determinable." type="">
   </statement>
   <statement id="9" text="The definition of Incipient consolidation is the fracture gap shows incipient consolidation including bone bridges in all three planes; fracture margins have indistinct limitations." type="">
   </statement>
  </statements>
 </table>
 <table id="Table 1">
  <caption text="

   Salts for the preparation of the simulated body fluid used in this study in the order of mixing.
  
">
  </caption>
  <row row="0">
   <cell col-end="0" col-start="0" row-end="0" row-start="0" text="Reagent">
   </cell>
   <cell col-end="1" col-start="1" row-end="0" row-start="0" text="Concentration (mg l
     
      −1
     
     )">
   </cell>
  </row>
  <row row="1">
   <cell col-end="0" col-start="0" row-end="1" row-start="1" text="KCl">
   </cell>
   <cell col-end="1" col-start="1" row-end="1" row-start="1" text="298.2">
   </cell>
  </row>
  <row row="2">
   <cell col-end="0" col-start="0" row-end="2" row-start="2" text="NaCl">
   </cell>
   <cell col-end="1" col-start="1" row-end="2" row-start="2" text="5844">
   </cell>
  </row>
  <row row="3">
   <cell col-end="0" col-start="0" row-end="3" row-start="3" text="NaHCO
     
      3">
   </cell>
   <cell col-end="1" col-start="1" row-end="3" row-start="3" text="2268.5">
   </cell>
  </row>
  <row row="4">
   <cell col-end="0" col-start="0" row-end="4" row-start="4" text="MgSO
     
      4
     
     ∙ 7H
     
      2
     
     O">
   </cell>
   <cell col-end="1" col-start="1" row-end="4" row-start="4" text="246.5">
   </cell>
  </row>
  <row row="5">
   <cell col-end="0" col-start="0" row-end="5" row-start="5" text="CaCl
     
      2">
   </cell>
   <cell col-end="1" col-start="1" row-end="5" row-start="5" text="367.5">
   </cell>
  </row>
  <row row="6">
   <cell col-end="0" col-start="0" row-end="6" row-start="6" text="KH
     
      2
     
     PO
     
      4">
   </cell>
   <cell col-end="1" col-start="1" row-end="6" row-start="6" text="136.1">
   </cell>
  </row>
  <statements>
   <statement id="1" text="Concentration ranges from 136.1 to 5844." type="">
   </statement>
   <statement id="3" text="Reagent KH 2 PO 4 salt has Lowest Concentration." type="">
   </statement>
   <statement id="4" text="Reagent NaCl salt has highest Concentration ." type="">
   </statement>
   <statement id="5" text="Reagent NaCl salt has Lowest Concentration ." type="">
   </statement>
  </statements>
 </table>
 <table id="Table 3">
  <caption text="

   Trace elements found in the extruded material as determined by glow discharge mass spectroscopy. Only elements with concentrations above 1 ppm wt. are listed.
  
">
  </caption>
  <row row="0">
   <cell col-end="0" col-start="0" row-end="0" row-start="0" text="Element">
   </cell>
   <cell col-end="1" col-start="1" row-end="0" row-start="0" text="Al">
   </cell>
   <cell col-end="2" col-start="2" row-end="0" row-start="0" text="Si">
   </cell>
   <cell col-end="3" col-start="3" row-end="0" row-start="0" text="Fe">
   </cell>
   <cell col-end="4" col-start="4" row-end="0" row-start="0" text="Ni">
   </cell>
   <cell col-end="5" col-start="5" row-end="0" row-start="0" text="Pb">
   </cell>
  </row>
  <row row="1">
   <cell col-end="0" col-start="0" row-end="1" row-start="1" text="Concentration in ppm wt.">
   </cell>
   <cell col-end="1" col-start="1" row-end="1" row-start="1" text="3.6">
   </cell>
   <cell col-end="2" col-start="2" row-end="1" row-start="1" text="3.1">
   </cell>
   <cell col-end="3" col-start="3" row-end="1" row-start="1" text="1.3">
   </cell>
   <cell col-end="4" col-start="4" row-end="1" row-start="1" text="1.6">
   </cell>
   <cell col-end="5" col-start="5" row-end="1" row-start="1" text="4.2">
   </cell>
  </row>
  <statements>
   <statement id="0" text="Al, Si, Fe, Ni, Pb are five trace elements given in the table." type="">
   </statement>
   <statement id="1" text="Element Fe has highest concentration." type="">
   </statement>
   <statement id="2" text="Element Pb has highest concentration." type="">
   </statement>
  </statements>
 </table>
</document>