<document>
 <table id="Table 1">
  <caption text="

   Comparison of average Adj.R2 across different CLIMRISK-RIVER model candidates.
  
">
  </caption>
  <row row="0">
   <cell col-end="0" col-start="0" row-end="0" row-start="0" text="Average Adj. R
     
      2">
   </cell>
   <cell col-end="1" col-start="1" row-end="0" row-start="0" text="NoSTD">
   </cell>
   <cell col-end="2" col-start="2" row-end="0" row-start="0" text="BaseProbSTD">
   </cell>
   <cell col-end="3" col-start="3" row-end="0" row-start="0" text="BaseHeightSTD">
   </cell>
   <cell col-end="4" col-start="4" row-end="0" row-start="0" text="OptimalSTD">
   </cell>
  </row>
  <row row="1">
   <cell col-end="0" col-start="0" row-end="1" row-start="1" text="Model 1">
   </cell>
   <cell col-end="1" col-start="1" row-end="1" row-start="1" text="0.57">
   </cell>
   <cell col-end="2" col-start="2" row-end="1" row-start="1" text="0.62">
   </cell>
   <cell col-end="3" col-start="3" row-end="1" row-start="1" text="0.44">
   </cell>
   <cell col-end="4" col-start="4" row-end="1" row-start="1" text="0.37">
   </cell>
  </row>
  <row row="2">
   <cell col-end="0" col-start="0" row-end="2" row-start="2" text="Model 2">
   </cell>
   <cell col-end="1" col-start="1" row-end="2" row-start="2" text="0.64">
   </cell>
   <cell col-end="2" col-start="2" row-end="2" row-start="2" text="0.69">
   </cell>
   <cell col-end="3" col-start="3" row-end="2" row-start="2" text="0.52">
   </cell>
   <cell col-end="4" col-start="4" row-end="2" row-start="2" text="0.48">
   </cell>
  </row>
  <row row="3">
   <cell col-end="0" col-start="0" row-end="3" row-start="3" text="Model 3">
   </cell>
   <cell col-end="1" col-start="1" row-end="3" row-start="3" text="0.66">
   </cell>
   <cell col-end="2" col-start="2" row-end="3" row-start="3" text="0.71">
   </cell>
   <cell col-end="3" col-start="3" row-end="3" row-start="3" text="0.56">
   </cell>
   <cell col-end="4" col-start="4" row-end="3" row-start="3" text="0.57">
   </cell>
  </row>
  <row row="4">
   <cell col-end="0" col-start="0" row-end="4" row-start="4" text="Model 4">
   </cell>
   <cell col-end="1" col-start="1" row-end="4" row-start="4" text="0.74">
   </cell>
   <cell col-end="2" col-start="2" row-end="4" row-start="4" text="0.77">
   </cell>
   <cell col-end="3" col-start="3" row-end="4" row-start="4" text="0.66">
   </cell>
   <cell col-end="4" col-start="4" row-end="4" row-start="4" text="0.63">
   </cell>
  </row>
  <row row="5">
   <cell col-end="0" col-start="0" row-end="5" row-start="5" text="Model 5">
   </cell>
   <cell col-end="1" col-start="1" row-end="5" row-start="5" text="0.75">
   </cell>
   <cell col-end="2" col-start="2" row-end="5" row-start="5" text="0.78">
   </cell>
   <cell col-end="3" col-start="3" row-end="5" row-start="5" text="0.67">
   </cell>
   <cell col-end="4" col-start="4" row-end="5" row-start="5" text="0.64">
   </cell>
  </row>
  <row row="6">
   <cell col-end="0" col-start="0" row-end="6" row-start="6" text="Model 6">
   </cell>
   <cell col-end="1" col-start="1" row-end="6" row-start="6" text="0.76">
   </cell>
   <cell col-end="2" col-start="2" row-end="6" row-start="6" text="0.78">
   </cell>
   <cell col-end="3" col-start="3" row-end="6" row-start="6" text="0.69">
   </cell>
   <cell col-end="4" col-start="4" row-end="6" row-start="6" text="0.66">
   </cell>
  </row>
  <statements>
   <statement id="0" text="0.66 BaseHeightSTD for Model 4." type="">
   </statement>
   <statement id="1" text="0.69 BaseHeightSTD for Model 6." type="">
   </statement>
   <statement id="2" text="Average Adj. R 2 Model 2 is 0.64 for NoSTD." type="">
   </statement>
   <statement id="4" text="From Table 1 , it is clear that the model with the most explanatory power is Model 6, which yields the highest average adjusted R 2 across all flood protection standard assumptions." type="">
   </statement>
   <statement id="5" text="NoSTD 0.66 for Model 3." type="">
   </statement>
  </statements>
 </table>
</document>