<document>
 <table id="Table 1">
  <caption text="

   Baseline characteristics.
  
">
  </caption>
  <legend text="

   BM = Brain metastasis; IQR = Inter quartile range; KPS = Karnofsky performance status; SRS = stereotactic radiosurgery; WBRT: whole brain radiotherapy.
  
">
  </legend>
  <row row="0">
   <cell col-end="0" col-start="0" row-end="0" row-start="0" text="">
   </cell>
   <cell col-end="1" col-start="1" row-end="0" row-start="0" text="Total n = 73">
   </cell>
  </row>
  <row row="1">
   <cell col-end="0" col-start="0" row-end="1" row-start="1" text="">
   </cell>
   <cell col-end="1" col-start="1" row-end="1" row-start="1" text="n">
   </cell>
  </row>
  <row row="2">
   <cell col-end="0" col-start="0" row-end="2" row-start="2" text="Age (median; IQR)">
   </cell>
   <cell col-end="1" col-start="1" row-end="2" row-start="2" text="63 (55–69)">
   </cell>
  </row>
  <row row="3">
   <cell col-end="0" col-start="0" row-end="3" row-start="3" text="Number of BMs (%)
     
     1
     
     2
     
     3
     
     4
     
     ≥5">
   </cell>
   <cell col-end="1" col-start="1" row-end="3" row-start="3" text="38 (52.1)
     
     15 (20.5)
     
     9 (12.3)
     
     4 (5.5)
     
     7 (4.1)">
   </cell>
  </row>
  <row row="4">
   <cell col-end="0" col-start="0" row-end="4" row-start="4" text="Extracranial metastases present (%)">
   </cell>
   <cell col-end="1" col-start="1" row-end="4" row-start="4" text="45 (61.6)">
   </cell>
  </row>
  <row row="5">
   <cell col-end="0" col-start="0" row-end="5" row-start="5" text="CA125 (median; IQR)">
   </cell>
   <cell col-end="1" col-start="1" row-end="5" row-start="5" text="38 (9–97)">
   </cell>
  </row>
  <row row="6">
   <cell col-end="0" col-start="0" row-end="6" row-start="6" text="KPS (median; IQR)">
   </cell>
   <cell col-end="1" col-start="1" row-end="6" row-start="6" text="80 (80–100)">
   </cell>
  </row>
  <row row="7">
   <cell col-end="0" col-start="0" row-end="7" row-start="7" text="Primary tumour type (%)
     
     Ovary
     
     Cervix
     
     Uterine sarcoma
     
     Endometrium
     
     Fallopian tube
     
     Vulva">
   </cell>
   <cell col-end="1" col-start="1" row-end="7" row-start="7" text="38 (52.1)
     
     5 (6.8)
     
     9 (12.3)
     
     17 (23.3)
     
     2 (2.7)
     
     2 (2.7)">
   </cell>
  </row>
  <row row="8">
   <cell col-end="0" col-start="0" row-end="8" row-start="8" text="Interval primary diagnosis and BM in months (median; IQR)">
   </cell>
   <cell col-end="1" col-start="1" row-end="8" row-start="8" text="32.07 (16.49–51.98)">
   </cell>
  </row>
  <statements>
   <statement id="3" text="KPS (median; IQR) has a highest median in the total." type="">
   </statement>
   <statement id="4" text="Primary tumour type (%) Vulva and Fallopian tube has a lowest value in the total ." type="">
   </statement>
   <statement id="5" text="The total n value for baseline characteristics is 78." type="">
   </statement>
   <statement id="6" text="There are 6 different types baseline characteristics in the given table." type="">
   </statement>
  </statements>
 </table>
 <table id="Table 2">
  <caption text="

   Treatment characteristics.
  
">
  </caption>
  <legend text="

   BM = Brain metastasis; HFSRT = Hypofractionated stereotactic radiotherapy; RT = Radiotherapy; SRS = Stereotactic radiosurgery; WBRT = Whole-brain radiotherapy.
  
">
  </legend>
  <row row="0">
   <cell col-end="0" col-start="0" row-end="0" row-start="0" text="">
   </cell>
   <cell col-end="1" col-start="1" row-end="0" row-start="0" text="n">
   </cell>
  </row>
  <row row="1">
   <cell col-end="0" col-start="0" row-end="1" row-start="1" text="Treatment for BMs (%)">
   </cell>
   <cell col-end="1" col-start="1" row-end="1" row-start="1" text="">
   </cell>
  </row>
  <row row="2">
   <cell col-end="0" col-start="0" row-end="2" row-start="2" text="Surgery">
   </cell>
   <cell col-end="1" col-start="1" row-end="2" row-start="2" text="9 (12.3)">
   </cell>
  </row>
  <row row="3">
   <cell col-end="0" col-start="0" row-end="3" row-start="3" text="RT">
   </cell>
   <cell col-end="1" col-start="1" row-end="3" row-start="3" text="7 (9.6)">
   </cell>
  </row>
  <row row="4">
   <cell col-end="0" col-start="0" row-end="4" row-start="4" text="RT + Surgery">
   </cell>
   <cell col-end="1" col-start="1" row-end="4" row-start="4" text="57 (78.1)">
   </cell>
  </row>
  <row row="5">
   <cell col-end="0" col-start="0" row-end="5" row-start="5" text="Type of RT (%)">
   </cell>
   <cell col-end="1" col-start="1" row-end="5" row-start="5" text="">
   </cell>
  </row>
  <row row="6">
   <cell col-end="0" col-start="0" row-end="6" row-start="6" text="SRS">
   </cell>
   <cell col-end="1" col-start="1" row-end="6" row-start="6" text="36 (49.3)">
   </cell>
  </row>
  <row row="7">
   <cell col-end="0" col-start="0" row-end="7" row-start="7" text="SRT">
   </cell>
   <cell col-end="1" col-start="1" row-end="7" row-start="7" text="3 (4.1)">
   </cell>
  </row>
  <row row="8">
   <cell col-end="0" col-start="0" row-end="8" row-start="8" text="WBRT">
   </cell>
   <cell col-end="1" col-start="1" row-end="8" row-start="8" text="23 (31.5)">
   </cell>
  </row>
  <row row="9">
   <cell col-end="0" col-start="0" row-end="9" row-start="9" text="WBRT + SRS boost">
   </cell>
   <cell col-end="1" col-start="1" row-end="9" row-start="9" text="1 (1.4)">
   </cell>
  </row>
  <row row="10">
   <cell col-end="0" col-start="0" row-end="10" row-start="10" text="Unknown">
   </cell>
   <cell col-end="1" col-start="1" row-end="10" row-start="10" text="1 (1.4)">
   </cell>
  </row>
  <row row="11">
   <cell col-end="0" col-start="0" row-end="11" row-start="11" text="Dose of RT (%)">
   </cell>
   <cell col-end="1" col-start="1" row-end="11" row-start="11" text="">
   </cell>
  </row>
  <row row="12">
   <cell col-end="0" col-start="0" row-end="12" row-start="12" text="1 × 17">
   </cell>
   <cell col-end="1" col-start="1" row-end="12" row-start="12" text="1 (1.4)">
   </cell>
  </row>
  <row row="13">
   <cell col-end="0" col-start="0" row-end="13" row-start="13" text="1 × 18">
   </cell>
   <cell col-end="1" col-start="1" row-end="13" row-start="13" text="3 (4.1)">
   </cell>
  </row>
  <row row="14">
   <cell col-end="0" col-start="0" row-end="14" row-start="14" text="1 × 20">
   </cell>
   <cell col-end="1" col-start="1" row-end="14" row-start="14" text="1 (1.4)">
   </cell>
  </row>
  <row row="15">
   <cell col-end="0" col-start="0" row-end="15" row-start="15" text="1 × 21">
   </cell>
   <cell col-end="1" col-start="1" row-end="15" row-start="15" text="2 (2.7)">
   </cell>
  </row>
  <row row="16">
   <cell col-end="0" col-start="0" row-end="16" row-start="16" text="1 × 24">
   </cell>
   <cell col-end="1" col-start="1" row-end="16" row-start="16" text="2 (2.7)">
   </cell>
  </row>
  <row row="17">
   <cell col-end="0" col-start="0" row-end="17" row-start="17" text="3 × 8">
   </cell>
   <cell col-end="1" col-start="1" row-end="17" row-start="17" text="4 (5.5)">
   </cell>
  </row>
  <row row="18">
   <cell col-end="0" col-start="0" row-end="18" row-start="18" text="5 × 4">
   </cell>
   <cell col-end="1" col-start="1" row-end="18" row-start="18" text="2 (2.7)">
   </cell>
  </row>
  <row row="19">
   <cell col-end="0" col-start="0" row-end="19" row-start="19" text="5 × 5">
   </cell>
   <cell col-end="1" col-start="1" row-end="19" row-start="19" text="15 (20.5)">
   </cell>
  </row>
  <row row="20">
   <cell col-end="0" col-start="0" row-end="20" row-start="20" text="5 × 6">
   </cell>
   <cell col-end="1" col-start="1" row-end="20" row-start="20" text="7 (9.6)">
   </cell>
  </row>
  <row row="21">
   <cell col-end="0" col-start="0" row-end="21" row-start="21" text="10 × 3">
   </cell>
   <cell col-end="1" col-start="1" row-end="21" row-start="21" text="13 (17.8)">
   </cell>
  </row>
  <row row="22">
   <cell col-end="0" col-start="0" row-end="22" row-start="22" text="13 × 3">
   </cell>
   <cell col-end="1" col-start="1" row-end="22" row-start="22" text="1 (1.4)">
   </cell>
  </row>
  <row row="23">
   <cell col-end="0" col-start="0" row-end="23" row-start="23" text="14 × 2.5">
   </cell>
   <cell col-end="1" col-start="1" row-end="23" row-start="23" text="2 (2.7)">
   </cell>
  </row>
  <row row="24">
   <cell col-end="0" col-start="0" row-end="24" row-start="24" text="15 × 2.5">
   </cell>
   <cell col-end="1" col-start="1" row-end="24" row-start="24" text="6 (8.2)">
   </cell>
  </row>
  <row row="25">
   <cell col-end="0" col-start="0" row-end="25" row-start="25" text="17 × 2">
   </cell>
   <cell col-end="1" col-start="1" row-end="25" row-start="25" text="1 (1.4)">
   </cell>
  </row>
  <row row="26">
   <cell col-end="0" col-start="0" row-end="26" row-start="26" text="20 × 2">
   </cell>
   <cell col-end="1" col-start="1" row-end="26" row-start="26" text="1 (1.4)">
   </cell>
  </row>
  <row row="27">
   <cell col-end="0" col-start="0" row-end="27" row-start="27" text="Unknown">
   </cell>
   <cell col-end="1" col-start="1" row-end="27" row-start="27" text="3 (4.1)">
   </cell>
  </row>
  <row row="28">
   <cell col-end="0" col-start="0" row-end="28" row-start="28" text="Treatments for multiple BMs (%)">
   </cell>
   <cell col-end="1" col-start="1" row-end="28" row-start="28" text="">
   </cell>
  </row>
  <row row="29">
   <cell col-end="0" col-start="0" row-end="29" row-start="29" text="All BMs resected">
   </cell>
   <cell col-end="1" col-start="1" row-end="29" row-start="29" text="2 (2.7)">
   </cell>
  </row>
  <row row="30">
   <cell col-end="0" col-start="0" row-end="30" row-start="30" text="1 BM resected; RT for other BMs">
   </cell>
   <cell col-end="1" col-start="1" row-end="30" row-start="30" text="16 (21.9)">
   </cell>
  </row>
  <row row="31">
   <cell col-end="0" col-start="0" row-end="31" row-start="31" text="1 BM resected; no treatment for other BMs">
   </cell>
   <cell col-end="1" col-start="1" row-end="31" row-start="31" text="9 (12.3)">
   </cell>
  </row>
  <row row="32">
   <cell col-end="0" col-start="0" row-end="32" row-start="32" text="2 BMs resected; no treatment for other BMs">
   </cell>
   <cell col-end="1" col-start="1" row-end="32" row-start="32" text="4 (5.5)">
   </cell>
  </row>
  <row row="33">
   <cell col-end="0" col-start="0" row-end="33" row-start="33" text="RT for all BMs">
   </cell>
   <cell col-end="1" col-start="1" row-end="33" row-start="33" text="1 (1.4)">
   </cell>
  </row>
  <row row="34">
   <cell col-end="0" col-start="0" row-end="34" row-start="34" text="Unknown">
   </cell>
   <cell col-end="1" col-start="1" row-end="34" row-start="34" text="1 (1.4)">
   </cell>
  </row>
  <row row="35">
   <cell col-end="0" col-start="0" row-end="35" row-start="35" text="Interval surgery and RT in days (median; IQR)">
   </cell>
   <cell col-end="1" col-start="1" row-end="35" row-start="35" text="28 (22–38)">
   </cell>
  </row>
  <statements>
   <statement id="0" text="1 BM resected; no treatment for other BMs n is 2(2.7)." type="">
   </statement>
   <statement id="1" text="1 BM resected; RT for other BMs n is 9(12.3)." type="">
   </statement>
   <statement id="2" text="2 BMs resected; no treatment for other BMs n is 15(20.50." type="">
   </statement>
   <statement id="4" text="RT + Surgery n is 57 (78.1)." type="">
   </statement>
   <statement id="6" text="RT n is 7 (9.6)." type="">
   </statement>
   <statement id="8" text="Surgery n is 9 (12.3)." type="">
   </statement>
   <statement id="9" text="The entire cohort had a median survival of 14.4 months, with a one-year survival of 56.4% and a two-year survival of 39.1%." type="">
   </statement>
  </statements>
 </table>
 <table id="Table 3">
  <caption text="

   Results from the Cox proportional hazards model.
  
">
  </caption>
  <legend text="

   BM = Brain metastases; KPS = Karnofsky Performance Status.
  
">
  </legend>
  <row row="0">
   <cell col-end="0" col-start="0" row-end="0" row-start="0" text="Variable">
   </cell>
   <cell col-end="1" col-start="1" row-end="0" row-start="0" text="HR (95% CI)">
   </cell>
   <cell col-end="2" col-start="2" row-end="0" row-start="0" text="p">
   </cell>
  </row>
  <row row="1">
   <cell col-end="0" col-start="0" row-end="1" row-start="1" text="Age">
   </cell>
   <cell col-end="1" col-start="1" row-end="1" row-start="1" text="1.05 (1.01–1.09)">
   </cell>
   <cell col-end="2" col-start="2" row-end="1" row-start="1" text="0.03">
   </cell>
  </row>
  <row row="2">
   <cell col-end="0" col-start="0" row-end="2" row-start="2" text="Number of BMs">
   </cell>
   <cell col-end="1" col-start="1" row-end="2" row-start="2" text="1.12 (0.97–1.29)">
   </cell>
   <cell col-end="2" col-start="2" row-end="2" row-start="2" text="0.14">
   </cell>
  </row>
  <row row="3">
   <cell col-end="0" col-start="0" row-end="3" row-start="3" text="Extracranial metastases present">
   </cell>
   <cell col-end="1" col-start="1" row-end="3" row-start="3" text="1.58 (0.85–2.95)">
   </cell>
   <cell col-end="2" col-start="2" row-end="3" row-start="3" text="0.15">
   </cell>
  </row>
  <row row="4">
   <cell col-end="0" col-start="0" row-end="4" row-start="4" text="CA-125
     
      *">
   </cell>
   <cell col-end="1" col-start="1" row-end="4" row-start="4" text="1.02 (1.01–1.03)">
   </cell>
   <cell col-end="2" col-start="2" row-end="4" row-start="4" text="&lt;0.01">
   </cell>
  </row>
  <row row="5">
   <cell col-end="0" col-start="0" row-end="5" row-start="5" text="KPS">
   </cell>
   <cell col-end="1" col-start="1" row-end="5" row-start="5" text="1.00 (0.98–1.02)">
   </cell>
   <cell col-end="2" col-start="2" row-end="5" row-start="5" text="0.74">
   </cell>
  </row>
  <row row="6">
   <cell col-end="0" col-start="0" row-end="6" row-start="6" text="Primary tumour type
     
     Ovary
     

       **
      


     Cervix
     
     Uterine sarcoma
     
     Endometrium
     
     Fallopian tube
     
     Vulva">
   </cell>
   <cell col-end="1" col-start="1" row-end="6" row-start="6" text="–
     
     1.71 (0.33–8.90)
     
     3.07 (1.12–8.42)
     
     1.93 (0.95–3.94)
     
     0.51 (0.06–4.06)
     
     8.70 (1.19–63.34)">
   </cell>
   <cell col-end="2" col-start="2" row-end="6" row-start="6" text="–
     
     0.52
     

      0.03
     

     0.07
     
     0.52
     

      0.03">
   </cell>
  </row>
  <row row="7">
   <cell col-end="0" col-start="0" row-end="7" row-start="7" text="Interval primary diagnosis and BM">
   </cell>
   <cell col-end="1" col-start="1" row-end="7" row-start="7" text="1.00 (0.99–1.01)">
   </cell>
   <cell col-end="2" col-start="2" row-end="7" row-start="7" text="0.64">
   </cell>
  </row>
  <statements>
   <statement id="4" text="The highest HR value is 8.70 in Vulva primary tumour type." type="">
   </statement>
   <statement id="5" text="The p value for CA-125 is &lt;0.01." type="">
   </statement>
   <statement id="7" text="The Primary tumour type Ovary doesn't contain any value for HR and p." type="">
   </statement>
   <statement id="8" text="The Primary tumour type Ovary has negative value for HR." type="">
   </statement>
   <statement id="9" text="The table is defined into 3 columns - Variable, HR (95% CI) and p." type="">
   </statement>
   <statement id="10" text="The table is defined into 4 columns" type="">
   </statement>
  </statements>
 </table>
</document>