<document>
 <table id="Table 1">
  <caption text="

   Sample description, column percentages (rounded).
  
">
  </caption>
  <row row="0">
   <cell col-end="0" col-start="0" row-end="0" row-start="0" text="Variables">
   </cell>
   <cell col-end="1" col-start="1" row-end="0" row-start="0" text="Home-based business">
   </cell>
   <cell col-end="2" col-start="2" row-end="0" row-start="0" text="Non-home-based business">
   </cell>
  </row>
  <row row="1">
   <cell col-end="0" col-start="0" row-end="1" row-start="1" text="Sales from e-commerce">
   </cell>
   <cell col-end="1" col-start="1" row-end="1" row-start="1" text="">
   </cell>
   <cell col-end="2" col-start="2" row-end="1" row-start="1" text="">
   </cell>
  </row>
  <row row="2">
   <cell col-end="0" col-start="0" row-end="2" row-start="2" text="None">
   </cell>
   <cell col-end="1" col-start="1" row-end="2" row-start="2" text="0.66">
   </cell>
   <cell col-end="2" col-start="2" row-end="2" row-start="2" text="0.72">
   </cell>
  </row>
  <row row="3">
   <cell col-end="0" col-start="0" row-end="3" row-start="3" text="Less than half">
   </cell>
   <cell col-end="1" col-start="1" row-end="3" row-start="3" text="0.14">
   </cell>
   <cell col-end="2" col-start="2" row-end="3" row-start="3" text="0.21">
   </cell>
  </row>
  <row row="4">
   <cell col-end="0" col-start="0" row-end="4" row-start="4" text="About half">
   </cell>
   <cell col-end="1" col-start="1" row-end="4" row-start="4" text="0.06">
   </cell>
   <cell col-end="2" col-start="2" row-end="4" row-start="4" text="0.02">
   </cell>
  </row>
  <row row="5">
   <cell col-end="0" col-start="0" row-end="5" row-start="5" text="More than half">
   </cell>
   <cell col-end="1" col-start="1" row-end="5" row-start="5" text="0.10">
   </cell>
   <cell col-end="2" col-start="2" row-end="5" row-start="5" text="0.05">
   </cell>
  </row>
  <row row="6">
   <cell col-end="0" col-start="0" row-end="6" row-start="6" text="All">
   </cell>
   <cell col-end="1" col-start="1" row-end="6" row-start="6" text="0.04">
   </cell>
   <cell col-end="2" col-start="2" row-end="6" row-start="6" text="(-)">
   </cell>
  </row>
  <row row="7">
   <cell col-end="0" col-start="0" row-end="7" row-start="7" text="">
   </cell>
   <cell col-end="1" col-start="1" row-end="7" row-start="7" text="(n=387)">
   </cell>
   <cell col-end="2" col-start="2" row-end="7" row-start="7" text="(n=607)">
   </cell>
  </row>
  <row row="8">
   <cell col-end="0" col-start="0" row-end="8" row-start="8" text="Business location">
   </cell>
   <cell col-end="1" col-start="1" row-end="8" row-start="8" text="">
   </cell>
   <cell col-end="2" col-start="2" row-end="8" row-start="8" text="">
   </cell>
  </row>
  <row row="9">
   <cell col-end="0" col-start="0" row-end="9" row-start="9" text="City">
   </cell>
   <cell col-end="1" col-start="1" row-end="9" row-start="9" text="0.18">
   </cell>
   <cell col-end="2" col-start="2" row-end="9" row-start="9" text="0.29">
   </cell>
  </row>
  <row row="10">
   <cell col-end="0" col-start="0" row-end="10" row-start="10" text="Town">
   </cell>
   <cell col-end="1" col-start="1" row-end="10" row-start="10" text="0.29">
   </cell>
   <cell col-end="2" col-start="2" row-end="10" row-start="10" text="0.44">
   </cell>
  </row>
  <row row="11">
   <cell col-end="0" col-start="0" row-end="11" row-start="11" text="Village/rural">
   </cell>
   <cell col-end="1" col-start="1" row-end="11" row-start="11" text="0.53">
   </cell>
   <cell col-end="2" col-start="2" row-end="11" row-start="11" text="0.27">
   </cell>
  </row>
  <row row="12">
   <cell col-end="0" col-start="0" row-end="12" row-start="12" text="">
   </cell>
   <cell col-end="1" col-start="1" row-end="12" row-start="12" text="(n=383)">
   </cell>
   <cell col-end="2" col-start="2" row-end="12" row-start="12" text="(n=606)">
   </cell>
  </row>
  <row row="13">
   <cell col-end="0" col-start="0" row-end="13" row-start="13" text="Location of majority of sales/customers">
   </cell>
   <cell col-end="1" col-start="1" row-end="13" row-start="13" text="">
   </cell>
   <cell col-end="2" col-start="2" row-end="13" row-start="13" text="">
   </cell>
  </row>
  <row row="14">
   <cell col-end="0" col-start="0" row-end="14" row-start="14" text="Local">
   </cell>
   <cell col-end="1" col-start="1" row-end="14" row-start="14" text="0.22">
   </cell>
   <cell col-end="2" col-start="2" row-end="14" row-start="14" text="0.36">
   </cell>
  </row>
  <row row="15">
   <cell col-end="0" col-start="0" row-end="15" row-start="15" text="Region/Scotland">
   </cell>
   <cell col-end="1" col-start="1" row-end="15" row-start="15" text="0.36">
   </cell>
   <cell col-end="2" col-start="2" row-end="15" row-start="15" text="0.42">
   </cell>
  </row>
  <row row="16">
   <cell col-end="0" col-start="0" row-end="16" row-start="16" text="UK">
   </cell>
   <cell col-end="1" col-start="1" row-end="16" row-start="16" text="0.29">
   </cell>
   <cell col-end="2" col-start="2" row-end="16" row-start="16" text="0.17">
   </cell>
  </row>
  <row row="17">
   <cell col-end="0" col-start="0" row-end="17" row-start="17" text="International">
   </cell>
   <cell col-end="1" col-start="1" row-end="17" row-start="17" text="0.12">
   </cell>
   <cell col-end="2" col-start="2" row-end="17" row-start="17" text="0.06">
   </cell>
  </row>
  <row row="18">
   <cell col-end="0" col-start="0" row-end="18" row-start="18" text="">
   </cell>
   <cell col-end="1" col-start="1" row-end="18" row-start="18" text="(n=385)">
   </cell>
   <cell col-end="2" col-start="2" row-end="18" row-start="18" text="(n=605)">
   </cell>
  </row>
  <row row="19">
   <cell col-end="0" col-start="0" row-end="19" row-start="19" text="Industry (SIC07)">
   </cell>
   <cell col-end="1" col-start="1" row-end="19" row-start="19" text="">
   </cell>
   <cell col-end="2" col-start="2" row-end="19" row-start="19" text="">
   </cell>
  </row>
  <row row="20">
   <cell col-end="0" col-start="0" row-end="20" row-start="20" text="Agriculture, forestry, fishing (A)">
   </cell>
   <cell col-end="1" col-start="1" row-end="20" row-start="20" text="0.05">
   </cell>
   <cell col-end="2" col-start="2" row-end="20" row-start="20" text="0.02">
   </cell>
  </row>
  <row row="21">
   <cell col-end="0" col-start="0" row-end="21" row-start="21" text="Manufacturing, energy, water (C–E)">
   </cell>
   <cell col-end="1" col-start="1" row-end="21" row-start="21" text="0.06">
   </cell>
   <cell col-end="2" col-start="2" row-end="21" row-start="21" text="0.13">
   </cell>
  </row>
  <row row="22">
   <cell col-end="0" col-start="0" row-end="22" row-start="22" text="Construction (F)">
   </cell>
   <cell col-end="1" col-start="1" row-end="22" row-start="22" text="0.12">
   </cell>
   <cell col-end="2" col-start="2" row-end="22" row-start="22" text="0.12">
   </cell>
  </row>
  <row row="23">
   <cell col-end="0" col-start="0" row-end="23" row-start="23" text="Wholesale and retail (G)">
   </cell>
   <cell col-end="1" col-start="1" row-end="23" row-start="23" text="0.06">
   </cell>
   <cell col-end="2" col-start="2" row-end="23" row-start="23" text="0.30">
   </cell>
  </row>
  <row row="24">
   <cell col-end="0" col-start="0" row-end="24" row-start="24" text="Transportation (H)">
   </cell>
   <cell col-end="1" col-start="1" row-end="24" row-start="24" text="0.02">
   </cell>
   <cell col-end="2" col-start="2" row-end="24" row-start="24" text="0.02">
   </cell>
  </row>
  <row row="25">
   <cell col-end="0" col-start="0" row-end="25" row-start="25" text="Accommodation and food (I)">
   </cell>
   <cell col-end="1" col-start="1" row-end="25" row-start="25" text="0.23">
   </cell>
   <cell col-end="2" col-start="2" row-end="25" row-start="25" text="0.13">
   </cell>
  </row>
  <row row="26">
   <cell col-end="0" col-start="0" row-end="26" row-start="26" text="Information and Communication (J)">
   </cell>
   <cell col-end="1" col-start="1" row-end="26" row-start="26" text="0.05">
   </cell>
   <cell col-end="2" col-start="2" row-end="26" row-start="26" text="0.02">
   </cell>
  </row>
  <row row="27">
   <cell col-end="0" col-start="0" row-end="27" row-start="27" text="Finance, insurance, real estate (K, L)">
   </cell>
   <cell col-end="1" col-start="1" row-end="27" row-start="27" text="0.03">
   </cell>
   <cell col-end="2" col-start="2" row-end="27" row-start="27" text="0.04">
   </cell>
  </row>
  <row row="28">
   <cell col-end="0" col-start="0" row-end="28" row-start="28" text="Professional, scientific, technical (M)">
   </cell>
   <cell col-end="1" col-start="1" row-end="28" row-start="28" text="0.13">
   </cell>
   <cell col-end="2" col-start="2" row-end="28" row-start="28" text="0.06">
   </cell>
  </row>
  <row row="29">
   <cell col-end="0" col-start="0" row-end="29" row-start="29" text="Education (P)">
   </cell>
   <cell col-end="1" col-start="1" row-end="29" row-start="29" text="0.04">
   </cell>
   <cell col-end="2" col-start="2" row-end="29" row-start="29" text="0.02">
   </cell>
  </row>
  <row row="30">
   <cell col-end="0" col-start="0" row-end="30" row-start="30" text="Health and Social (Q)">
   </cell>
   <cell col-end="1" col-start="1" row-end="30" row-start="30" text="0.03">
   </cell>
   <cell col-end="2" col-start="2" row-end="30" row-start="30" text="0.04">
   </cell>
  </row>
  <row row="31">
   <cell col-end="0" col-start="0" row-end="31" row-start="31" text="Arts, entertainment (R)">
   </cell>
   <cell col-end="1" col-start="1" row-end="31" row-start="31" text="0.09">
   </cell>
   <cell col-end="2" col-start="2" row-end="31" row-start="31" text="0.05">
   </cell>
  </row>
  <row row="32">
   <cell col-end="0" col-start="0" row-end="32" row-start="32" text="Other services (S)">
   </cell>
   <cell col-end="1" col-start="1" row-end="32" row-start="32" text="0.07">
   </cell>
   <cell col-end="2" col-start="2" row-end="32" row-start="32" text="0.04">
   </cell>
  </row>
  <row row="33">
   <cell col-end="0" col-start="0" row-end="33" row-start="33" text="Other">
   </cell>
   <cell col-end="1" col-start="1" row-end="33" row-start="33" text="0.02">
   </cell>
   <cell col-end="2" col-start="2" row-end="33" row-start="33" text="0.01">
   </cell>
  </row>
  <row row="34">
   <cell col-end="0" col-start="0" row-end="34" row-start="34" text="">
   </cell>
   <cell col-end="1" col-start="1" row-end="34" row-start="34" text="(n=387)">
   </cell>
   <cell col-end="2" col-start="2" row-end="34" row-start="34" text="(n=606)">
   </cell>
  </row>
  <row row="35">
   <cell col-end="0" col-start="0" row-end="35" row-start="35" text="Business is part-time">
   </cell>
   <cell col-end="1" col-start="1" row-end="35" row-start="35" text="0.17">
   </cell>
   <cell col-end="2" col-start="2" row-end="35" row-start="35" text="0.07">
   </cell>
  </row>
  <row row="36">
   <cell col-end="0" col-start="0" row-end="36" row-start="36" text="">
   </cell>
   <cell col-end="1" col-start="1" row-end="36" row-start="36" text="(n=386)">
   </cell>
   <cell col-end="2" col-start="2" row-end="36" row-start="36" text="(n=606)">
   </cell>
  </row>
  <row row="37">
   <cell col-end="0" col-start="0" row-end="37" row-start="37" text="Employed people in business">
   </cell>
   <cell col-end="1" col-start="1" row-end="37" row-start="37" text="">
   </cell>
   <cell col-end="2" col-start="2" row-end="37" row-start="37" text="">
   </cell>
  </row>
  <row row="38">
   <cell col-end="0" col-start="0" row-end="38" row-start="38" text="Owner only">
   </cell>
   <cell col-end="1" col-start="1" row-end="38" row-start="38" text="0.35">
   </cell>
   <cell col-end="2" col-start="2" row-end="38" row-start="38" text="0.15">
   </cell>
  </row>
  <row row="39">
   <cell col-end="0" col-start="0" row-end="39" row-start="39" text="2–3 (incl. owner)">
   </cell>
   <cell col-end="1" col-start="1" row-end="39" row-start="39" text="0.38">
   </cell>
   <cell col-end="2" col-start="2" row-end="39" row-start="39" text="0.21">
   </cell>
  </row>
  <row row="40">
   <cell col-end="0" col-start="0" row-end="40" row-start="40" text="4–9 (incl. owner)">
   </cell>
   <cell col-end="1" col-start="1" row-end="40" row-start="40" text="0.18">
   </cell>
   <cell col-end="2" col-start="2" row-end="40" row-start="40" text="0.39">
   </cell>
  </row>
  <row row="41">
   <cell col-end="0" col-start="0" row-end="41" row-start="41" text="10+ (incl. owner)">
   </cell>
   <cell col-end="1" col-start="1" row-end="41" row-start="41" text="0.08">
   </cell>
   <cell col-end="2" col-start="2" row-end="41" row-start="41" text="0.24">
   </cell>
  </row>
  <row row="42">
   <cell col-end="0" col-start="0" row-end="42" row-start="42" text="">
   </cell>
   <cell col-end="1" col-start="1" row-end="42" row-start="42" text="(n=387)">
   </cell>
   <cell col-end="2" col-start="2" row-end="42" row-start="42" text="(n=607)">
   </cell>
  </row>
  <row row="43">
   <cell col-end="0" col-start="0" row-end="43" row-start="43" text="Turnover in last year">
   </cell>
   <cell col-end="1" col-start="1" row-end="43" row-start="43" text="">
   </cell>
   <cell col-end="2" col-start="2" row-end="43" row-start="43" text="">
   </cell>
  </row>
  <row row="44">
   <cell col-end="0" col-start="0" row-end="44" row-start="44" text="Less than £25,000">
   </cell>
   <cell col-end="1" col-start="1" row-end="44" row-start="44" text="0.27">
   </cell>
   <cell col-end="2" col-start="2" row-end="44" row-start="44" text="0.09">
   </cell>
  </row>
  <row row="45">
   <cell col-end="0" col-start="0" row-end="45" row-start="45" text="£25,000 - £50,000">
   </cell>
   <cell col-end="1" col-start="1" row-end="45" row-start="45" text="0.19">
   </cell>
   <cell col-end="2" col-start="2" row-end="45" row-start="45" text="0.08">
   </cell>
  </row>
  <row row="46">
   <cell col-end="0" col-start="0" row-end="46" row-start="46" text="£50,001 - £100,000">
   </cell>
   <cell col-end="1" col-start="1" row-end="46" row-start="46" text="0.27">
   </cell>
   <cell col-end="2" col-start="2" row-end="46" row-start="46" text="0.16">
   </cell>
  </row>
  <row row="47">
   <cell col-end="0" col-start="0" row-end="47" row-start="47" text="£100,001 - £250,000">
   </cell>
   <cell col-end="1" col-start="1" row-end="47" row-start="47" text="0.18">
   </cell>
   <cell col-end="2" col-start="2" row-end="47" row-start="47" text="0.22">
   </cell>
  </row>
  <row row="48">
   <cell col-end="0" col-start="0" row-end="48" row-start="48" text="£250,001 - £500,000">
   </cell>
   <cell col-end="1" col-start="1" row-end="48" row-start="48" text="0.07">
   </cell>
   <cell col-end="2" col-start="2" row-end="48" row-start="48" text="0.19">
   </cell>
  </row>
  <row row="49">
   <cell col-end="0" col-start="0" row-end="49" row-start="49" text="£500,001+">
   </cell>
   <cell col-end="1" col-start="1" row-end="49" row-start="49" text="0.02">
   </cell>
   <cell col-end="2" col-start="2" row-end="49" row-start="49" text="0.26">
   </cell>
  </row>
  <row row="50">
   <cell col-end="0" col-start="0" row-end="50" row-start="50" text="">
   </cell>
   <cell col-end="1" col-start="1" row-end="50" row-start="50" text="(n=373)">
   </cell>
   <cell col-end="2" col-start="2" row-end="50" row-start="50" text="(n=595)">
   </cell>
  </row>
  <row row="51">
   <cell col-end="0" col-start="0" row-end="51" row-start="51" text="Years of trading">
   </cell>
   <cell col-end="1" col-start="1" row-end="51" row-start="51" text="">
   </cell>
   <cell col-end="2" col-start="2" row-end="51" row-start="51" text="">
   </cell>
  </row>
  <row row="52">
   <cell col-end="0" col-start="0" row-end="52" row-start="52" text="0–&lt;2">
   </cell>
   <cell col-end="1" col-start="1" row-end="52" row-start="52" text="0.09">
   </cell>
   <cell col-end="2" col-start="2" row-end="52" row-start="52" text="0.05">
   </cell>
  </row>
  <row row="53">
   <cell col-end="0" col-start="0" row-end="53" row-start="53" text="2–&lt;5">
   </cell>
   <cell col-end="1" col-start="1" row-end="53" row-start="53" text="0.15">
   </cell>
   <cell col-end="2" col-start="2" row-end="53" row-start="53" text="0.14">
   </cell>
  </row>
  <row row="54">
   <cell col-end="0" col-start="0" row-end="54" row-start="54" text="5–&lt;10">
   </cell>
   <cell col-end="1" col-start="1" row-end="54" row-start="54" text="0.22">
   </cell>
   <cell col-end="2" col-start="2" row-end="54" row-start="54" text="0.17">
   </cell>
  </row>
  <row row="55">
   <cell col-end="0" col-start="0" row-end="55" row-start="55" text="10–&lt;15">
   </cell>
   <cell col-end="1" col-start="1" row-end="55" row-start="55" text="0.20">
   </cell>
   <cell col-end="2" col-start="2" row-end="55" row-start="55" text="0.18">
   </cell>
  </row>
  <row row="56">
   <cell col-end="0" col-start="0" row-end="56" row-start="56" text="15–24">
   </cell>
   <cell col-end="1" col-start="1" row-end="56" row-start="56" text="0.21">
   </cell>
   <cell col-end="2" col-start="2" row-end="56" row-start="56" text="0.20">
   </cell>
  </row>
  <row row="57">
   <cell col-end="0" col-start="0" row-end="57" row-start="57" text="25+">
   </cell>
   <cell col-end="1" col-start="1" row-end="57" row-start="57" text="0.13">
   </cell>
   <cell col-end="2" col-start="2" row-end="57" row-start="57" text="0.25">
   </cell>
  </row>
  <row row="58">
   <cell col-end="0" col-start="0" row-end="58" row-start="58" text="">
   </cell>
   <cell col-end="1" col-start="1" row-end="58" row-start="58" text="(n=382)">
   </cell>
   <cell col-end="2" col-start="2" row-end="58" row-start="58" text="(n=592)">
   </cell>
  </row>
  <row row="59">
   <cell col-end="0" col-start="0" row-end="59" row-start="59" text="Type of customers">
   </cell>
   <cell col-end="1" col-start="1" row-end="59" row-start="59" text="">
   </cell>
   <cell col-end="2" col-start="2" row-end="59" row-start="59" text="">
   </cell>
  </row>
  <row row="60">
   <cell col-end="0" col-start="0" row-end="60" row-start="60" text="Other businesses">
   </cell>
   <cell col-end="1" col-start="1" row-end="60" row-start="60" text="0.41">
   </cell>
   <cell col-end="2" col-start="2" row-end="60" row-start="60" text="0.35">
   </cell>
  </row>
  <row row="61">
   <cell col-end="0" col-start="0" row-end="61" row-start="61" text="Individuals">
   </cell>
   <cell col-end="1" col-start="1" row-end="61" row-start="61" text="0.51">
   </cell>
   <cell col-end="2" col-start="2" row-end="61" row-start="61" text="0.56">
   </cell>
  </row>
  <row row="62">
   <cell col-end="0" col-start="0" row-end="62" row-start="62" text="Other">
   </cell>
   <cell col-end="1" col-start="1" row-end="62" row-start="62" text="0.09">
   </cell>
   <cell col-end="2" col-start="2" row-end="62" row-start="62" text="0.10">
   </cell>
  </row>
  <row row="63">
   <cell col-end="0" col-start="0" row-end="63" row-start="63" text="">
   </cell>
   <cell col-end="1" col-start="1" row-end="63" row-start="63" text="(n=386)">
   </cell>
   <cell col-end="2" col-start="2" row-end="63" row-start="63" text="(n=603)">
   </cell>
  </row>
  <row row="64">
   <cell col-end="0" col-start="0" row-end="64" row-start="64" text="Women owners">
   </cell>
   <cell col-end="1" col-start="1" row-end="64" row-start="64" text="0.33">
   </cell>
   <cell col-end="2" col-start="2" row-end="64" row-start="64" text="0.33">
   </cell>
  </row>
  <row row="65">
   <cell col-end="0" col-start="0" row-end="65" row-start="65" text="">
   </cell>
   <cell col-end="1" col-start="1" row-end="65" row-start="65" text="(n=383)">
   </cell>
   <cell col-end="2" col-start="2" row-end="65" row-start="65" text="(n=605)">
   </cell>
  </row>
  <row row="66">
   <cell col-end="0" col-start="0" row-end="66" row-start="66" text="Age of owner">
   </cell>
   <cell col-end="1" col-start="1" row-end="66" row-start="66" text="">
   </cell>
   <cell col-end="2" col-start="2" row-end="66" row-start="66" text="">
   </cell>
  </row>
  <row row="67">
   <cell col-end="0" col-start="0" row-end="67" row-start="67" text="&lt;=40">
   </cell>
   <cell col-end="1" col-start="1" row-end="67" row-start="67" text="0.08">
   </cell>
   <cell col-end="2" col-start="2" row-end="67" row-start="67" text="0.11">
   </cell>
  </row>
  <row row="68">
   <cell col-end="0" col-start="0" row-end="68" row-start="68" text="41–54">
   </cell>
   <cell col-end="1" col-start="1" row-end="68" row-start="68" text="0.39">
   </cell>
   <cell col-end="2" col-start="2" row-end="68" row-start="68" text="0.45">
   </cell>
  </row>
  <row row="69">
   <cell col-end="0" col-start="0" row-end="69" row-start="69" text="55–64">
   </cell>
   <cell col-end="1" col-start="1" row-end="69" row-start="69" text="0.37">
   </cell>
   <cell col-end="2" col-start="2" row-end="69" row-start="69" text="0.29">
   </cell>
  </row>
  <row row="70">
   <cell col-end="0" col-start="0" row-end="70" row-start="70" text="65+">
   </cell>
   <cell col-end="1" col-start="1" row-end="70" row-start="70" text="0.16">
   </cell>
   <cell col-end="2" col-start="2" row-end="70" row-start="70" text="0.15">
   </cell>
  </row>
  <row row="71">
   <cell col-end="0" col-start="0" row-end="71" row-start="71" text="">
   </cell>
   <cell col-end="1" col-start="1" row-end="71" row-start="71" text="(n=383)">
   </cell>
   <cell col-end="2" col-start="2" row-end="71" row-start="71" text="(n=606)">
   </cell>
  </row>
  <row row="72">
   <cell col-end="0" col-start="0" row-end="72" row-start="72" text="Owner has disability/long-term health condition">
   </cell>
   <cell col-end="1" col-start="1" row-end="72" row-start="72" text="0.14">
   </cell>
   <cell col-end="2" col-start="2" row-end="72" row-start="72" text="0.13">
   </cell>
  </row>
  <row row="73">
   <cell col-end="0" col-start="0" row-end="73" row-start="73" text="">
   </cell>
   <cell col-end="1" col-start="1" row-end="73" row-start="73" text="(n=384)">
   </cell>
   <cell col-end="2" col-start="2" row-end="73" row-start="73" text="(n=605)">
   </cell>
  </row>
  <row row="74">
   <cell col-end="0" col-start="0" row-end="74" row-start="74" text="Number of children in household">
   </cell>
   <cell col-end="1" col-start="1" row-end="74" row-start="74" text="">
   </cell>
   <cell col-end="2" col-start="2" row-end="74" row-start="74" text="">
   </cell>
  </row>
  <row row="75">
   <cell col-end="0" col-start="0" row-end="75" row-start="75" text="0">
   </cell>
   <cell col-end="1" col-start="1" row-end="75" row-start="75" text="0.74">
   </cell>
   <cell col-end="2" col-start="2" row-end="75" row-start="75" text="0.69">
   </cell>
  </row>
  <row row="76">
   <cell col-end="0" col-start="0" row-end="76" row-start="76" text="1 child">
   </cell>
   <cell col-end="1" col-start="1" row-end="76" row-start="76" text="0.11">
   </cell>
   <cell col-end="2" col-start="2" row-end="76" row-start="76" text="0.13">
   </cell>
  </row>
  <row row="77">
   <cell col-end="0" col-start="0" row-end="77" row-start="77" text="2 and more children">
   </cell>
   <cell col-end="1" col-start="1" row-end="77" row-start="77" text="0.15">
   </cell>
   <cell col-end="2" col-start="2" row-end="77" row-start="77" text="0.18">
   </cell>
  </row>
  <row row="78">
   <cell col-end="0" col-start="0" row-end="78" row-start="78" text="">
   </cell>
   <cell col-end="1" col-start="1" row-end="78" row-start="78" text="(n=387)">
   </cell>
   <cell col-end="2" col-start="2" row-end="78" row-start="78" text="(n=607)">
   </cell>
  </row>
  <statements>
   <statement id="1" text="Health and Social (Q)Non-home-based business is 0.22." type="">
   </statement>
   <statement id="3" text="Non-home-based business 0.29 for Village/rural Variables." type="">
   </statement>
   <statement id="4" text="This said, descriptive findings show that the geography of sales is more international and national in nature amongst home-based businesses compared to non-home-based businesses ( Table 1 )." type="">
   </statement>
   <statement id="5" text="Variables International Home-based business 0.12." type="">
   </statement>
   <statement id="6" text="Variables International Home-based business 0.66 ." type="">
   </statement>
   <statement id="8" text="Variables More than half Home-based busines is 0.10." type="">
   </statement>
  </statements>
 </table>
 <table id="Table 2">
  <caption text="

   Modelling framework.
  
">
  </caption>
  <row row="0">
   <cell col-end="0" col-start="0" row-end="0" row-start="0" text="Variables in models">
   </cell>
   <cell col-end="1" col-start="1" row-end="0" row-start="0" text="Research Questions">
   </cell>
  </row>
  <row row="1">
   <cell col-end="0" col-start="0" row-end="1" row-start="1" text="Dependent variable">
   </cell>
   <cell col-end="1" col-start="1" row-end="1" row-start="1" text="">
   </cell>
  </row>
  <row row="2">
   <cell col-end="0" col-start="0" row-end="2" row-start="2" text="Proportion of sales from e-commerce (no sales, less than half, half and more)">
   </cell>
   <cell col-end="1" col-start="1" row-end="2" row-start="2" text="">
   </cell>
  </row>
  <row row="3">
   <cell col-end="0" col-start="0" row-end="3" row-start="3" text="Key co-variates">
   </cell>
   <cell col-end="1" col-start="1" row-end="3" row-start="3" text="">
   </cell>
  </row>
  <row row="4">
   <cell col-end="0" col-start="0" row-end="4" row-start="4" text="Home-based business (yes/no)">
   </cell>
   <cell col-end="1" col-start="1" row-end="4" row-start="4" text="1st research question">
   </cell>
  </row>
  <row row="5">
   <cell col-end="0" col-start="0" row-end="5" row-start="5" text="Business location (city, town, village/rural)">
   </cell>
   <cell col-end="1" col-start="1" row-end="5" row-start="5" text="">
   </cell>
  </row>
  <row row="6">
   <cell col-end="0" col-start="0" row-end="6" row-start="6" text="(Broadband speed at postcode district level)">
   </cell>
   <cell col-end="1" col-start="1" row-end="6" row-start="6" text="">
   </cell>
  </row>
  <row row="7">
   <cell col-end="0" col-start="0" row-end="7" row-start="7" text="Interaction term between home-based business and business location">
   </cell>
   <cell col-end="1" col-start="1" row-end="7" row-start="7" text="2nd research question">
   </cell>
  </row>
  <row row="8">
   <cell col-end="0" col-start="0" row-end="8" row-start="8" text="Location of customers (local; regional (Scotland); national (UK); international)">
   </cell>
   <cell col-end="1" col-start="1" row-end="8" row-start="8" text="">
   </cell>
  </row>
  <row row="9">
   <cell col-end="0" col-start="0" row-end="9" row-start="9" text="Interaction term between home-based business and location of customers">
   </cell>
   <cell col-end="1" col-start="1" row-end="9" row-start="9" text="3rd research question">
   </cell>
  </row>
  <row row="10">
   <cell col-end="0" col-start="0" row-end="10" row-start="10" text="Controls">
   </cell>
   <cell col-end="1" col-start="1" row-end="10" row-start="10" text="">
   </cell>
  </row>
  <row row="11">
   <cell col-end="0" col-start="0" row-end="11" row-start="11" text="Business characteristics">
   </cell>
   <cell col-end="1" col-start="1" row-end="11" row-start="11" text="">
   </cell>
  </row>
  <row row="12">
   <cell col-end="0" col-start="0" row-end="12" row-start="12" text="Number of employees">
   </cell>
   <cell col-end="1" col-start="1" row-end="12" row-start="12" text="">
   </cell>
  </row>
  <row row="13">
   <cell col-end="0" col-start="0" row-end="13" row-start="13" text="Turnover last year">
   </cell>
   <cell col-end="1" col-start="1" row-end="13" row-start="13" text="">
   </cell>
  </row>
  <row row="14">
   <cell col-end="0" col-start="0" row-end="14" row-start="14" text="Part-time business">
   </cell>
   <cell col-end="1" col-start="1" row-end="14" row-start="14" text="">
   </cell>
  </row>
  <row row="15">
   <cell col-end="0" col-start="0" row-end="15" row-start="15" text="Type of majority of customers">
   </cell>
   <cell col-end="1" col-start="1" row-end="15" row-start="15" text="">
   </cell>
  </row>
  <row row="16">
   <cell col-end="0" col-start="0" row-end="16" row-start="16" text="Industry (selected sectors)">
   </cell>
   <cell col-end="1" col-start="1" row-end="16" row-start="16" text="">
   </cell>
  </row>
  <row row="17">
   <cell col-end="0" col-start="0" row-end="17" row-start="17" text="(Age of business)">
   </cell>
   <cell col-end="1" col-start="1" row-end="17" row-start="17" text="">
   </cell>
  </row>
  <row row="18">
   <cell col-end="0" col-start="0" row-end="18" row-start="18" text="Entrepreneur characteristics">
   </cell>
   <cell col-end="1" col-start="1" row-end="18" row-start="18" text="">
   </cell>
  </row>
  <row row="19">
   <cell col-end="0" col-start="0" row-end="19" row-start="19" text="Age of owner">
   </cell>
   <cell col-end="1" col-start="1" row-end="19" row-start="19" text="">
   </cell>
  </row>
  <row row="20">
   <cell col-end="0" col-start="0" row-end="20" row-start="20" text="Sex of owner">
   </cell>
   <cell col-end="1" col-start="1" row-end="20" row-start="20" text="">
   </cell>
  </row>
  <row row="21">
   <cell col-end="0" col-start="0" row-end="21" row-start="21" text="Lives with children">
   </cell>
   <cell col-end="1" col-start="1" row-end="21" row-start="21" text="">
   </cell>
  </row>
  <row row="22">
   <cell col-end="0" col-start="0" row-end="22" row-start="22" text="Disability of owner">
   </cell>
   <cell col-end="1" col-start="1" row-end="22" row-start="22" text="">
   </cell>
  </row>
  <statements>
   <statement id="0" text="Home-based business (yes/no) are 1st research question." type="">
   </statement>
   <statement id="2" text="Interaction term between home-based business and business location is the 2nd research question." type="">
   </statement>
   <statement id="3" text="Lives with children is the 2nd research question." type="">
   </statement>
   <statement id="5" text="Part-time business is the 1st research question." type="">
   </statement>
   <statement id="7" text="There are 25 Modelling framework observed in the tables ." type="">
   </statement>
  </statements>
 </table>
</document>