<document>
 <table id="Table 2">
  <caption text="

   Q values [
   
    55
   
   ] and solubility limits in Mg [
   
    64
   
   ,
   
    65
   
   ] of the alloying elements.
  
">
  </caption>
  <row row="0">
   <cell col-end="0" col-start="0" row-end="0" row-start="0" text="Element">
   </cell>
   <cell col-end="1" col-start="1" row-end="0" row-start="0" text="Zn">
   </cell>
   <cell col-end="2" col-start="2" row-end="0" row-start="0" text="Ca">
   </cell>
   <cell col-end="3" col-start="3" row-end="0" row-start="0" text="Sr">
   </cell>
   <cell col-end="4" col-start="4" row-end="0" row-start="0" text="Ag">
   </cell>
   <cell col-end="5" col-start="5" row-end="0" row-start="0" text="In">
   </cell>
   <cell col-end="6" col-start="6" row-end="0" row-start="0" text="Cu">
   </cell>
   <cell col-end="7" col-start="7" row-end="0" row-start="0" text="Si">
   </cell>
  </row>
  <row row="1">
   <cell col-end="0" col-start="0" row-end="1" row-start="1" text="Q value (-)">
   </cell>
   <cell col-end="1" col-start="1" row-end="1" row-start="1" text="5.3">
   </cell>
   <cell col-end="2" col-start="2" row-end="1" row-start="1" text="11.9">
   </cell>
   <cell col-end="3" col-start="3" row-end="1" row-start="1" text="3.5">
   </cell>
   <cell col-end="4" col-start="4" row-end="1" row-start="1" text="2.7">
   </cell>
   <cell col-end="5" col-start="5" row-end="1" row-start="1" text="0.4">
   </cell>
   <cell col-end="6" col-start="6" row-end="1" row-start="1" text="5.3">
   </cell>
   <cell col-end="7" col-start="7" row-end="1" row-start="1" text="—">
   </cell>
  </row>
  <row row="2">
   <cell col-end="0" col-start="0" row-end="2" row-start="2" text="Maximal solubility in Mg (wt.%)">
   </cell>
   <cell col-end="1" col-start="1" row-end="2" row-start="2" text="6.2">
   </cell>
   <cell col-end="2" col-start="2" row-end="2" row-start="2" text="1.34">
   </cell>
   <cell col-end="3" col-start="3" row-end="2" row-start="2" text="0.11">
   </cell>
   <cell col-end="4" col-start="4" row-end="2" row-start="2" text="15">
   </cell>
   <cell col-end="5" col-start="5" row-end="2" row-start="2" text="53">
   </cell>
   <cell col-end="6" col-start="6" row-end="2" row-start="2" text="0.034">
   </cell>
   <cell col-end="7" col-start="7" row-end="2" row-start="2" text="0.003">
   </cell>
  </row>
  <row row="3">
   <cell col-end="0" col-start="0" row-end="3" row-start="3" text="Solubility in Mg at RT (wt.%)">
   </cell>
   <cell col-end="1" col-start="1" row-end="3" row-start="3" text="2">
   </cell>
   <cell col-end="2" col-start="2" row-end="3" row-start="3" text="~0">
   </cell>
   <cell col-end="3" col-start="3" row-end="3" row-start="3" text="~0">
   </cell>
   <cell col-end="4" col-start="4" row-end="3" row-start="3" text="~0">
   </cell>
   <cell col-end="5" col-start="5" row-end="3" row-start="3" text="35">
   </cell>
   <cell col-end="6" col-start="6" row-end="3" row-start="3" text="~0">
   </cell>
   <cell col-end="7" col-start="7" row-end="3" row-start="3" text="~0">
   </cell>
  </row>
  <statements>
   <statement id="1" text="5.3 is the Q value of Zn" type="">
   </statement>
   <statement id="2" text="However, this equation is only valid for binary systems." type="">
   </statement>
   <statement id="4" text="Maximal solubility of In is 23 Mg" type="">
   </statement>
   <statement id="9" text="Table has 9 elements." type="">
   </statement>
  </statements>
 </table>
 <table id="Table 3">
  <caption text="

   Summary of the possible intermetallics formed in the as-cast Mg-0.5Zn(-0.2X) alloys.
  
">
  </caption>
  <row row="0">
   <cell col-end="0" col-start="0" row-end="0" row-start="0" text="Alloy">
   </cell>
   <cell col-end="1" col-start="1" row-end="0" row-start="0" text="Intermetallics">
   </cell>
  </row>
  <row row="1">
   <cell col-end="0" col-start="0" row-end="1" row-start="1" text="Mg-0.5Zn">
   </cell>
   <cell col-end="1" col-start="1" row-end="1" row-start="1" text="Mg
     
      2
     
     Si, MgZn">
   </cell>
  </row>
  <row row="2">
   <cell col-end="0" col-start="0" row-end="2" row-start="2" text="Mg-0.5Zn-0.2Ca">
   </cell>
   <cell col-end="1" col-start="1" row-end="2" row-start="2" text="Mg
     
      2
     
     Ca, Ca
     
      2
     
     Mg
     
      6
     
     Zn
     
      3
     
     , MgCaSi">
   </cell>
  </row>
  <row row="3">
   <cell col-end="0" col-start="0" row-end="3" row-start="3" text="Mg-0.5Zn-0.2Sr">
   </cell>
   <cell col-end="1" col-start="1" row-end="3" row-start="3" text="MgSrSi(Zn), SiSr
     
      2
     
     (Zn)">
   </cell>
  </row>
  <row row="4">
   <cell col-end="0" col-start="0" row-end="4" row-start="4" text="Mg-0.5Zn-0.2Ag">
   </cell>
   <cell col-end="1" col-start="1" row-end="4" row-start="4" text="Mg
     
      2
     
     Si, Zn
     
      5
     
     Ag">
   </cell>
  </row>
  <row row="5">
   <cell col-end="0" col-start="0" row-end="5" row-start="5" text="Mg-0.5Zn-0.2In">
   </cell>
   <cell col-end="1" col-start="1" row-end="5" row-start="5" text="Mg
     
      2
     
     Si, MgZn">
   </cell>
  </row>
  <row row="6">
   <cell col-end="0" col-start="0" row-end="6" row-start="6" text="Mg-0.5Zn-0.2Cu">
   </cell>
   <cell col-end="1" col-start="1" row-end="6" row-start="6" text="Mg
     
      2
     
     Si, MgZnCu">
   </cell>
  </row>
  <statements>
   <statement id="4" text="Each Alloy has a unique Intermetallics." type="">
   </statement>
   <statement id="5" text="However, it is noteworthy that the E of the same phase may deviate widely due to the different systems and testing environments." type="">
   </statement>
   <statement id="6" text="Mg-0.5Zn-0.2Ag is an alloy for Mg 2 Ca, Ca 2 Mg 6 Zn 3 , MgCaSi Intermetallics." type="">
   </statement>
   <statement id="7" text="The Intermetallics for Mg-0.5Zn alloy is Mg 2 Si, MgZn" type="">
   </statement>
   <statement id="8" text="The Intermetallics for Mg-0.5Zn alloy isMg 2 Si, MgZnCu." type="">
   </statement>
   <statement id="9" text="The table has Alloy and Intermetallics as headers." type="">
   </statement>
  </statements>
 </table>
</document>