<document>
 <table id="Table 3">
  <caption text="

   Descriptions of the shapefiles in the
   
    line_polygon
   
   worksheet
  
">
  </caption>
  <row row="0">
   <cell col-end="0" col-start="0" row-end="0" row-start="0" text="No">
   </cell>
   <cell col-end="1" col-start="1" row-end="0" row-start="0" text="Name">
   </cell>
   <cell col-end="2" col-start="2" row-end="0" row-start="0" text="Description">
   </cell>
   <cell col-end="3" col-start="3" row-end="0" row-start="0" text="Code">
   </cell>
   <cell col-end="4" col-start="4" row-end="0" row-start="0" text="Geometry point">
   </cell>
  </row>
  <row row="1">
   <cell col-end="0" col-start="0" row-end="1" row-start="1" text="1">
   </cell>
   <cell col-end="1" col-start="1" row-end="1" row-start="1" text="Primary canal">
   </cell>
   <cell col-end="2" col-start="2" row-end="1" row-start="1" text="Irrigation canal connected directly to a water source">
   </cell>
   <cell col-end="3" col-start="3" row-end="1" row-start="1" text="Primcanal_name">
   </cell>
   <cell col-end="4" col-start="4" row-end="1" row-start="1" text="line">
   </cell>
  </row>
  <row row="2">
   <cell col-end="0" col-start="0" row-end="2" row-start="2" text="2">
   </cell>
   <cell col-end="1" col-start="1" row-end="2" row-start="2" text="Secondary canal">
   </cell>
   <cell col-end="2" col-start="2" row-end="2" row-start="2" text="Irrigation canal below the primary canal">
   </cell>
   <cell col-end="3" col-start="3" row-end="2" row-start="2" text="Seccanal_name">
   </cell>
   <cell col-end="4" col-start="4" row-end="2" row-start="2" text="line">
   </cell>
  </row>
  <row row="3">
   <cell col-end="0" col-start="0" row-end="3" row-start="3" text="3">
   </cell>
   <cell col-end="1" col-start="1" row-end="3" row-start="3" text="Irrigated Farmland">
   </cell>
   <cell col-end="2" col-start="2" row-end="3" row-start="3" text="The area of irrigated farmland in each village">
   </cell>
   <cell col-end="3" col-start="3" row-end="3" row-start="3" text="farmland_village">
   </cell>
   <cell col-end="4" col-start="4" row-end="3" row-start="3" text="polygon">
   </cell>
  </row>
  <row row="4">
   <cell col-end="0" col-start="0" row-end="4" row-start="4" text="4">
   </cell>
   <cell col-end="1" col-start="1" row-end="4" row-start="4" text="Village Border">
   </cell>
   <cell col-end="2" col-start="2" row-end="4" row-start="4" text="The administrative border of each village">
   </cell>
   <cell col-end="3" col-start="3" row-end="4" row-start="4" text="villborder_village">
   </cell>
   <cell col-end="4" col-start="4" row-end="4" row-start="4" text="polygon">
   </cell>
  </row>
  <statements>
   <statement id="0" text="Description Irrigation canal below the primary canal Code Seccanal_name." type="">
   </statement>
   <statement id="2" text="polygon Geometry point Name is Irrigated Farmland." type="">
   </statement>
   <statement id="7" text="line Geometry point Name is Irrigated Farmland." type="">
   </statement>
  </statements>
 </table>
 <table id="Table 4">
  <caption text="

   Descriptions of the second worksheet in shapefiles catalouge
  
">
  </caption>
  <legend text="

   Note: The geometry point of all irrigation structure is point. All irrigation structure in each village are grouped into one shapefile. The shapefile name format is
   
    plot_village name.
   

">
  </legend>
  <row row="0">
   <cell col-end="0" col-start="0" row-end="0" row-start="0" text="No.">
   </cell>
   <cell col-end="1" col-start="1" row-end="0" row-start="0" text="Name">
   </cell>
   <cell col-end="2" col-start="2" row-end="0" row-start="0" text="Indonesian Name">
   </cell>
   <cell col-end="3" col-start="3" row-end="0" row-start="0" text="Description">
   </cell>
  </row>
  <row row="1">
   <cell col-end="0" col-start="0" row-end="1" row-start="1" text="1">
   </cell>
   <cell col-end="1" col-start="1" row-end="1" row-start="1" text="Division box">
   </cell>
   <cell col-end="2" col-start="2" row-end="1" row-start="1" text="Bagi">
   </cell>
   <cell col-end="3" col-start="3" row-end="1" row-start="1" text="Irrigation structure used to divide water between two or more canals">
   </cell>
  </row>
  <row row="2">
   <cell col-end="0" col-start="0" row-end="2" row-start="2" text="2">
   </cell>
   <cell col-end="1" col-start="1" row-end="2" row-start="2" text="Division-turnout box">
   </cell>
   <cell col-end="2" col-start="2" row-end="2" row-start="2" text="Bagi-sadap">
   </cell>
   <cell col-end="3" col-start="3" row-end="2" row-start="2" text="Irrigation structure used to divide the water and divert water to subsequent canals">
   </cell>
  </row>
  <row row="3">
   <cell col-end="0" col-start="0" row-end="3" row-start="3" text="3">
   </cell>
   <cell col-end="1" col-start="1" row-end="3" row-start="3" text="Turnout">
   </cell>
   <cell col-end="2" col-start="2" row-end="3" row-start="3" text="Sadap">
   </cell>
   <cell col-end="3" col-start="3" row-end="3" row-start="3" text="Irrigation structure used to divert water to the smaller canal">
   </cell>
  </row>
  <row row="4">
   <cell col-end="0" col-start="0" row-end="4" row-start="4" text="4">
   </cell>
   <cell col-end="1" col-start="1" row-end="4" row-start="4" text="Culvert">
   </cell>
   <cell col-end="2" col-start="2" row-end="4" row-start="4" text="Gorong-gorong">
   </cell>
   <cell col-end="3" col-start="3" row-end="4" row-start="4" text="Irrigation structure used to carry water across the road and located underground">
   </cell>
  </row>
  <row row="5">
   <cell col-end="0" col-start="0" row-end="5" row-start="5" text="5">
   </cell>
   <cell col-end="1" col-start="1" row-end="5" row-start="5" text="Cross-Culvert">
   </cell>
   <cell col-end="2" col-start="2" row-end="5" row-start="5" text="Gorong-gornong Silang">
   </cell>
   <cell col-end="3" col-start="3" row-end="5" row-start="5" text="Similar to general culvert, the only different is in placement arrangement.">
   </cell>
  </row>
  <row row="6">
   <cell col-end="0" col-start="0" row-end="6" row-start="6" text="6">
   </cell>
   <cell col-end="1" col-start="1" row-end="6" row-start="6" text="Pedestrian Bridge">
   </cell>
   <cell col-end="2" col-start="2" row-end="6" row-start="6" text="Jembatan Orang">
   </cell>
   <cell col-end="3" col-start="3" row-end="6" row-start="6" text="Bridge over irrigation canal (only for pedestrian)">
   </cell>
  </row>
  <row row="7">
   <cell col-end="0" col-start="0" row-end="7" row-start="7" text="7">
   </cell>
   <cell col-end="1" col-start="1" row-end="7" row-start="7" text="Road Bridge">
   </cell>
   <cell col-end="2" col-start="2" row-end="7" row-start="7" text="Jembatan Desa">
   </cell>
   <cell col-end="3" col-start="3" row-end="7" row-start="7" text="Bridge over irrigation canal (for vehicles)">
   </cell>
  </row>
  <row row="8">
   <cell col-end="0" col-start="0" row-end="8" row-start="8" text="8">
   </cell>
   <cell col-end="1" col-start="1" row-end="8" row-start="8" text="Flume">
   </cell>
   <cell col-end="2" col-start="2" row-end="8" row-start="8" text="Talang">
   </cell>
   <cell col-end="3" col-start="3" row-end="8" row-start="8" text="Irrigation structure used to carry water across gullies or ravines">
   </cell>
  </row>
  <row row="9">
   <cell col-end="0" col-start="0" row-end="9" row-start="9" text="9">
   </cell>
   <cell col-end="1" col-start="1" row-end="9" row-start="9" text="Measuring Flume">
   </cell>
   <cell col-end="2" col-start="2" row-end="9" row-start="9" text="Bangunan Ukur">
   </cell>
   <cell col-end="3" col-start="3" row-end="9" row-start="9" text="Irrigation structure used to measure water flow">
   </cell>
  </row>
  <row row="10">
   <cell col-end="0" col-start="0" row-end="10" row-start="10" text="10">
   </cell>
   <cell col-end="1" col-start="1" row-end="10" row-start="10" text="Siphon">
   </cell>
   <cell col-end="2" col-start="2" row-end="10" row-start="10" text="Siphon">
   </cell>
   <cell col-end="3" col-start="3" row-end="10" row-start="10" text="Irrigation structure used to transfer water over a barrier">
   </cell>
  </row>
  <row row="11">
   <cell col-end="0" col-start="0" row-end="11" row-start="11" text="11">
   </cell>
   <cell col-end="1" col-start="1" row-end="11" row-start="11" text="Oncoran">
   </cell>
   <cell col-end="2" col-start="2" row-end="11" row-start="11" text="Oncoran">
   </cell>
   <cell col-end="3" col-start="3" row-end="11" row-start="11" text="Irrigation structure used to transfer water from sewer to farmland">
   </cell>
  </row>
  <row row="12">
   <cell col-end="0" col-start="0" row-end="12" row-start="12" text="12">
   </cell>
   <cell col-end="1" col-start="1" row-end="12" row-start="12" text="Side Weir">
   </cell>
   <cell col-end="2" col-start="2" row-end="12" row-start="12" text="Pelimpah Samping">
   </cell>
   <cell col-end="3" col-start="3" row-end="12" row-start="12" text="Irrigation structure used to drain water from the central canal when the water surface exceeds the maximum level">
   </cell>
  </row>
  <statements>
   <statement id="1" text="The irrigation structure in each village are grouped into one shapefile." type="">
   </statement>
   <statement id="2" text="The point worksheet contains information on the shapefiles of irrigation structures." type="">
   </statement>
   <statement id="4" text="All the Description are observed unique." type="">
   </statement>
   <statement id="5" text="Here water is the main resources of irrigation." type="">
   </statement>
   <statement id="9" text="The irrigation structure in each village are grouped into one shapefile ." type="">
   </statement>
  </statements>
 </table>
 <table id="Table 1">
  <caption text="

   Descriptions of variables in the WUA worksheet
  
">
  </caption>
  <legend text="

   Note:
  
">
  </legend>
  <row row="0">
   <cell col-end="0" col-start="0" row-end="0" row-start="0" text="No">
   </cell>
   <cell col-end="1" col-start="1" row-end="0" row-start="0" text="Name">
   </cell>
   <cell col-end="2" col-start="2" row-end="0" row-start="0" text="Description">
   </cell>
   <cell col-end="3" col-start="3" row-end="0" row-start="0" text="Code">
   </cell>
   <cell col-end="4" col-start="4" row-end="0" row-start="0" text="Measure">
   </cell>
   <cell col-end="5" col-start="5" row-end="0" row-start="0" text="Unit">
   </cell>
   <cell col-end="6" col-start="6" row-end="0" row-start="0" text="Source">
   </cell>
  </row>
  <row row="1">
   <cell col-end="0" col-start="0" row-end="1" row-start="1" text="1">
   </cell>
   <cell col-end="1" col-start="1" row-end="1" row-start="1" text="Identity">
   </cell>
   <cell col-end="2" col-start="2" row-end="1" row-start="1" text="Unique ID to each WUA in the Klambu Wilalung Irrigation District">
   </cell>
   <cell col-end="3" col-start="3" row-end="1" row-start="1" text="ID">
   </cell>
   <cell col-end="4" col-start="4" row-end="1" row-start="1" text="">
   </cell>
   <cell col-end="5" col-start="5" row-end="1" row-start="1" text="">
   </cell>
   <cell col-end="6" col-start="6" row-end="1" row-start="1" text="Enumeration">
   </cell>
  </row>
  <row row="2">
   <cell col-end="0" col-start="0" row-end="2" row-start="2" text="2">
   </cell>
   <cell col-end="1" col-start="1" row-end="2" row-start="2" text="Official name">
   </cell>
   <cell col-end="2" col-start="2" row-end="2" row-start="2" text="The official name of WUA as registered in the irrigation offices of Kudus and Grobogan Regency">
   </cell>
   <cell col-end="3" col-start="3" row-end="2" row-start="2" text="name">
   </cell>
   <cell col-end="4" col-start="4" row-end="2" row-start="2" text="">
   </cell>
   <cell col-end="5" col-start="5" row-end="2" row-start="2" text="">
   </cell>
   <cell col-end="6" col-start="6" row-end="2" row-start="2" text="Enumeration">
   </cell>
  </row>
  <row row="3">
   <cell col-end="0" col-start="0" row-end="3" row-start="3" text="3">
   </cell>
   <cell col-end="1" col-start="1" row-end="3" row-start="3" text="Province">
   </cell>
   <cell col-end="2" col-start="2" row-end="3" row-start="3" text="The province (Provinsi) in which WUA situated.">
   </cell>
   <cell col-end="3" col-start="3" row-end="3" row-start="3" text="Prov">
   </cell>
   <cell col-end="4" col-start="4" row-end="3" row-start="3" text="">
   </cell>
   <cell col-end="5" col-start="5" row-end="3" row-start="3" text="">
   </cell>
   <cell col-end="6" col-start="6" row-end="3" row-start="3" text="Enumeration">
   </cell>
  </row>
  <row row="4">
   <cell col-end="0" col-start="0" row-end="4" row-start="4" text="4">
   </cell>
   <cell col-end="1" col-start="1" row-end="4" row-start="4" text="Regency">
   </cell>
   <cell col-end="2" col-start="2" row-end="4" row-start="4" text="The regency/city (
     
      Kabupaten/Kota
     
     ) in which WUA situated.">
   </cell>
   <cell col-end="3" col-start="3" row-end="4" row-start="4" text="Reg">
   </cell>
   <cell col-end="4" col-start="4" row-end="4" row-start="4" text="">
   </cell>
   <cell col-end="5" col-start="5" row-end="4" row-start="4" text="">
   </cell>
   <cell col-end="6" col-start="6" row-end="4" row-start="4" text="Enumeration">
   </cell>
  </row>
  <row row="5">
   <cell col-end="0" col-start="0" row-end="5" row-start="5" text="5">
   </cell>
   <cell col-end="1" col-start="1" row-end="5" row-start="5" text="District">
   </cell>
   <cell col-end="2" col-start="2" row-end="5" row-start="5" text="The district (
     
      kecamatan
     
     ) in which WUA situated.">
   </cell>
   <cell col-end="3" col-start="3" row-end="5" row-start="5" text="Dis">
   </cell>
   <cell col-end="4" col-start="4" row-end="5" row-start="5" text="">
   </cell>
   <cell col-end="5" col-start="5" row-end="5" row-start="5" text="">
   </cell>
   <cell col-end="6" col-start="6" row-end="5" row-start="5" text="Enumeration">
   </cell>
  </row>
  <row row="6">
   <cell col-end="0" col-start="0" row-end="6" row-start="6" text="6">
   </cell>
   <cell col-end="1" col-start="1" row-end="6" row-start="6" text="Village">
   </cell>
   <cell col-end="2" col-start="2" row-end="6" row-start="6" text="The village (
     
      desa
     
     ) in which WUA is situated.">
   </cell>
   <cell col-end="3" col-start="3" row-end="6" row-start="6" text="village">
   </cell>
   <cell col-end="4" col-start="4" row-end="6" row-start="6" text="">
   </cell>
   <cell col-end="5" col-start="5" row-end="6" row-start="6" text="">
   </cell>
   <cell col-end="6" col-start="6" row-end="6" row-start="6" text="Enumeration">
   </cell>
  </row>
  <row row="7">
   <cell col-end="0" col-start="0" row-end="7" row-start="7" text="7">
   </cell>
   <cell col-end="1" col-start="1" row-end="7" row-start="7" text="Hamlet">
   </cell>
   <cell col-end="2" col-start="2" row-end="7" row-start="7" text="The hamlet (RW) in which WUA situated">
   </cell>
   <cell col-end="3" col-start="3" row-end="7" row-start="7" text="hamlet">
   </cell>
   <cell col-end="4" col-start="4" row-end="7" row-start="7" text="">
   </cell>
   <cell col-end="5" col-start="5" row-end="7" row-start="7" text="">
   </cell>
   <cell col-end="6" col-start="6" row-end="7" row-start="7" text="Enumeration">
   </cell>
  </row>
  <row row="8">
   <cell col-end="0" col-start="0" row-end="8" row-start="8" text="8">
   </cell>
   <cell col-end="1" col-start="1" row-end="8" row-start="8" text="Neighborhood">
   </cell>
   <cell col-end="2" col-start="2" row-end="8" row-start="8" text="The neighborhood (RT) in which WUA situated">
   </cell>
   <cell col-end="3" col-start="3" row-end="8" row-start="8" text="neighborhood">
   </cell>
   <cell col-end="4" col-start="4" row-end="8" row-start="8" text="">
   </cell>
   <cell col-end="5" col-start="5" row-end="8" row-start="8" text="">
   </cell>
   <cell col-end="6" col-start="6" row-end="8" row-start="8" text="Enumeration">
   </cell>
  </row>
  <row row="9">
   <cell col-end="0" col-start="0" row-end="9" row-start="9" text="9">
   </cell>
   <cell col-end="1" col-start="1" row-end="9" row-start="9" text="Governance">
   </cell>
   <cell col-end="2" col-start="2" row-end="9" row-start="9" text="The type of WUA governance (1=provider-based network, 2=community-based network)">
   </cell>
   <cell col-end="3" col-start="3" row-end="9" row-start="9" text="Gov">
   </cell>
   <cell col-end="4" col-start="4" row-end="9" row-start="9" text="Nominal">
   </cell>
   <cell col-end="5" col-start="5" row-end="9" row-start="9" text="">
   </cell>
   <cell col-end="6" col-start="6" row-end="9" row-start="9" text="Enumeration">
   </cell>
  </row>
  <row row="10">
   <cell col-end="0" col-start="0" row-end="10" row-start="10" text="10">
   </cell>
   <cell col-end="1" col-start="1" row-end="10" row-start="10" text="Area">
   </cell>
   <cell col-end="2" col-start="2" row-end="10" row-start="10" text="WUA's operation area based">
   </cell>
   <cell col-end="3" col-start="3" row-end="10" row-start="10" text="">
   </cell>
   <cell col-end="4" col-start="4" row-end="10" row-start="10" text="Scale">
   </cell>
   <cell col-end="5" col-start="5" row-end="10" row-start="10" text="ha">
   </cell>
   <cell col-end="6" col-start="6" row-end="10" row-start="10" text="Enumeration">
   </cell>
  </row>
  <row row="11">
   <cell col-end="0" col-start="0" row-end="11" row-start="11" text="11">
   </cell>
   <cell col-end="1" col-start="1" row-end="11" row-start="11" text="Board Member">
   </cell>
   <cell col-end="2" col-start="2" row-end="11" row-start="11" text="The number of WUA's board member including the chairman">
   </cell>
   <cell col-end="3" col-start="3" row-end="11" row-start="11" text="board">
   </cell>
   <cell col-end="4" col-start="4" row-end="11" row-start="11" text="Scale">
   </cell>
   <cell col-end="5" col-start="5" row-end="11" row-start="11" text="person">
   </cell>
   <cell col-end="6" col-start="6" row-end="11" row-start="11" text="Enumeration">
   </cell>
  </row>
  <row row="12">
   <cell col-end="0" col-start="0" row-end="12" row-start="12" text="12">
   </cell>
   <cell col-end="1" col-start="1" row-end="12" row-start="12" text="Member farmer">
   </cell>
   <cell col-end="2" col-start="2" row-end="12" row-start="12" text="The number of farmers belongs to the WUA">
   </cell>
   <cell col-end="3" col-start="3" row-end="12" row-start="12" text="member">
   </cell>
   <cell col-end="4" col-start="4" row-end="12" row-start="12" text="Scale">
   </cell>
   <cell col-end="5" col-start="5" row-end="12" row-start="12" text="person">
   </cell>
   <cell col-end="6" col-start="6" row-end="12" row-start="12" text="Enumeration">
   </cell>
  </row>
  <statements>
   <statement id="3" text="The purpose of this enumeration is to define the location of each WUA and its corresponding operation area." type="">
   </statement>
   <statement id="6" text="There are 12 column to find the details." type="">
   </statement>
   <statement id="7" text="We also collected information on the essential characteristics of WUA, such as presented in Table 1 ." type="">
   </statement>
  </statements>
 </table>
 <table id="Table 2">
  <caption text="

   Descriptions of variables in the geolocation_data worksheet
  
">
  </caption>
  <legend text="

   Note:
  
">
  </legend>
  <row row="0">
   <cell col-end="0" col-start="0" row-end="0" row-start="0" text="No">
   </cell>
   <cell col-end="1" col-start="1" row-end="0" row-start="0" text="Name">
   </cell>
   <cell col-end="2" col-start="2" row-end="0" row-start="0" text="Description">
   </cell>
   <cell col-end="3" col-start="3" row-end="0" row-start="0" text="Code">
   </cell>
   <cell col-end="4" col-start="4" row-end="0" row-start="0" text="Measure">
   </cell>
   <cell col-end="5" col-start="5" row-end="0" row-start="0" text="Unit">
   </cell>
   <cell col-end="6" col-start="6" row-end="0" row-start="0" text="Source">
   </cell>
  </row>
  <row row="1">
   <cell col-end="0" col-start="0" row-end="1" row-start="1" text="1">
   </cell>
   <cell col-end="1" col-start="1" row-end="1" row-start="1" text="Identity">
   </cell>
   <cell col-end="2" col-start="2" row-end="1" row-start="1" text="Unique ID to each irrigation network component. The ID is the official nomenclature from Klambu Wilalung Irrigation District.">
   </cell>
   <cell col-end="3" col-start="3" row-end="1" row-start="1" text="ID">
   </cell>
   <cell col-end="4" col-start="4" row-end="1" row-start="1" text="">
   </cell>
   <cell col-end="5" col-start="5" row-end="1" row-start="1" text="">
   </cell>
   <cell col-end="6" col-start="6" row-end="1" row-start="1" text="Official data">
   </cell>
  </row>
  <row row="2">
   <cell col-end="0" col-start="0" row-end="2" row-start="2" text="2">
   </cell>
   <cell col-end="1" col-start="1" row-end="2" row-start="2" text="Name">
   </cell>
   <cell col-end="2" col-start="2" row-end="2" row-start="2" text="The name of each irrigation network component">
   </cell>
   <cell col-end="3" col-start="3" row-end="2" row-start="2" text="name">
   </cell>
   <cell col-end="4" col-start="4" row-end="2" row-start="2" text="">
   </cell>
   <cell col-end="5" col-start="5" row-end="2" row-start="2" text="">
   </cell>
   <cell col-end="6" col-start="6" row-end="2" row-start="2" text="Official data">
   </cell>
  </row>
  <row row="3">
   <cell col-end="0" col-start="0" row-end="3" row-start="3" text="3">
   </cell>
   <cell col-end="1" col-start="1" row-end="3" row-start="3" text="Type
     

       a">
   </cell>
   <cell col-end="2" col-start="2" row-end="3" row-start="3" text="The type of component in the irrigation network (1=structure, 2=canal)">
   </cell>
   <cell col-end="3" col-start="3" row-end="3" row-start="3" text="type">
   </cell>
   <cell col-end="4" col-start="4" row-end="3" row-start="3" text="Nominal">
   </cell>
   <cell col-end="5" col-start="5" row-end="3" row-start="3" text="">
   </cell>
   <cell col-end="6" col-start="6" row-end="3" row-start="3" text="Official data">
   </cell>
  </row>
  <row row="4">
   <cell col-end="0" col-start="0" row-end="4" row-start="4" text="4">
   </cell>
   <cell col-end="1" col-start="1" row-end="4" row-start="4" text="Status">
   </cell>
   <cell col-end="2" col-start="2" row-end="4" row-start="4" text="The status of irrigation network components. For structures (1=main structures, 2=supporting structures). For canals (1=primary canal, 2=secondary canal).">
   </cell>
   <cell col-end="3" col-start="3" row-end="4" row-start="4" text="stat">
   </cell>
   <cell col-end="4" col-start="4" row-end="4" row-start="4" text="Nominal">
   </cell>
   <cell col-end="5" col-start="5" row-end="4" row-start="4" text="">
   </cell>
   <cell col-end="6" col-start="6" row-end="4" row-start="4" text="Official data">
   </cell>
  </row>
  <row row="5">
   <cell col-end="0" col-start="0" row-end="5" row-start="5" text="5">
   </cell>
   <cell col-end="1" col-start="1" row-end="5" row-start="5" text="X Coordinate
     

       b">
   </cell>
   <cell col-end="2" col-start="2" row-end="5" row-start="5" text="The Easting coordinate in UTM Projection System">
   </cell>
   <cell col-end="3" col-start="3" row-end="5" row-start="5" text="X">
   </cell>
   <cell col-end="4" col-start="4" row-end="5" row-start="5" text="">
   </cell>
   <cell col-end="5" col-start="5" row-end="5" row-start="5" text="">
   </cell>
   <cell col-end="6" col-start="6" row-end="5" row-start="5" text="Official data">
   </cell>
  </row>
  <row row="6">
   <cell col-end="0" col-start="0" row-end="6" row-start="6" text="6">
   </cell>
   <cell col-end="1" col-start="1" row-end="6" row-start="6" text="Y Coordinate
     

       b">
   </cell>
   <cell col-end="2" col-start="2" row-end="6" row-start="6" text="The Northing coordinate in UTM Projection System">
   </cell>
   <cell col-end="3" col-start="3" row-end="6" row-start="6" text="Y">
   </cell>
   <cell col-end="4" col-start="4" row-end="6" row-start="6" text="">
   </cell>
   <cell col-end="5" col-start="5" row-end="6" row-start="6" text="">
   </cell>
   <cell col-end="6" col-start="6" row-end="6" row-start="6" text="Official data">
   </cell>
  </row>
  <row row="7">
   <cell col-end="0" col-start="0" row-end="7" row-start="7" text="7">
   </cell>
   <cell col-end="1" col-start="1" row-end="7" row-start="7" text="WUA">
   </cell>
   <cell col-end="2" col-start="2" row-end="7" row-start="7" text="The WUA for which each irrigation network components situated">
   </cell>
   <cell col-end="3" col-start="3" row-end="7" row-start="7" text="">
   </cell>
   <cell col-end="4" col-start="4" row-end="7" row-start="7" text="">
   </cell>
   <cell col-end="5" col-start="5" row-end="7" row-start="7" text="">
   </cell>
   <cell col-end="6" col-start="6" row-end="7" row-start="7" text="Enumeration">
   </cell>
  </row>
  <row row="8">
   <cell col-end="0" col-start="0" row-end="8" row-start="8" text="8">
   </cell>
   <cell col-end="1" col-start="1" row-end="8" row-start="8" text="Village">
   </cell>
   <cell col-end="2" col-start="2" row-end="8" row-start="8" text="The village for which each irrigation network components situated">
   </cell>
   <cell col-end="3" col-start="3" row-end="8" row-start="8" text="">
   </cell>
   <cell col-end="4" col-start="4" row-end="8" row-start="8" text="">
   </cell>
   <cell col-end="5" col-start="5" row-end="8" row-start="8" text="">
   </cell>
   <cell col-end="6" col-start="6" row-end="8" row-start="8" text="Enumeration">
   </cell>
  </row>
  <statements>
   <statement id="0" text="Table 2 provides variable descriptions in the geolocation_data worksheet." type="">
   </statement>
   <statement id="1" text="The code for WUA and Village is not given." type="">
   </statement>
   <statement id="4" text="The source is differentiated into official data and enumeration." type="">
   </statement>
   <statement id="6" text="There are 8 different types of description." type="">
   </statement>
   <statement id="7" text="WUA and Village has a enumeration source." type="">
   </statement>
   <statement id="8" text="WUA and Village has a official source." type="">
   </statement>
  </statements>
 </table>
</document>