<document>
 <table id="Table 3">
  <caption text="

   Changes in the pH of Tris–HCl 0.10 M at different initial pH values after addition of control milk acidified with lactic acid to pH between 3.5 and 5.0, and without acidification (NFSM). Highlighted in bold are the pH values of the two selected buffers after addition of the control milks: Tris–HCl 0.10 M 8.5 selected for samples with pH&gt;4.5 and Tris–HCl 0.10 M 9.5 selected for samples with pH≤4.5. All measurements were taken at 37 °C.
  
">
  </caption>
  <row row="0">
   <cell col-end="0" col-start="0" row-end="1" row-start="0" text="Buffer">
   </cell>
   <cell col-end="1" col-start="1" row-end="1" row-start="0" text="pH">
   </cell>
   <cell col-end="6" col-start="2" row-end="0" row-start="0" text="pH after addition of acidified milk">
   </cell>
  </row>
  <row row="1">
   <cell col-end="2" col-start="2" row-end="1" row-start="1" text="3.5">
   </cell>
   <cell col-end="3" col-start="3" row-end="1" row-start="1" text="4.0">
   </cell>
   <cell col-end="4" col-start="4" row-end="1" row-start="1" text="4.5">
   </cell>
   <cell col-end="5" col-start="5" row-end="1" row-start="1" text="5.0">
   </cell>
   <cell col-end="6" col-start="6" row-end="1" row-start="1" text="NFSM">
   </cell>
  </row>
  <row row="2">
   <cell col-end="0" col-start="0" row-end="2" row-start="2" text="Tris–HCl 0.10 M 8.5">
   </cell>
   <cell col-end="1" col-start="1" row-end="2" row-start="2" text="8.55">
   </cell>
   <cell col-end="2" col-start="2" row-end="2" row-start="2" text="7.90">
   </cell>
   <cell col-end="3" col-start="3" row-end="2" row-start="2" text="8.13">
   </cell>
   <cell col-end="4" col-start="4" row-end="2" row-start="2" text="8.30">
   </cell>
   <cell col-end="5" col-start="5" row-end="2" row-start="2" text="8.46">
   </cell>
   <cell col-end="6" col-start="6" row-end="2" row-start="2" text="8.59">
   </cell>
  </row>
  <row row="3">
   <cell col-end="0" col-start="0" row-end="3" row-start="3" text="Tris–HCl 0.10 M 9.0">
   </cell>
   <cell col-end="1" col-start="1" row-end="3" row-start="3" text="8.99">
   </cell>
   <cell col-end="2" col-start="2" row-end="3" row-start="3" text="8.11">
   </cell>
   <cell col-end="3" col-start="3" row-end="3" row-start="3" text="8.28">
   </cell>
   <cell col-end="4" col-start="4" row-end="3" row-start="3" text="8.43">
   </cell>
   <cell col-end="5" col-start="5" row-end="3" row-start="3" text="8.60">
   </cell>
   <cell col-end="6" col-start="6" row-end="3" row-start="3" text="8.82">
   </cell>
  </row>
  <row row="4">
   <cell col-end="0" col-start="0" row-end="4" row-start="4" text="Tris–HCl 0.10 M 9.5">
   </cell>
   <cell col-end="1" col-start="1" row-end="4" row-start="4" text="9.49">
   </cell>
   <cell col-end="2" col-start="2" row-end="4" row-start="4" text="8.27">
   </cell>
   <cell col-end="3" col-start="3" row-end="4" row-start="4" text="8.44">
   </cell>
   <cell col-end="4" col-start="4" row-end="4" row-start="4" text="8.62">
   </cell>
   <cell col-end="5" col-start="5" row-end="4" row-start="4" text="8.84">
   </cell>
   <cell col-end="6" col-start="6" row-end="4" row-start="4" text="9.10">
   </cell>
  </row>
  <row row="5">
   <cell col-end="0" col-start="0" row-end="5" row-start="5" text="Tris–HCl 0.10 M 10.0">
   </cell>
   <cell col-end="1" col-start="1" row-end="5" row-start="5" text="10.03">
   </cell>
   <cell col-end="2" col-start="2" row-end="5" row-start="5" text="8.36">
   </cell>
   <cell col-end="3" col-start="3" row-end="5" row-start="5" text="8.57">
   </cell>
   <cell col-end="4" col-start="4" row-end="5" row-start="5" text="8.78">
   </cell>
   <cell col-end="5" col-start="5" row-end="5" row-start="5" text="8.99">
   </cell>
   <cell col-end="6" col-start="6" row-end="5" row-start="5" text="9.35">
   </cell>
  </row>
  <statements>
   <statement id="0" text="Buffer TrisAiHCl 0.10 M 10.0 has the highest NFSM of 9.35." type="">
   </statement>
   <statement id="1" text="Buffer TrisAiHCl 0.10 M 10.0 has the highest pH of 10.03." type="">
   </statement>
   <statement id="5" text="Buffer TrisAiHCl 0.10 M 8.5 has lowest pH of 8.55." type="">
   </statement>
   <statement id="6" text="There are four different Buffers." type="">
   </statement>
   <statement id="8" text="Buffer TrisAiHCl 0.10 M 8.5 has highest pH of 7.77." type="">
   </statement>
   <statement id="11" text="There are six different Buffers." type="">
   </statement>
  </statements>
 </table>
 <table id="Table 2">
  <caption text="

   pH values of Tris–HCl at different concentrations and pH values after the addition of NFSM and a sample of fermented milk at pH 3.63. The values obtained at both room temperature (21 °C) and at 37 °C, the temperature at which the lipase inhibitory activity assay is performed, are presented. Note that at 37 °C only the buffer at concentration 0.15 M can maintain the pH above 8 when the sample at pH 3.63 is added. Tris–HCl 0.05 M pH 8.5 is the buffer used in other published methods.
  
">
  </caption>
  <row row="0">
   <cell col-end="0" col-start="0" row-end="1" row-start="0" text="Tris–HCl concentration">
   </cell>
   <cell col-end="3" col-start="1" row-end="0" row-start="0" text="21 °C">
   </cell>
   <cell col-end="6" col-start="4" row-end="0" row-start="0" text="37 °C">
   </cell>
  </row>
  <row row="1">
   <cell col-end="1" col-start="1" row-end="1" row-start="1" text="pH buffer">
   </cell>
   <cell col-end="2" col-start="2" row-end="1" row-start="1" text="pH NFSM">
   </cell>
   <cell col-end="3" col-start="3" row-end="1" row-start="1" text="pH 3.63">
   </cell>
   <cell col-end="4" col-start="4" row-end="1" row-start="1" text="pH buffer">
   </cell>
   <cell col-end="5" col-start="5" row-end="1" row-start="1" text="pH NFSM">
   </cell>
   <cell col-end="6" col-start="6" row-end="1" row-start="1" text="pH 3.63">
   </cell>
  </row>
  <row row="2">
   <cell col-end="0" col-start="0" row-end="2" row-start="2" text="0.05 M pH 8.5">
   </cell>
   <cell col-end="1" col-start="1" row-end="2" row-start="2" text="8.60">
   </cell>
   <cell col-end="2" col-start="2" row-end="2" row-start="2" text="8.42">
   </cell>
   <cell col-end="3" col-start="3" row-end="2" row-start="2" text="6.35">
   </cell>
   <cell col-end="4" col-start="4" row-end="2" row-start="2" text="8.20">
   </cell>
   <cell col-end="5" col-start="5" row-end="2" row-start="2" text="8.27">
   </cell>
   <cell col-end="6" col-start="6" row-end="2" row-start="2" text="5.97">
   </cell>
  </row>
  <row row="3">
   <cell col-end="0" col-start="0" row-end="3" row-start="3" text="0.10 M pH 8.5">
   </cell>
   <cell col-end="1" col-start="1" row-end="3" row-start="3" text="8.62">
   </cell>
   <cell col-end="2" col-start="2" row-end="3" row-start="3" text="8.58">
   </cell>
   <cell col-end="3" col-start="3" row-end="3" row-start="3" text="7.96">
   </cell>
   <cell col-end="4" col-start="4" row-end="3" row-start="3" text="8.32">
   </cell>
   <cell col-end="5" col-start="5" row-end="3" row-start="3" text="8.38">
   </cell>
   <cell col-end="6" col-start="6" row-end="3" row-start="3" text="7.72">
   </cell>
  </row>
  <row row="4">
   <cell col-end="0" col-start="0" row-end="4" row-start="4" text="0.10 M pH 8.8">
   </cell>
   <cell col-end="1" col-start="1" row-end="4" row-start="4" text="8.89">
   </cell>
   <cell col-end="2" col-start="2" row-end="4" row-start="4" text="8.84">
   </cell>
   <cell col-end="3" col-start="3" row-end="4" row-start="4" text="8.18">
   </cell>
   <cell col-end="4" col-start="4" row-end="4" row-start="4" text="8.65">
   </cell>
   <cell col-end="5" col-start="5" row-end="4" row-start="4" text="8.64">
   </cell>
   <cell col-end="6" col-start="6" row-end="4" row-start="4" text="7.93">
   </cell>
  </row>
  <row row="5">
   <cell col-end="0" col-start="0" row-end="5" row-start="5" text="0.15 M pH 8.8">
   </cell>
   <cell col-end="1" col-start="1" row-end="5" row-start="5" text="8.87">
   </cell>
   <cell col-end="2" col-start="2" row-end="5" row-start="5" text="8.93">
   </cell>
   <cell col-end="3" col-start="3" row-end="5" row-start="5" text="8.44">
   </cell>
   <cell col-end="4" col-start="4" row-end="5" row-start="5" text="8.72">
   </cell>
   <cell col-end="5" col-start="5" row-end="5" row-start="5" text="8.69">
   </cell>
   <cell col-end="6" col-start="6" row-end="5" row-start="5" text="8.17">
   </cell>
  </row>
  <statements>
   <statement id="0" text="All the values given in the table consist of negative values." type="">
   </statement>
   <statement id="1" text="All the values given in the table consist of positive values." type="">
   </statement>
   <statement id="2" text="As described in previous sections, the addition of an acidic sample to the reaction vessel (500 L to a final volume of 2.60 mL) can cause a decrease in the pH of the reaction mixture from 8.5 to 5.97 when the pH of the sample is 3.63 and the buffer used is TrisHCl at 0.05 M ( Table 2 ), causing a drastic drop in lipase activity." type="">
   </statement>
   <statement id="3" text="In order to decrease the pH change of the reaction mixture following addition of the sample, the used buffer (TrisHCl) was prepared at higher concentrations (0.10 and 0.15 M), so as to increase its buffering capacity." type="">
   </statement>
   <statement id="4" text="The pH buffer value in 37 C is less than pH buffer value in 21 C." type="">
   </statement>
   <statement id="5" text="The pH buffer value in 37 C is more than pH buffer value in 21 C." type="">
   </statement>
   <statement id="8" text="There are 5 types of TrisHCl concentration." type="">
   </statement>
  </statements>
 </table>
 <table id="Table 4">
  <caption text="

   Reagents added to each reaction tube.
   
    B:
   
   Blank without milk;
   
    p-NP:
   
   p-nitrophenol 100% absorbance;
   
    BM:
   
   blank with milk;
   

     M
    


    +
   


     p
    
    -NP:
   
   100% absorbance of p-nitrophenol in presence of milk.
  
">
  </caption>
  <row row="0">
   <cell col-end="0" col-start="0" row-end="0" row-start="0" text="Reagent">
   </cell>
   <cell col-end="1" col-start="1" row-end="0" row-start="0" text="B">
   </cell>
   <cell col-end="2" col-start="2" row-end="0" row-start="0" text="p-NP">
   </cell>
   <cell col-end="3" col-start="3" row-end="0" row-start="0" text="BM">
   </cell>
   <cell col-end="4" col-start="4" row-end="0" row-start="0" text="M
     
     +
     
      p
     
     -NP">
   </cell>
  </row>
  <row row="1">
   <cell col-end="0" col-start="0" row-end="1" row-start="1" text="Tris–HCl">
   </cell>
   <cell col-end="1" col-start="1" row-end="1" row-start="1" text="2.50 mL">
   </cell>
   <cell col-end="2" col-start="2" row-end="1" row-start="1" text="2.50 mL">
   </cell>
   <cell col-end="3" col-start="3" row-end="1" row-start="1" text="2 mL">
   </cell>
   <cell col-end="4" col-start="4" row-end="1" row-start="1" text="2 mL">
   </cell>
  </row>
  <row row="2">
   <cell col-end="0" col-start="0" row-end="2" row-start="2" text="Milk">
   </cell>
   <cell col-end="1" col-start="1" row-end="2" row-start="2" text="—">
   </cell>
   <cell col-end="2" col-start="2" row-end="2" row-start="2" text="—">
   </cell>
   <cell col-end="3" col-start="3" row-end="2" row-start="2" text="500 µL">
   </cell>
   <cell col-end="4" col-start="4" row-end="2" row-start="2" text="500 µL">
   </cell>
  </row>
  <row row="3">
   <cell col-end="0" col-start="0" row-end="3" row-start="3" text="DMSO">
   </cell>
   <cell col-end="1" col-start="1" row-end="3" row-start="3" text="50 µL">
   </cell>
   <cell col-end="2" col-start="2" row-end="3" row-start="3" text="—">
   </cell>
   <cell col-end="3" col-start="3" row-end="3" row-start="3" text="50 µL">
   </cell>
   <cell col-end="4" col-start="4" row-end="3" row-start="3" text="—">
   </cell>
  </row>
  <row row="4">
   <cell col-end="0" col-start="0" row-end="4" row-start="4" text="p-nitrophenol">
   </cell>
   <cell col-end="1" col-start="1" row-end="4" row-start="4" text="—">
   </cell>
   <cell col-end="2" col-start="2" row-end="4" row-start="4" text="50 µL">
   </cell>
   <cell col-end="3" col-start="3" row-end="4" row-start="4" text="—">
   </cell>
   <cell col-end="4" col-start="4" row-end="4" row-start="4" text="50 µL">
   </cell>
  </row>
  <row row="5">
   <cell col-end="0" col-start="0" row-end="5" row-start="5" text="Lipase">
   </cell>
   <cell col-end="1" col-start="1" row-end="5" row-start="5" text="50 µL">
   </cell>
   <cell col-end="2" col-start="2" row-end="5" row-start="5" text="50 µL">
   </cell>
   <cell col-end="3" col-start="3" row-end="5" row-start="5" text="50 µL">
   </cell>
   <cell col-end="4" col-start="4" row-end="5" row-start="5" text="50 µL">
   </cell>
  </row>
  <row row="6">
   <cell col-end="0" col-start="0" row-end="6" row-start="6" text="Final volume">
   </cell>
   <cell col-end="1" col-start="1" row-end="6" row-start="6" text="2.60 mL">
   </cell>
   <cell col-end="2" col-start="2" row-end="6" row-start="6" text="2.60 mL">
   </cell>
   <cell col-end="3" col-start="3" row-end="6" row-start="6" text="2.60 mL">
   </cell>
   <cell col-end="4" col-start="4" row-end="6" row-start="6" text="2.60 mL">
   </cell>
  </row>
  <statements>
   <statement id="0" text="DMSO there is 2.50mL in both B and p-NP tube." type="">
   </statement>
   <statement id="1" text="Final volume has same 2.60L for all the reaction tube." type="">
   </statement>
   <statement id="4" text="Milk 500L in both BM and M+p-NP tube." type="">
   </statement>
  </statements>
 </table>
</document>