<document>
 <table id="Table 1">
  <caption text="

   Chemical composition (mass %) of Type 310S stainless steel used in this study.
  
">
  </caption>
  <row row="0">
   <cell col-end="0" col-start="0" row-end="0" row-start="0" text="C">
   </cell>
   <cell col-end="1" col-start="1" row-end="0" row-start="0" text="Si">
   </cell>
   <cell col-end="2" col-start="2" row-end="0" row-start="0" text="Mn">
   </cell>
   <cell col-end="3" col-start="3" row-end="0" row-start="0" text="P">
   </cell>
   <cell col-end="4" col-start="4" row-end="0" row-start="0" text="S">
   </cell>
   <cell col-end="5" col-start="5" row-end="0" row-start="0" text="Ni">
   </cell>
   <cell col-end="6" col-start="6" row-end="0" row-start="0" text="Cr">
   </cell>
   <cell col-end="7" col-start="7" row-end="0" row-start="0" text="Fe">
   </cell>
  </row>
  <row row="1">
   <cell col-end="0" col-start="0" row-end="1" row-start="1" text="0.02">
   </cell>
   <cell col-end="1" col-start="1" row-end="1" row-start="1" text="0.30">
   </cell>
   <cell col-end="2" col-start="2" row-end="1" row-start="1" text="1.06">
   </cell>
   <cell col-end="3" col-start="3" row-end="1" row-start="1" text="0.028">
   </cell>
   <cell col-end="4" col-start="4" row-end="1" row-start="1" text="0.001">
   </cell>
   <cell col-end="5" col-start="5" row-end="1" row-start="1" text="19.07">
   </cell>
   <cell col-end="6" col-start="6" row-end="1" row-start="1" text="24.21">
   </cell>
   <cell col-end="7" col-start="7" row-end="1" row-start="1" text="Bal.">
   </cell>
  </row>
  <statements>
   <statement id="2" text="The Chemical composition of Ni is 17.77." type="">
   </statement>
   <statement id="4" text="There are Eight different Chemical composition." type="">
   </statement>
   <statement id="7" text="The Chemical composition of Ni is 19.07." type="">
   </statement>
   <statement id="8" text="The Chemical composition of P is 0.177." type="">
   </statement>
   <statement id="9" text="The Chemical composition of Si is 0.30." type="">
   </statement>
   <statement id="11" text="The material was received as a round-bar of 20 mm in diameter, fabricated by hot-rolling and subsequently solution-annealed at 1,080AoC, followed by water-quenching." type="">
   </statement>
   <statement id="12" text="There are ten different Chemical composition." type="">
   </statement>
  </statements>
 </table>
 <table id="Table 2">
  <caption text="

   Enumeration of strength and ductility parameters, including 0.2% proof stress (
   
    σ
   

    0.2
   
   ), ultimate tensile strength (
   
    σ
   

    B
   
   ), true fracture stress (
   
    σ
   

    F
   
   ), uniform elongation (
   
    ε
   

    u
   
   ), strain-to-failure (
   
    ε
   

    F
   
   ), local elongation associated with necking (post-uniform elongation) (
   
    ε
   

    L
   
   ) and reduction in area (
   
    φ
   
   ), in specimens with diverse
   
    C
   

    H
   
   concentrations, tested at
   
    CHS
   
   = 1.5 × 10
   
    −3
   
   mm/s.
  
">
  </caption>
  <row row="0">
   <cell col-end="0" col-start="0" row-end="1" row-start="0" text="Hydrogen-chargingpressure (MPa)">
   </cell>
   <cell col-end="2" col-start="1" row-end="0" row-start="0" text="C
     

      H
     
     (ppm)">
   </cell>
   <cell col-end="3" col-start="3" row-end="1" row-start="0" text="σ
     

      0.2
     
     (MPa)">
   </cell>
   <cell col-end="4" col-start="4" row-end="1" row-start="0" text="σ
     

      B
     
     (MPa)">
   </cell>
   <cell col-end="5" col-start="5" row-end="1" row-start="0" text="σ
     

      F
     
     (MPa)">
   </cell>
   <cell col-end="6" col-start="6" row-end="1" row-start="0" text="ε
     

      u">
   </cell>
   <cell col-end="7" col-start="7" row-end="1" row-start="0" text="ε
     

      F">
   </cell>
   <cell col-end="8" col-start="8" row-end="1" row-start="0" text="ε
     

      L">
   </cell>
   <cell col-end="9" col-start="9" row-end="1" row-start="0" text="φ
     
     (%)">
   </cell>
  </row>
  <row row="1">
   <cell col-end="1" col-start="1" row-end="1" row-start="1" text="mass">
   </cell>
   <cell col-end="2" col-start="2" row-end="1" row-start="1" text="at.">
   </cell>
  </row>
  <row row="2">
   <cell col-end="0" col-start="0" row-end="2" row-start="2" text="Non-charged">
   </cell>
   <cell col-end="1" col-start="1" row-end="2" row-start="2" text="4.7">
   </cell>
   <cell col-end="2" col-start="2" row-end="2" row-start="2" text="250">
   </cell>
   <cell col-end="3" col-start="3" row-end="2" row-start="2" text="233">
   </cell>
   <cell col-end="4" col-start="4" row-end="2" row-start="2" text="530">
   </cell>
   <cell col-end="5" col-start="5" row-end="2" row-start="2" text="1,213">
   </cell>
   <cell col-end="6" col-start="6" row-end="2" row-start="2" text="0.375">
   </cell>
   <cell col-end="7" col-start="7" row-end="2" row-start="2" text="0.577">
   </cell>
   <cell col-end="8" col-start="8" row-end="2" row-start="2" text="0.202">
   </cell>
   <cell col-end="9" col-start="9" row-end="2" row-start="2" text="86.3">
   </cell>
  </row>
  <row row="3">
   <cell col-end="0" col-start="0" row-end="3" row-start="3" text="0.7">
   </cell>
   <cell col-end="1" col-start="1" row-end="3" row-start="3" text="8.4">
   </cell>
   <cell col-end="2" col-start="2" row-end="3" row-start="3" text="460">
   </cell>
   <cell col-end="3" col-start="3" row-end="3" row-start="3" text="230">
   </cell>
   <cell col-end="4" col-start="4" row-end="3" row-start="3" text="534">
   </cell>
   <cell col-end="5" col-start="5" row-end="3" row-start="3" text="1,200">
   </cell>
   <cell col-end="6" col-start="6" row-end="3" row-start="3" text="0.383">
   </cell>
   <cell col-end="7" col-start="7" row-end="3" row-start="3" text="0.587">
   </cell>
   <cell col-end="8" col-start="8" row-end="3" row-start="3" text="0.204">
   </cell>
   <cell col-end="9" col-start="9" row-end="3" row-start="3" text="84.9">
   </cell>
  </row>
  <row row="4">
   <cell col-end="0" col-start="0" row-end="4" row-start="4" text="11">
   </cell>
   <cell col-end="1" col-start="1" row-end="4" row-start="4" text="40.0">
   </cell>
   <cell col-end="2" col-start="2" row-end="4" row-start="4" text="2,190">
   </cell>
   <cell col-end="3" col-start="3" row-end="4" row-start="4" text="248">
   </cell>
   <cell col-end="4" col-start="4" row-end="4" row-start="4" text="545">
   </cell>
   <cell col-end="5" col-start="5" row-end="4" row-start="4" text="1,368">
   </cell>
   <cell col-end="6" col-start="6" row-end="4" row-start="4" text="0.393">
   </cell>
   <cell col-end="7" col-start="7" row-end="4" row-start="4" text="0.597">
   </cell>
   <cell col-end="8" col-start="8" row-end="4" row-start="4" text="0.204">
   </cell>
   <cell col-end="9" col-start="9" row-end="4" row-start="4" text="84.2">
   </cell>
  </row>
  <row row="5">
   <cell col-end="0" col-start="0" row-end="5" row-start="5" text="100">
   </cell>
   <cell col-end="1" col-start="1" row-end="5" row-start="5" text="133">
   </cell>
   <cell col-end="2" col-start="2" row-end="5" row-start="5" text="7,280">
   </cell>
   <cell col-end="3" col-start="3" row-end="5" row-start="5" text="287">
   </cell>
   <cell col-end="4" col-start="4" row-end="5" row-start="5" text="575">
   </cell>
   <cell col-end="5" col-start="5" row-end="5" row-start="5" text="1,799">
   </cell>
   <cell col-end="6" col-start="6" row-end="5" row-start="5" text="0.443">
   </cell>
   <cell col-end="7" col-start="7" row-end="5" row-start="5" text="0.641">
   </cell>
   <cell col-end="8" col-start="8" row-end="5" row-start="5" text="0.198">
   </cell>
   <cell col-end="9" col-start="9" row-end="5" row-start="5" text="79.8">
   </cell>
  </row>
  <statements>
   <statement id="0" text="6 was attempted based on the strain-to-failure values (not uniform elongation) in order to compare them with those in the samples subjected to stress-relaxation and strain-aging experiments where an incidence of yield-drop, to be described later, made it difficult to accurately determine the maximum nominal stress ( i.e. ultimate tensile strengths) that indicate the end of uniform elongation." type="">
   </statement>
   <statement id="1" text="Nonetheless, the constancy of local elongation, as recorded in Table 2 , suggests that the trend towards uniform elongation is also directly reflected by the differences in total elongation-to-fracture." type="">
   </statement>
   <statement id="2" text="Reduction in area (  ) ranges from 60 to 96.3." type="">
   </statement>
   <statement id="3" text="Reduction in area (  ) ranges from 79.8 to 86.3." type="">
   </statement>
   <statement id="4" text="The table CH has 2 categories such as mass and at." type="">
   </statement>
   <statement id="5" text="The table CH has 5 categories ." type="">
   </statement>
   <statement id="6" text="The table contain same values for all the parameters." type="">
   </statement>
  </statements>
 </table>
</document>