<document>
 <table id="Table 2">
  <caption text="

   Summary of SNR results for the evaluated coils. SNR center values are based on the average across the three-by-three central voxels within the phantom. SNR surface values represent the maximum SNR level measured for each coil.
  
">
  </caption>
  <row row="0">
   <cell col-end="0" col-start="0" row-end="0" row-start="0" text="">
   </cell>
   <cell col-end="4" col-start="1" row-end="0" row-start="0" text="SAM phantom">
   </cell>
   <cell col-end="8" col-start="5" row-end="0" row-start="0" text="Cylindrical phantom">
   </cell>
  </row>
  <row row="1">
   <cell col-end="0" col-start="0" row-end="1" row-start="1" text="">
   </cell>
   <cell col-end="2" col-start="1" row-end="1" row-start="1" text="SNR center">
   </cell>
   <cell col-end="4" col-start="3" row-end="1" row-start="1" text="SNR surface">
   </cell>
   <cell col-end="6" col-start="5" row-end="1" row-start="1" text="SNR center">
   </cell>
   <cell col-end="8" col-start="7" row-end="1" row-start="1" text="SNR surface">
   </cell>
  </row>
  <row row="2">
   <cell col-end="0" col-start="0" row-end="2" row-start="2" text="">
   </cell>
   <cell col-end="1" col-start="1" row-end="2" row-start="2" text="Absolute">
   </cell>
   <cell col-end="2" col-start="2" row-end="2" row-start="2" text="Relative">
   </cell>
   <cell col-end="3" col-start="3" row-end="2" row-start="2" text="Absolute">
   </cell>
   <cell col-end="4" col-start="4" row-end="2" row-start="2" text="Relative">
   </cell>
   <cell col-end="5" col-start="5" row-end="2" row-start="2" text="Absolute">
   </cell>
   <cell col-end="6" col-start="6" row-end="2" row-start="2" text="Relative">
   </cell>
   <cell col-end="7" col-start="7" row-end="2" row-start="2" text="Absolute">
   </cell>
   <cell col-end="8" col-start="8" row-end="2" row-start="2" text="Relative">
   </cell>
  </row>
  <row row="3">
   <cell col-end="0" col-start="0" row-end="3" row-start="3" text="Coil #1">
   </cell>
   <cell col-end="1" col-start="1" row-end="3" row-start="3" text="31">
   </cell>
   <cell col-end="2" col-start="2" row-end="3" row-start="3" text="72%">
   </cell>
   <cell col-end="3" col-start="3" row-end="3" row-start="3" text="36">
   </cell>
   <cell col-end="4" col-start="4" row-end="3" row-start="3" text="14%">
   </cell>
   <cell col-end="5" col-start="5" row-end="3" row-start="3" text="25">
   </cell>
   <cell col-end="6" col-start="6" row-end="3" row-start="3" text="91%">
   </cell>
   <cell col-end="7" col-start="7" row-end="3" row-start="3" text="35">
   </cell>
   <cell col-end="8" col-start="8" row-end="3" row-start="3" text="11%">
   </cell>
  </row>
  <row row="4">
   <cell col-end="0" col-start="0" row-end="4" row-start="4" text="Coil #2">
   </cell>
   <cell col-end="1" col-start="1" row-end="4" row-start="4" text="43">
   </cell>
   <cell col-end="2" col-start="2" row-end="4" row-start="4" text="100%">
   </cell>
   <cell col-end="3" col-start="3" row-end="4" row-start="4" text="56">
   </cell>
   <cell col-end="4" col-start="4" row-end="4" row-start="4" text="22%">
   </cell>
   <cell col-end="5" col-start="5" row-end="4" row-start="4" text="–">
   </cell>
   <cell col-end="6" col-start="6" row-end="4" row-start="4" text="–">
   </cell>
   <cell col-end="7" col-start="7" row-end="4" row-start="4" text="–">
   </cell>
   <cell col-end="8" col-start="8" row-end="4" row-start="4" text="–">
   </cell>
  </row>
  <row row="5">
   <cell col-end="0" col-start="0" row-end="5" row-start="5" text="Coil #3">
   </cell>
   <cell col-end="1" col-start="1" row-end="5" row-start="5" text="20">
   </cell>
   <cell col-end="2" col-start="2" row-end="5" row-start="5" text="47%">
   </cell>
   <cell col-end="3" col-start="3" row-end="5" row-start="5" text="39">
   </cell>
   <cell col-end="4" col-start="4" row-end="5" row-start="5" text="15%">
   </cell>
   <cell col-end="5" col-start="5" row-end="5" row-start="5" text="8">
   </cell>
   <cell col-end="6" col-start="6" row-end="5" row-start="5" text="28%">
   </cell>
   <cell col-end="7" col-start="7" row-end="5" row-start="5" text="30">
   </cell>
   <cell col-end="8" col-start="8" row-end="5" row-start="5" text="9%">
   </cell>
  </row>
  <row row="6">
   <cell col-end="0" col-start="0" row-end="6" row-start="6" text="Coil #4">
   </cell>
   <cell col-end="1" col-start="1" row-end="6" row-start="6" text="37">
   </cell>
   <cell col-end="2" col-start="2" row-end="6" row-start="6" text="86%">
   </cell>
   <cell col-end="3" col-start="3" row-end="6" row-start="6" text="214">
   </cell>
   <cell col-end="4" col-start="4" row-end="6" row-start="6" text="85%">
   </cell>
   <cell col-end="5" col-start="5" row-end="6" row-start="6" text="13">
   </cell>
   <cell col-end="6" col-start="6" row-end="6" row-start="6" text="46%">
   </cell>
   <cell col-end="7" col-start="7" row-end="6" row-start="6" text="161">
   </cell>
   <cell col-end="8" col-start="8" row-end="6" row-start="6" text="49%">
   </cell>
  </row>
  <row row="7">
   <cell col-end="0" col-start="0" row-end="7" row-start="7" text="Coil #5">
   </cell>
   <cell col-end="1" col-start="1" row-end="7" row-start="7" text="–">
   </cell>
   <cell col-end="2" col-start="2" row-end="7" row-start="7" text="–">
   </cell>
   <cell col-end="3" col-start="3" row-end="7" row-start="7" text="–">
   </cell>
   <cell col-end="4" col-start="4" row-end="7" row-start="7" text="–">
   </cell>
   <cell col-end="5" col-start="5" row-end="7" row-start="7" text="12">
   </cell>
   <cell col-end="6" col-start="6" row-end="7" row-start="7" text="43%">
   </cell>
   <cell col-end="7" col-start="7" row-end="7" row-start="7" text="189">
   </cell>
   <cell col-end="8" col-start="8" row-end="7" row-start="7" text="57%">
   </cell>
  </row>
  <row row="8">
   <cell col-end="0" col-start="0" row-end="8" row-start="8" text="Coil #6">
   </cell>
   <cell col-end="1" col-start="1" row-end="8" row-start="8" text="40">
   </cell>
   <cell col-end="2" col-start="2" row-end="8" row-start="8" text="94%">
   </cell>
   <cell col-end="3" col-start="3" row-end="8" row-start="8" text="252">
   </cell>
   <cell col-end="4" col-start="4" row-end="8" row-start="8" text="100%">
   </cell>
   <cell col-end="5" col-start="5" row-end="8" row-start="8" text="28">
   </cell>
   <cell col-end="6" col-start="6" row-end="8" row-start="8" text="100%">
   </cell>
   <cell col-end="7" col-start="7" row-end="8" row-start="8" text="330">
   </cell>
   <cell col-end="8" col-start="8" row-end="8" row-start="8" text="100%">
   </cell>
  </row>
  <row row="9">
   <cell col-end="0" col-start="0" row-end="9" row-start="9" text="Coil #7">
   </cell>
   <cell col-end="1" col-start="1" row-end="9" row-start="9" text="8">
   </cell>
   <cell col-end="2" col-start="2" row-end="9" row-start="9" text="19%">
   </cell>
   <cell col-end="3" col-start="3" row-end="9" row-start="9" text="238">
   </cell>
   <cell col-end="4" col-start="4" row-end="9" row-start="9" text="94%">
   </cell>
   <cell col-end="5" col-start="5" row-end="9" row-start="9" text="8">
   </cell>
   <cell col-end="6" col-start="6" row-end="9" row-start="9" text="29%">
   </cell>
   <cell col-end="7" col-start="7" row-end="9" row-start="9" text="249">
   </cell>
   <cell col-end="8" col-start="8" row-end="9" row-start="9" text="75%">
   </cell>
  </row>
  <statements>
   <statement id="0" text="Table 2 summarizes the SNR results for center and surface values for each phantom for all coils." type="">
   </statement>
   <statement id="1" text="Coil #2 (birdcage) shows the highest SNR (43) at the center of the phantom." type="">
   </statement>
   <statement id="2" text="Cylindrical phantom Coil#6 has high Absolute 28 and 100% of Relative." type="">
   </statement>
   <statement id="8" text="There are two different types of phantom." type="">
   </statement>
  </statements>
 </table>
 <table id="Table 1">
  <caption text="

   Description of the evaluated coils.
  
">
  </caption>
  <row row="0">
   <cell col-end="0" col-start="0" row-end="0" row-start="0" text="">
   </cell>
   <cell col-end="4" col-start="1" row-end="0" row-start="0" text="Coil Parameters">
   </cell>
   <cell col-end="6" col-start="5" row-end="0" row-start="0" text="MR System">
   </cell>
  </row>
  <row row="1">
   <cell col-end="0" col-start="0" row-end="1" row-start="1" text="">
   </cell>
   <cell col-end="1" col-start="1" row-end="1" row-start="1" text="Type">
   </cell>
   <cell col-end="2" col-start="2" row-end="1" row-start="1" text="Geometry">
   </cell>
   <cell col-end="3" col-start="3" row-end="1" row-start="1" text="T/R Mode">
   </cell>
   <cell col-end="4" col-start="4" row-end="1" row-start="1" text="Manufacturer">
   </cell>
   <cell col-end="5" col-start="5" row-end="1" row-start="1" text="Brand">
   </cell>
   <cell col-end="6" col-start="6" row-end="1" row-start="1" text="Location">
   </cell>
  </row>
  <row row="2">
   <cell col-end="0" col-start="0" row-end="2" row-start="2" text="Coil #1">
   </cell>
   <cell col-end="1" col-start="1" row-end="2" row-start="2" text="Volume">
   </cell>
   <cell col-end="2" col-start="2" row-end="2" row-start="2" text="Birdcage">
   </cell>
   <cell col-end="3" col-start="3" row-end="2" row-start="2" text="Tx-Rx">
   </cell>
   <cell col-end="4" col-start="4" row-end="2" row-start="2" text="RAPID Gmbh">
   </cell>
   <cell col-end="5" col-start="5" row-end="2" row-start="2" text="Siemens">
   </cell>
   <cell col-end="6" col-start="6" row-end="2" row-start="2" text="Copenhagen, DK">
   </cell>
  </row>
  <row row="3">
   <cell col-end="0" col-start="0" row-end="3" row-start="3" text="Coil #2">
   </cell>
   <cell col-end="1" col-start="1" row-end="3" row-start="3" text="Volume">
   </cell>
   <cell col-end="2" col-start="2" row-end="3" row-start="3" text="Birdcage">
   </cell>
   <cell col-end="3" col-start="3" row-end="3" row-start="3" text="Tx-Rx">
   </cell>
   <cell col-end="4" col-start="4" row-end="3" row-start="3" text="RAPID Gmbh">
   </cell>
   <cell col-end="5" col-start="5" row-end="3" row-start="3" text="GE">
   </cell>
   <cell col-end="6" col-start="6" row-end="3" row-start="3" text="Cambridge, UK">
   </cell>
  </row>
  <row row="4">
   <cell col-end="0" col-start="0" row-end="4" row-start="4" text="Coil #3">
   </cell>
   <cell col-end="1" col-start="1" row-end="4" row-start="4" text="Volume">
   </cell>
   <cell col-end="2" col-start="2" row-end="4" row-start="4" text="Helmholtz">
   </cell>
   <cell col-end="3" col-start="3" row-end="4" row-start="4" text="Tx-Rx">
   </cell>
   <cell col-end="4" col-start="4" row-end="4" row-start="4" text="Pulsteq">
   </cell>
   <cell col-end="5" col-start="5" row-end="4" row-start="4" text="GE">
   </cell>
   <cell col-end="6" col-start="6" row-end="4" row-start="4" text="Aarhus, DK">
   </cell>
  </row>
  <row row="5">
   <cell col-end="0" col-start="0" row-end="5" row-start="5" text="Coil #4">
   </cell>
   <cell col-end="1" col-start="1" row-end="5" row-start="5" text="Surface">
   </cell>
   <cell col-end="2" col-start="2" row-end="5" row-start="5" text="8-CH Array">
   </cell>
   <cell col-end="3" col-start="3" row-end="5" row-start="5" text="Rx-Only">
   </cell>
   <cell col-end="4" col-start="4" row-end="5" row-start="5" text="GE">
   </cell>
   <cell col-end="5" col-start="5" row-end="5" row-start="5" text="GE">
   </cell>
   <cell col-end="6" col-start="6" row-end="5" row-start="5" text="Aarhus, DK">
   </cell>
  </row>
  <row row="6">
   <cell col-end="0" col-start="0" row-end="6" row-start="6" text="Coil #5">
   </cell>
   <cell col-end="1" col-start="1" row-end="6" row-start="6" text="Surface">
   </cell>
   <cell col-end="2" col-start="2" row-end="6" row-start="6" text="16-CH Array">
   </cell>
   <cell col-end="3" col-start="3" row-end="6" row-start="6" text="Rx-Only">
   </cell>
   <cell col-end="4" col-start="4" row-end="6" row-start="6" text="RAPID Gmbh">
   </cell>
   <cell col-end="5" col-start="5" row-end="6" row-start="6" text="GE">
   </cell>
   <cell col-end="6" col-start="6" row-end="6" row-start="6" text="Aarhus, DK">
   </cell>
  </row>
  <row row="7">
   <cell col-end="0" col-start="0" row-end="7" row-start="7" text="Coil #6">
   </cell>
   <cell col-end="1" col-start="1" row-end="7" row-start="7" text="Surface">
   </cell>
   <cell col-end="2" col-start="2" row-end="7" row-start="7" text="14-CH Array">
   </cell>
   <cell col-end="3" col-start="3" row-end="7" row-start="7" text="Rx-Only">
   </cell>
   <cell col-end="4" col-start="4" row-end="7" row-start="7" text="HYPERMAG">
   </cell>
   <cell col-end="5" col-start="5" row-end="7" row-start="7" text="GE">
   </cell>
   <cell col-end="6" col-start="6" row-end="7" row-start="7" text="Aarhus, DK">
   </cell>
  </row>
  <row row="8">
   <cell col-end="0" col-start="0" row-end="8" row-start="8" text="Coil #7">
   </cell>
   <cell col-end="1" col-start="1" row-end="8" row-start="8" text="Surface">
   </cell>
   <cell col-end="2" col-start="2" row-end="8" row-start="8" text="Single Loop">
   </cell>
   <cell col-end="3" col-start="3" row-end="8" row-start="8" text="Rx-Only">
   </cell>
   <cell col-end="4" col-start="4" row-end="8" row-start="8" text="HYPERMAG">
   </cell>
   <cell col-end="5" col-start="5" row-end="8" row-start="8" text="GE">
   </cell>
   <cell col-end="6" col-start="6" row-end="8" row-start="8" text="Aarhus, DK">
   </cell>
  </row>
  <statements>
   <statement id="5" text="The MR System has only Location." type="">
   </statement>
   <statement id="6" text="There are nine Coil ranges Coil #1 to Coil #9." type="">
   </statement>
   <statement id="7" text="There are seven Coil ranges Coil #1 to Coil #7." type="">
   </statement>
  </statements>
 </table>
</document>