<document>
 <table id="Table 6">
  <caption text="

   Spatial Partial Identity Model (SPIM) point estimates and 95% credibility intervals (CI) for density, scale of the detection function (σ), probability of detection of the animal at a single location on a single occasion if the trap is located at the activity center (g
   
    0
   
   ), parameterizations of the model, effective sample size (n) of the model, and acceptance rates for g
   
    0
   
   and σ for sitatunga in the Mayanja River area of central Uganda.
  
">
  </caption>
  <row row="0">
   <cell col-end="0" col-start="0" row-end="0" row-start="0" text="Year">
   </cell>
   <cell col-end="1" col-start="1" row-end="0" row-start="0" text="Density (per km
     
      2
     
     )">
   </cell>
   <cell col-end="2" col-start="2" row-end="0" row-start="0" text="Density CI">
   </cell>
   <cell col-end="3" col-start="3" row-end="0" row-start="0" text="Mode σ (km)">
   </cell>
   <cell col-end="4" col-start="4" row-end="0" row-start="0" text="σ CI (km)">
   </cell>
   <cell col-end="5" col-start="5" row-end="0" row-start="0" text="Mode g
     
      0">
   </cell>
   <cell col-end="6" col-start="6" row-end="0" row-start="0" text="g
     
      0
     
     CI">
   </cell>
   <cell col-end="7" col-start="7" row-end="0" row-start="0" text="Iterations">
   </cell>
   <cell col-end="8" col-start="8" row-end="0" row-start="0" text="Burn-in">
   </cell>
   <cell col-end="9" col-start="9" row-end="0" row-start="0" text="σ Tuning Parameter">
   </cell>
   <cell col-end="10" col-start="10" row-end="0" row-start="0" text="Effective
     
      n">
   </cell>
   <cell col-end="11" col-start="11" row-end="0" row-start="0" text="g
     
      0
     
     Acceptance Rate">
   </cell>
   <cell col-end="12" col-start="12" row-end="0" row-start="0" text="σ Acceptance Rate">
   </cell>
  </row>
  <row row="1">
   <cell col-end="0" col-start="0" row-end="1" row-start="1" text="2015">
   </cell>
   <cell col-end="1" col-start="1" row-end="1" row-start="1" text="27.2">
   </cell>
   <cell col-end="2" col-start="2" row-end="1" row-start="1" text="21.7 – 33.5">
   </cell>
   <cell col-end="3" col-start="3" row-end="1" row-start="1" text="2.04">
   </cell>
   <cell col-end="4" col-start="4" row-end="1" row-start="1" text="1.71 - 2.70">
   </cell>
   <cell col-end="5" col-start="5" row-end="1" row-start="1" text="0.0017">
   </cell>
   <cell col-end="6" col-start="6" row-end="1" row-start="1" text="0.0013 - 0.0020">
   </cell>
   <cell col-end="7" col-start="7" row-end="1" row-start="1" text="100000">
   </cell>
   <cell col-end="8" col-start="8" row-end="1" row-start="1" text="0">
   </cell>
   <cell col-end="9" col-start="9" row-end="1" row-start="1" text="0.175">
   </cell>
   <cell col-end="10" col-start="10" row-end="1" row-start="1" text="986">
   </cell>
   <cell col-end="11" col-start="11" row-end="1" row-start="1" text="0.13">
   </cell>
   <cell col-end="12" col-start="12" row-end="1" row-start="1" text="0.37">
   </cell>
  </row>
  <row row="2">
   <cell col-end="0" col-start="0" row-end="2" row-start="2" text="2016
     
      a
     



        †">
   </cell>
   <cell col-end="1" col-start="1" row-end="2" row-start="2" text="10.6">
   </cell>
   <cell col-end="2" col-start="2" row-end="2" row-start="2" text="6.0 – 16.5">
   </cell>
   <cell col-end="3" col-start="3" row-end="2" row-start="2" text="2.69">
   </cell>
   <cell col-end="4" col-start="4" row-end="2" row-start="2" text="1.40 - 8.43">
   </cell>
   <cell col-end="5" col-start="5" row-end="2" row-start="2" text="0.002">
   </cell>
   <cell col-end="6" col-start="6" row-end="2" row-start="2" text="0.0010 - 0.0032">
   </cell>
   <cell col-end="7" col-start="7" row-end="2" row-start="2" text="30000">
   </cell>
   <cell col-end="8" col-start="8" row-end="2" row-start="2" text="2000">
   </cell>
   <cell col-end="9" col-start="9" row-end="2" row-start="2" text="0.09">
   </cell>
   <cell col-end="10" col-start="10" row-end="2" row-start="2" text="132">
   </cell>
   <cell col-end="11" col-start="11" row-end="2" row-start="2" text="0.28">
   </cell>
   <cell col-end="12" col-start="12" row-end="2" row-start="2" text="0.83">
   </cell>
  </row>
  <row row="3">
   <cell col-end="0" col-start="0" row-end="3" row-start="3" text="2016
     
      b
     



        †">
   </cell>
   <cell col-end="1" col-start="1" row-end="3" row-start="3" text="7.3">
   </cell>
   <cell col-end="2" col-start="2" row-end="3" row-start="3" text="5 – 12.6">
   </cell>
   <cell col-end="3" col-start="3" row-end="3" row-start="3" text="3.29">
   </cell>
   <cell col-end="4" col-start="4" row-end="3" row-start="3" text="2.22 - 30">
   </cell>
   <cell col-end="5" col-start="5" row-end="3" row-start="3" text="0.0013">
   </cell>
   <cell col-end="6" col-start="6" row-end="3" row-start="3" text="0.00088 - 0.0025">
   </cell>
   <cell col-end="7" col-start="7" row-end="3" row-start="3" text="20000">
   </cell>
   <cell col-end="8" col-start="8" row-end="3" row-start="3" text="2000">
   </cell>
   <cell col-end="9" col-start="9" row-end="3" row-start="3" text="0.2">
   </cell>
   <cell col-end="10" col-start="10" row-end="3" row-start="3" text="80">
   </cell>
   <cell col-end="11" col-start="11" row-end="3" row-start="3" text="0.28">
   </cell>
   <cell col-end="12" col-start="12" row-end="3" row-start="3" text="0.83">
   </cell>
  </row>
  <row row="4">
   <cell col-end="0" col-start="0" row-end="4" row-start="4" text="2017">
   </cell>
   <cell col-end="1" col-start="1" row-end="4" row-start="4" text="5.9">
   </cell>
   <cell col-end="2" col-start="2" row-end="4" row-start="4" text="5.1 – 9.5">
   </cell>
   <cell col-end="3" col-start="3" row-end="4" row-start="4" text="2.32">
   </cell>
   <cell col-end="4" col-start="4" row-end="4" row-start="4" text="1.63 - 2.74">
   </cell>
   <cell col-end="5" col-start="5" row-end="4" row-start="4" text="0.0034">
   </cell>
   <cell col-end="6" col-start="6" row-end="4" row-start="4" text="0.0026 - 0.0054">
   </cell>
   <cell col-end="7" col-start="7" row-end="4" row-start="4" text="20000">
   </cell>
   <cell col-end="8" col-start="8" row-end="4" row-start="4" text="1000">
   </cell>
   <cell col-end="9" col-start="9" row-end="4" row-start="4" text="0.175">
   </cell>
   <cell col-end="10" col-start="10" row-end="4" row-start="4" text="5.4">
   </cell>
   <cell col-end="11" col-start="11" row-end="4" row-start="4" text="0.38">
   </cell>
   <cell col-end="12" col-start="12" row-end="4" row-start="4" text="0.45">
   </cell>
  </row>
  <statements>
   <statement id="0" text="E Tuning Parameter 0.175 for the Year 2015." type="">
   </statement>
   <statement id="1" text="E Tuning Parameter 0.175 for the Year 2017." type="">
   </statement>
   <statement id="5" text="Year 2015 Iterations is 100000." type="">
   </statement>
   <statement id="10" text="We present the results of the re-run Bayesian models for 2015 and 2016, and the 2017 results without any adjustment of original parameterization ( Table 6 )." type="">
   </statement>
  </statements>
 </table>
 <table id="Table 2">
  <caption text="

   Encounters of sitatunga on the Mayanja River of central Uganda by year, type of observation, identifiability, and the proportion of encounters that are unidentifiable.
  
">
  </caption>
  <row row="0">
   <cell col-end="0" col-start="0" row-end="0" row-start="0" text="Year">
   </cell>
   <cell col-end="1" col-start="1" row-end="0" row-start="0" text="Human observer">
   </cell>
   <cell col-end="2" col-start="2" row-end="0" row-start="0" text="Trail Camera">
   </cell>
   <cell col-end="3" col-start="3" row-end="0" row-start="0" text="Mortality">
   </cell>
   <cell col-end="4" col-start="4" row-end="0" row-start="0" text="Total">
   </cell>
   <cell col-end="5" col-start="5" row-end="0" row-start="0" text="Identifiable">
   </cell>
   <cell col-end="6" col-start="6" row-end="0" row-start="0" text="Unidentifiable">
   </cell>
   <cell col-end="7" col-start="7" row-end="0" row-start="0" text="Proportion Unidentifiable">
   </cell>
  </row>
  <row row="1">
   <cell col-end="0" col-start="0" row-end="1" row-start="1" text="2015">
   </cell>
   <cell col-end="1" col-start="1" row-end="1" row-start="1" text="215">
   </cell>
   <cell col-end="2" col-start="2" row-end="1" row-start="1" text="269">
   </cell>
   <cell col-end="3" col-start="3" row-end="1" row-start="1" text="7">
   </cell>
   <cell col-end="4" col-start="4" row-end="1" row-start="1" text="491">
   </cell>
   <cell col-end="5" col-start="5" row-end="1" row-start="1" text="267">
   </cell>
   <cell col-end="6" col-start="6" row-end="1" row-start="1" text="224">
   </cell>
   <cell col-end="7" col-start="7" row-end="1" row-start="1" text="0.456">
   </cell>
  </row>
  <row row="2">
   <cell col-end="0" col-start="0" row-end="2" row-start="2" text="2016">
   </cell>
   <cell col-end="1" col-start="1" row-end="2" row-start="2" text="68">
   </cell>
   <cell col-end="2" col-start="2" row-end="2" row-start="2" text="99">
   </cell>
   <cell col-end="3" col-start="3" row-end="2" row-start="2" text="3">
   </cell>
   <cell col-end="4" col-start="4" row-end="2" row-start="2" text="170">
   </cell>
   <cell col-end="5" col-start="5" row-end="2" row-start="2" text="73">
   </cell>
   <cell col-end="6" col-start="6" row-end="2" row-start="2" text="97">
   </cell>
   <cell col-end="7" col-start="7" row-end="2" row-start="2" text="0.571">
   </cell>
  </row>
  <row row="3">
   <cell col-end="0" col-start="0" row-end="3" row-start="3" text="2017">
   </cell>
   <cell col-end="1" col-start="1" row-end="3" row-start="3" text="37">
   </cell>
   <cell col-end="2" col-start="2" row-end="3" row-start="3" text="253">
   </cell>
   <cell col-end="3" col-start="3" row-end="3" row-start="3" text="8">
   </cell>
   <cell col-end="4" col-start="4" row-end="3" row-start="3" text="298">
   </cell>
   <cell col-end="5" col-start="5" row-end="3" row-start="3" text="65">
   </cell>
   <cell col-end="6" col-start="6" row-end="3" row-start="3" text="233">
   </cell>
   <cell col-end="7" col-start="7" row-end="3" row-start="3" text="0.782">
   </cell>
  </row>
  <statements>
   <statement id="2" text="The Trail camera was high in the year 2015 is 269." type="">
   </statement>
   <statement id="4" text="Trail cameras recorded the most encounters and the majority of unidentifiable encounters ( Table 2 , 4 )." type="">
   </statement>
  </statements>
 </table>
 <table id="Table 5">
  <caption text="

   Encounters of identifiable and unidentifiable male sitatunga by age class and year. Data from the Mayanja River area of central Uganda.
  
">
  </caption>
  <row row="0">
   <cell col-end="0" col-start="0" row-end="1" row-start="0" text="">
   </cell>
   <cell col-end="2" col-start="1" row-end="0" row-start="0" text="Adult">
   </cell>
   <cell col-end="4" col-start="3" row-end="0" row-start="0" text="Intermediate">
   </cell>
   <cell col-end="6" col-start="5" row-end="0" row-start="0" text="Young">
   </cell>
  </row>
  <row row="1">
   <cell col-end="1" col-start="1" row-end="1" row-start="1" text="Identifiable">
   </cell>
   <cell col-end="2" col-start="2" row-end="1" row-start="1" text="Unidentifiable">
   </cell>
   <cell col-end="3" col-start="3" row-end="1" row-start="1" text="Identifiable">
   </cell>
   <cell col-end="4" col-start="4" row-end="1" row-start="1" text="Unidentifiable">
   </cell>
   <cell col-end="5" col-start="5" row-end="1" row-start="1" text="Identifiable">
   </cell>
   <cell col-end="6" col-start="6" row-end="1" row-start="1" text="Unidentifiable">
   </cell>
  </row>
  <row row="2">
   <cell col-end="0" col-start="0" row-end="2" row-start="2" text="2015">
   </cell>
   <cell col-end="1" col-start="1" row-end="2" row-start="2" text="124">
   </cell>
   <cell col-end="2" col-start="2" row-end="2" row-start="2" text="75">
   </cell>
   <cell col-end="3" col-start="3" row-end="2" row-start="2" text="52">
   </cell>
   <cell col-end="4" col-start="4" row-end="2" row-start="2" text="29">
   </cell>
   <cell col-end="5" col-start="5" row-end="2" row-start="2" text="24">
   </cell>
   <cell col-end="6" col-start="6" row-end="2" row-start="2" text="6">
   </cell>
  </row>
  <row row="3">
   <cell col-end="0" col-start="0" row-end="3" row-start="3" text="2016">
   </cell>
   <cell col-end="1" col-start="1" row-end="3" row-start="3" text="15">
   </cell>
   <cell col-end="2" col-start="2" row-end="3" row-start="3" text="30">
   </cell>
   <cell col-end="3" col-start="3" row-end="3" row-start="3" text="15">
   </cell>
   <cell col-end="4" col-start="4" row-end="3" row-start="3" text="7">
   </cell>
   <cell col-end="5" col-start="5" row-end="3" row-start="3" text="5">
   </cell>
   <cell col-end="6" col-start="6" row-end="3" row-start="3" text="3">
   </cell>
  </row>
  <row row="4">
   <cell col-end="0" col-start="0" row-end="4" row-start="4" text="2017">
   </cell>
   <cell col-end="1" col-start="1" row-end="4" row-start="4" text="39">
   </cell>
   <cell col-end="2" col-start="2" row-end="4" row-start="4" text="91">
   </cell>
   <cell col-end="3" col-start="3" row-end="4" row-start="4" text="6">
   </cell>
   <cell col-end="4" col-start="4" row-end="4" row-start="4" text="24">
   </cell>
   <cell col-end="5" col-start="5" row-end="4" row-start="4" text="2">
   </cell>
   <cell col-end="6" col-start="6" row-end="4" row-start="4" text="7">
   </cell>
  </row>
  <statements>
   <statement id="2" text="Identifiable and unidentifiable male sitatunga by age class and year is observed in thee table." type="">
   </statement>
   <statement id="4" text="The year is from 2015 to 2017." type="">
   </statement>
  </statements>
 </table>
 <table id="Table 7">
  <caption text="

   Total number of seconds trail cameras were deployed and functional, number of seconds an individual sitatunga was recorded in the field of view of a trail camera during the study, and number of seconds an individual sitatunga was in the field of view including probabilistically resolved gap lengths of 20 – 120 seconds between photographic bursts. Data collected in the Mayanja River area of central Uganda.
  
">
  </caption>
  <row row="0">
   <cell col-end="0" col-start="0" row-end="0" row-start="0" text="Year">
   </cell>
   <cell col-end="1" col-start="1" row-end="0" row-start="0" text="Camera deployment (s)">
   </cell>
   <cell col-end="2" col-start="2" row-end="0" row-start="0" text="Animal time without gaps (s)">
   </cell>
   <cell col-end="3" col-start="3" row-end="0" row-start="0" text="Animal time including resolved gaps (s)">
   </cell>
  </row>
  <row row="1">
   <cell col-end="0" col-start="0" row-end="1" row-start="1" text="2015">
   </cell>
   <cell col-end="1" col-start="1" row-end="1" row-start="1" text="66268800">
   </cell>
   <cell col-end="2" col-start="2" row-end="1" row-start="1" text="11987">
   </cell>
   <cell col-end="3" col-start="3" row-end="1" row-start="1" text="17801.7">
   </cell>
  </row>
  <row row="2">
   <cell col-end="0" col-start="0" row-end="2" row-start="2" text="2016">
   </cell>
   <cell col-end="1" col-start="1" row-end="2" row-start="2" text="34387200">
   </cell>
   <cell col-end="2" col-start="2" row-end="2" row-start="2" text="3247">
   </cell>
   <cell col-end="3" col-start="3" row-end="2" row-start="2" text="6141.2">
   </cell>
  </row>
  <row row="3">
   <cell col-end="0" col-start="0" row-end="3" row-start="3" text="2017">
   </cell>
   <cell col-end="1" col-start="1" row-end="3" row-start="3" text="134092800">
   </cell>
   <cell col-end="2" col-start="2" row-end="3" row-start="3" text="5027">
   </cell>
   <cell col-end="3" col-start="3" row-end="3" row-start="3" text="7927.6">
   </cell>
  </row>
  <statements>
   <statement id="1" text="The highest time collected is 17801.7 in the year 2015." type="">
   </statement>
   <statement id="2" text="The highest time collected is 17801.7 in the year 2016." type="">
   </statement>
   <statement id="3" text="The lowest time collected is 3247 in the year 2016." type="">
   </statement>
   <statement id="4" text="The lowest time collected is 3247 in the year 2017." type="">
   </statement>
   <statement id="5" text="The time collected in Animal time including resolved gaps is less than the time collected in Animal time without gaps." type="">
   </statement>
   <statement id="7" text="The time is calculated is minutes." type="">
   </statement>
   <statement id="8" text="The time is calculated is seconds." type="">
   </statement>
   <statement id="9" text="The year ranges from 2015 to 2017." type="">
   </statement>
   <statement id="10" text="The year ranges from 2016 to 2019." type="">
   </statement>
  </statements>
 </table>
 <table id="Table 8">
  <caption text="

   Density estimation for time in front of the camera method and 95% confidence intervals calculated from jackknife resampling for sitatunga in the Mayanja River area of central Uganda. EDD is the effective detection distance used in density calculations. Gaps refers to whether or not probabilistically resolved gap lengths between 20 – 120 seconds between photographic events were used in density calculations.
  
">
  </caption>
  <row row="0">
   <cell col-end="0" col-start="0" row-end="0" row-start="0" text="Year">
   </cell>
   <cell col-end="1" col-start="1" row-end="0" row-start="0" text="Model">
   </cell>
   <cell col-end="2" col-start="2" row-end="0" row-start="0" text="EDD">
   </cell>
   <cell col-end="3" col-start="3" row-end="0" row-start="0" text="Gaps?">
   </cell>
   <cell col-end="4" col-start="4" row-end="0" row-start="0" text="Density (/ km
     
      2
     
     )">
   </cell>
   <cell col-end="5" col-start="5" row-end="0" row-start="0" text="95% CI">
   </cell>
  </row>
  <row row="1">
   <cell col-end="0" col-start="0" row-end="1" row-start="1" text="2015">
   </cell>
   <cell col-end="1" col-start="1" row-end="1" row-start="1" text="T - 1">
   </cell>
   <cell col-end="2" col-start="2" row-end="1" row-start="1" text="5">
   </cell>
   <cell col-end="3" col-start="3" row-end="1" row-start="1" text="N">
   </cell>
   <cell col-end="4" col-start="4" row-end="1" row-start="1" text="19.7">
   </cell>
   <cell col-end="5" col-start="5" row-end="1" row-start="1" text="16.7 - 22.8">
   </cell>
  </row>
  <row row="2">
   <cell col-end="0" col-start="0" row-end="2" row-start="2" text="2015">
   </cell>
   <cell col-end="1" col-start="1" row-end="2" row-start="2" text="T - 2">
   </cell>
   <cell col-end="2" col-start="2" row-end="2" row-start="2" text="5">
   </cell>
   <cell col-end="3" col-start="3" row-end="2" row-start="2" text="Y">
   </cell>
   <cell col-end="4" col-start="4" row-end="2" row-start="2" text="29.3">
   </cell>
   <cell col-end="5" col-start="5" row-end="2" row-start="2" text="26.1 - 32.6">
   </cell>
  </row>
  <row row="3">
   <cell col-end="0" col-start="0" row-end="3" row-start="3" text="2015">
   </cell>
   <cell col-end="1" col-start="1" row-end="3" row-start="3" text="T - 3">
   </cell>
   <cell col-end="2" col-start="2" row-end="3" row-start="3" text="7">
   </cell>
   <cell col-end="3" col-start="3" row-end="3" row-start="3" text="N">
   </cell>
   <cell col-end="4" col-start="4" row-end="3" row-start="3" text="10.1">
   </cell>
   <cell col-end="5" col-start="5" row-end="3" row-start="3" text="8.52 - 11.6">
   </cell>
  </row>
  <row row="4">
   <cell col-end="0" col-start="0" row-end="4" row-start="4" text="2015">
   </cell>
   <cell col-end="1" col-start="1" row-end="4" row-start="4" text="T - 4">
   </cell>
   <cell col-end="2" col-start="2" row-end="4" row-start="4" text="7">
   </cell>
   <cell col-end="3" col-start="3" row-end="4" row-start="4" text="Y">
   </cell>
   <cell col-end="4" col-start="4" row-end="4" row-start="4" text="12.8">
   </cell>
   <cell col-end="5" col-start="5" row-end="4" row-start="4" text="13.3 - 16.6">
   </cell>
  </row>
  <row row="5">
   <cell col-end="0" col-start="0" row-end="5" row-start="5" text="2016">
   </cell>
   <cell col-end="1" col-start="1" row-end="5" row-start="5" text="T - 1">
   </cell>
   <cell col-end="2" col-start="2" row-end="5" row-start="5" text="5">
   </cell>
   <cell col-end="3" col-start="3" row-end="5" row-start="5" text="N">
   </cell>
   <cell col-end="4" col-start="4" row-end="5" row-start="5" text="10.3">
   </cell>
   <cell col-end="5" col-start="5" row-end="5" row-start="5" text="7.96 - 12.7">
   </cell>
  </row>
  <row row="6">
   <cell col-end="0" col-start="0" row-end="6" row-start="6" text="2016">
   </cell>
   <cell col-end="1" col-start="1" row-end="6" row-start="6" text="T - 2">
   </cell>
   <cell col-end="2" col-start="2" row-end="6" row-start="6" text="5">
   </cell>
   <cell col-end="3" col-start="3" row-end="6" row-start="6" text="Y">
   </cell>
   <cell col-end="4" col-start="4" row-end="6" row-start="6" text="19.5">
   </cell>
   <cell col-end="5" col-start="5" row-end="6" row-start="6" text="16.8 - 22.2">
   </cell>
  </row>
  <row row="7">
   <cell col-end="0" col-start="0" row-end="7" row-start="7" text="2016">
   </cell>
   <cell col-end="1" col-start="1" row-end="7" row-start="7" text="T - 3">
   </cell>
   <cell col-end="2" col-start="2" row-end="7" row-start="7" text="7">
   </cell>
   <cell col-end="3" col-start="3" row-end="7" row-start="7" text="N">
   </cell>
   <cell col-end="4" col-start="4" row-end="7" row-start="7" text="5.26">
   </cell>
   <cell col-end="5" col-start="5" row-end="7" row-start="7" text="4.06 - 6.46">
   </cell>
  </row>
  <row row="8">
   <cell col-end="0" col-start="0" row-end="8" row-start="8" text="2016">
   </cell>
   <cell col-end="1" col-start="1" row-end="8" row-start="8" text="T - 4">
   </cell>
   <cell col-end="2" col-start="2" row-end="8" row-start="8" text="7">
   </cell>
   <cell col-end="3" col-start="3" row-end="8" row-start="8" text="Y">
   </cell>
   <cell col-end="4" col-start="4" row-end="8" row-start="8" text="9.94">
   </cell>
   <cell col-end="5" col-start="5" row-end="8" row-start="8" text="8.57 - 11.3">
   </cell>
  </row>
  <row row="9">
   <cell col-end="0" col-start="0" row-end="9" row-start="9" text="2017">
   </cell>
   <cell col-end="1" col-start="1" row-end="9" row-start="9" text="T - 1">
   </cell>
   <cell col-end="2" col-start="2" row-end="9" row-start="9" text="5">
   </cell>
   <cell col-end="3" col-start="3" row-end="9" row-start="9" text="N">
   </cell>
   <cell col-end="4" col-start="4" row-end="9" row-start="9" text="4.09">
   </cell>
   <cell col-end="5" col-start="5" row-end="9" row-start="9" text="3.51 - 4.67">
   </cell>
  </row>
  <row row="10">
   <cell col-end="0" col-start="0" row-end="10" row-start="10" text="2017">
   </cell>
   <cell col-end="1" col-start="1" row-end="10" row-start="10" text="T - 2">
   </cell>
   <cell col-end="2" col-start="2" row-end="10" row-start="10" text="5">
   </cell>
   <cell col-end="3" col-start="3" row-end="10" row-start="10" text="Y">
   </cell>
   <cell col-end="4" col-start="4" row-end="10" row-start="10" text="6.45">
   </cell>
   <cell col-end="5" col-start="5" row-end="10" row-start="10" text="5.78 - 7.13">
   </cell>
  </row>
  <row row="11">
   <cell col-end="0" col-start="0" row-end="11" row-start="11" text="2017">
   </cell>
   <cell col-end="1" col-start="1" row-end="11" row-start="11" text="T - 3">
   </cell>
   <cell col-end="2" col-start="2" row-end="11" row-start="11" text="7">
   </cell>
   <cell col-end="3" col-start="3" row-end="11" row-start="11" text="N">
   </cell>
   <cell col-end="4" col-start="4" row-end="11" row-start="11" text="2.09">
   </cell>
   <cell col-end="5" col-start="5" row-end="11" row-start="11" text="1.79 - 2.38">
   </cell>
  </row>
  <row row="12">
   <cell col-end="0" col-start="0" row-end="12" row-start="12" text="2017">
   </cell>
   <cell col-end="1" col-start="1" row-end="12" row-start="12" text="T - 4">
   </cell>
   <cell col-end="2" col-start="2" row-end="12" row-start="12" text="7">
   </cell>
   <cell col-end="3" col-start="3" row-end="12" row-start="12" text="Y">
   </cell>
   <cell col-end="4" col-start="4" row-end="12" row-start="12" text="3.29">
   </cell>
   <cell col-end="5" col-start="5" row-end="12" row-start="12" text="2.95 - 3.64">
   </cell>
  </row>
  <statements>
   <statement id="1" text="2015 has a highest 95% CI." type="">
   </statement>
   <statement id="4" text="In 2015 has a lowest Density (/ km 2 )." type="">
   </statement>
   <statement id="7" text="There are 5 different types years in the given table." type="">
   </statement>
  </statements>
 </table>
</document>