<document>
 <table id="Table 1">
  <row row="0">
   <cell col-end="0" col-start="0" row-end="0" row-start="0" text="">
   </cell>
   <cell col-end="1" col-start="1" row-end="0" row-start="0" text="Mean">
   </cell>
   <cell col-end="2" col-start="2" row-end="0" row-start="0" text="SD">
   </cell>
   <cell col-end="3" col-start="3" row-end="0" row-start="0" text="Minimum">
   </cell>
   <cell col-end="4" col-start="4" row-end="0" row-start="0" text="Maximum">
   </cell>
  </row>
  <row row="1">
   <cell col-end="0" col-start="0" row-end="1" row-start="1" text="SIAS">
   </cell>
   <cell col-end="1" col-start="1" row-end="1" row-start="1" text="25.96">
   </cell>
   <cell col-end="2" col-start="2" row-end="1" row-start="1" text="15.78">
   </cell>
   <cell col-end="3" col-start="3" row-end="1" row-start="1" text="6">
   </cell>
   <cell col-end="4" col-start="4" row-end="1" row-start="1" text="71/80">
   </cell>
  </row>
  <row row="2">
   <cell col-end="0" col-start="0" row-end="2" row-start="2" text="BFNE">
   </cell>
   <cell col-end="1" col-start="1" row-end="2" row-start="2" text="38">
   </cell>
   <cell col-end="2" col-start="2" row-end="2" row-start="2" text="12.23">
   </cell>
   <cell col-end="3" col-start="3" row-end="2" row-start="2" text="13">
   </cell>
   <cell col-end="4" col-start="4" row-end="2" row-start="2" text="60/60">
   </cell>
  </row>
  <row row="3">
   <cell col-end="0" col-start="0" row-end="3" row-start="3" text="STAI">
   </cell>
   <cell col-end="1" col-start="1" row-end="3" row-start="3" text="42.59">
   </cell>
   <cell col-end="2" col-start="2" row-end="3" row-start="3" text="12.33">
   </cell>
   <cell col-end="3" col-start="3" row-end="3" row-start="3" text="24">
   </cell>
   <cell col-end="4" col-start="4" row-end="3" row-start="3" text="73/80">
   </cell>
  </row>
  <row row="4">
   <cell col-end="0" col-start="0" row-end="4" row-start="4" text="AQ">
   </cell>
   <cell col-end="1" col-start="1" row-end="4" row-start="4" text="8.87">
   </cell>
   <cell col-end="2" col-start="2" row-end="4" row-start="4" text="5.30">
   </cell>
   <cell col-end="3" col-start="3" row-end="4" row-start="4" text="1">
   </cell>
   <cell col-end="4" col-start="4" row-end="4" row-start="4" text="22/33">
   </cell>
  </row>
  <row row="5">
   <cell col-end="0" col-start="0" row-end="5" row-start="5" text="BFI Extraversion">
   </cell>
   <cell col-end="1" col-start="1" row-end="5" row-start="5" text="3.37">
   </cell>
   <cell col-end="2" col-start="2" row-end="5" row-start="5" text="1.06">
   </cell>
   <cell col-end="3" col-start="3" row-end="5" row-start="5" text="1.25">
   </cell>
   <cell col-end="4" col-start="4" row-end="5" row-start="5" text="5/5">
   </cell>
  </row>
  <row row="6">
   <cell col-end="0" col-start="0" row-end="6" row-start="6" text="BFI Agreeableness">
   </cell>
   <cell col-end="1" col-start="1" row-end="6" row-start="6" text="2.83">
   </cell>
   <cell col-end="2" col-start="2" row-end="6" row-start="6" text="0.72">
   </cell>
   <cell col-end="3" col-start="3" row-end="6" row-start="6" text="1">
   </cell>
   <cell col-end="4" col-start="4" row-end="6" row-start="6" text="4.5/5">
   </cell>
  </row>
  <row row="7">
   <cell col-end="0" col-start="0" row-end="7" row-start="7" text="BFI Conscientiousness">
   </cell>
   <cell col-end="1" col-start="1" row-end="7" row-start="7" text="3.77">
   </cell>
   <cell col-end="2" col-start="2" row-end="7" row-start="7" text="0.65">
   </cell>
   <cell col-end="3" col-start="3" row-end="7" row-start="7" text="2.25">
   </cell>
   <cell col-end="4" col-start="4" row-end="7" row-start="7" text="5/5">
   </cell>
  </row>
  <row row="8">
   <cell col-end="0" col-start="0" row-end="8" row-start="8" text="BFI Neuroticism">
   </cell>
   <cell col-end="1" col-start="1" row-end="8" row-start="8" text="3.45">
   </cell>
   <cell col-end="2" col-start="2" row-end="8" row-start="8" text="0.88">
   </cell>
   <cell col-end="3" col-start="3" row-end="8" row-start="8" text="1">
   </cell>
   <cell col-end="4" col-start="4" row-end="8" row-start="8" text="5/5">
   </cell>
  </row>
  <row row="9">
   <cell col-end="0" col-start="0" row-end="9" row-start="9" text="BFI Openness">
   </cell>
   <cell col-end="1" col-start="1" row-end="9" row-start="9" text="4.10">
   </cell>
   <cell col-end="2" col-start="2" row-end="9" row-start="9" text="0.66">
   </cell>
   <cell col-end="3" col-start="3" row-end="9" row-start="9" text="1.8">
   </cell>
   <cell col-end="4" col-start="4" row-end="9" row-start="9" text="5/5">
   </cell>
  </row>
  <statements>
   <statement id="0" text="BFNE Mean is 40." type="">
   </statement>
   <statement id="1" text="12.33 is the SD for BFI Conscientiousness." type="">
   </statement>
   <statement id="2" text="12.33 is the SD for STAI." type="">
   </statement>
   <statement id="3" text="2.25 is the maximum for BFI Conscientiousness." type="">
   </statement>
   <statement id="4" text="2.25 is the minimum for BFI Conscientiousness." type="">
   </statement>
   <statement id="5" text="73/80 is the maximum for AQ." type="">
   </statement>
   <statement id="6" text="73/80 is the maximum for STAI." type="">
   </statement>
   <statement id="7" text="BFI Extraversion Mean is 3.37" type="">
   </statement>
   <statement id="8" text="BFI Extraversion Mean is 42.59." type="">
   </statement>
   <statement id="9" text="BFNE Mean is 38." type="">
   </statement>
  </statements>
 </table>
</document>