<document>
 <table id="Table 1">
  <caption text="

   Terminology related to the planning system in England.
  
">
  </caption>
  <row row="0">
   <cell col-end="0" col-start="0" row-end="0" row-start="0" text="Term">
   </cell>
   <cell col-end="1" col-start="1" row-end="0" row-start="0" text="Definition">
   </cell>
  </row>
  <row row="1">
   <cell col-end="0" col-start="0" row-end="1" row-start="1" text="Class A5">
   </cell>
   <cell col-end="1" col-start="1" row-end="1" row-start="1" text="Within the Use Class Order, Class A5 refers to “Hot Food Takeaways”.">
   </cell>
  </row>
  <row row="2">
   <cell col-end="0" col-start="0" row-end="2" row-start="2" text="Local government area">
   </cell>
   <cell col-end="1" col-start="1" row-end="2" row-start="2" text="Administrative body responsible for multiple local functions within their defined area.">
   </cell>
  </row>
  <row row="3">
   <cell col-end="0" col-start="0" row-end="3" row-start="3" text="Local Government Association">
   </cell>
   <cell col-end="1" col-start="1" row-end="3" row-start="3" text="Provide support to local government areas to promote improved services.">
   </cell>
  </row>
  <row row="4">
   <cell col-end="0" col-start="0" row-end="4" row-start="4" text="Local Plan">
   </cell>
   <cell col-end="1" col-start="1" row-end="4" row-start="4" text="Statutory document outlining the future development of an area through adoption of planning policies.">
   </cell>
  </row>
  <row row="5">
   <cell col-end="0" col-start="0" row-end="5" row-start="5" text="Local politicians">
   </cell>
   <cell col-end="1" col-start="1" row-end="5" row-start="5" text="Councillors that have been democratically appointed to a role within a local government area.">
   </cell>
  </row>
  <row row="6">
   <cell col-end="0" col-start="0" row-end="6" row-start="6" text="Material considerations">
   </cell>
   <cell col-end="1" col-start="1" row-end="6" row-start="6" text="A matter taken into consideration when deciding planning application acceptability.">
   </cell>
  </row>
  <row row="7">
   <cell col-end="0" col-start="0" row-end="7" row-start="7" text="National Planning Inspectorate">
   </cell>
   <cell col-end="1" col-start="1" row-end="7" row-start="7" text="Executive agency responsible for providing recommendations, advice and decisions on a range of planning-related issues, including appeal decisions.">
   </cell>
  </row>
  <row row="8">
   <cell col-end="0" col-start="0" row-end="8" row-start="8" text="National Planning Policy Framework">
   </cell>
   <cell col-end="1" col-start="1" row-end="8" row-start="8" text="National document that outlines how planning policies in England are expected to be applied.">
   </cell>
  </row>
  <row row="9">
   <cell col-end="0" col-start="0" row-end="9" row-start="9" text="Planning">
   </cell>
   <cell col-end="1" col-start="1" row-end="9" row-start="9" text="Controls development of an area by assessing acceptability of proposed development. Also known as urban planning or spatial planning.">
   </cell>
  </row>
  <row row="10">
   <cell col-end="0" col-start="0" row-end="10" row-start="10" text="Planning policy appeal">
   </cell>
   <cell col-end="1" col-start="1" row-end="10" row-start="10" text="Following planning application refusal, applicants may submit an appeal, where a final decision will be made. This could result in judicial review in some instances.">
   </cell>
  </row>
  <row row="11">
   <cell col-end="0" col-start="0" row-end="11" row-start="11" text="Planning Practice Guidance">
   </cell>
   <cell col-end="1" col-start="1" row-end="11" row-start="11" text="Additional support and advice for planning professionals, designed to supplement the National Planning Policy Framework.">
   </cell>
  </row>
  <row row="12">
   <cell col-end="0" col-start="0" row-end="12" row-start="12" text="Public consultation period">
   </cell>
   <cell col-end="1" col-start="1" row-end="12" row-start="12" text="Opportunity for members of the public, organisations and businesses to review draft planning policies and submit comments and objections.">
   </cell>
  </row>
  <row row="13">
   <cell col-end="0" col-start="0" row-end="13" row-start="13" text="Public Health England">
   </cell>
   <cell col-end="1" col-start="1" row-end="13" row-start="13" text="Executive agency that aims to protect and improve population health through multiple levers, including evidence review and publication.">
   </cell>
  </row>
  <row row="14">
   <cell col-end="0" col-start="0" row-end="14" row-start="14" text="Supplementary Planning Documents">
   </cell>
   <cell col-end="1" col-start="1" row-end="14" row-start="14" text="Documents that add further detail to planning policies outlined in Local Plans. These documents can be material considerations in their own right.">
   </cell>
  </row>
  <row row="15">
   <cell col-end="0" col-start="0" row-end="15" row-start="15" text="Takeaway food outlet">
   </cell>
   <cell col-end="1" col-start="1" row-end="15" row-start="15" text="A food outlet that typically offers limited seating. Food sold is normally intended to be consumed away from the premises.">
   </cell>
  </row>
  <row row="16">
   <cell col-end="0" col-start="0" row-end="16" row-start="16" text="Town and Country Planning Association">
   </cell>
   <cell col-end="1" col-start="1" row-end="16" row-start="16" text="Charity that campaigns for the planning system to be responsive to population needs.">
   </cell>
  </row>
  <row row="17">
   <cell col-end="0" col-start="0" row-end="17" row-start="17" text="Trailblazer programme">
   </cell>
   <cell col-end="1" col-start="1" row-end="17" row-start="17" text="Opportunity for local government areas to innovate and develop local solutions to problems, for example, childhood obesity.">
   </cell>
  </row>
  <row row="18">
   <cell col-end="0" col-start="0" row-end="18" row-start="18" text="Use Class Order">
   </cell>
   <cell col-end="1" col-start="1" row-end="18" row-start="18" text="Legal classification framework that categorises land and buildings based on their intended primary use.">
   </cell>
  </row>
  <statements>
   <statement id="0" text="Mainly concentrated on the planning system in England." type="">
   </statement>
   <statement id="2" text="Public Health England which is looking for protect and improve population health through multiple levers." type="">
   </statement>
   <statement id="3" text="Local Plan  is responsible development of an area through adoption of planning policies." type="">
   </statement>
   <statement id="5" text="All the Terminology are having unique plans ." type="">
   </statement>
   <statement id="6" text="Local government area which is responsible for multiple local functions." type="">
   </statement>
   <statement id="7" text="National Planning Inspectorate which is responsible for providing recommendations, advice and decisions." type="">
   </statement>
  </statements>
 </table>
</document>