<document>
 <table id="Table 1">
  <caption text="

   Hospital-level summary of ATP outcomes for bathroom and bedroom frequent touch points in control and intervention periods.
  
">
  </caption>
  <legend text="

   Note: A clean site is defined as per the two-tier sampling approach (both samples ≤ 25 RLUs). N = number of ATP sites assessed; RLU = Relative Light Units.
  
">
  </legend>
  <row row="0">
   <cell col-end="0" col-start="0" row-end="0" row-start="0" text="Trial period">
   </cell>
   <cell col-end="3" col-start="1" row-end="0" row-start="0" text="Control (8 weeks)
     
     % Clean (N)">
   </cell>
   <cell col-end="6" col-start="4" row-end="0" row-start="0" text="Intervention (41–47 weeks)
     
     % Clean (N)">
   </cell>
  </row>
  <row row="1">
   <cell col-end="0" col-start="0" row-end="1" row-start="1" text="Frequent touch point">
   </cell>
   <cell col-end="1" col-start="1" row-end="1" row-start="1" text="Hospital 1">
   </cell>
   <cell col-end="2" col-start="2" row-end="1" row-start="1" text="Hospital 2">
   </cell>
   <cell col-end="3" col-start="3" row-end="1" row-start="1" text="Hospital 3">
   </cell>
   <cell col-end="4" col-start="4" row-end="1" row-start="1" text="Hospital 1">
   </cell>
   <cell col-end="5" col-start="5" row-end="1" row-start="1" text="Hospital 2">
   </cell>
   <cell col-end="6" col-start="6" row-end="1" row-start="1" text="Hospital 3">
   </cell>
  </row>
  <row row="2">
   <cell col-end="0" col-start="0" row-end="2" row-start="2" text="Bathroom">
   </cell>
   <cell col-end="1" col-start="1" row-end="2" row-start="2" text="77.4 (31)">
   </cell>
   <cell col-end="2" col-start="2" row-end="2" row-start="2" text="66.7 (48)">
   </cell>
   <cell col-end="3" col-start="3" row-end="2" row-start="2" text="65.7 (35)">
   </cell>
   <cell col-end="4" col-start="4" row-end="2" row-start="2" text="90 (180)">
   </cell>
   <cell col-end="5" col-start="5" row-end="2" row-start="2" text="72.2 (237)">
   </cell>
   <cell col-end="6" col-start="6" row-end="2" row-start="2" text="47.6 (269)">
   </cell>
  </row>
  <row row="3">
   <cell col-end="0" col-start="0" row-end="3" row-start="3" text="Door handle">
   </cell>
   <cell col-end="1" col-start="1" row-end="3" row-start="3" text="70 (10)">
   </cell>
   <cell col-end="2" col-start="2" row-end="3" row-start="3" text="18.8 (16)">
   </cell>
   <cell col-end="3" col-start="3" row-end="3" row-start="3" text="25 (12)">
   </cell>
   <cell col-end="4" col-start="4" row-end="3" row-start="3" text="81.7 (60)">
   </cell>
   <cell col-end="5" col-start="5" row-end="3" row-start="3" text="43 (79)">
   </cell>
   <cell col-end="6" col-start="6" row-end="3" row-start="3" text="30 (90)">
   </cell>
  </row>
  <row row="4">
   <cell col-end="0" col-start="0" row-end="4" row-start="4" text="Tap">
   </cell>
   <cell col-end="1" col-start="1" row-end="4" row-start="4" text="63.6 (11)">
   </cell>
   <cell col-end="2" col-start="2" row-end="4" row-start="4" text="87.5 (16)">
   </cell>
   <cell col-end="3" col-start="3" row-end="4" row-start="4" text="75 (12)">
   </cell>
   <cell col-end="4" col-start="4" row-end="4" row-start="4" text="90 (60)">
   </cell>
   <cell col-end="5" col-start="5" row-end="4" row-start="4" text="84.8 (79)">
   </cell>
   <cell col-end="6" col-start="6" row-end="4" row-start="4" text="48.9 (90)">
   </cell>
  </row>
  <row row="5">
   <cell col-end="0" col-start="0" row-end="5" row-start="5" text="Toilet flush">
   </cell>
   <cell col-end="1" col-start="1" row-end="5" row-start="5" text="100 (10)">
   </cell>
   <cell col-end="2" col-start="2" row-end="5" row-start="5" text="93.8 (16)">
   </cell>
   <cell col-end="3" col-start="3" row-end="5" row-start="5" text="100 (11)">
   </cell>
   <cell col-end="4" col-start="4" row-end="5" row-start="5" text="98.3 (60)">
   </cell>
   <cell col-end="5" col-start="5" row-end="5" row-start="5" text="88.6 (79)">
   </cell>
   <cell col-end="6" col-start="6" row-end="5" row-start="5" text="64 (89)">
   </cell>
  </row>
  <row row="6">
   <cell col-end="0" col-start="0" row-end="6" row-start="6" text="Bedroom">
   </cell>
   <cell col-end="1" col-start="1" row-end="6" row-start="6" text="39.2 (51)">
   </cell>
   <cell col-end="2" col-start="2" row-end="6" row-start="6" text="25.0 (48)">
   </cell>
   <cell col-end="3" col-start="3" row-end="6" row-start="6" text="44.7 (47)">
   </cell>
   <cell col-end="4" col-start="4" row-end="6" row-start="6" text="68.4 (225)">
   </cell>
   <cell col-end="5" col-start="5" row-end="6" row-start="6" text="36.8 (239)">
   </cell>
   <cell col-end="6" col-start="6" row-end="6" row-start="6" text="57.2 (278)">
   </cell>
  </row>
  <row row="7">
   <cell col-end="0" col-start="0" row-end="7" row-start="7" text="Bedrail">
   </cell>
   <cell col-end="1" col-start="1" row-end="7" row-start="7" text="41.2 (17)">
   </cell>
   <cell col-end="2" col-start="2" row-end="7" row-start="7" text="50 (16)">
   </cell>
   <cell col-end="3" col-start="3" row-end="7" row-start="7" text="31.3 (16)">
   </cell>
   <cell col-end="4" col-start="4" row-end="7" row-start="7" text="78.7 (75)">
   </cell>
   <cell col-end="5" col-start="5" row-end="7" row-start="7" text="49.4 (79)">
   </cell>
   <cell col-end="6" col-start="6" row-end="7" row-start="7" text="63.3 (90)">
   </cell>
  </row>
  <row row="8">
   <cell col-end="0" col-start="0" row-end="8" row-start="8" text="Call button">
   </cell>
   <cell col-end="1" col-start="1" row-end="8" row-start="8" text="29.4 (17)">
   </cell>
   <cell col-end="2" col-start="2" row-end="8" row-start="8" text="0 (16)">
   </cell>
   <cell col-end="3" col-start="3" row-end="8" row-start="8" text="50 (16)">
   </cell>
   <cell col-end="4" col-start="4" row-end="8" row-start="8" text="56 (75)">
   </cell>
   <cell col-end="5" col-start="5" row-end="8" row-start="8" text="28.8 (80)">
   </cell>
   <cell col-end="6" col-start="6" row-end="8" row-start="8" text="58.5 (94)">
   </cell>
  </row>
  <row row="9">
   <cell col-end="0" col-start="0" row-end="9" row-start="9" text="Tray table">
   </cell>
   <cell col-end="1" col-start="1" row-end="9" row-start="9" text="47 (17)">
   </cell>
   <cell col-end="2" col-start="2" row-end="9" row-start="9" text="25 (16)">
   </cell>
   <cell col-end="3" col-start="3" row-end="9" row-start="9" text="53.3 (15)">
   </cell>
   <cell col-end="4" col-start="4" row-end="9" row-start="9" text="70.7 (75)">
   </cell>
   <cell col-end="5" col-start="5" row-end="9" row-start="9" text="32.5 (80)">
   </cell>
   <cell col-end="6" col-start="6" row-end="9" row-start="9" text="50 (94)">
   </cell>
  </row>
  <statements>
   <statement id="8" text="Intervention (4147 weeks) % Clean (N) Hospital 1 70.7 (75) Trial period is Tray table." type="">
   </statement>
   <statement id="9" text="Trial period Bathroom Control (8 weeks) % Clean (N) Hospital 1 is 77.4 (31)." type="">
   </statement>
  </statements>
 </table>
 <table id="Table 2">
  <caption text="

   Mixed model outcomes for the change in the percentage of clean ATP sites, assuming a binary intervention effect.
  
">
  </caption>
  <legend text="

   Note: OR: odds ratio; CI: confidence interval; p-value corresponds to H
   
    0
   
   : OR = 0.
  
">
  </legend>
  <row row="0">
   <cell col-end="0" col-start="0" row-end="1" row-start="0" text="FTP Location">
   </cell>
   <cell col-end="2" col-start="1" row-end="0" row-start="0" text="% clean ATP sites">
   </cell>
   <cell col-end="3" col-start="3" row-end="1" row-start="0" text="OR (Intervention vs. Control)
     
     Estimate [95% CI]">
   </cell>
   <cell col-end="4" col-start="4" row-end="1" row-start="0" text="p-value">
   </cell>
  </row>
  <row row="1">
   <cell col-end="1" col-start="1" row-end="1" row-start="1" text="Control">
   </cell>
   <cell col-end="2" col-start="2" row-end="1" row-start="1" text="Intervention">
   </cell>
  </row>
  <row row="2">
   <cell col-end="0" col-start="0" row-end="2" row-start="2" text="Bathroom">
   </cell>
   <cell col-end="1" col-start="1" row-end="2" row-start="2" text="71.5">
   </cell>
   <cell col-end="2" col-start="2" row-end="2" row-start="2" text="70.7">
   </cell>
   <cell col-end="3" col-start="3" row-end="2" row-start="2" text="0.96 [0.62, 1.5]">
   </cell>
   <cell col-end="4" col-start="4" row-end="2" row-start="2" text="0.98">
   </cell>
  </row>
  <row row="3">
   <cell col-end="0" col-start="0" row-end="3" row-start="3" text="Bedroom">
   </cell>
   <cell col-end="1" col-start="1" row-end="3" row-start="3" text="35.3">
   </cell>
   <cell col-end="2" col-start="2" row-end="3" row-start="3" text="54.7">
   </cell>
   <cell col-end="3" col-start="3" row-end="3" row-start="3" text="2.2 [1.5, 3.2]">
   </cell>
   <cell col-end="4" col-start="4" row-end="3" row-start="3" text="&lt;0.001">
   </cell>
  </row>
  <statements>
   <statement id="0" text="% Clean ATP sites has 2 categories Control and Intervention." type="">
   </statement>
   <statement id="1" text="% Clean ATP sites has 5 categories." type="">
   </statement>
   <statement id="3" text="Changes in the percentage of clean ATP sites between the control and intervention phase are detailed in Table 1 , Table 2 and in supplementary material ( Table S1 )." type="">
   </statement>
   <statement id="4" text="FTP Location Bathroom has highest % clean ATP sites control." type="">
   </statement>
   <statement id="6" text="FTP Location has 2 categories Bathroom and Bedroom." type="">
   </statement>
   <statement id="10" text="P-value ranges from &lt;0.001 to 0.98." type="">
   </statement>
  </statements>
 </table>
</document>