<document>
 <table id="Table 3">
  <caption text="

   Integrated framework for anticipating future developments and dealing with uncertainty in policymaking
  
">
  </caption>
  <row row="0">
   <cell col-end="0" col-start="0" row-end="0" row-start="0" text="Level of uncertainty">
   </cell>
   <cell col-end="1" col-start="1" row-end="0" row-start="0" text="Shared typology (PA and PM) for dealing with uncertainty in decisionmaking/policymaking">
   </cell>
   <cell col-end="2" col-start="2" row-end="0" row-start="0" text="Shared typology (PA and FF)
     
     for improving insight into future developments and dealing with future uncertainty">
   </cell>
  </row>
  <row row="1">
   <cell col-end="0" col-start="0" row-end="1" row-start="1" text="Level 1
     
     :
     
     Clear enough future.">
   </cell>
   <cell col-end="1" col-start="1" row-end="1" row-start="1" text="Optimal policy
     
     :
     
     Forecast the expected future and choose an ‘optimal’ policy for that future.">
   </cell>
   <cell col-end="2" col-start="2" row-end="1" row-start="1" text="Forecasting:
     

     Single reliable forecast based on trend extrapolation and expert judgement, in combination with a sensitivity analysis.">
   </cell>
  </row>
  <row row="2">
   <cell col-end="0" col-start="0" row-end="2" row-start="2" text="Level 2
     
     :
     
     Alternative futures (with probabilities).">
   </cell>
   <cell col-end="1" col-start="1" row-end="2" row-start="2" text="Risk-based policy
     
     :
     
     Use probabilities to optimize policy in accordance with the risk attitude of the policymaker.">
   </cell>
   <cell col-end="2" col-start="2" row-end="2" row-start="2" text="Probabilistic forecast:
     

     Probabilistic forecasts, for which the likelihood of all relevant parameters can be expressed in terms of probabilities.">
   </cell>
  </row>
  <row row="3">
   <cell col-end="0" col-start="0" row-end="3" row-start="3" text="Level 3
     
     :
     
     A limited, bounded set of plausible futures.">
   </cell>
   <cell col-end="1" col-start="1" row-end="3" row-start="3" text="Static robust policy
     
     :
     
     Identify plausible futures and find a policy that works acceptably across most of them.">
   </cell>
   <cell col-end="2" col-start="2" row-end="3" row-start="3" text="Foresight
     
     :
     
     Limited range of scenarios that is intended to explore the envelope of plausible future developments, based on an ever increasing understanding of the system and its key uncertainties.">
   </cell>
  </row>
  <row row="4">
   <cell col-end="0" col-start="0" row-end="4" row-start="4" text="Level 4
     
     :
     
     An unlimited, unbounded set of possible futures.">
   </cell>
   <cell col-end="1" col-start="1" row-end="4" row-start="4" text="Adaptive policy
     
     :
     
     Adapt the policy over time as conditions change and learning takes place.">
   </cell>
   <cell col-end="2" col-start="2" row-end="4" row-start="4" text="Futures
     
     :
     
     Use large numbers of possible scenarios that are intended to explore what might happen, given our lack of understanding of the future.">
   </cell>
  </row>
  <statements>
   <statement id="2" text="Corresponding to each level of uncertainty, Column 2 displays the policy analysts approaches to supporting policymaking, and Column 3 displays approaches from the FF that can be shared with the policy analysts." type="">
   </statement>
   <statement id="3" text="In particular, Table 3 presents the approaches for anticipating the future and dealing with uncertainty in policymaking." type="">
   </statement>
   <statement id="4" text="levels of uncertainty has a same future." type="">
   </statement>
   <statement id="7" text="The 4 levels of policy are totally different from each other." type="">
   </statement>
   <statement id="9" text="There are 4 different levels of policy in Shared typology (PA and PM)." type="">
   </statement>
   <statement id="12" text="There are 6 different levels of uncertainty." type="">
   </statement>
  </statements>
 </table>
</document>