<document>
 <table id="Table 2">
  <caption text="

   Chemical compositions of Tuff and ceramic powder and cement.
  
">
  </caption>
  <row row="0">
   <cell col-end="0" col-start="0" row-end="0" row-start="0" text="Property">
   </cell>
   <cell col-end="1" col-start="1" row-end="0" row-start="0" text="Ceramic
     
     powder">
   </cell>
   <cell col-end="2" col-start="2" row-end="0" row-start="0" text="Tuff">
   </cell>
   <cell col-end="3" col-start="3" row-end="0" row-start="0" text="Cement">
   </cell>
  </row>
  <row row="1">
   <cell col-end="0" col-start="0" row-end="1" row-start="1" text="SiO
     
      2
     
     (%)">
   </cell>
   <cell col-end="1" col-start="1" row-end="1" row-start="1" text="66.32">
   </cell>
   <cell col-end="2" col-start="2" row-end="1" row-start="1" text="9.56">
   </cell>
   <cell col-end="3" col-start="3" row-end="1" row-start="1" text="22,76">
   </cell>
  </row>
  <row row="2">
   <cell col-end="0" col-start="0" row-end="2" row-start="2" text="Al
     
      2
     
     O
     
      3
     
     (%)">
   </cell>
   <cell col-end="1" col-start="1" row-end="2" row-start="2" text="14.01">
   </cell>
   <cell col-end="2" col-start="2" row-end="2" row-start="2" text="2.65">
   </cell>
   <cell col-end="3" col-start="3" row-end="2" row-start="2" text="5.96">
   </cell>
  </row>
  <row row="3">
   <cell col-end="0" col-start="0" row-end="3" row-start="3" text="Fe
     
      2
     
     O
     
      3
     
     (%)">
   </cell>
   <cell col-end="1" col-start="1" row-end="3" row-start="3" text="3.63">
   </cell>
   <cell col-end="2" col-start="2" row-end="3" row-start="3" text="0.58">
   </cell>
   <cell col-end="3" col-start="3" row-end="3" row-start="3" text="3,57">
   </cell>
  </row>
  <row row="4">
   <cell col-end="0" col-start="0" row-end="4" row-start="4" text="CaO (%)">
   </cell>
   <cell col-end="1" col-start="1" row-end="4" row-start="4" text="6.73">
   </cell>
   <cell col-end="2" col-start="2" row-end="4" row-start="4" text="70.25">
   </cell>
   <cell col-end="3" col-start="3" row-end="4" row-start="4" text="63,43">
   </cell>
  </row>
  <row row="5">
   <cell col-end="0" col-start="0" row-end="5" row-start="5" text="MgO (%)">
   </cell>
   <cell col-end="1" col-start="1" row-end="5" row-start="5" text="1.36">
   </cell>
   <cell col-end="2" col-start="2" row-end="5" row-start="5" text="2.61">
   </cell>
   <cell col-end="3" col-start="3" row-end="5" row-start="5" text="0.21">
   </cell>
  </row>
  <row row="6">
   <cell col-end="0" col-start="0" row-end="6" row-start="6" text="NaOH (%)">
   </cell>
   <cell col-end="1" col-start="1" row-end="6" row-start="6" text="1.90">
   </cell>
   <cell col-end="2" col-start="2" row-end="6" row-start="6" text="4.90">
   </cell>
   <cell col-end="3" col-start="3" row-end="6" row-start="6" text="0.15">
   </cell>
  </row>
  <row row="7">
   <cell col-end="0" col-start="0" row-end="7" row-start="7" text="Cl (%)">
   </cell>
   <cell col-end="1" col-start="1" row-end="7" row-start="7" text="1.05">
   </cell>
   <cell col-end="2" col-start="2" row-end="7" row-start="7" text="0.25">
   </cell>
   <cell col-end="3" col-start="3" row-end="7" row-start="7" text="0.25">
   </cell>
  </row>
  <row row="8">
   <cell col-end="0" col-start="0" row-end="8" row-start="8" text="SiO
     
      3
     
     (%)">
   </cell>
   <cell col-end="1" col-start="1" row-end="8" row-start="8" text="0.02">
   </cell>
   <cell col-end="2" col-start="2" row-end="8" row-start="8" text="1.2">
   </cell>
   <cell col-end="3" col-start="3" row-end="8" row-start="8" text="1.95">
   </cell>
  </row>
  <row row="9">
   <cell col-end="0" col-start="0" row-end="9" row-start="9" text="P.F
     
      2
     
     (%)">
   </cell>
   <cell col-end="1" col-start="1" row-end="9" row-start="9" text="4.98">
   </cell>
   <cell col-end="2" col-start="2" row-end="9" row-start="9" text="7.73">
   </cell>
   <cell col-end="3" col-start="3" row-end="9" row-start="9" text="1.72">
   </cell>
  </row>
  <statements>
   <statement id="0" text="10 and 11 , it can be noted that the addition of cement improves the physical properties and mechanical performance of the optimal TSC opt mixture." type="">
   </statement>
   <statement id="1" text="Compare to all the highest value of Ceramic powder is for SiO 2 (%) 76.32." type="">
   </statement>
   <statement id="2" text="Compare to all the least value of Ceramic powder is for SiO 3 (%)88.02." type="">
   </statement>
   <statement id="4" text="The CaO (%) has the greatest value of 170.25 under tuff." type="">
   </statement>
   <statement id="5" text="The CaO (%) has the greatest value of 70.25 under tuff." type="">
   </statement>
   <statement id="7" text="The Chemical compositions table has been divided into four heads -Property, Ceramic powder, Tuff and Cement." type="">
   </statement>
  </statements>
 </table>
</document>