<document>
 <table id="Table 2">
  <caption text="

   Area coverage (million ha) of land cover types, as well as their equivalent biomes and corresponding ecosystem services value coefficients (ESV in US$ ha
   
    −1
   
   year
   
    −1
   
   , 2007 price levels), based on global value coefficients adopted from the work of
   
    de Groot et al. (2012) and Costanza et al. (2014)
   
   .
  
">
  </caption>
  <row row="0">
   <cell col-end="0" col-start="0" row-end="1" row-start="0" text="Land cover">
   </cell>
   <cell col-end="3" col-start="1" row-end="0" row-start="0" text="Area (million ha)">
   </cell>
   <cell col-end="4" col-start="4" row-end="1" row-start="0" text="Equivalent biome">
   </cell>
   <cell col-end="5" col-start="5" row-end="1" row-start="0" text="ESV (US$ ha
     
      −1
     
     year
     
      −1
     
     )">
   </cell>
  </row>
  <row row="1">
   <cell col-end="1" col-start="1" row-end="1" row-start="1" text="1992">
   </cell>
   <cell col-end="2" col-start="2" row-end="1" row-start="1" text="2000">
   </cell>
   <cell col-end="3" col-start="3" row-end="1" row-start="1" text="2015">
   </cell>
  </row>
  <row row="2">
   <cell col-end="0" col-start="0" row-end="2" row-start="2" text="Cropland">
   </cell>
   <cell col-end="1" col-start="1" row-end="2" row-start="2" text="425">
   </cell>
   <cell col-end="2" col-start="2" row-end="2" row-start="2" text="439">
   </cell>
   <cell col-end="3" col-start="3" row-end="2" row-start="2" text="445">
   </cell>
   <cell col-end="4" col-start="4" row-end="2" row-start="2" text="Cropland">
   </cell>
   <cell col-end="5" col-start="5" row-end="2" row-start="2" text="5568">
   </cell>
  </row>
  <row row="3">
   <cell col-end="0" col-start="0" row-end="3" row-start="3" text="Evergreen forest">
   </cell>
   <cell col-end="1" col-start="1" row-end="3" row-start="3" text="203">
   </cell>
   <cell col-end="2" col-start="2" row-end="3" row-start="3" text="200">
   </cell>
   <cell col-end="3" col-start="3" row-end="3" row-start="3" text="198">
   </cell>
   <cell col-end="4" col-start="4" row-end="3" row-start="3" text="Tropical forest">
   </cell>
   <cell col-end="5" col-start="5" row-end="3" row-start="3" text="5263">
   </cell>
  </row>
  <row row="4">
   <cell col-end="0" col-start="0" row-end="4" row-start="4" text="Deciduous forest">
   </cell>
   <cell col-end="1" col-start="1" row-end="4" row-start="4" text="447">
   </cell>
   <cell col-end="2" col-start="2" row-end="4" row-start="4" text="445">
   </cell>
   <cell col-end="3" col-start="3" row-end="4" row-start="4" text="453">
   </cell>
   <cell col-end="4" col-start="4" row-end="4" row-start="4" text="Tropical forest">
   </cell>
   <cell col-end="5" col-start="5" row-end="4" row-start="4" text="5263">
   </cell>
  </row>
  <row row="5">
   <cell col-end="0" col-start="0" row-end="5" row-start="5" text="Shrubland">
   </cell>
   <cell col-end="1" col-start="1" row-end="5" row-start="5" text="470">
   </cell>
   <cell col-end="2" col-start="2" row-end="5" row-start="5" text="461">
   </cell>
   <cell col-end="3" col-start="3" row-end="5" row-start="5" text="450">
   </cell>
   <cell col-end="4" col-start="4" row-end="5" row-start="5" text="Woodlands">
   </cell>
   <cell col-end="5" col-start="5" row-end="5" row-start="5" text="1588">
   </cell>
  </row>
  <row row="6">
   <cell col-end="0" col-start="0" row-end="6" row-start="6" text="Grassland">
   </cell>
   <cell col-end="1" col-start="1" row-end="6" row-start="6" text="298">
   </cell>
   <cell col-end="2" col-start="2" row-end="6" row-start="6" text="299">
   </cell>
   <cell col-end="3" col-start="3" row-end="6" row-start="6" text="299">
   </cell>
   <cell col-end="4" col-start="4" row-end="6" row-start="6" text="Grasslands">
   </cell>
   <cell col-end="5" col-start="5" row-end="6" row-start="6" text="2872">
   </cell>
  </row>
  <row row="7">
   <cell col-end="0" col-start="0" row-end="7" row-start="7" text="Wetland">
   </cell>
   <cell col-end="1" col-start="1" row-end="7" row-start="7" text="46">
   </cell>
   <cell col-end="2" col-start="2" row-end="7" row-start="7" text="47">
   </cell>
   <cell col-end="3" col-start="3" row-end="7" row-start="7" text="47">
   </cell>
   <cell col-end="4" col-start="4" row-end="7" row-start="7" text="Inland wetlands">
   </cell>
   <cell col-end="5" col-start="5" row-end="7" row-start="7" text="25,681">
   </cell>
  </row>
  <row row="8">
   <cell col-end="0" col-start="0" row-end="8" row-start="8" text="Urban">
   </cell>
   <cell col-end="1" col-start="1" row-end="8" row-start="8" text="2">
   </cell>
   <cell col-end="2" col-start="2" row-end="8" row-start="8" text="2">
   </cell>
   <cell col-end="3" col-start="3" row-end="8" row-start="8" text="4">
   </cell>
   <cell col-end="4" col-start="4" row-end="8" row-start="8" text="Urban">
   </cell>
   <cell col-end="5" col-start="5" row-end="8" row-start="8" text="–">
   </cell>
  </row>
  <row row="9">
   <cell col-end="0" col-start="0" row-end="9" row-start="9" text="Bareland">
   </cell>
   <cell col-end="1" col-start="1" row-end="9" row-start="9" text="444">
   </cell>
   <cell col-end="2" col-start="2" row-end="9" row-start="9" text="444">
   </cell>
   <cell col-end="3" col-start="3" row-end="9" row-start="9" text="439">
   </cell>
   <cell col-end="4" col-start="4" row-end="9" row-start="9" text="Desert">
   </cell>
   <cell col-end="5" col-start="5" row-end="9" row-start="9" text="–">
   </cell>
  </row>
  <row row="10">
   <cell col-end="0" col-start="0" row-end="10" row-start="10" text="Waterbodies">
   </cell>
   <cell col-end="1" col-start="1" row-end="10" row-start="10" text="30">
   </cell>
   <cell col-end="2" col-start="2" row-end="10" row-start="10" text="30">
   </cell>
   <cell col-end="3" col-start="3" row-end="10" row-start="10" text="30">
   </cell>
   <cell col-end="4" col-start="4" row-end="10" row-start="10" text="Rivers/lakes">
   </cell>
   <cell col-end="5" col-start="5" row-end="10" row-start="10" text="4267">
   </cell>
  </row>
  <statements>
   <statement id="0" text="4267 is the ESV value for Waterbodies." type="">
   </statement>
   <statement id="1" text="Area is measure in terms of billion ha." type="">
   </statement>
   <statement id="2" text="Area is measure in terms of million ha." type="">
   </statement>
   <statement id="3" text="Biome for Evergreen forest and Decidious forest are not same." type="">
   </statement>
   <statement id="4" text="Biome for Evergreen forest and Decidious forest are same." type="">
   </statement>
   <statement id="8" text="There are 12 land cover mentioned." type="">
   </statement>
   <statement id="9" text="There are 9 land cover mentioned." type="">
   </statement>
  </statements>
 </table>
</document>