<document>
 <table id="Table 1">
  <caption text="

   Comparison of mean waterbird abundances in camera surveys and ground surveys
  
">
  </caption>
  <legend text="

   Field types are aligned based off management similarity (flooding regime and post-harvest management). Only means are reported, see original article for full descriptive statistics [
   
    8
   
   ,
   
    18
   
   ,
   
    19
   
   ]. Sesser et. al and Marty are approximations of reported values.
  
">
  </legend>
  <row row="0">
   <cell col-end="2" col-start="0" row-end="0" row-start="0" text="Camera Surveys (Firth et. al 2020)">
   </cell>
   <cell col-end="5" col-start="3" row-end="0" row-start="0" text="Ground surveys (Sesser et. al 2016)">
   </cell>
   <cell col-end="7" col-start="6" row-end="0" row-start="0" text="Ground Surveys (Marty 2013)">
   </cell>
  </row>
  <row row="1">
   <cell col-end="0" col-start="0" row-end="1" row-start="1" text="Field type">
   </cell>
   <cell col-end="1" col-start="1" row-end="1" row-start="1" text="Geese/ha/day (
     


        x
       

        ¯
       


     )">
   </cell>
   <cell col-end="2" col-start="2" row-end="1" row-start="1" text="Duck/ha/day (
     


        x
       

        ¯
       


     )">
   </cell>
   <cell col-end="3" col-start="3" row-end="1" row-start="1" text="Field type">
   </cell>
   <cell col-end="4" col-start="4" row-end="1" row-start="1" text="Geese/ha/day (
     


        x
       

        ¯
       


     )">
   </cell>
   <cell col-end="5" col-start="5" row-end="1" row-start="1" text="Duck/ha/day (
     


        x
       

        ¯
       


     )">
   </cell>
   <cell col-end="6" col-start="6" row-end="1" row-start="1" text="Field type">
   </cell>
   <cell col-end="7" col-start="7" row-end="1" row-start="1" text="Waterbird/ha/day (
     


        x
       

        ¯
       


     )">
   </cell>
  </row>
  <row row="2">
   <cell col-end="0" col-start="0" row-end="2" row-start="2" text="Long-term flooded, no till (LF)">
   </cell>
   <cell col-end="1" col-start="1" row-end="2" row-start="2" text="15.8">
   </cell>
   <cell col-end="2" col-start="2" row-end="2" row-start="2" text="6.1">
   </cell>
   <cell col-end="3" col-start="3" row-end="2" row-start="2" text="Flooded, non-baled">
   </cell>
   <cell col-end="4" col-start="4" row-end="2" row-start="2" text="5">
   </cell>
   <cell col-end="5" col-start="5" row-end="2" row-start="2" text="7">
   </cell>
   <cell col-end="6" col-start="6" row-end="2" row-start="2" text="Flooded, non-disked">
   </cell>
   <cell col-end="7" col-start="7" row-end="2" row-start="2" text="7.35">
   </cell>
  </row>
  <row row="3">
   <cell col-end="0" col-start="0" row-end="3" row-start="3" text="Long-term non-flooded, no till (LN)">
   </cell>
   <cell col-end="1" col-start="1" row-end="3" row-start="3" text="7.2">
   </cell>
   <cell col-end="2" col-start="2" row-end="3" row-start="3" text="2.6">
   </cell>
   <cell col-end="3" col-start="3" row-end="3" row-start="3" text="Non-flooded, non-baled">
   </cell>
   <cell col-end="4" col-start="4" row-end="3" row-start="3" text="3">
   </cell>
   <cell col-end="5" col-start="5" row-end="3" row-start="3" text="0">
   </cell>
   <cell col-end="6" col-start="6" row-end="3" row-start="3" text="Non-flooded, non-disked">
   </cell>
   <cell col-end="7" col-start="7" row-end="3" row-start="3" text="0.07">
   </cell>
  </row>
  <row row="4">
   <cell col-end="0" col-start="0" row-end="4" row-start="4" text="First year flooded, tilled (CF)">
   </cell>
   <cell col-end="1" col-start="1" row-end="4" row-start="4" text="5.94">
   </cell>
   <cell col-end="2" col-start="2" row-end="4" row-start="4" text="7.7">
   </cell>
   <cell col-end="3" col-start="3" row-end="4" row-start="4" text="Flooded, baled">
   </cell>
   <cell col-end="4" col-start="4" row-end="4" row-start="4" text="3">
   </cell>
   <cell col-end="5" col-start="5" row-end="4" row-start="4" text="3">
   </cell>
   <cell col-end="6" col-start="6" row-end="4" row-start="4" text="Flooded, disked">
   </cell>
   <cell col-end="7" col-start="7" row-end="4" row-start="4" text="3.35">
   </cell>
  </row>
  <row row="5">
   <cell col-end="0" col-start="0" row-end="5" row-start="5" text="Non-flooded, tilled (CN)">
   </cell>
   <cell col-end="1" col-start="1" row-end="5" row-start="5" text="2.12">
   </cell>
   <cell col-end="2" col-start="2" row-end="5" row-start="5" text="3.2">
   </cell>
   <cell col-end="3" col-start="3" row-end="5" row-start="5" text="Non-flooded, baled">
   </cell>
   <cell col-end="4" col-start="4" row-end="5" row-start="5" text="5">
   </cell>
   <cell col-end="5" col-start="5" row-end="5" row-start="5" text="0">
   </cell>
   <cell col-end="6" col-start="6" row-end="5" row-start="5" text="Non-flooded, disked">
   </cell>
   <cell col-end="7" col-start="7" row-end="5" row-start="5" text="0.06">
   </cell>
  </row>
  <statements>
   <statement id="1" text="In camera surveys Non-flooded,tilled(CN) has zero x value." type="">
   </statement>
   <statement id="2" text="The field type Non flooded, disked has the least x value." type="">
   </statement>
   <statement id="3" text="There are two surveys i.e, camera surveys and ground surveys." type="">
   </statement>
   <statement id="5" text="Camera surveys are conducted twice which is in 2013 and 2016 where as ground surveys in 2020." type="">
   </statement>
   <statement id="7" text="The field type Non flooded, non-disked has least x value." type="">
   </statement>
   <statement id="8" text="The field type Non flooded, non-disked has the least x value." type="">
   </statement>
  </statements>
 </table>
</document>