<document>
 <table id="Table 1">
  <caption text="

   Total paper grammage, specific surface area of the four composite papers.
  
">
  </caption>
  <row row="0">
   <cell col-end="0" col-start="0" row-end="0" row-start="0" text="Property">
   </cell>
   <cell col-end="1" col-start="1" row-end="0" row-start="0" text="grammage">
   </cell>
   <cell col-end="2" col-start="2" row-end="0" row-start="0" text="specific surface area">
   </cell>
  </row>
  <row row="1">
   <cell col-end="0" col-start="0" row-end="1" row-start="1" text="Unit">
   </cell>
   <cell col-end="1" col-start="1" row-end="1" row-start="1" text="g/m
     
      2">
   </cell>
   <cell col-end="2" col-start="2" row-end="1" row-start="1" text="m
     
      2
     
     /g">
   </cell>
  </row>
  <row row="2">
   <cell col-end="0" col-start="0" row-end="2" row-start="2" text="Paper">
   </cell>
   <cell col-end="1" col-start="1" row-end="2" row-start="2" text="">
   </cell>
   <cell col-end="2" col-start="2" row-end="2" row-start="2" text="">
   </cell>
  </row>
  <row row="3">
   <cell col-end="0" col-start="0" row-end="3" row-start="3" text="A">
   </cell>
   <cell col-end="1" col-start="1" row-end="3" row-start="3" text="60,8">
   </cell>
   <cell col-end="2" col-start="2" row-end="3" row-start="3" text="0,58">
   </cell>
  </row>
  <row row="4">
   <cell col-end="0" col-start="0" row-end="4" row-start="4" text="B">
   </cell>
   <cell col-end="1" col-start="1" row-end="4" row-start="4" text="62,6">
   </cell>
   <cell col-end="2" col-start="2" row-end="4" row-start="4" text="1,06">
   </cell>
  </row>
  <row row="5">
   <cell col-end="0" col-start="0" row-end="5" row-start="5" text="D">
   </cell>
   <cell col-end="1" col-start="1" row-end="5" row-start="5" text="62,0">
   </cell>
   <cell col-end="2" col-start="2" row-end="5" row-start="5" text="1,43">
   </cell>
  </row>
  <row row="6">
   <cell col-end="0" col-start="0" row-end="6" row-start="6" text="F">
   </cell>
   <cell col-end="1" col-start="1" row-end="6" row-start="6" text="56,1">
   </cell>
   <cell col-end="2" col-start="2" row-end="6" row-start="6" text="1,46">
   </cell>
  </row>
  <statements>
   <statement id="4" text="The specific surface area of the four composite papers are unique." type="">
   </statement>
  </statements>
 </table>
</document>