<document>
 <table id="Table 1">
  <caption text="

   Themes in digital and social media marketing research - adapted from Kannan et al., (2017).
  
">
  </caption>
  <row row="0">
   <cell col-end="0" col-start="0" row-end="0" row-start="0" text="Themes">
   </cell>
   <cell col-end="1" col-start="1" row-end="0" row-start="0" text="Citations">
   </cell>
  </row>
  <row row="1">
   <cell col-end="0" col-start="0" row-end="1" row-start="1" text="Environment">
   </cell>
   <cell col-end="1" col-start="1" row-end="1" row-start="1" text="Abou-Elgheit, 2018
     
     ;
     
      Alam et al., 2019
     
     ;
     
      Algharabat et al., 2018
     
     ;
     

      Arora et al., 2019
     
     ;
     
      Bae and Zamrudi, 2018
     
     ;
     
      Gaber et al. 2019
     
     ;
     
      Gironda and Korgaonkar, 2018
     
     ;
     
      Islam et al., 2018
     
     ;
     
      Ismagilova et al., 2020c
     
     ;
     
      Kang, 2018
     
     ;
     
      Kim and Jang, 2019
     
     ;
     
      Komodromos et al., 2018
     
     ;
     
      Lin et al., 2018
     
     ;
     
      Liu et al., 2018
     
     ;
     
      Mandal, 2019
     
     ;
     
      Mazzucchelli et al., 2018
     
     ;
     
      Perez Curiel &amp; Luque Ortiz, 2018
     
     ;
     
      Seo &amp; Park, 2018
     
     .">
   </cell>
  </row>
  <row row="2">
   <cell col-end="0" col-start="0" row-end="2" row-start="2" text="Marketing strategies">
   </cell>
   <cell col-end="1" col-start="1" row-end="2" row-start="2" text="Ang et al., 2018
     
     ;
     
      Chen &amp; Lee, 2018
     
     ;
     
      Hutchins and Rodriguez, 2018
     
     ;
     
      Hwang et al., 2018
     
     ;
     
      Kang &amp; Park, 2018
     
     ;
     
      Kusumasondjaja, 2018
     
     ;
     
      Lee et al., 2018
     
     ;
     
      Parsons &amp; Lepkowska-White, 2018
     
     ;
     
      Tafesse &amp; Wien, 2018
     
     ;
     
      Teo, 2019
     
     .">
   </cell>
  </row>
  <row row="3">
   <cell col-end="0" col-start="0" row-end="3" row-start="3" text="Company">
   </cell>
   <cell col-end="1" col-start="1" row-end="3" row-start="3" text="Ballestar et al., 2019
     
     ;
     
      Canovi &amp; Pucciarelli, 2019
     
     ;
     
      Gil-González et al., 2018
     
     ;
     
      Iankova et al., 2019
     
     ;
     
      Matikiti et al., 2018
     
     ;
     
      Miklosik et al., 2019
     
     ;
     
      Petit et al., 2019
     
     ;
     
      Ritz et al., 2019
     
     ;
     
      Roumieh et al., 2018
     
     ;
     
      Tous et al., 2018
     
     ;
     
      Vermeer et al., 2019
     
     .">
   </cell>
  </row>
  <row row="4">
   <cell col-end="0" col-start="0" row-end="4" row-start="4" text="Outcomes">
   </cell>
   <cell col-end="1" col-start="1" row-end="4" row-start="4" text="Ahmed et al., 2019
     
     ;
     
      Alansari et al., 2018
     
     ;
     
      Aswani et al. (2018)
     
     ;
     
      Hanaysha, 2018
     
     ;
     
      Ibrahim &amp; Aljarah, 2018
     
     ;
     
      Mishra, 2019
     
     ;
     
      Morra et al., 2018
     
     ;
     
      Shanahan et al., 2019
     
     ;
     
      Smith, 2018
     
     ;
     
      Stojanovic et al., 2018
     
     ;
     
      Syrdal &amp; Briggs, 2018
     
     ;
     
      Tarnovskaya &amp; Biedenbach, 2018
     
     ;
     
      Veseli-Kurtishi, 2018
     
     ;
     
      Wong et al., 2018
     
     .">
   </cell>
  </row>
  <statements>
   <statement id="6" text="There are four themes observed." type="">
   </statement>
  </statements>
 </table>
 <table id="Table 2">
  <caption text="

   Invited contributions related to digital and social media marketing.
  
">
  </caption>
  <row row="0">
   <cell col-end="0" col-start="0" row-end="0" row-start="0" text="Contribution title">
   </cell>
   <cell col-end="1" col-start="1" row-end="0" row-start="0" text="Author(s)">
   </cell>
  </row>
  <row row="1">
   <cell col-end="0" col-start="0" row-end="1" row-start="1" text="Digital marketing &amp; humanity: From individuals to societies and consuming to creating">
   </cell>
   <cell col-end="1" col-start="1" row-end="1" row-start="1" text="Anjala S. Krishen, University of Nevada Las Vegas, USA">
   </cell>
  </row>
  <row row="2">
   <cell col-end="0" col-start="0" row-end="2" row-start="2" text="Leveraging social media to understand consumer behavior">
   </cell>
   <cell col-end="1" col-start="1" row-end="2" row-start="2" text="Gina A. Tran, Florida Gulf Coast University, USA">
   </cell>
  </row>
  <row row="3">
   <cell col-end="0" col-start="0" row-end="3" row-start="3" text="Understanding and cultivating engaged consumers in digital channels">
   </cell>
   <cell col-end="1" col-start="1" row-end="3" row-start="3" text="Jamie Carlson, University of Newcastle, Australia">
   </cell>
  </row>
  <row row="4">
   <cell col-end="0" col-start="0" row-end="4" row-start="4" text="B2B Digital and social media marketing">
   </cell>
   <cell col-end="1" col-start="1" row-end="4" row-start="4" text="Jari Salo, University of Helsinki, Finland">
   </cell>
  </row>
  <row row="5">
   <cell col-end="0" col-start="0" row-end="5" row-start="5" text="Future direction on developing metrics and scales for digital content marketing which aims to foster consumers' experience and customer journey">
   </cell>
   <cell col-end="1" col-start="1" row-end="5" row-start="5" text="Mohammad Rahman, Shippensburg University, USA">
   </cell>
  </row>
  <row row="6">
   <cell col-end="0" col-start="0" row-end="6" row-start="6" text="Electronic Word of Mouth (eWOM)">
   </cell>
   <cell col-end="1" col-start="1" row-end="6" row-start="6" text="Raffaele Filieri, Audencia Business School, France">
   </cell>
  </row>
  <row row="7">
   <cell col-end="0" col-start="0" row-end="7" row-start="7" text="Reflections on social media marketing research: present and future perspectives">
   </cell>
   <cell col-end="1" col-start="1" row-end="7" row-start="7" text="Jenny Rowley, Manchester Metropolitan University, UK">
   </cell>
  </row>
  <row row="8">
   <cell col-end="0" col-start="0" row-end="8" row-start="8" text="Augmented reality marketing: Introducing a new paradigm">
   </cell>
   <cell col-end="1" col-start="1" row-end="8" row-start="8" text="Philipp A. Rauschnabel, Universität der Bundeswehr München, Germany">
   </cell>
  </row>
  <row row="9">
   <cell col-end="0" col-start="0" row-end="9" row-start="9" text="Responsible artificial intelligence (AI) perspective on social media marketing">
   </cell>
   <cell col-end="1" col-start="1" row-end="9" row-start="9" text="Yichuan Wang, University of Sheffield, UK">
   </cell>
  </row>
  <row row="10">
   <cell col-end="0" col-start="0" row-end="10" row-start="10" text="How AI would affect digital marketing? A practitioner view">
   </cell>
   <cell col-end="1" col-start="1" row-end="10" row-start="10" text="Vikram Kumar and Ramakrishnan Raman, Symbiosis Institute of Business Management, India">
   </cell>
  </row>
  <row row="11">
   <cell col-end="0" col-start="0" row-end="11" row-start="11" text="Dyad mobile advertising framework for the Future Research Agenda: marketers’ and consumers’ Perspectives">
   </cell>
   <cell col-end="1" col-start="1" row-end="11" row-start="11" text="Varsha Jain, MICA, India">
   </cell>
  </row>
  <row row="12">
   <cell col-end="0" col-start="0" row-end="12" row-start="12" text="Research on mobile marketing">
   </cell>
   <cell col-end="1" col-start="1" row-end="12" row-start="12" text="Heikki Karjaluoto, University of Jyväskylä, Finland">
   </cell>
  </row>
  <row row="13">
   <cell col-end="0" col-start="0" row-end="13" row-start="13" text="Crossing to the dark side of social and digital marketing: Insights and research avenues">
   </cell>
   <cell col-end="1" col-start="1" row-end="13" row-start="13" text="Hajer Kefi, PSB - Paris School of Business, France">
   </cell>
  </row>
  <row row="14">
   <cell col-end="0" col-start="0" row-end="14" row-start="14" text="Ethical issues in digital and social media marketing">
   </cell>
   <cell col-end="1" col-start="1" row-end="14" row-start="14" text="Jenna Jacobson, Ryerson University, Canada">
   </cell>
  </row>
  <statements>
   <statement id="0" text="Electronic Word of Mouth (eWOM) has Mohammad Rahman, Shippensburg University, USA as Author." type="">
   </statement>
   <statement id="5" text="The table has two columns - Contribution title and Author(s)." type="">
   </statement>
  </statements>
 </table>
</document>