<document>
 <table id="Table 1">
  <caption text="

   Subthemes and emerging themes developed during the thematic analysis.
  
">
  </caption>
  <row row="0">
   <cell col-end="0" col-start="0" row-end="0" row-start="0" text="Emerging themes">
   </cell>
   <cell col-end="1" col-start="1" row-end="0" row-start="0" text="Subthemes">
   </cell>
  </row>
  <row row="1">
   <cell col-end="0" col-start="0" row-end="1" row-start="1" text="Secondary motivations">
   </cell>
   <cell col-end="1" col-start="1" row-end="1" row-start="1" text="Belonging">
   </cell>
  </row>
  <row row="2">
   <cell col-end="0" col-start="0" row-end="2" row-start="2" text="">
   </cell>
   <cell col-end="1" col-start="1" row-end="2" row-start="2" text="Healthier body ideal">
   </cell>
  </row>
  <row row="3">
   <cell col-end="0" col-start="0" row-end="3" row-start="3" text="">
   </cell>
   <cell col-end="1" col-start="1" row-end="3" row-start="3" text="Stabilize mental health">
   </cell>
  </row>
  <row row="4">
   <cell col-end="0" col-start="0" row-end="4" row-start="4" text="">
   </cell>
   <cell col-end="1" col-start="1" row-end="4" row-start="4" text="Self-protection">
   </cell>
  </row>
  <row row="5">
   <cell col-end="0" col-start="0" row-end="5" row-start="5" text="">
   </cell>
   <cell col-end="1" col-start="1" row-end="5" row-start="5" text="Emotional flattening - reduced empathy">
   </cell>
  </row>
  <row row="6">
   <cell col-end="0" col-start="0" row-end="6" row-start="6" text="Trusting male AAS users as knowledge sources">
   </cell>
   <cell col-end="1" col-start="1" row-end="6" row-start="6" text="Trustworthy males">
   </cell>
  </row>
  <row row="7">
   <cell col-end="0" col-start="0" row-end="7" row-start="7" text="">
   </cell>
   <cell col-end="1" col-start="1" row-end="7" row-start="7" text="Seller as gatekeeper of knowledge about female steroid use">
   </cell>
  </row>
  <row row="8">
   <cell col-end="0" col-start="0" row-end="8" row-start="8" text="">
   </cell>
   <cell col-end="1" col-start="1" row-end="8" row-start="8" text="Indirect knowledge sharing between women through seller">
   </cell>
  </row>
  <row row="9">
   <cell col-end="0" col-start="0" row-end="9" row-start="9" text="">
   </cell>
   <cell col-end="1" col-start="1" row-end="9" row-start="9" text="Online female-female sharing">
   </cell>
  </row>
  <row row="10">
   <cell col-end="0" col-start="0" row-end="10" row-start="10" text="">
   </cell>
   <cell col-end="1" col-start="1" row-end="10" row-start="10" text="Online female-male-female sharing">
   </cell>
  </row>
  <row row="11">
   <cell col-end="0" col-start="0" row-end="11" row-start="11" text="">
   </cell>
   <cell col-end="1" col-start="1" row-end="11" row-start="11" text="Male overruling of planned dosage">
   </cell>
  </row>
  <row row="12">
   <cell col-end="0" col-start="0" row-end="12" row-start="12" text="">
   </cell>
   <cell col-end="1" col-start="1" row-end="12" row-start="12" text="Male overruling of desired steroid">
   </cell>
  </row>
  <row row="13">
   <cell col-end="0" col-start="0" row-end="13" row-start="13" text="Voice change and disclosed AAS use">
   </cell>
   <cell col-end="1" col-start="1" row-end="13" row-start="13" text="Voice change as social stigma">
   </cell>
  </row>
  <row row="14">
   <cell col-end="0" col-start="0" row-end="14" row-start="14" text="">
   </cell>
   <cell col-end="1" col-start="1" row-end="14" row-start="14" text="AAS use hidden in and outside of the gym environment">
   </cell>
  </row>
  <row row="15">
   <cell col-end="0" col-start="0" row-end="15" row-start="15" text="">
   </cell>
   <cell col-end="1" col-start="1" row-end="15" row-start="15" text="Deeper voice mistaken for male gender">
   </cell>
  </row>
  <row row="16">
   <cell col-end="0" col-start="0" row-end="16" row-start="16" text="">
   </cell>
   <cell col-end="1" col-start="1" row-end="16" row-start="16" text="Voice change not recognized by user">
   </cell>
  </row>
  <row row="17">
   <cell col-end="0" col-start="0" row-end="17" row-start="17" text="">
   </cell>
   <cell col-end="1" col-start="1" row-end="17" row-start="17" text="Wellbeing and body satisfaction as acceptance of voice change">
   </cell>
  </row>
  <row row="18">
   <cell col-end="0" col-start="0" row-end="18" row-start="18" text="">
   </cell>
   <cell col-end="1" col-start="1" row-end="18" row-start="18" text="Daily reminder of previous AAS use in family setting">
   </cell>
  </row>
  <row row="19">
   <cell col-end="0" col-start="0" row-end="19" row-start="19" text="Gonadal function to monitor effect and safety">
   </cell>
   <cell col-end="1" col-start="1" row-end="19" row-start="19" text="Absent menstruation viewed as positive and a relief">
   </cell>
  </row>
  <row row="20">
   <cell col-end="0" col-start="0" row-end="20" row-start="20" text="">
   </cell>
   <cell col-end="1" col-start="1" row-end="20" row-start="20" text="Absent menstruation as sign of effect">
   </cell>
  </row>
  <row row="21">
   <cell col-end="0" col-start="0" row-end="21" row-start="21" text="">
   </cell>
   <cell col-end="1" col-start="1" row-end="21" row-start="21" text="Absent menstruation as sign of low body fat">
   </cell>
  </row>
  <row row="22">
   <cell col-end="0" col-start="0" row-end="22" row-start="22" text="">
   </cell>
   <cell col-end="1" col-start="1" row-end="22" row-start="22" text="Return of menstruation as sign of normal gonadal function">
   </cell>
  </row>
  <row row="23">
   <cell col-end="0" col-start="0" row-end="23" row-start="23" text="">
   </cell>
   <cell col-end="1" col-start="1" row-end="23" row-start="23" text="Return of menstruation as sign of safety before new AAS cycle">
   </cell>
  </row>
  <row row="24">
   <cell col-end="0" col-start="0" row-end="24" row-start="24" text="Experiences of genital change">
   </cell>
   <cell col-end="1" col-start="1" row-end="24" row-start="24" text="Clitoral enlargement reduced after cycle/AAS use">
   </cell>
  </row>
  <row row="25">
   <cell col-end="0" col-start="0" row-end="25" row-start="25" text="">
   </cell>
   <cell col-end="1" col-start="1" row-end="25" row-start="25" text="Clitoral enlargement and shame">
   </cell>
  </row>
  <row row="26">
   <cell col-end="0" col-start="0" row-end="26" row-start="26" text="">
   </cell>
   <cell col-end="1" col-start="1" row-end="26" row-start="26" text="Clitoral enlargement and reduced self esteem">
   </cell>
  </row>
  <row row="27">
   <cell col-end="0" col-start="0" row-end="27" row-start="27" text="">
   </cell>
   <cell col-end="1" col-start="1" row-end="27" row-start="27" text="Fear to share AAS use when consulting physician">
   </cell>
  </row>
  <row row="28">
   <cell col-end="0" col-start="0" row-end="28" row-start="28" text="">
   </cell>
   <cell col-end="1" col-start="1" row-end="28" row-start="28" text="Atrophy of vulva/vagina understood as vaginism by physician">
   </cell>
  </row>
  <row row="29">
   <cell col-end="0" col-start="0" row-end="29" row-start="29" text="">
   </cell>
   <cell col-end="1" col-start="1" row-end="29" row-start="29" text="Atrophy of vulva/vagina - implications for sexual activity">
   </cell>
  </row>
  <row row="30">
   <cell col-end="0" col-start="0" row-end="30" row-start="30" text="Experiences of increased libido depending on partner situation and genital change">
   </cell>
   <cell col-end="1" col-start="1" row-end="30" row-start="30" text="Increased libido perceived as positive">
   </cell>
  </row>
  <row row="31">
   <cell col-end="0" col-start="0" row-end="31" row-start="31" text="">
   </cell>
   <cell col-end="1" col-start="1" row-end="31" row-start="31" text="Particularly positive with partner on simultaneous cycle">
   </cell>
  </row>
  <row row="32">
   <cell col-end="0" col-start="0" row-end="32" row-start="32" text="">
   </cell>
   <cell col-end="1" col-start="1" row-end="32" row-start="32" text="Negative without partner">
   </cell>
  </row>
  <row row="33">
   <cell col-end="0" col-start="0" row-end="33" row-start="33" text="">
   </cell>
   <cell col-end="1" col-start="1" row-end="33" row-start="33" text="Negative with anatomic change">
   </cell>
  </row>
  <statements>
   <statement id="1" text="Experiences of increased libido depending on partner situation and genital change Subthemes is Increased libido perceived as positive." type="">
   </statement>
   <statement id="2" text="Subthemes Secondary motivations for Subthemes are Belonging." type="">
   </statement>
   <statement id="3" text="Experiences of increased libido depending on partner situation and genital change Emerging themes is Increased libido perceived as positive." type="">
   </statement>
  </statements>
 </table>
</document>