<document>
 <table id="Table 1">
  <caption text="

   Studies of willingness to pay for automated cars.
  
">
  </caption>
  <row row="0">
   <cell col-end="0" col-start="0" row-end="0" row-start="0" text="Study">
   </cell>
   <cell col-end="1" col-start="1" row-end="0" row-start="0" text="Country (N)">
   </cell>
   <cell col-end="2" col-start="2" row-end="0" row-start="0" text="Technology">
   </cell>
   <cell col-end="3" col-start="3" row-end="0" row-start="0" text="Percentage with willingness-to-pay = 0">
   </cell>
   <cell col-end="4" col-start="4" row-end="0" row-start="0" text="Subsample for willingness-to-pay">
   </cell>
   <cell col-end="5" col-start="5" row-end="0" row-start="0" text="Mean willingness-to-pay">
   </cell>
   <cell col-end="6" col-start="6" row-end="0" row-start="0" text="Median willingness-to-pay">
   </cell>
   <cell col-end="7" col-start="7" row-end="0" row-start="0" text="Possible to derive demand function">
   </cell>
  </row>
  <row row="1">
   <cell col-end="0" col-start="0" row-end="1" row-start="1" text="">
   </cell>
   <cell col-end="1" col-start="1" row-end="1" row-start="1" text="France (421)">
   </cell>
   <cell col-end="2" col-start="2" row-end="1" row-start="1" text="Fully automated">
   </cell>
   <cell col-end="3" col-start="3" row-end="1" row-start="1" text="22">
   </cell>
   <cell col-end="4" col-start="4" row-end="1" row-start="1" text="WTP &gt; 0">
   </cell>
   <cell col-end="5" col-start="5" row-end="1" row-start="1" text="EURO 1624">
   </cell>
   <cell col-end="6" col-start="6" row-end="1" row-start="1" text="No data">
   </cell>
   <cell col-end="7" col-start="7" row-end="1" row-start="1" text="No">
   </cell>
  </row>
  <row row="2">
   <cell col-end="0" col-start="0" row-end="2" row-start="2" text="">
   </cell>
   <cell col-end="1" col-start="1" row-end="2" row-start="2" text="Australia (505)">
   </cell>
   <cell col-end="2" col-start="2" row-end="2" row-start="2" text="SAE level 4">
   </cell>
   <cell col-end="3" col-start="3" row-end="2" row-start="2" text="55">
   </cell>
   <cell col-end="4" col-start="4" row-end="2" row-start="2" text="Full sample">
   </cell>
   <cell col-end="5" col-start="5" row-end="2" row-start="2" text="No data">
   </cell>
   <cell col-end="6" col-start="6" row-end="2" row-start="2" text="USD 0">
   </cell>
   <cell col-end="7" col-start="7" row-end="2" row-start="2" text="No">
   </cell>
  </row>
  <row row="3">
   <cell col-end="0" col-start="0" row-end="3" row-start="3" text="">
   </cell>
   <cell col-end="1" col-start="1" row-end="3" row-start="3" text="China (610)">
   </cell>
   <cell col-end="2" col-start="2" row-end="3" row-start="3" text="SAE level 4">
   </cell>
   <cell col-end="3" col-start="3" row-end="3" row-start="3" text="22">
   </cell>
   <cell col-end="4" col-start="4" row-end="3" row-start="3" text="Full sample">
   </cell>
   <cell col-end="5" col-start="5" row-end="3" row-start="3" text="No data">
   </cell>
   <cell col-end="6" col-start="6" row-end="3" row-start="3" text="USD 1600">
   </cell>
   <cell col-end="7" col-start="7" row-end="3" row-start="3" text="No">
   </cell>
  </row>
  <row row="4">
   <cell col-end="0" col-start="0" row-end="4" row-start="4" text="">
   </cell>
   <cell col-end="1" col-start="1" row-end="4" row-start="4" text="India (527)">
   </cell>
   <cell col-end="2" col-start="2" row-end="4" row-start="4" text="SAE level 4">
   </cell>
   <cell col-end="3" col-start="3" row-end="4" row-start="4" text="30">
   </cell>
   <cell col-end="4" col-start="4" row-end="4" row-start="4" text="Full sample">
   </cell>
   <cell col-end="5" col-start="5" row-end="4" row-start="4" text="No data">
   </cell>
   <cell col-end="6" col-start="6" row-end="4" row-start="4" text="USD 160">
   </cell>
   <cell col-end="7" col-start="7" row-end="4" row-start="4" text="No">
   </cell>
  </row>
  <row row="5">
   <cell col-end="0" col-start="0" row-end="5" row-start="5" text="">
   </cell>
   <cell col-end="1" col-start="1" row-end="5" row-start="5" text="Japan (585)">
   </cell>
   <cell col-end="2" col-start="2" row-end="5" row-start="5" text="SAE level 4">
   </cell>
   <cell col-end="3" col-start="3" row-end="5" row-start="5" text="68">
   </cell>
   <cell col-end="4" col-start="4" row-end="5" row-start="5" text="Full sample">
   </cell>
   <cell col-end="5" col-start="5" row-end="5" row-start="5" text="No data">
   </cell>
   <cell col-end="6" col-start="6" row-end="5" row-start="5" text="USD 0">
   </cell>
   <cell col-end="7" col-start="7" row-end="5" row-start="5" text="No">
   </cell>
  </row>
  <row row="6">
   <cell col-end="0" col-start="0" row-end="6" row-start="6" text="">
   </cell>
   <cell col-end="1" col-start="1" row-end="6" row-start="6" text="United Kingdom (501)">
   </cell>
   <cell col-end="2" col-start="2" row-end="6" row-start="6" text="SAE level 4">
   </cell>
   <cell col-end="3" col-start="3" row-end="6" row-start="6" text="60">
   </cell>
   <cell col-end="4" col-start="4" row-end="6" row-start="6" text="Full sample">
   </cell>
   <cell col-end="5" col-start="5" row-end="6" row-start="6" text="No data">
   </cell>
   <cell col-end="6" col-start="6" row-end="6" row-start="6" text="USD 0">
   </cell>
   <cell col-end="7" col-start="7" row-end="6" row-start="6" text="No">
   </cell>
  </row>
  <row row="7">
   <cell col-end="0" col-start="0" row-end="7" row-start="7" text="">
   </cell>
   <cell col-end="1" col-start="1" row-end="7" row-start="7" text="United States (527)">
   </cell>
   <cell col-end="2" col-start="2" row-end="7" row-start="7" text="SAE level 4">
   </cell>
   <cell col-end="3" col-start="3" row-end="7" row-start="7" text="55">
   </cell>
   <cell col-end="4" col-start="4" row-end="7" row-start="7" text="Full sample">
   </cell>
   <cell col-end="5" col-start="5" row-end="7" row-start="7" text="No data">
   </cell>
   <cell col-end="6" col-start="6" row-end="7" row-start="7" text="USD 0">
   </cell>
   <cell col-end="7" col-start="7" row-end="7" row-start="7" text="No">
   </cell>
  </row>
  <row row="8">
   <cell col-end="0" col-start="0" row-end="8" row-start="8" text="">
   </cell>
   <cell col-end="1" col-start="1" row-end="8" row-start="8" text="109 countries (4886)">
   </cell>
   <cell col-end="2" col-start="2" row-end="8" row-start="8" text="Fully automated">
   </cell>
   <cell col-end="3" col-start="3" row-end="8" row-start="8" text="22">
   </cell>
   <cell col-end="4" col-start="4" row-end="8" row-start="8" text="Full sample">
   </cell>
   <cell col-end="5" col-start="5" row-end="8" row-start="8" text="USD 6820">
   </cell>
   <cell col-end="6" col-start="6" row-end="8" row-start="8" text="USD 519">
   </cell>
   <cell col-end="7" col-start="7" row-end="8" row-start="8" text="Yes">
   </cell>
  </row>
  <row row="9">
   <cell col-end="0" col-start="0" row-end="9" row-start="9" text="">
   </cell>
   <cell col-end="1" col-start="1" row-end="9" row-start="9" text="South Korea (675)">
   </cell>
   <cell col-end="2" col-start="2" row-end="9" row-start="9" text="SAE level 3">
   </cell>
   <cell col-end="3" col-start="3" row-end="9" row-start="9" text="No data">
   </cell>
   <cell col-end="4" col-start="4" row-end="9" row-start="9" text="Full sample">
   </cell>
   <cell col-end="5" col-start="5" row-end="9" row-start="9" text="USD 3727">
   </cell>
   <cell col-end="6" col-start="6" row-end="9" row-start="9" text="No data">
   </cell>
   <cell col-end="7" col-start="7" row-end="9" row-start="9" text="No">
   </cell>
  </row>
  <row row="10">
   <cell col-end="0" col-start="0" row-end="10" row-start="10" text="">
   </cell>
   <cell col-end="1" col-start="1" row-end="10" row-start="10" text="United States (347)">
   </cell>
   <cell col-end="2" col-start="2" row-end="10" row-start="10" text="SAE level 4">
   </cell>
   <cell col-end="3" col-start="3" row-end="10" row-start="10" text="19 (see text)">
   </cell>
   <cell col-end="4" col-start="4" row-end="10" row-start="10" text="WTP &gt; 0">
   </cell>
   <cell col-end="5" col-start="5" row-end="10" row-start="10" text="USD 7253">
   </cell>
   <cell col-end="6" col-start="6" row-end="10" row-start="10" text="USD 2570">
   </cell>
   <cell col-end="7" col-start="7" row-end="10" row-start="10" text="Yes">
   </cell>
  </row>
  <row row="11">
   <cell col-end="0" col-start="0" row-end="11" row-start="11" text="">
   </cell>
   <cell col-end="1" col-start="1" row-end="11" row-start="11" text="United States (2167)">
   </cell>
   <cell col-end="2" col-start="2" row-end="11" row-start="11" text="SAE level 4">
   </cell>
   <cell col-end="3" col-start="3" row-end="11" row-start="11" text="59">
   </cell>
   <cell col-end="4" col-start="4" row-end="11" row-start="11" text="Full sample">
   </cell>
   <cell col-end="5" col-start="5" row-end="11" row-start="11" text="USD 5857">
   </cell>
   <cell col-end="6" col-start="6" row-end="11" row-start="11" text="USD 0">
   </cell>
   <cell col-end="7" col-start="7" row-end="11" row-start="11" text="Yes">
   </cell>
  </row>
  <row row="12">
   <cell col-end="0" col-start="0" row-end="12" row-start="12" text="">
   </cell>
   <cell col-end="1" col-start="1" row-end="12" row-start="12" text="United States (1260)">
   </cell>
   <cell col-end="2" col-start="2" row-end="12" row-start="12" text="Partial automation">
   </cell>
   <cell col-end="3" col-start="3" row-end="12" row-start="12" text="No data">
   </cell>
   <cell col-end="4" col-start="4" row-end="12" row-start="12" text="Full sample">
   </cell>
   <cell col-end="5" col-start="5" row-end="12" row-start="12" text="USD 3538">
   </cell>
   <cell col-end="6" col-start="6" row-end="12" row-start="12" text="No data">
   </cell>
   <cell col-end="7" col-start="7" row-end="12" row-start="12" text="No">
   </cell>
  </row>
  <row row="13">
   <cell col-end="0" col-start="0" row-end="13" row-start="13" text="">
   </cell>
   <cell col-end="1" col-start="1" row-end="13" row-start="13" text="United States (1260)">
   </cell>
   <cell col-end="2" col-start="2" row-end="13" row-start="13" text="Full automation">
   </cell>
   <cell col-end="3" col-start="3" row-end="13" row-start="13" text="No data">
   </cell>
   <cell col-end="4" col-start="4" row-end="13" row-start="13" text="Full sample">
   </cell>
   <cell col-end="5" col-start="5" row-end="13" row-start="13" text="USD 4917">
   </cell>
   <cell col-end="6" col-start="6" row-end="13" row-start="13" text="No data">
   </cell>
   <cell col-end="7" col-start="7" row-end="13" row-start="13" text="No">
   </cell>
  </row>
  <row row="14">
   <cell col-end="0" col-start="0" row-end="14" row-start="14" text="">
   </cell>
   <cell col-end="1" col-start="1" row-end="14" row-start="14" text="United States (1088)">
   </cell>
   <cell col-end="2" col-start="2" row-end="14" row-start="14" text="SAE level 4">
   </cell>
   <cell col-end="3" col-start="3" row-end="14" row-start="14" text="31 (see text)">
   </cell>
   <cell col-end="4" col-start="4" row-end="14" row-start="14" text="WTP &gt; 0">
   </cell>
   <cell col-end="5" col-start="5" row-end="14" row-start="14" text="USD 7589">
   </cell>
   <cell col-end="6" col-start="6" row-end="14" row-start="14" text="USD 3470">
   </cell>
   <cell col-end="7" col-start="7" row-end="14" row-start="14" text="Yes">
   </cell>
  </row>
  <row row="15">
   <cell col-end="0" col-start="0" row-end="15" row-start="15" text="">
   </cell>
   <cell col-end="1" col-start="1" row-end="15" row-start="15" text="China (441)">
   </cell>
   <cell col-end="2" col-start="2" row-end="15" row-start="15" text="Fully automated">
   </cell>
   <cell col-end="3" col-start="3" row-end="15" row-start="15" text="31">
   </cell>
   <cell col-end="4" col-start="4" row-end="15" row-start="15" text="Full sample">
   </cell>
   <cell col-end="5" col-start="5" row-end="15" row-start="15" text="USD 3577">
   </cell>
   <cell col-end="6" col-start="6" row-end="15" row-start="15" text="USD 763">
   </cell>
   <cell col-end="7" col-start="7" row-end="15" row-start="15" text="Yes">
   </cell>
  </row>
  <row row="16">
   <cell col-end="0" col-start="0" row-end="16" row-start="16" text="">
   </cell>
   <cell col-end="1" col-start="1" row-end="16" row-start="16" text="China (1135)">
   </cell>
   <cell col-end="2" col-start="2" row-end="16" row-start="16" text="Fully automated">
   </cell>
   <cell col-end="3" col-start="3" row-end="16" row-start="16" text="26">
   </cell>
   <cell col-end="4" col-start="4" row-end="16" row-start="16" text="Full sample">
   </cell>
   <cell col-end="5" col-start="5" row-end="16" row-start="16" text="USD 4454">
   </cell>
   <cell col-end="6" col-start="6" row-end="16" row-start="16" text="USD 1114">
   </cell>
   <cell col-end="7" col-start="7" row-end="16" row-start="16" text="Yes">
   </cell>
  </row>
  <row row="17">
   <cell col-end="0" col-start="0" row-end="17" row-start="17" text="">
   </cell>
   <cell col-end="1" col-start="1" row-end="17" row-start="17" text="Japan (188089)">
   </cell>
   <cell col-end="2" col-start="2" row-end="17" row-start="17" text="Fully automated">
   </cell>
   <cell col-end="3" col-start="3" row-end="17" row-start="17" text="No data">
   </cell>
   <cell col-end="4" col-start="4" row-end="17" row-start="17" text="Full sample">
   </cell>
   <cell col-end="5" col-start="5" row-end="17" row-start="17" text="USD 1650">
   </cell>
   <cell col-end="6" col-start="6" row-end="17" row-start="17" text="No data">
   </cell>
   <cell col-end="7" col-start="7" row-end="17" row-start="17" text="No">
   </cell>
  </row>
  <statements>
   <statement id="1" text="Australia (505) having a fully automated Technology." type="">
   </statement>
   <statement id="6" text="Japan has a highest Percentage with willingness-to-pay = 0." type="">
   </statement>
  </statements>
 </table>
</document>