<document>
 <table id="Table 1">
  <caption text="

   Household sources of income.
  
">
  </caption>
  <legend text="

   Notes: Flab-p: primary school educated or less; flab-m: completed middle school; flab-s: completed secondary school; and flab-t: tertiary educated; hhd-0: lowest decile; hhd-91-hhd-95: top decile divided into 5 equal parts.
  

   Source: Estimated from the 2015 SAM (
   ).
  
">
  </legend>
  <row row="0">
   <cell col-end="0" col-start="0" row-end="1" row-start="0" text="">
   </cell>
   <cell col-end="4" col-start="1" row-end="0" row-start="0" text="Income from Wages">
   </cell>
   <cell col-end="5" col-start="5" row-end="1" row-start="0" text="Capital Income">
   </cell>
   <cell col-end="6" col-start="6" row-end="1" row-start="0" text="Transfers from Gov and RoW">
   </cell>
   <cell col-end="7" col-start="7" row-end="1" row-start="0" text="Total">
   </cell>
  </row>
  <row row="1">
   <cell col-end="1" col-start="1" row-end="1" row-start="1" text="flab-p">
   </cell>
   <cell col-end="2" col-start="2" row-end="1" row-start="1" text="flab-m">
   </cell>
   <cell col-end="3" col-start="3" row-end="1" row-start="1" text="flab-s">
   </cell>
   <cell col-end="4" col-start="4" row-end="1" row-start="1" text="flab-t">
   </cell>
  </row>
  <row row="2">
   <cell col-end="0" col-start="0" row-end="2" row-start="2" text="hhd-0">
   </cell>
   <cell col-end="1" col-start="1" row-end="2" row-start="2" text="15.4">
   </cell>
   <cell col-end="2" col-start="2" row-end="2" row-start="2" text="9.4">
   </cell>
   <cell col-end="3" col-start="3" row-end="2" row-start="2" text="1.7">
   </cell>
   <cell col-end="4" col-start="4" row-end="2" row-start="2" text="0.1">
   </cell>
   <cell col-end="5" col-start="5" row-end="2" row-start="2" text="4.3">
   </cell>
   <cell col-end="6" col-start="6" row-end="2" row-start="2" text="69.1">
   </cell>
   <cell col-end="7" col-start="7" row-end="2" row-start="2" text="100.0">
   </cell>
  </row>
  <row row="3">
   <cell col-end="0" col-start="0" row-end="3" row-start="3" text="hhd-1">
   </cell>
   <cell col-end="1" col-start="1" row-end="3" row-start="3" text="14.3">
   </cell>
   <cell col-end="2" col-start="2" row-end="3" row-start="3" text="9.5">
   </cell>
   <cell col-end="3" col-start="3" row-end="3" row-start="3" text="4.8">
   </cell>
   <cell col-end="4" col-start="4" row-end="3" row-start="3" text="0.9">
   </cell>
   <cell col-end="5" col-start="5" row-end="3" row-start="3" text="7.7">
   </cell>
   <cell col-end="6" col-start="6" row-end="3" row-start="3" text="62.9">
   </cell>
   <cell col-end="7" col-start="7" row-end="3" row-start="3" text="100.0">
   </cell>
  </row>
  <row row="4">
   <cell col-end="0" col-start="0" row-end="4" row-start="4" text="hhd-2">
   </cell>
   <cell col-end="1" col-start="1" row-end="4" row-start="4" text="9.6">
   </cell>
   <cell col-end="2" col-start="2" row-end="4" row-start="4" text="11.2">
   </cell>
   <cell col-end="3" col-start="3" row-end="4" row-start="4" text="8.3">
   </cell>
   <cell col-end="4" col-start="4" row-end="4" row-start="4" text="1.7">
   </cell>
   <cell col-end="5" col-start="5" row-end="4" row-start="4" text="11.8">
   </cell>
   <cell col-end="6" col-start="6" row-end="4" row-start="4" text="57.4">
   </cell>
   <cell col-end="7" col-start="7" row-end="4" row-start="4" text="100.0">
   </cell>
  </row>
  <row row="5">
   <cell col-end="0" col-start="0" row-end="5" row-start="5" text="hhd-3">
   </cell>
   <cell col-end="1" col-start="1" row-end="5" row-start="5" text="9.0">
   </cell>
   <cell col-end="2" col-start="2" row-end="5" row-start="5" text="11.9">
   </cell>
   <cell col-end="3" col-start="3" row-end="5" row-start="5" text="12.2">
   </cell>
   <cell col-end="4" col-start="4" row-end="5" row-start="5" text="1.6">
   </cell>
   <cell col-end="5" col-start="5" row-end="5" row-start="5" text="15.6">
   </cell>
   <cell col-end="6" col-start="6" row-end="5" row-start="5" text="49.6">
   </cell>
   <cell col-end="7" col-start="7" row-end="5" row-start="5" text="100.0">
   </cell>
  </row>
  <row row="6">
   <cell col-end="0" col-start="0" row-end="6" row-start="6" text="hhd-4">
   </cell>
   <cell col-end="1" col-start="1" row-end="6" row-start="6" text="7.5">
   </cell>
   <cell col-end="2" col-start="2" row-end="6" row-start="6" text="13.6">
   </cell>
   <cell col-end="3" col-start="3" row-end="6" row-start="6" text="14.8">
   </cell>
   <cell col-end="4" col-start="4" row-end="6" row-start="6" text="3.9">
   </cell>
   <cell col-end="5" col-start="5" row-end="6" row-start="6" text="19.8">
   </cell>
   <cell col-end="6" col-start="6" row-end="6" row-start="6" text="40.4">
   </cell>
   <cell col-end="7" col-start="7" row-end="6" row-start="6" text="100.0">
   </cell>
  </row>
  <row row="7">
   <cell col-end="0" col-start="0" row-end="7" row-start="7" text="hhd-5">
   </cell>
   <cell col-end="1" col-start="1" row-end="7" row-start="7" text="6.9">
   </cell>
   <cell col-end="2" col-start="2" row-end="7" row-start="7" text="14.0">
   </cell>
   <cell col-end="3" col-start="3" row-end="7" row-start="7" text="19.8">
   </cell>
   <cell col-end="4" col-start="4" row-end="7" row-start="7" text="8.3">
   </cell>
   <cell col-end="5" col-start="5" row-end="7" row-start="7" text="22.5">
   </cell>
   <cell col-end="6" col-start="6" row-end="7" row-start="7" text="28.6">
   </cell>
   <cell col-end="7" col-start="7" row-end="7" row-start="7" text="100.0">
   </cell>
  </row>
  <row row="8">
   <cell col-end="0" col-start="0" row-end="8" row-start="8" text="hhd-6">
   </cell>
   <cell col-end="1" col-start="1" row-end="8" row-start="8" text="4.3">
   </cell>
   <cell col-end="2" col-start="2" row-end="8" row-start="8" text="9.7">
   </cell>
   <cell col-end="3" col-start="3" row-end="8" row-start="8" text="26.9">
   </cell>
   <cell col-end="4" col-start="4" row-end="8" row-start="8" text="13.1">
   </cell>
   <cell col-end="5" col-start="5" row-end="8" row-start="8" text="29.5">
   </cell>
   <cell col-end="6" col-start="6" row-end="8" row-start="8" text="16.4">
   </cell>
   <cell col-end="7" col-start="7" row-end="8" row-start="8" text="100.0">
   </cell>
  </row>
  <row row="9">
   <cell col-end="0" col-start="0" row-end="9" row-start="9" text="hhd-7">
   </cell>
   <cell col-end="1" col-start="1" row-end="9" row-start="9" text="2.5">
   </cell>
   <cell col-end="2" col-start="2" row-end="9" row-start="9" text="9.4">
   </cell>
   <cell col-end="3" col-start="3" row-end="9" row-start="9" text="22.5">
   </cell>
   <cell col-end="4" col-start="4" row-end="9" row-start="9" text="24.2">
   </cell>
   <cell col-end="5" col-start="5" row-end="9" row-start="9" text="32.0">
   </cell>
   <cell col-end="6" col-start="6" row-end="9" row-start="9" text="9.4">
   </cell>
   <cell col-end="7" col-start="7" row-end="9" row-start="9" text="100.0">
   </cell>
  </row>
  <row row="10">
   <cell col-end="0" col-start="0" row-end="10" row-start="10" text="hhd-8">
   </cell>
   <cell col-end="1" col-start="1" row-end="10" row-start="10" text="1.0">
   </cell>
   <cell col-end="2" col-start="2" row-end="10" row-start="10" text="4.4">
   </cell>
   <cell col-end="3" col-start="3" row-end="10" row-start="10" text="18.2">
   </cell>
   <cell col-end="4" col-start="4" row-end="10" row-start="10" text="40.1">
   </cell>
   <cell col-end="5" col-start="5" row-end="10" row-start="10" text="32.7">
   </cell>
   <cell col-end="6" col-start="6" row-end="10" row-start="10" text="3.7">
   </cell>
   <cell col-end="7" col-start="7" row-end="10" row-start="10" text="100.0">
   </cell>
  </row>
  <row row="11">
   <cell col-end="0" col-start="0" row-end="11" row-start="11" text="hhd-91">
   </cell>
   <cell col-end="1" col-start="1" row-end="11" row-start="11" text="1.0">
   </cell>
   <cell col-end="2" col-start="2" row-end="11" row-start="11" text="3.0">
   </cell>
   <cell col-end="3" col-start="3" row-end="11" row-start="11" text="13.1">
   </cell>
   <cell col-end="4" col-start="4" row-end="11" row-start="11" text="42.5">
   </cell>
   <cell col-end="5" col-start="5" row-end="11" row-start="11" text="38.2">
   </cell>
   <cell col-end="6" col-start="6" row-end="11" row-start="11" text="2.2">
   </cell>
   <cell col-end="7" col-start="7" row-end="11" row-start="11" text="100.0">
   </cell>
  </row>
  <row row="12">
   <cell col-end="0" col-start="0" row-end="12" row-start="12" text="hhd-92">
   </cell>
   <cell col-end="1" col-start="1" row-end="12" row-start="12" text="0.3">
   </cell>
   <cell col-end="2" col-start="2" row-end="12" row-start="12" text="2.8">
   </cell>
   <cell col-end="3" col-start="3" row-end="12" row-start="12" text="14.0">
   </cell>
   <cell col-end="4" col-start="4" row-end="12" row-start="12" text="39.9">
   </cell>
   <cell col-end="5" col-start="5" row-end="12" row-start="12" text="41.0">
   </cell>
   <cell col-end="6" col-start="6" row-end="12" row-start="12" text="2.0">
   </cell>
   <cell col-end="7" col-start="7" row-end="12" row-start="12" text="100.0">
   </cell>
  </row>
  <row row="13">
   <cell col-end="0" col-start="0" row-end="13" row-start="13" text="hhd-93">
   </cell>
   <cell col-end="1" col-start="1" row-end="13" row-start="13" text="1.9">
   </cell>
   <cell col-end="2" col-start="2" row-end="13" row-start="13" text="1.0">
   </cell>
   <cell col-end="3" col-start="3" row-end="13" row-start="13" text="11.1">
   </cell>
   <cell col-end="4" col-start="4" row-end="13" row-start="13" text="50.2">
   </cell>
   <cell col-end="5" col-start="5" row-end="13" row-start="13" text="34.4">
   </cell>
   <cell col-end="6" col-start="6" row-end="13" row-start="13" text="1.5">
   </cell>
   <cell col-end="7" col-start="7" row-end="13" row-start="13" text="100.0">
   </cell>
  </row>
  <row row="14">
   <cell col-end="0" col-start="0" row-end="14" row-start="14" text="hhd-94">
   </cell>
   <cell col-end="1" col-start="1" row-end="14" row-start="14" text="0.5">
   </cell>
   <cell col-end="2" col-start="2" row-end="14" row-start="14" text="0.9">
   </cell>
   <cell col-end="3" col-start="3" row-end="14" row-start="14" text="7.7">
   </cell>
   <cell col-end="4" col-start="4" row-end="14" row-start="14" text="53.3">
   </cell>
   <cell col-end="5" col-start="5" row-end="14" row-start="14" text="36.2">
   </cell>
   <cell col-end="6" col-start="6" row-end="14" row-start="14" text="1.4">
   </cell>
   <cell col-end="7" col-start="7" row-end="14" row-start="14" text="100.0">
   </cell>
  </row>
  <row row="15">
   <cell col-end="0" col-start="0" row-end="15" row-start="15" text="hhd-95">
   </cell>
   <cell col-end="1" col-start="1" row-end="15" row-start="15" text="0.1">
   </cell>
   <cell col-end="2" col-start="2" row-end="15" row-start="15" text="0.1">
   </cell>
   <cell col-end="3" col-start="3" row-end="15" row-start="15" text="5.9">
   </cell>
   <cell col-end="4" col-start="4" row-end="15" row-start="15" text="51.4">
   </cell>
   <cell col-end="5" col-start="5" row-end="15" row-start="15" text="41.4">
   </cell>
   <cell col-end="6" col-start="6" row-end="15" row-start="15" text="1.0">
   </cell>
   <cell col-end="7" col-start="7" row-end="15" row-start="15" text="100.0">
   </cell>
  </row>
  <statements>
   <statement id="2" text="Capital income of hhd-92 is 41.0" type="">
   </statement>
   <statement id="6" text="There are 4 varrients in flab." type="">
   </statement>
   <statement id="8" text="This transfer income makes up a larger share of the income of poor households than at the top end of the distribution." type="">
   </statement>
  </statements>
 </table>
</document>