<document>
 <table id="Table 1">
  <caption text="

   Health-related CKGs.
  
">
  </caption>
  <row row="0">
   <cell col-end="0" col-start="0" row-end="0" row-start="0" text="Name">
   </cell>
   <cell col-end="1" col-start="1" row-end="0" row-start="0" text="Year">
   </cell>
   <cell col-end="2" col-start="2" row-end="0" row-start="0" text="Provider">
   </cell>
   <cell col-end="3" col-start="3" row-end="0" row-start="0" text="Data Source">
   </cell>
   <cell col-end="4" col-start="4" row-end="0" row-start="0" text="Volume">
   </cell>
   <cell col-end="5" col-start="5" row-end="0" row-start="0" text="Interface">
   </cell>
   <cell col-end="6" col-start="6" row-end="0" row-start="0" text="Example Applications">
   </cell>
  </row>
  <row row="1">
   <cell col-end="0" col-start="0" row-end="1" row-start="1" text="SNOMED CT
     
      Donnelly (2006)">
   </cell>
   <cell col-end="1" col-start="1" row-end="1" row-start="1" text="1974">
   </cell>
   <cell col-end="2" col-start="2" row-end="1" row-start="1" text="SNOMED International
     
      http://www.snomed.org">
   </cell>
   <cell col-end="3" col-start="3" row-end="1" row-start="1" text="ICD-9-CM, ICD-10">
   </cell>
   <cell col-end="4" col-start="4" row-end="1" row-start="1" text="321,900 concepts, over 700 million relations">
   </cell>
   <cell col-end="5" col-start="5" row-end="1" row-start="1" text="Download interface">
   </cell>
   <cell col-end="6" col-start="6" row-end="1" row-start="1" text="Provide unified coding rules for medical information.">
   </cell>
  </row>
  <row row="2">
   <cell col-end="0" col-start="0" row-end="2" row-start="2" text="UMLS
     
      Nelson et al. (2017)">
   </cell>
   <cell col-end="1" col-start="1" row-end="2" row-start="2" text="1988">
   </cell>
   <cell col-end="2" col-start="2" row-end="2" row-start="2" text="U.S. National Library of Medicine
     
      https://www.nlm.nih.gov/research/umls">
   </cell>
   <cell col-end="3" col-start="3" row-end="2" row-start="2" text="MeSH, LOINC">
   </cell>
   <cell col-end="4" col-start="4" row-end="2" row-start="2" text="14 million unique concepts">
   </cell>
   <cell col-end="5" col-start="5" row-end="2" row-start="2" text="UMLS REST /SOAP API">
   </cell>
   <cell col-end="6" col-start="6" row-end="2" row-start="2" text="EMR, health services, public health statistic.">
   </cell>
  </row>
  <row row="3">
   <cell col-end="0" col-start="0" row-end="3" row-start="3" text="NCBI
     
      Coordinators (2017)">
   </cell>
   <cell col-end="1" col-start="1" row-end="3" row-start="3" text="1988">
   </cell>
   <cell col-end="2" col-start="2" row-end="3" row-start="3" text="National Center for Biotechnology Information
     
      https://0-www-ncbi-nlm-nih-gov.brum.beds.ac.uk/">
   </cell>
   <cell col-end="3" col-start="3" row-end="3" row-start="3" text="PubMed, BLAST, GenBank">
   </cell>
   <cell col-end="4" col-start="4" row-end="3" row-start="3" text="More than 16 million genes.">
   </cell>
   <cell col-end="5" col-start="5" row-end="3" row-start="3" text="Download interface and API">
   </cell>
   <cell col-end="6" col-start="6" row-end="3" row-start="3" text="Integrate protein information, gene sequences.">
   </cell>
  </row>
  <row row="4">
   <cell col-end="0" col-start="0" row-end="4" row-start="4" text="Gene Ontology
     
      Consortium (2018a)">
   </cell>
   <cell col-end="1" col-start="1" row-end="4" row-start="4" text="1999">
   </cell>
   <cell col-end="2" col-start="2" row-end="4" row-start="4" text="National Human Genome Research Institute
     
      https://www.nlm.nih.gov/research/umls">
   </cell>
   <cell col-end="3" col-start="3" row-end="4" row-start="4" text="The GO, the corpus of the GO annotation.">
   </cell>
   <cell col-end="4" col-start="4" row-end="4" row-start="4" text="Annotation(s): 6,331,781; gene products: 1,172,459; term(s): 45,013">
   </cell>
   <cell col-end="5" col-start="5" row-end="4" row-start="4" text="GO Solr search engine API">
   </cell>
   <cell col-end="6" col-start="6" row-end="4" row-start="4" text="Predicting genes associated with a disease.">
   </cell>
  </row>
  <row row="5">
   <cell col-end="0" col-start="0" row-end="5" row-start="5" text="UniProt
     
      Consortium (2018b)">
   </cell>
   <cell col-end="1" col-start="1" row-end="5" row-start="5" text="2002">
   </cell>
   <cell col-end="2" col-start="2" row-end="5" row-start="5" text="EMBL-EBI, PIR
     
      https://www.uniprot.org">
   </cell>
   <cell col-end="3" col-start="3" row-end="5" row-start="5" text="UniProtKB, UniRef, UniParc">
   </cell>
   <cell col-end="4" col-start="4" row-end="5" row-start="5" text="146,665,507 different terms">
   </cell>
   <cell col-end="5" col-start="5" row-end="5" row-start="5" text="Download interface">
   </cell>
   <cell col-end="6" col-start="6" row-end="5" row-start="5" text="Freely accessible resource of protein sequence and functional information.">
   </cell>
  </row>
  <row row="6">
   <cell col-end="0" col-start="0" row-end="6" row-start="6" text="DrugBank
     
      Wishart et al. (2017)">
   </cell>
   <cell col-end="1" col-start="1" row-end="6" row-start="6" text="2006">
   </cell>
   <cell col-end="2" col-start="2" row-end="6" row-start="6" text="OMx Personal Health Analytics, Inc.
     
      https://www.drugbank.ca">
   </cell>
   <cell col-end="3" col-start="3" row-end="6" row-start="6" text="PubChem,KEGG, PubMed, ChEBI">
   </cell>
   <cell col-end="4" col-start="4" row-end="6" row-start="6" text="11,927 drugs">
   </cell>
   <cell col-end="5" col-start="5" row-end="6" row-start="6" text="Download interface">
   </cell>
   <cell col-end="6" col-start="6" row-end="6" row-start="6" text="Discovery and re-purposing of existing drugs.">
   </cell>
  </row>
  <row row="7">
   <cell col-end="0" col-start="0" row-end="7" row-start="7" text="Bio2RDF
     
      Hu et al. (2017)">
   </cell>
   <cell col-end="1" col-start="1" row-end="7" row-start="7" text="2008">
   </cell>
   <cell col-end="2" col-start="2" row-end="7" row-start="7" text="Maastricht University, Laval University.
     
      http://bio2rdf.org">
   </cell>
   <cell col-end="3" col-start="3" row-end="7" row-start="7" text="clinicaltrials.gov, dbSNP">
   </cell>
   <cell col-end="4" col-start="4" row-end="7" row-start="7" text="11 billion triples across 35 data.">
   </cell>
   <cell col-end="5" col-start="5" row-end="7" row-start="7" text="Online virtuoso SPARQL query editor">
   </cell>
   <cell col-end="6" col-start="6" row-end="7" row-start="7" text="Largest network of Linked Data for the Life Sciences.">
   </cell>
  </row>
  <row row="8">
   <cell col-end="0" col-start="0" row-end="8" row-start="8" text="Human Disease Ontology
     
      Schriml et al. (2018)">
   </cell>
   <cell col-end="1" col-start="1" row-end="8" row-start="8" text="2009">
   </cell>
   <cell col-end="2" col-start="2" row-end="8" row-start="8" text="Human Disease Ontology
     
      http://www.disease-ontology.org">
   </cell>
   <cell col-end="3" col-start="3" row-end="8" row-start="8" text="MeSH, ICD, NCI’s thesaurus">
   </cell>
   <cell col-end="4" col-start="4" row-end="8" row-start="8" text="9,069 DOID disease terms">
   </cell>
   <cell col-end="5" col-start="5" row-end="8" row-start="8" text="Disease Ontology Browser REST API">
   </cell>
   <cell col-end="6" col-start="6" row-end="8" row-start="8" text="Open source ontology for the biomedical data.">
   </cell>
  </row>
  <row row="9">
   <cell col-end="0" col-start="0" row-end="9" row-start="9" text="DisGeNet
     
      Pinero et al. (2015)">
   </cell>
   <cell col-end="1" col-start="1" row-end="9" row-start="9" text="2010">
   </cell>
   <cell col-end="2" col-start="2" row-end="9" row-start="9" text="GRIB, IMIM
     
      http://www.disgenet.org">
   </cell>
   <cell col-end="3" col-start="3" row-end="9" row-start="9" text="UNIPROT, CGI, ClinGen">
   </cell>
   <cell col-end="4" col-start="4" row-end="9" row-start="9" text="628,685 gene -disease associations">
   </cell>
   <cell col-end="5" col-start="5" row-end="9" row-start="9" text="DisGeNet RDF; DisGeNET Cytoscape App">
   </cell>
   <cell col-end="6" col-start="6" row-end="9" row-start="9" text="Investigation of the molecular underpinnings of human diseases.">
   </cell>
  </row>
  <row row="10">
   <cell col-end="0" col-start="0" row-end="10" row-start="10" text="Chinese Clinical Knowledge Base">
   </cell>
   <cell col-end="1" col-start="1" row-end="10" row-start="10" text="2014">
   </cell>
   <cell col-end="2" col-start="2" row-end="10" row-start="10" text="Chinese Academy of Medical Science &amp; Peking Union Medical College.
     
      http://www.cmkb.cn">
   </cell>
   <cell col-end="3" col-start="3" row-end="10" row-start="10" text="SinoMed, Chealth, PubMed">
   </cell>
   <cell col-end="4" col-start="4" row-end="10" row-start="10" text="Over 2,000 diseases, 1,500 drugs, 500 inspections">
   </cell>
   <cell col-end="5" col-start="5" row-end="10" row-start="10" text="Web interface">
   </cell>
   <cell col-end="6" col-start="6" row-end="10" row-start="10" text="Clinical medical knowledge.">
   </cell>
  </row>
  <row row="11">
   <cell col-end="0" col-start="0" row-end="11" row-start="11" text="LinkedLifeData
     
      Momtchev et al. (2009)">
   </cell>
   <cell col-end="1" col-start="1" row-end="11" row-start="11" text="N/A">
   </cell>
   <cell col-end="2" col-start="2" row-end="11" row-start="11" text="http://linkedlifedata.com">
   </cell>
   <cell col-end="3" col-start="3" row-end="11" row-start="11" text="BioGRID, CellMap, ChEBI">
   </cell>
   <cell col-end="4" col-start="4" row-end="11" row-start="11" text="10 billion RDF statements and 1.5 billion entities">
   </cell>
   <cell col-end="5" col-start="5" row-end="11" row-start="11" text="Online SPARQL query">
   </cell>
   <cell col-end="6" col-start="6" row-end="11" row-start="11" text="Detecting relationships of muscle pain.">
   </cell>
  </row>
  <row row="12">
   <cell col-end="0" col-start="0" row-end="12" row-start="12" text="ADR-graph
     
      Huang et al. (2017)">
   </cell>
   <cell col-end="1" col-start="1" row-end="12" row-start="12" text="2017">
   </cell>
   <cell col-end="2" col-start="2" row-end="12" row-start="12" text="NIHR Biomedical Research Centre at South London
     
      https://github.com/KHP-Informatics/ADR-graph">
   </cell>
   <cell col-end="3" col-start="3" row-end="12" row-start="12" text="DrugBank, SIDER">
   </cell>
   <cell col-end="4" col-start="4" row-end="12" row-start="12" text="5,828 nodes, 70,382 edges">
   </cell>
   <cell col-end="5" col-start="5" row-end="12" row-start="12" text="Download interface">
   </cell>
   <cell col-end="6" col-start="6" row-end="12" row-start="12" text="Machine learning algorithm.">
   </cell>
  </row>
  <row row="13">
   <cell col-end="0" col-start="0" row-end="13" row-start="13" text="TCM healthcare ontology
     
      Yu et al. (2017)">
   </cell>
   <cell col-end="1" col-start="1" row-end="13" row-start="13" text="2017">
   </cell>
   <cell col-end="2" col-start="2" row-end="13" row-start="13" text="Institutes of Information on Traditional Chinese Medicine. http://www.tcmkb.cn/kg">
   </cell>
   <cell col-end="3" col-start="3" row-end="13" row-start="13" text="Clinic, Herbs">
   </cell>
   <cell col-end="4" col-start="4" row-end="13" row-start="13" text="100,000 concepts and 1 million relations">
   </cell>
   <cell col-end="5" col-start="5" row-end="13" row-start="13" text="TCM Knowledge Graph App">
   </cell>
   <cell col-end="6" col-start="6" row-end="13" row-start="13" text="Knowledge of traditional Chinese medicine health care.">
   </cell>
  </row>
  <row row="14">
   <cell col-end="0" col-start="0" row-end="14" row-start="14" text="OMAHA
     
      Bednarz (1998)">
   </cell>
   <cell col-end="1" col-start="1" row-end="14" row-start="14" text="2015">
   </cell>
   <cell col-end="2" col-start="2" row-end="14" row-start="14" text="http://www.omaha.org.cn/">
   </cell>
   <cell col-end="3" col-start="3" row-end="14" row-start="14" text="ICD-10, ICD-9 -CM-3, Chinese ATC">
   </cell>
   <cell col-end="4" col-start="4" row-end="14" row-start="14" text="76 million concepts, 1 million terms, 2.54 million relations">
   </cell>
   <cell col-end="5" col-start="5" row-end="14" row-start="14" text="API, ICD WeChat applet">
   </cell>
   <cell col-end="6" col-start="6" row-end="14" row-start="14" text="Including disease diagnosis, symptoms, gene mutations.">
   </cell>
  </row>
  <statements>
   <statement id="0" text="Only Chinese clinical knowledge base has web interface." type="">
   </statement>
   <statement id="1" text="UMLS and NCBI is in same year." type="">
   </statement>
   <statement id="4" text="Every provider has different data source and volume." type="">
   </statement>
  </statements>
 </table>
 <table id="Table 3">
  <caption text="

   Comparison of health-related knowledge graph building tools.
  
">
  </caption>
  <row row="0">
   <cell col-end="0" col-start="0" row-end="0" row-start="0" text="Name">
   </cell>
   <cell col-end="1" col-start="1" row-end="0" row-start="0" text="Domain">
   </cell>
   <cell col-end="2" col-start="2" row-end="0" row-start="0" text="Entity recognition">
   </cell>
   <cell col-end="3" col-start="3" row-end="0" row-start="0" text="Relation extraction">
   </cell>
   <cell col-end="4" col-start="4" row-end="0" row-start="0" text="Entity alignment">
   </cell>
   <cell col-end="5" col-start="5" row-end="0" row-start="0" text="ER/OWL mapping">
   </cell>
   <cell col-end="6" col-start="6" row-end="0" row-start="0" text="File types/raw data">
   </cell>
   <cell col-end="7" col-start="7" row-end="0" row-start="0" text="Human">
   </cell>
  </row>
  <row row="1">
   <cell col-end="0" col-start="0" row-end="1" row-start="1" text="myDIG
     
      Kejriwal and Szekely (2019)">
   </cell>
   <cell col-end="1" col-start="1" row-end="1" row-start="1" text="General">
   </cell>
   <cell col-end="2" col-start="2" row-end="1" row-start="1" text="✓">
   </cell>
   <cell col-end="3" col-start="3" row-end="1" row-start="1" text="✓">
   </cell>
   <cell col-end="4" col-start="4" row-end="1" row-start="1" text="✕">
   </cell>
   <cell col-end="5" col-start="5" row-end="1" row-start="1" text="✕">
   </cell>
   <cell col-end="6" col-start="6" row-end="1" row-start="1" text="CSV, JSON,...">
   </cell>
   <cell col-end="7" col-start="7" row-end="1" row-start="1" text="✕">
   </cell>
  </row>
  <row row="2">
   <cell col-end="0" col-start="0" row-end="2" row-start="2" text="IBM Watson Discovery
     
      Chen et al. (2016b)">
   </cell>
   <cell col-end="1" col-start="1" row-end="2" row-start="2" text="General">
   </cell>
   <cell col-end="2" col-start="2" row-end="2" row-start="2" text="✓">
   </cell>
   <cell col-end="3" col-start="3" row-end="2" row-start="2" text="✓">
   </cell>
   <cell col-end="4" col-start="4" row-end="2" row-start="2" text="✓">
   </cell>
   <cell col-end="5" col-start="5" row-end="2" row-start="2" text="N/A">
   </cell>
   <cell col-end="6" col-start="6" row-end="2" row-start="2" text="N/A">
   </cell>
   <cell col-end="7" col-start="7" row-end="2" row-start="2" text="✕">
   </cell>
  </row>
  <row row="3">
   <cell col-end="0" col-start="0" row-end="3" row-start="3" text="cTAKES
     
      Savova et al. (2010)">
   </cell>
   <cell col-end="1" col-start="1" row-end="3" row-start="3" text="Medical">
   </cell>
   <cell col-end="2" col-start="2" row-end="3" row-start="3" text="✓">
   </cell>
   <cell col-end="3" col-start="3" row-end="3" row-start="3" text="✓">
   </cell>
   <cell col-end="4" col-start="4" row-end="3" row-start="3" text="✓">
   </cell>
   <cell col-end="5" col-start="5" row-end="3" row-start="3" text="✕">
   </cell>
   <cell col-end="6" col-start="6" row-end="3" row-start="3" text="UMLS
     
      Nelson et al. (2017)">
   </cell>
   <cell col-end="7" col-start="7" row-end="3" row-start="3" text="✕">
   </cell>
  </row>
  <row row="4">
   <cell col-end="0" col-start="0" row-end="4" row-start="4" text="SemTK
     
      Cuddihy et al. (2017)">
   </cell>
   <cell col-end="1" col-start="1" row-end="4" row-start="4" text="General">
   </cell>
   <cell col-end="2" col-start="2" row-end="4" row-start="4" text="✕">
   </cell>
   <cell col-end="3" col-start="3" row-end="4" row-start="4" text="✕">
   </cell>
   <cell col-end="4" col-start="4" row-end="4" row-start="4" text="✕">
   </cell>
   <cell col-end="5" col-start="5" row-end="4" row-start="4" text="✓">
   </cell>
   <cell col-end="6" col-start="6" row-end="4" row-start="4" text="CSV,...">
   </cell>
   <cell col-end="7" col-start="7" row-end="4" row-start="4" text="✕">
   </cell>
  </row>
  <row row="5">
   <cell col-end="0" col-start="0" row-end="5" row-start="5" text="I-KAT
     
      Ali et al. (2017)">
   </cell>
   <cell col-end="1" col-start="1" row-end="5" row-start="5" text="Medical">
   </cell>
   <cell col-end="2" col-start="2" row-end="5" row-start="5" text="✕">
   </cell>
   <cell col-end="3" col-start="3" row-end="5" row-start="5" text="✕">
   </cell>
   <cell col-end="4" col-start="4" row-end="5" row-start="5" text="✕">
   </cell>
   <cell col-end="5" col-start="5" row-end="5" row-start="5" text="✓">
   </cell>
   <cell col-end="6" col-start="6" row-end="5" row-start="5" text="SNOMED CT,...">
   </cell>
   <cell col-end="7" col-start="7" row-end="5" row-start="5" text="✓">
   </cell>
  </row>
  <row row="6">
   <cell col-end="0" col-start="0" row-end="6" row-start="6" text="RDR
     
      Hyeon et al. (2016)">
   </cell>
   <cell col-end="1" col-start="1" row-end="6" row-start="6" text="Medical">
   </cell>
   <cell col-end="2" col-start="2" row-end="6" row-start="6" text="N/A">
   </cell>
   <cell col-end="3" col-start="3" row-end="6" row-start="6" text="N/A">
   </cell>
   <cell col-end="4" col-start="4" row-end="6" row-start="6" text="N/A">
   </cell>
   <cell col-end="5" col-start="5" row-end="6" row-start="6" text="N/A">
   </cell>
   <cell col-end="6" col-start="6" row-end="6" row-start="6" text="N/A">
   </cell>
   <cell col-end="7" col-start="7" row-end="6" row-start="6" text="✓">
   </cell>
  </row>
  <row row="7">
   <cell col-end="0" col-start="0" row-end="7" row-start="7" text="HKGB">
   </cell>
   <cell col-end="1" col-start="1" row-end="7" row-start="7" text="Medical">
   </cell>
   <cell col-end="2" col-start="2" row-end="7" row-start="7" text="✓">
   </cell>
   <cell col-end="3" col-start="3" row-end="7" row-start="7" text="✓">
   </cell>
   <cell col-end="4" col-start="4" row-end="7" row-start="7" text="✓">
   </cell>
   <cell col-end="5" col-start="5" row-end="7" row-start="7" text="✓">
   </cell>
   <cell col-end="6" col-start="6" row-end="7" row-start="7" text="UMLS
     
      Nelson et al. (2017)
     
     ,...">
   </cell>
   <cell col-end="7" col-start="7" row-end="7" row-start="7" text="✓">
   </cell>
  </row>
  <statements>
   <statement id="2" text="Entity recognition &amp; relation extraction values are same." type="">
   </statement>
   <statement id="7" text="myDIG, IBM Watson Discovery and Sem TK are of Medical Domain." type="">
   </statement>
  </statements>
 </table>
 <table id="Table 4">
  <caption text="

   Examples of extraction rules.
  
">
  </caption>
  <row row="0">
   <cell col-end="0" col-start="0" row-end="0" row-start="0" text="Column">
   </cell>
   <cell col-end="1" col-start="1" row-end="0" row-start="0" text="Concepts to be extracted">
   </cell>
  </row>
  <row row="1">
   <cell col-end="0" col-start="0" row-end="1" row-start="1" text="Chief Complaint">
   </cell>
   <cell col-end="1" col-start="1" row-end="1" row-start="1" text="Persistent chest pain; nausea; vomiting; sweating; dyspnea; syncope.">
   </cell>
  </row>
  <row row="2">
   <cell col-end="0" col-start="0" row-end="2" row-start="2" text="Family History">
   </cell>
   <cell col-end="1" col-start="1" row-end="2" row-start="2" text="History of coronary heart disease (angina pectoris; myocardial infarction; CABG; PCI); hypertension; diabetes mellitus; history of cerebrovascular disease (ischemic stroke; intracranial hemorrhage or subarachnoid hemorrhage); familial hypercholesterolemia.">
   </cell>
  </row>
  <statements>
   <statement id="1" text="Chief Complaint and Family History are the two examples of extraction rules." type="">
   </statement>
   <statement id="4" text="The concept extracted from Chief Complaint is not given." type="">
   </statement>
   <statement id="5" text="The concept extracted from Chief Complaint is Persistent chest pain; nausea; vomiting; sweating; dyspnea; syncope." type="">
   </statement>
   <statement id="7" text="There are 2 columns - Chief Complaint and Family History." type="">
   </statement>
  </statements>
 </table>
 <table id="Table 6">
  <caption text="

   Pattern-based relation extraction method.
  
">
  </caption>
  <row row="0">
   <cell col-end="0" col-start="0" row-end="0" row-start="0" text="Input: Two years ago
     
     , the patient had
     
      no obvious inducement
     
     of
     
      chest tightness
     
     and
     
      wheezing
     
     appearance after activity
     


        …
       

        …
       


     such as
     
      chest pain, nausea, dizziness
     
     and
     
      vomiting
     
     ......with “unstable
     
      angina
     
     ”. Since onset, the patient is
     
      consciousness
     
     , he has a good
     
      diet
     
     , normal
     
      sleep
     
     , no abnormal
     
      stool
     
     , no significant changes in
     
      body weight
     
     .">
   </cell>
  </row>
  <row row="1">
   <cell col-end="0" col-start="0" row-end="1" row-start="1" text="PATTERN:
     
     Patient +* + Pre +* + Appearance +* + Post +*+, (split by ‘,’)
     
      Output Entity:
     
     {activities}: Concept node: C0026606; {chest tightness}: Concept node: C0232292; {breathing}: Concept node: C0013404
     
      Output Relation:
     
     Patient&lt;after activity&gt;chest tightness; Patient&lt;after activity&gt;wheezing; Patient&lt;no obvious inducement&gt;chest tightness; Patient&lt;no obvious inducement&gt;wheezing">
   </cell>
  </row>
  <statements>
   <statement id="1" text="Concept node for chest tightness is C0232292." type="">
   </statement>
   <statement id="2" text="Had significant changes in body weight of patient." type="">
   </statement>
   <statement id="5" text="Patient had chest pain, nausea, dizziness and vomiting." type="">
   </statement>
   <statement id="8" text="The patient had no obvious inducement of chest tightness and wheezing appearance after activity a years ago." type="">
   </statement>
  </statements>
 </table>
 <table id="Table 7">
  <caption text="

   Entity alignment in IKG.
  
">
  </caption>
  <row row="0">
   <cell col-end="0" col-start="0" row-end="0" row-start="0" text="Input:
     
     The patient had symptoms of chest tightness and short of breath after exhaustion or emotional excitement more than 10 years ago, which were relieved after rest.">
   </cell>
  </row>
  <row row="1">
   <cell col-end="0" col-start="0" row-end="1" row-start="1" text="">
   </cell>
  </row>
  <row row="2">
   <cell col-end="0" col-start="0" row-end="2" row-start="2" text="Output:
     
     &lt;short of breath&gt; → Instance node: I001203 ← &lt;breathless&gt;&lt;chest tightness &gt;: Instance node: I003942 &lt;emotional excitement &gt; → Instance node: I002938 ← &lt;intense emotion undulating&gt;">
   </cell>
  </row>
  <statements>
   <statement id="5" text="It is the information about Entity alignment in IKG." type="">
   </statement>
  </statements>
 </table>
 <table id="Table 8">
  <caption text="

   Requirement table.
  
">
  </caption>
  <row row="0">
   <cell col-end="0" col-start="0" row-end="0" row-start="0" text="">
   </cell>
   <cell col-end="1" col-start="1" row-end="0" row-start="0" text="DC
     

      1">
   </cell>
   <cell col-end="2" col-start="2" row-end="0" row-start="0" text="DC
     

      2">
   </cell>
   <cell col-end="3" col-start="3" row-end="0" row-start="0" text="DC
     

      3">
   </cell>
   <cell col-end="4" col-start="4" row-end="0" row-start="0" text="DC
     

      4">
   </cell>
   <cell col-end="5" col-start="5" row-end="0" row-start="0" text="DC
     

      5">
   </cell>
   <cell col-end="6" col-start="6" row-end="0" row-start="0" text="DC
     

      6">
   </cell>
   <cell col-end="7" col-start="7" row-end="0" row-start="0" text="DC
     

      7">
   </cell>
  </row>
  <row row="1">
   <cell col-end="0" col-start="0" row-end="1" row-start="1" text="DT
     

      1">
   </cell>
   <cell col-end="1" col-start="1" row-end="1" row-start="1" text="T
     

      4">
   </cell>
   <cell col-end="2" col-start="2" row-end="1" row-start="1" text="">
   </cell>
   <cell col-end="3" col-start="3" row-end="1" row-start="1" text="">
   </cell>
   <cell col-end="4" col-start="4" row-end="1" row-start="1" text="">
   </cell>
   <cell col-end="5" col-start="5" row-end="1" row-start="1" text="">
   </cell>
   <cell col-end="6" col-start="6" row-end="1" row-start="1" text="">
   </cell>
   <cell col-end="7" col-start="7" row-end="1" row-start="1" text="">
   </cell>
  </row>
  <row row="2">
   <cell col-end="0" col-start="0" row-end="2" row-start="2" text="DT
     

      2">
   </cell>
   <cell col-end="1" col-start="1" row-end="2" row-start="2" text="T
     

      5
     
     ,
     
      T
     

      6">
   </cell>
   <cell col-end="2" col-start="2" row-end="2" row-start="2" text="T
     

      5
     
     ,
     
      T
     

      6">
   </cell>
   <cell col-end="3" col-start="3" row-end="2" row-start="2" text="">
   </cell>
   <cell col-end="4" col-start="4" row-end="2" row-start="2" text="">
   </cell>
   <cell col-end="5" col-start="5" row-end="2" row-start="2" text="">
   </cell>
   <cell col-end="6" col-start="6" row-end="2" row-start="2" text="">
   </cell>
   <cell col-end="7" col-start="7" row-end="2" row-start="2" text="T
     

      5
     
     ,
     
      T
     

      6">
   </cell>
  </row>
  <row row="3">
   <cell col-end="0" col-start="0" row-end="3" row-start="3" text="DT
     

      3">
   </cell>
   <cell col-end="1" col-start="1" row-end="3" row-start="3" text="T
     

      4">
   </cell>
   <cell col-end="2" col-start="2" row-end="3" row-start="3" text="T
     

      4">
   </cell>
   <cell col-end="3" col-start="3" row-end="3" row-start="3" text="">
   </cell>
   <cell col-end="4" col-start="4" row-end="3" row-start="3" text="">
   </cell>
   <cell col-end="5" col-start="5" row-end="3" row-start="3" text="">
   </cell>
   <cell col-end="6" col-start="6" row-end="3" row-start="3" text="">
   </cell>
   <cell col-end="7" col-start="7" row-end="3" row-start="3" text="">
   </cell>
  </row>
  <row row="4">
   <cell col-end="0" col-start="0" row-end="4" row-start="4" text="DT
     

      4">
   </cell>
   <cell col-end="1" col-start="1" row-end="4" row-start="4" text="T
     

      1">
   </cell>
   <cell col-end="2" col-start="2" row-end="4" row-start="4" text="T
     

      1">
   </cell>
   <cell col-end="3" col-start="3" row-end="4" row-start="4" text="T
     

      1">
   </cell>
   <cell col-end="4" col-start="4" row-end="4" row-start="4" text="T
     

      1">
   </cell>
   <cell col-end="5" col-start="5" row-end="4" row-start="4" text="">
   </cell>
   <cell col-end="6" col-start="6" row-end="4" row-start="4" text="">
   </cell>
   <cell col-end="7" col-start="7" row-end="4" row-start="4" text="">
   </cell>
  </row>
  <row row="5">
   <cell col-end="0" col-start="0" row-end="5" row-start="5" text="DT
     

      5">
   </cell>
   <cell col-end="1" col-start="1" row-end="5" row-start="5" text="T
     

      2">
   </cell>
   <cell col-end="2" col-start="2" row-end="5" row-start="5" text="T
     

      2">
   </cell>
   <cell col-end="3" col-start="3" row-end="5" row-start="5" text="">
   </cell>
   <cell col-end="4" col-start="4" row-end="5" row-start="5" text="">
   </cell>
   <cell col-end="5" col-start="5" row-end="5" row-start="5" text="T
     

      2">
   </cell>
   <cell col-end="6" col-start="6" row-end="5" row-start="5" text="T
     

      2">
   </cell>
   <cell col-end="7" col-start="7" row-end="5" row-start="5" text="">
   </cell>
  </row>
  <row row="6">
   <cell col-end="0" col-start="0" row-end="6" row-start="6" text="DT
     

      6">
   </cell>
   <cell col-end="1" col-start="1" row-end="6" row-start="6" text="T
     

      3">
   </cell>
   <cell col-end="2" col-start="2" row-end="6" row-start="6" text="T
     

      3">
   </cell>
   <cell col-end="3" col-start="3" row-end="6" row-start="6" text="">
   </cell>
   <cell col-end="4" col-start="4" row-end="6" row-start="6" text="">
   </cell>
   <cell col-end="5" col-start="5" row-end="6" row-start="6" text="">
   </cell>
   <cell col-end="6" col-start="6" row-end="6" row-start="6" text="">
   </cell>
   <cell col-end="7" col-start="7" row-end="6" row-start="6" text="">
   </cell>
  </row>
  <statements>
   <statement id="0" text="a mn indicates the unit complexity of clinicians capability DC n" type="">
   </statement>
   <statement id="4" text="The column DC1 is filled with some variables." type="">
   </statement>
   <statement id="8" text="The table contains DC1 TO DC7." type="">
   </statement>
   <statement id="9" text="The table contains DT 1 TO DT 6" type="">
   </statement>
   <statement id="10" text="The table contains two requirements DC and DT." type="">
   </statement>
  </statements>
 </table>
</document>