<document>
 <table id="Table 1">
  <caption text="

   Rate of Return of different insulation technologies (
   
    Milieucentraal, 2019
   
   ).
  
">
  </caption>
  <row row="0">
   <cell col-end="0" col-start="0" row-end="0" row-start="0" text="Insulation technology">
   </cell>
   <cell col-end="1" col-start="1" row-end="0" row-start="0" text="Rate of Return (%)">
   </cell>
  </row>
  <row row="1">
   <cell col-end="0" col-start="0" row-end="1" row-start="1" text="Wall insulation">
   </cell>
   <cell col-end="1" col-start="1" row-end="1" row-start="1" text="11">
   </cell>
  </row>
  <row row="2">
   <cell col-end="0" col-start="0" row-end="2" row-start="2" text="Floor insulation">
   </cell>
   <cell col-end="1" col-start="1" row-end="2" row-start="2" text="7">
   </cell>
  </row>
  <row row="3">
   <cell col-end="0" col-start="0" row-end="3" row-start="3" text="Double glazing">
   </cell>
   <cell col-end="1" col-start="1" row-end="3" row-start="3" text="6">
   </cell>
  </row>
  <row row="4">
   <cell col-end="0" col-start="0" row-end="4" row-start="4" text="Roof insulation">
   </cell>
   <cell col-end="1" col-start="1" row-end="4" row-start="4" text="8">
   </cell>
  </row>
  <statements>
   <statement id="2" text="Insulation technology are of four types." type="">
   </statement>
   <statement id="4" text="Rate of Return (%) ranges from 6 to 11." type="">
   </statement>
   <statement id="5" text="Rate of Return of different insulation technologies are observed." type="">
   </statement>
   <statement id="6" text="Roof insulation is having 8% second highest of rate of return." type="">
   </statement>
  </statements>
 </table>
 <table id="Table 2">
  <caption text="

   Overview of the renewable energy technologies and the selected block types in the Minecraft platform.
  
">
  </caption>
  <row row="0">
   <cell col-end="0" col-start="0" row-end="0" row-start="0" text="Energy technology">
   </cell>
   <cell col-end="1" col-start="1" row-end="0" row-start="0" text="Block type">
   </cell>
  </row>
  <row row="1">
   <cell col-end="0" col-start="0" row-end="1" row-start="1" text="Solar panels">
   </cell>
   <cell col-end="1" col-start="1" row-end="1" row-start="1" text="Daylight sensor">
   </cell>
  </row>
  <row row="2">
   <cell col-end="0" col-start="0" row-end="2" row-start="2" text="Wall insulation">
   </cell>
   <cell col-end="1" col-start="1" row-end="2" row-start="2" text="Yellow wool">
   </cell>
  </row>
  <row row="3">
   <cell col-end="0" col-start="0" row-end="3" row-start="3" text="Floor insulation">
   </cell>
   <cell col-end="1" col-start="1" row-end="3" row-start="3" text="Orange wool">
   </cell>
  </row>
  <row row="4">
   <cell col-end="0" col-start="0" row-end="4" row-start="4" text="Double glazing">
   </cell>
   <cell col-end="1" col-start="1" row-end="4" row-start="4" text="Glass">
   </cell>
  </row>
  <row row="5">
   <cell col-end="0" col-start="0" row-end="5" row-start="5" text="Roof insulation">
   </cell>
   <cell col-end="1" col-start="1" row-end="5" row-start="5" text="Purple wool">
   </cell>
  </row>
  <statements>
   <statement id="0" text="Each energy technology has different block type." type="">
   </statement>
   <statement id="4" text="Sensor is present only in Roof isolation." type="">
   </statement>
   <statement id="5" text="Sensor is present only in Solar panels." type="">
   </statement>
   <statement id="7" text="There are five renewable energy technologies are given." type="">
   </statement>
   <statement id="8" text="There are six renewable energy technologies are given." type="">
   </statement>
   <statement id="9" text="Yellow wool and orange wool are two different block types." type="">
   </statement>
  </statements>
 </table>
 <table id="Table 3">
  <caption text="

   Frequency of insulation combinations applied by the participants.
  
">
  </caption>
  <row row="0">
   <cell col-end="0" col-start="0" row-end="0" row-start="0" text="Combination">
   </cell>
   <cell col-end="1" col-start="1" row-end="0" row-start="0" text="Number of houses">
   </cell>
  </row>
  <row row="1">
   <cell col-end="0" col-start="0" row-end="1" row-start="1" text="Other combinations">
   </cell>
   <cell col-end="1" col-start="1" row-end="1" row-start="1" text="572">
   </cell>
  </row>
  <row row="2">
   <cell col-end="0" col-start="0" row-end="2" row-start="2" text="Floor, roof">
   </cell>
   <cell col-end="1" col-start="1" row-end="2" row-start="2" text="566">
   </cell>
  </row>
  <row row="3">
   <cell col-end="0" col-start="0" row-end="3" row-start="3" text="Floor, roof, wall">
   </cell>
   <cell col-end="1" col-start="1" row-end="3" row-start="3" text="102">
   </cell>
  </row>
  <row row="4">
   <cell col-end="0" col-start="0" row-end="4" row-start="4" text="Floor, roof, wall, window">
   </cell>
   <cell col-end="1" col-start="1" row-end="4" row-start="4" text="1,676">
   </cell>
  </row>
  <statements>
   <statement id="3" text="The combination of Floor, roof, wall has less number of houses." type="">
   </statement>
   <statement id="4" text="The combination of Floor, roof, wall, window has less number of houses." type="">
   </statement>
   <statement id="5" text="The combination of Floor, roof, wall, window has more number of houses." type="">
   </statement>
   <statement id="6" text="The number of other combination houses are 102." type="">
   </statement>
   <statement id="7" text="The number of other combination houses are 572." type="">
   </statement>
   <statement id="9" text="The only one combination has window combined with." type="">
   </statement>
   <statement id="10" text="There are five types of insulation combinations." type="">
   </statement>
   <statement id="11" text="There are four types of insulation combinations." type="">
   </statement>
  </statements>
 </table>
 <table id="Table 4">
  <caption text="

   Overview of the spread in different indicators between the groups participating in the public participatory planning session.
  
">
  </caption>
  <row row="0">
   <cell col-end="0" col-start="0" row-end="0" row-start="0" text="Indicator">
   </cell>
   <cell col-end="1" col-start="1" row-end="0" row-start="0" text="Mean">
   </cell>
   <cell col-end="2" col-start="2" row-end="0" row-start="0" text="St. Dev.">
   </cell>
   <cell col-end="3" col-start="3" row-end="0" row-start="0" text="Min.">
   </cell>
   <cell col-end="4" col-start="4" row-end="0" row-start="0" text="Max.">
   </cell>
  </row>
  <row row="1">
   <cell col-end="0" col-start="0" row-end="1" row-start="1" text="Number of solar panels">
   </cell>
   <cell col-end="1" col-start="1" row-end="1" row-start="1" text="1,400">
   </cell>
   <cell col-end="2" col-start="2" row-end="1" row-start="1" text="1,570">
   </cell>
   <cell col-end="3" col-start="3" row-end="1" row-start="1" text="38">
   </cell>
   <cell col-end="4" col-start="4" row-end="1" row-start="1" text="7,612">
   </cell>
  </row>
  <row row="2">
   <cell col-end="0" col-start="0" row-end="2" row-start="2" text="Buildings with solar panels">
   </cell>
   <cell col-end="1" col-start="1" row-end="2" row-start="2" text="62">
   </cell>
   <cell col-end="2" col-start="2" row-end="2" row-start="2" text="63">
   </cell>
   <cell col-end="3" col-start="3" row-end="2" row-start="2" text="6">
   </cell>
   <cell col-end="4" col-start="4" row-end="2" row-start="2" text="270">
   </cell>
  </row>
  <row row="3">
   <cell col-end="0" col-start="0" row-end="3" row-start="3" text="Average number of solar panels per building">
   </cell>
   <cell col-end="1" col-start="1" row-end="3" row-start="3" text="28">
   </cell>
   <cell col-end="2" col-start="2" row-end="3" row-start="3" text="30">
   </cell>
   <cell col-end="3" col-start="3" row-end="3" row-start="3" text="2">
   </cell>
   <cell col-end="4" col-start="4" row-end="3" row-start="3" text="143">
   </cell>
  </row>
  <row row="4">
   <cell col-end="0" col-start="0" row-end="4" row-start="4" text="Buildings insulated">
   </cell>
   <cell col-end="1" col-start="1" row-end="4" row-start="4" text="71">
   </cell>
   <cell col-end="2" col-start="2" row-end="4" row-start="4" text="87">
   </cell>
   <cell col-end="3" col-start="3" row-end="4" row-start="4" text="0">
   </cell>
   <cell col-end="4" col-start="4" row-end="4" row-start="4" text="344">
   </cell>
  </row>
  <row row="5">
   <cell col-end="0" col-start="0" row-end="5" row-start="5" text="Buildings addressed">
   </cell>
   <cell col-end="1" col-start="1" row-end="5" row-start="5" text="132">
   </cell>
   <cell col-end="2" col-start="2" row-end="5" row-start="5" text="135">
   </cell>
   <cell col-end="3" col-start="3" row-end="5" row-start="5" text="8">
   </cell>
   <cell col-end="4" col-start="4" row-end="5" row-start="5" text="521">
   </cell>
  </row>
  <row row="6">
   <cell col-end="0" col-start="0" row-end="6" row-start="6" text="% buildings addressed with solar panels">
   </cell>
   <cell col-end="1" col-start="1" row-end="6" row-start="6" text="47">
   </cell>
   <cell col-end="2" col-start="2" row-end="6" row-start="6" text="27">
   </cell>
   <cell col-end="3" col-start="3" row-end="6" row-start="6" text="19">
   </cell>
   <cell col-end="4" col-start="4" row-end="6" row-start="6" text="100">
   </cell>
  </row>
  <row row="7">
   <cell col-end="0" col-start="0" row-end="7" row-start="7" text="% buildings addressed with insulation">
   </cell>
   <cell col-end="1" col-start="1" row-end="7" row-start="7" text="53">
   </cell>
   <cell col-end="2" col-start="2" row-end="7" row-start="7" text="27">
   </cell>
   <cell col-end="3" col-start="3" row-end="7" row-start="7" text="0">
   </cell>
   <cell col-end="4" col-start="4" row-end="7" row-start="7" text="81">
   </cell>
  </row>
  <statements>
   <statement id="1" text="'Average number of solar panels per building' has lowest mean value." type="">
   </statement>
   <statement id="2" text="'Number of solar panels' has highest Min. value." type="">
   </statement>
  </statements>
 </table>
 <table id="Table 5">
  <caption text="

   Impact analysis of the joint plans, showing investment cost, reduction of gas consumption, electricity production, reduction of CO2-emission, and payback period per technology.
  
">
  </caption>
  <row row="0">
   <cell col-end="0" col-start="0" row-end="0" row-start="0" text="">
   </cell>
   <cell col-end="1" col-start="1" row-end="0" row-start="0" text="Investment cost (€)">
   </cell>
   <cell col-end="2" col-start="2" row-end="0" row-start="0" text="Reduction in gas consumption (m3)">
   </cell>
   <cell col-end="3" col-start="3" row-end="0" row-start="0" text="Electricity production (kWh)">
   </cell>
   <cell col-end="4" col-start="4" row-end="0" row-start="0" text="Reduction in CO2 emission (kg CO2-eq)">
   </cell>
   <cell col-end="5" col-start="5" row-end="0" row-start="0" text="Payback period (years)">
   </cell>
  </row>
  <row row="1">
   <cell col-end="0" col-start="0" row-end="1" row-start="1" text="Solar panels">
   </cell>
   <cell col-end="1" col-start="1" row-end="1" row-start="1" text="6,512,100‬">
   </cell>
   <cell col-end="2" col-start="2" row-end="1" row-start="1" text="–">
   </cell>
   <cell col-end="3" col-start="3" row-end="1" row-start="1" text="6,423,219">
   </cell>
   <cell col-end="4" col-start="4" row-end="1" row-start="1" text="3,211,609">
   </cell>
   <cell col-end="5" col-start="5" row-end="1" row-start="1" text="5.3">
   </cell>
  </row>
  <row row="2">
   <cell col-end="0" col-start="0" row-end="2" row-start="2" text="All insulation">
   </cell>
   <cell col-end="1" col-start="1" row-end="2" row-start="2" text="81,908,719">
   </cell>
   <cell col-end="2" col-start="2" row-end="2" row-start="2" text="8,878,861">
   </cell>
   <cell col-end="3" col-start="3" row-end="2" row-start="2" text="–">
   </cell>
   <cell col-end="4" col-start="4" row-end="2" row-start="2" text="17,580,145">
   </cell>
   <cell col-end="5" col-start="5" row-end="2" row-start="2" text="15.3">
   </cell>
  </row>
  <row row="3">
   <cell col-end="0" col-start="0" row-end="3" row-start="3" text="All technologies">
   </cell>
   <cell col-end="1" col-start="1" row-end="3" row-start="3" text="88,420,819">
   </cell>
   <cell col-end="2" col-start="2" row-end="3" row-start="3" text="8,878,861">
   </cell>
   <cell col-end="3" col-start="3" row-end="3" row-start="3" text="6,423,219">
   </cell>
   <cell col-end="4" col-start="4" row-end="3" row-start="3" text="20,791,754">
   </cell>
   <cell col-end="5" col-start="5" row-end="3" row-start="3" text="12.6">
   </cell>
  </row>
  <statements>
   <statement id="1" text="All insulation has a highest value in Payback period (years)." type="">
   </statement>
   <statement id="2" text="All insulation has a value in electricity production." type="">
   </statement>
   <statement id="3" text="All insulation has no value in electricity production." type="">
   </statement>
   <statement id="4" text="All technologies has a highest value in investment cost." type="">
   </statement>
   <statement id="8" text="Solar panels has a no value in electricity production." type="">
   </statement>
  </statements>
 </table>
</document>