<document>
 <table id="Table 5">
  <caption text="

   CEO tenure, chair duality, and compensation.
  


   This table presents the relations between the CEO's tenure and CEO-chair duality (columns 1–2) or total current compensation including salary and bonus (columns 3–4). The sample is the same as that in
   , except for columns 3 and 4, in which the sample is from 1936 to 2011 and conditions on CEO compensation data. Columns 2 and 4 measure CEO tenure effects using the instrumental variable approach of
   , which, at each point in time, reflects the proportion of a given CEO's ultimate tenure. These columns display within-firm R-squared, while columns 1 and 3 show total R-squared. Firm and year fixed effects are included in all specifications. All standard errors are adjusted for sample clustering at the firm level. *, **, and *** represent results significant at the 10%, 5%, and 1% levels, respectively.
  
">
  </caption>
  <row row="0">
   <cell col-end="0" col-start="0" row-end="0" row-start="0" text="Dep. var.">
   </cell>
   <cell col-end="2" col-start="1" row-end="0" row-start="0" text="1 (Chair duality)">
   </cell>
   <cell col-end="4" col-start="3" row-end="0" row-start="0" text="Log(Compensation)">
   </cell>
  </row>
  <row row="1">
   <cell col-end="0" col-start="0" row-end="1" row-start="1" text="">
   </cell>
   <cell col-end="1" col-start="1" row-end="1" row-start="1" text="(1)">
   </cell>
   <cell col-end="2" col-start="2" row-end="1" row-start="1" text="(2)">
   </cell>
   <cell col-end="3" col-start="3" row-end="1" row-start="1" text="(3)">
   </cell>
   <cell col-end="4" col-start="4" row-end="1" row-start="1" text="(4)">
   </cell>
  </row>
  <row row="2">
   <cell col-end="0" col-start="0" row-end="2" row-start="2" text="Model:">
   </cell>
   <cell col-end="1" col-start="1" row-end="2" row-start="2" text="OLS">
   </cell>
   <cell col-end="2" col-start="2" row-end="2" row-start="2" text="AS-IV">
   </cell>
   <cell col-end="3" col-start="3" row-end="2" row-start="2" text="OLS">
   </cell>
   <cell col-end="4" col-start="4" row-end="2" row-start="2" text="AS-IV">
   </cell>
  </row>
  <row row="3">
   <cell col-end="0" col-start="0" row-end="3" row-start="3" text="CEO tenure">
   </cell>
   <cell col-end="1" col-start="1" row-end="3" row-start="3" text="2.180***">
   </cell>
   <cell col-end="2" col-start="2" row-end="3" row-start="3" text="2.382***">
   </cell>
   <cell col-end="3" col-start="3" row-end="3" row-start="3" text="0.024***">
   </cell>
   <cell col-end="4" col-start="4" row-end="3" row-start="3" text="0.025***">
   </cell>
  </row>
  <row row="4">
   <cell col-end="0" col-start="0" row-end="4" row-start="4" text="">
   </cell>
   <cell col-end="1" col-start="1" row-end="4" row-start="4" text="(26.38)">
   </cell>
   <cell col-end="2" col-start="2" row-end="4" row-start="4" text="(30.04)">
   </cell>
   <cell col-end="3" col-start="3" row-end="4" row-start="4" text="(5.73)">
   </cell>
   <cell col-end="4" col-start="4" row-end="4" row-start="4" text="(9.11)">
   </cell>
  </row>
  <row row="5">
   <cell col-end="0" col-start="0" row-end="5" row-start="5" text="log(board size)">
   </cell>
   <cell col-end="1" col-start="1" row-end="5" row-start="5" text="–11.369***">
   </cell>
   <cell col-end="2" col-start="2" row-end="5" row-start="5" text="–11.406***">
   </cell>
   <cell col-end="3" col-start="3" row-end="5" row-start="5" text="0.039">
   </cell>
   <cell col-end="4" col-start="4" row-end="5" row-start="5" text="0.042">
   </cell>
  </row>
  <row row="6">
   <cell col-end="0" col-start="0" row-end="6" row-start="6" text="">
   </cell>
   <cell col-end="1" col-start="1" row-end="6" row-start="6" text="(–7.93)">
   </cell>
   <cell col-end="2" col-start="2" row-end="6" row-start="6" text="(–7.96)">
   </cell>
   <cell col-end="3" col-start="3" row-end="6" row-start="6" text="(0.47)">
   </cell>
   <cell col-end="4" col-start="4" row-end="6" row-start="6" text="(0.52)">
   </cell>
  </row>
  <row row="7">
   <cell col-end="0" col-start="0" row-end="7" row-start="7" text="log(assets)">
   </cell>
   <cell col-end="1" col-start="1" row-end="7" row-start="7" text="2.998***">
   </cell>
   <cell col-end="2" col-start="2" row-end="7" row-start="7" text="2.906***">
   </cell>
   <cell col-end="3" col-start="3" row-end="7" row-start="7" text="0.293***">
   </cell>
   <cell col-end="4" col-start="4" row-end="7" row-start="7" text="0.293***">
   </cell>
  </row>
  <row row="8">
   <cell col-end="0" col-start="0" row-end="8" row-start="8" text="">
   </cell>
   <cell col-end="1" col-start="1" row-end="8" row-start="8" text="(4.55)">
   </cell>
   <cell col-end="2" col-start="2" row-end="8" row-start="8" text="(4.40)">
   </cell>
   <cell col-end="3" col-start="3" row-end="8" row-start="8" text="(7.56)">
   </cell>
   <cell col-end="4" col-start="4" row-end="8" row-start="8" text="(7.86)">
   </cell>
  </row>
  <row row="9">
   <cell col-end="0" col-start="0" row-end="9" row-start="9" text="q">
   </cell>
   <cell col-end="1" col-start="1" row-end="9" row-start="9" text="0.750*">
   </cell>
   <cell col-end="2" col-start="2" row-end="9" row-start="9" text="0.752*">
   </cell>
   <cell col-end="3" col-start="3" row-end="9" row-start="9" text="0.007">
   </cell>
   <cell col-end="4" col-start="4" row-end="9" row-start="9" text="0.007">
   </cell>
  </row>
  <row row="10">
   <cell col-end="0" col-start="0" row-end="10" row-start="10" text="">
   </cell>
   <cell col-end="1" col-start="1" row-end="10" row-start="10" text="(1.77)">
   </cell>
   <cell col-end="2" col-start="2" row-end="10" row-start="10" text="(1.77)">
   </cell>
   <cell col-end="3" col-start="3" row-end="10" row-start="10" text="(0.19)">
   </cell>
   <cell col-end="4" col-start="4" row-end="10" row-start="10" text="(0.20)">
   </cell>
  </row>
  <row row="11">
   <cell col-end="0" col-start="0" row-end="11" row-start="11" text="ROA (ind-adj)">
   </cell>
   <cell col-end="1" col-start="1" row-end="11" row-start="11" text="1.168">
   </cell>
   <cell col-end="2" col-start="2" row-end="11" row-start="11" text="0.681">
   </cell>
   <cell col-end="3" col-start="3" row-end="11" row-start="11" text="1.463***">
   </cell>
   <cell col-end="4" col-start="4" row-end="11" row-start="11" text="1.419***">
   </cell>
  </row>
  <row row="12">
   <cell col-end="0" col-start="0" row-end="12" row-start="12" text="">
   </cell>
   <cell col-end="1" col-start="1" row-end="12" row-start="12" text="(0.36)">
   </cell>
   <cell col-end="2" col-start="2" row-end="12" row-start="12" text="(0.21)">
   </cell>
   <cell col-end="3" col-start="3" row-end="12" row-start="12" text="(4.37)">
   </cell>
   <cell col-end="4" col-start="4" row-end="12" row-start="12" text="(4.53)">
   </cell>
  </row>
  <row row="13">
   <cell col-end="0" col-start="0" row-end="13" row-start="13" text="Stock return (ind-adj)">
   </cell>
   <cell col-end="1" col-start="1" row-end="13" row-start="13" text="–">
   </cell>
   <cell col-end="2" col-start="2" row-end="13" row-start="13" text="–">
   </cell>
   <cell col-end="3" col-start="3" row-end="13" row-start="13" text="0.214***">
   </cell>
   <cell col-end="4" col-start="4" row-end="13" row-start="13" text="0.214***">
   </cell>
  </row>
  <row row="14">
   <cell col-end="0" col-start="0" row-end="14" row-start="14" text="">
   </cell>
   <cell col-end="1" col-start="1" row-end="14" row-start="14" text="–">
   </cell>
   <cell col-end="2" col-start="2" row-end="14" row-start="14" text="–">
   </cell>
   <cell col-end="3" col-start="3" row-end="14" row-start="14" text="(4.35)">
   </cell>
   <cell col-end="4" col-start="4" row-end="14" row-start="14" text="(4.42)">
   </cell>
  </row>
  <row row="15">
   <cell col-end="0" col-start="0" row-end="15" row-start="15" text="Tangibility">
   </cell>
   <cell col-end="1" col-start="1" row-end="15" row-start="15" text="4.524">
   </cell>
   <cell col-end="2" col-start="2" row-end="15" row-start="15" text="4.403">
   </cell>
   <cell col-end="3" col-start="3" row-end="15" row-start="15" text="–0.110">
   </cell>
   <cell col-end="4" col-start="4" row-end="15" row-start="15" text="–0.118">
   </cell>
  </row>
  <row row="16">
   <cell col-end="0" col-start="0" row-end="16" row-start="16" text="">
   </cell>
   <cell col-end="1" col-start="1" row-end="16" row-start="16" text="(1.24)">
   </cell>
   <cell col-end="2" col-start="2" row-end="16" row-start="16" text="(1.20)">
   </cell>
   <cell col-end="3" col-start="3" row-end="16" row-start="16" text="(–0.69)">
   </cell>
   <cell col-end="4" col-start="4" row-end="16" row-start="16" text="(–0.74)">
   </cell>
  </row>
  <row row="17">
   <cell col-end="0" col-start="0" row-end="17" row-start="17" text="Firm fixed effects">
   </cell>
   <cell col-end="1" col-start="1" row-end="17" row-start="17" text="Y">
   </cell>
   <cell col-end="2" col-start="2" row-end="17" row-start="17" text="Y">
   </cell>
   <cell col-end="3" col-start="3" row-end="17" row-start="17" text="Y">
   </cell>
   <cell col-end="4" col-start="4" row-end="17" row-start="17" text="Y">
   </cell>
  </row>
  <row row="18">
   <cell col-end="0" col-start="0" row-end="18" row-start="18" text="Year fixed effects">
   </cell>
   <cell col-end="1" col-start="1" row-end="18" row-start="18" text="Y">
   </cell>
   <cell col-end="2" col-start="2" row-end="18" row-start="18" text="Y">
   </cell>
   <cell col-end="3" col-start="3" row-end="18" row-start="18" text="Y">
   </cell>
   <cell col-end="4" col-start="4" row-end="18" row-start="18" text="Y">
   </cell>
  </row>
  <row row="19">
   <cell col-end="0" col-start="0" row-end="19" row-start="19" text="R
      
       2">
   </cell>
   <cell col-end="1" col-start="1" row-end="19" row-start="19" text="0.534">
   </cell>
   <cell col-end="2" col-start="2" row-end="19" row-start="19" text="0.197">
   </cell>
   <cell col-end="3" col-start="3" row-end="19" row-start="19" text="0.880">
   </cell>
   <cell col-end="4" col-start="4" row-end="19" row-start="19" text="0.832">
   </cell>
  </row>
  <row row="20">
   <cell col-end="0" col-start="0" row-end="20" row-start="20" text="N">
   </cell>
   <cell col-end="1" col-start="1" row-end="20" row-start="20" text="67,887">
   </cell>
   <cell col-end="2" col-start="2" row-end="20" row-start="20" text="67,259">
   </cell>
   <cell col-end="3" col-start="3" row-end="20" row-start="20" text="3323">
   </cell>
   <cell col-end="4" col-start="4" row-end="20" row-start="20" text="3314">
   </cell>
  </row>
  <statements>
   <statement id="2" text="log(board size) log(Compensation) under AS-IV is 0.042." type="">
   </statement>
   <statement id="3" text="ROA (ind-adj) 1 (Chair duality) under OLS is (26.38)." type="">
   </statement>
   <statement id="4" text="Stock return (ind-adj) 1 (Chair duality) under OLS is (5.73)." type="">
   </statement>
   <statement id="6" text="The sample consists of 3323 firm-years from the combined database of corporate officers and directors merged with CEO compensation data drawn from Frydman and Saks (2010) from 1936 to 1991 and ExecuComp from 1992 to 2011." type="">
   </statement>
  </statements>
 </table>
 <table id="Table 6">
  <caption text="

   Regulations, CEO tenure, and governance outcomes.
  


   This table examines the effect of the CEO's tenure on board independence, CEO-chair duality, and compensation for years before and after 2002 when new regulations began to require firms to maintain majority independent boards. The sample is the same as that in
   , except for column 3, in which the sample is from 1936 to 2011 and conditions on CEO compensation data. “Post 2002” is an indicator variable equal to one for years equal to or after 2002, and zero for years before 2002. The dependent variables are independence ratio, an indicator for CEO-chair duality, and the log of the CEO's current compensation in columns 1, 2, and 3, respectively. Firms with only one reported director are excluded from the sample. Firm × post-2002 period and year fixed effects are used throughout the table. All standard errors are adjusted for sample clustering at the firm level. *, **, and *** represent results significant at the 10%, 5%, and 1% levels, respectively.
  
">
  </caption>
  <row row="0">
   <cell col-end="0" col-start="0" row-end="0" row-start="0" text="Dep. var.">
   </cell>
   <cell col-end="1" col-start="1" row-end="0" row-start="0" text="Independence ratio">
   </cell>
   <cell col-end="2" col-start="2" row-end="0" row-start="0" text="1 (Chair duality)">
   </cell>
   <cell col-end="3" col-start="3" row-end="0" row-start="0" text="Log (Compensation)">
   </cell>
  </row>
  <row row="1">
   <cell col-end="0" col-start="0" row-end="1" row-start="1" text="">
   </cell>
   <cell col-end="1" col-start="1" row-end="1" row-start="1" text="(1)">
   </cell>
   <cell col-end="2" col-start="2" row-end="1" row-start="1" text="(2)">
   </cell>
   <cell col-end="3" col-start="3" row-end="1" row-start="1" text="(3)">
   </cell>
  </row>
  <row row="2">
   <cell col-end="0" col-start="0" row-end="2" row-start="2" text="CEO tenure">
   </cell>
   <cell col-end="1" col-start="1" row-end="2" row-start="2" text="–0.155***">
   </cell>
   <cell col-end="2" col-start="2" row-end="2" row-start="2" text="2.088***">
   </cell>
   <cell col-end="3" col-start="3" row-end="2" row-start="2" text="0.023***">
   </cell>
  </row>
  <row row="3">
   <cell col-end="0" col-start="0" row-end="3" row-start="3" text="">
   </cell>
   <cell col-end="1" col-start="1" row-end="3" row-start="3" text="(–6.84)">
   </cell>
   <cell col-end="2" col-start="2" row-end="3" row-start="3" text="(23.69)">
   </cell>
   <cell col-end="3" col-start="3" row-end="3" row-start="3" text="(5.46)">
   </cell>
  </row>
  <row row="4">
   <cell col-end="0" col-start="0" row-end="4" row-start="4" text="CEO tenure × Post 2002">
   </cell>
   <cell col-end="1" col-start="1" row-end="4" row-start="4" text="0.140***">
   </cell>
   <cell col-end="2" col-start="2" row-end="4" row-start="4" text="1.309***">
   </cell>
   <cell col-end="3" col-start="3" row-end="4" row-start="4" text="–0.008">
   </cell>
  </row>
  <row row="5">
   <cell col-end="0" col-start="0" row-end="5" row-start="5" text="">
   </cell>
   <cell col-end="1" col-start="1" row-end="5" row-start="5" text="(3.11)">
   </cell>
   <cell col-end="2" col-start="2" row-end="5" row-start="5" text="(5.33)">
   </cell>
   <cell col-end="3" col-start="3" row-end="5" row-start="5" text="(–0.48)">
   </cell>
  </row>
  <row row="6">
   <cell col-end="0" col-start="0" row-end="6" row-start="6" text="log(board size)">
   </cell>
   <cell col-end="1" col-start="1" row-end="6" row-start="6" text="10.483***">
   </cell>
   <cell col-end="2" col-start="2" row-end="6" row-start="6" text="–10.119***">
   </cell>
   <cell col-end="3" col-start="3" row-end="6" row-start="6" text="0.034">
   </cell>
  </row>
  <row row="7">
   <cell col-end="0" col-start="0" row-end="7" row-start="7" text="">
   </cell>
   <cell col-end="1" col-start="1" row-end="7" row-start="7" text="(15.49)">
   </cell>
   <cell col-end="2" col-start="2" row-end="7" row-start="7" text="(–7.05)">
   </cell>
   <cell col-end="3" col-start="3" row-end="7" row-start="7" text="(0.39)">
   </cell>
  </row>
  <row row="8">
   <cell col-end="0" col-start="0" row-end="8" row-start="8" text="log(assets)">
   </cell>
   <cell col-end="1" col-start="1" row-end="8" row-start="8" text="–0.453">
   </cell>
   <cell col-end="2" col-start="2" row-end="8" row-start="8" text="2.333***">
   </cell>
   <cell col-end="3" col-start="3" row-end="8" row-start="8" text="0.292***">
   </cell>
  </row>
  <row row="9">
   <cell col-end="0" col-start="0" row-end="9" row-start="9" text="">
   </cell>
   <cell col-end="1" col-start="1" row-end="9" row-start="9" text="(–1.64)">
   </cell>
   <cell col-end="2" col-start="2" row-end="9" row-start="9" text="(3.26)">
   </cell>
   <cell col-end="3" col-start="3" row-end="9" row-start="9" text="(6.62)">
   </cell>
  </row>
  <row row="10">
   <cell col-end="0" col-start="0" row-end="10" row-start="10" text="q">
   </cell>
   <cell col-end="1" col-start="1" row-end="10" row-start="10" text="–0.090">
   </cell>
   <cell col-end="2" col-start="2" row-end="10" row-start="10" text="0.728*">
   </cell>
   <cell col-end="3" col-start="3" row-end="10" row-start="10" text="0.021">
   </cell>
  </row>
  <row row="11">
   <cell col-end="0" col-start="0" row-end="11" row-start="11" text="">
   </cell>
   <cell col-end="1" col-start="1" row-end="11" row-start="11" text="(–0.58)">
   </cell>
   <cell col-end="2" col-start="2" row-end="11" row-start="11" text="(1.72)">
   </cell>
   <cell col-end="3" col-start="3" row-end="11" row-start="11" text="(0.58)">
   </cell>
  </row>
  <row row="12">
   <cell col-end="0" col-start="0" row-end="12" row-start="12" text="ROA (ind-adj)">
   </cell>
   <cell col-end="1" col-start="1" row-end="12" row-start="12" text="–1.219">
   </cell>
   <cell col-end="2" col-start="2" row-end="12" row-start="12" text="0.142">
   </cell>
   <cell col-end="3" col-start="3" row-end="12" row-start="12" text="1.216***">
   </cell>
  </row>
  <row row="13">
   <cell col-end="0" col-start="0" row-end="13" row-start="13" text="">
   </cell>
   <cell col-end="1" col-start="1" row-end="13" row-start="13" text="(–1.10)">
   </cell>
   <cell col-end="2" col-start="2" row-end="13" row-start="13" text="(0.04)">
   </cell>
   <cell col-end="3" col-start="3" row-end="13" row-start="13" text="(4.77)">
   </cell>
  </row>
  <row row="14">
   <cell col-end="0" col-start="0" row-end="14" row-start="14" text="Stock return (ind-adj)">
   </cell>
   <cell col-end="1" col-start="1" row-end="14" row-start="14" text="–">
   </cell>
   <cell col-end="2" col-start="2" row-end="14" row-start="14" text="–">
   </cell>
   <cell col-end="3" col-start="3" row-end="14" row-start="14" text="0.224***">
   </cell>
  </row>
  <row row="15">
   <cell col-end="0" col-start="0" row-end="15" row-start="15" text="">
   </cell>
   <cell col-end="1" col-start="1" row-end="15" row-start="15" text="–">
   </cell>
   <cell col-end="2" col-start="2" row-end="15" row-start="15" text="–">
   </cell>
   <cell col-end="3" col-start="3" row-end="15" row-start="15" text="(4.27)">
   </cell>
  </row>
  <row row="16">
   <cell col-end="0" col-start="0" row-end="16" row-start="16" text="Tangibility">
   </cell>
   <cell col-end="1" col-start="1" row-end="16" row-start="16" text="2.863**">
   </cell>
   <cell col-end="2" col-start="2" row-end="16" row-start="16" text="4.741">
   </cell>
   <cell col-end="3" col-start="3" row-end="16" row-start="16" text="–0.134">
   </cell>
  </row>
  <row row="17">
   <cell col-end="0" col-start="0" row-end="17" row-start="17" text="">
   </cell>
   <cell col-end="1" col-start="1" row-end="17" row-start="17" text="(2.21)">
   </cell>
   <cell col-end="2" col-start="2" row-end="17" row-start="17" text="(1.27)">
   </cell>
   <cell col-end="3" col-start="3" row-end="17" row-start="17" text="(–0.79)">
   </cell>
  </row>
  <row row="18">
   <cell col-end="0" col-start="0" row-end="18" row-start="18" text="Firm × period fixed effects">
   </cell>
   <cell col-end="1" col-start="1" row-end="18" row-start="18" text="Y">
   </cell>
   <cell col-end="2" col-start="2" row-end="18" row-start="18" text="Y">
   </cell>
   <cell col-end="3" col-start="3" row-end="18" row-start="18" text="Y">
   </cell>
  </row>
  <row row="19">
   <cell col-end="0" col-start="0" row-end="19" row-start="19" text="Year fixed effects">
   </cell>
   <cell col-end="1" col-start="1" row-end="19" row-start="19" text="Y">
   </cell>
   <cell col-end="2" col-start="2" row-end="19" row-start="19" text="Y">
   </cell>
   <cell col-end="3" col-start="3" row-end="19" row-start="19" text="Y">
   </cell>
  </row>
  <row row="20">
   <cell col-end="0" col-start="0" row-end="20" row-start="20" text="R
      
       2">
   </cell>
   <cell col-end="1" col-start="1" row-end="20" row-start="20" text="0.684">
   </cell>
   <cell col-end="2" col-start="2" row-end="20" row-start="20" text="0.568">
   </cell>
   <cell col-end="3" col-start="3" row-end="20" row-start="20" text="0.898">
   </cell>
  </row>
  <row row="21">
   <cell col-end="0" col-start="0" row-end="21" row-start="21" text="N">
   </cell>
   <cell col-end="1" col-start="1" row-end="21" row-start="21" text="86,946">
   </cell>
   <cell col-end="2" col-start="2" row-end="21" row-start="21" text="67,887">
   </cell>
   <cell col-end="3" col-start="3" row-end="21" row-start="21" text="3323">
   </cell>
  </row>
  <statements>
   <statement id="1" text="Firm  period fixed effects is N for all the categories." type="">
   </statement>
   <statement id="2" text="log(assets) has no values in the table." type="">
   </statement>
   <statement id="5" text="R 2 of Log (Compensation) is 0.898." type="">
   </statement>
   <statement id="8" text="The CEO tenure of Independence ratio is 0.155." type="">
   </statement>
   <statement id="9" text="The coefficient on CEO tenure  Post 2002 is 0.008 and insignificant, suggesting the tenure-compensation relation did not change post-2002." type="">
   </statement>
   <statement id="10" text="The ROA (ind-adj) of Log (Compensation) is 1.216." type="">
   </statement>
  </statements>
 </table>
</document>