<document>
 <table id="Table 2">
  <caption text="

   Ramp time and ramp rate for the three cases simulated, corresponding to load changes between full and zero load for supplementary firing (SF), and full and minimum load for gas turbines (GT). Based on reference plant data.
  
">
  </caption>
  <row row="0">
   <cell col-end="0" col-start="0" row-end="0" row-start="0" text="Ramp case">
   </cell>
   <cell col-end="1" col-start="1" row-end="0" row-start="0" text="SF ramp time [min]">
   </cell>
   <cell col-end="2" col-start="2" row-end="0" row-start="0" text="SF ramp rate [%/min]">
   </cell>
   <cell col-end="3" col-start="3" row-end="0" row-start="0" text="GT ramp time [min]">
   </cell>
   <cell col-end="4" col-start="4" row-end="0" row-start="0" text="GT ramp rate [%/min]">
   </cell>
  </row>
  <row row="1">
   <cell col-end="0" col-start="0" row-end="1" row-start="1" text="Slow">
   </cell>
   <cell col-end="1" col-start="1" row-end="1" row-start="1" text="120">
   </cell>
   <cell col-end="2" col-start="2" row-end="1" row-start="1" text="0.8">
   </cell>
   <cell col-end="3" col-start="3" row-end="1" row-start="1" text="60">
   </cell>
   <cell col-end="4" col-start="4" row-end="1" row-start="1" text="1.2">
   </cell>
  </row>
  <row row="2">
   <cell col-end="0" col-start="0" row-end="2" row-start="2" text="Mid">
   </cell>
   <cell col-end="1" col-start="1" row-end="2" row-start="2" text="60">
   </cell>
   <cell col-end="2" col-start="2" row-end="2" row-start="2" text="1.7">
   </cell>
   <cell col-end="3" col-start="3" row-end="2" row-start="2" text="30">
   </cell>
   <cell col-end="4" col-start="4" row-end="2" row-start="2" text="2.3">
   </cell>
  </row>
  <row row="3">
   <cell col-end="0" col-start="0" row-end="3" row-start="3" text="Fast">
   </cell>
   <cell col-end="1" col-start="1" row-end="3" row-start="3" text="30">
   </cell>
   <cell col-end="2" col-start="2" row-end="3" row-start="3" text="3.3">
   </cell>
   <cell col-end="3" col-start="3" row-end="3" row-start="3" text="15">
   </cell>
   <cell col-end="4" col-start="4" row-end="3" row-start="3" text="4.7">
   </cell>
  </row>
  <statements>
   <statement id="1" text="In Ramp case there are 8 kinds ." type="">
   </statement>
   <statement id="3" text="The Highest SF ramp time (min) is 1." type="">
   </statement>
   <statement id="4" text="The Highest SF ramp time (min) is 120." type="">
   </statement>
   <statement id="5" text="The Lowest GT ramp time (min) is 4.7." type="">
   </statement>
   <statement id="6" text="The Lowest GT ramp time (min) is 80." type="">
   </statement>
   <statement id="7" text="The three ramp cases, (fast, mid and slow, Table 2 ) are simulated with the dynamic process model." type="">
   </statement>
  </statements>
 </table>
</document>