<document>
 <table id="Table 2">
  <caption text="

   Results from the official test set of the ISIC 2019 Challenge for each class. We consider the AUC, the AUC for a sensitivity larger than 80% (AUC-S), the sensitivity and specificity. Note that the sensitivity given here is differently calculated than S. Values are given in percent.
  
">
  </caption>
  <row row="0">
   <cell col-end="0" col-start="0" row-end="0" row-start="0" text="Class">
   </cell>
   <cell col-end="4" col-start="1" row-end="0" row-start="0" text="Task1">
   </cell>
   <cell col-end="8" col-start="5" row-end="0" row-start="0" text="Task2">
   </cell>
  </row>
  <row row="1">
   <cell col-end="0" col-start="0" row-end="1" row-start="1" text="">
   </cell>
   <cell col-end="1" col-start="1" row-end="1" row-start="1" text="AUC">
   </cell>
   <cell col-end="2" col-start="2" row-end="1" row-start="1" text="AUC-S">
   </cell>
   <cell col-end="3" col-start="3" row-end="1" row-start="1" text="Sens.">
   </cell>
   <cell col-end="4" col-start="4" row-end="1" row-start="1" text="Spec.">
   </cell>
   <cell col-end="5" col-start="5" row-end="1" row-start="1" text="AUC">
   </cell>
   <cell col-end="6" col-start="6" row-end="1" row-start="1" text="AUC-S">
   </cell>
   <cell col-end="7" col-start="7" row-end="1" row-start="1" text="Sens.">
   </cell>
   <cell col-end="8" col-start="8" row-end="1" row-start="1" text="Spec.">
   </cell>
  </row>
  <row row="2">
   <cell col-end="0" col-start="0" row-end="2" row-start="2" text="MEL">
   </cell>
   <cell col-end="1" col-start="1" row-end="2" row-start="2" text="0.928">
   </cell>
   <cell col-end="2" col-start="2" row-end="2" row-start="2" text="0.849">
   </cell>
   <cell col-end="3" col-start="3" row-end="2" row-start="2" text="0.594">
   </cell>
   <cell col-end="4" col-start="4" row-end="2" row-start="2" text="0.962">
   </cell>
   <cell col-end="5" col-start="5" row-end="2" row-start="2" text="0.931">
   </cell>
   <cell col-end="6" col-start="6" row-end="2" row-start="2" text="0.849">
   </cell>
   <cell col-end="7" col-start="7" row-end="2" row-start="2" text="0.545">
   </cell>
   <cell col-end="8" col-start="8" row-end="2" row-start="2" text="0.976">
   </cell>
  </row>
  <row row="3">
   <cell col-end="0" col-start="0" row-end="3" row-start="3" text="NV">
   </cell>
   <cell col-end="1" col-start="1" row-end="3" row-start="3" text="0.96">
   </cell>
   <cell col-end="2" col-start="2" row-end="3" row-start="3" text="0.93">
   </cell>
   <cell col-end="3" col-start="3" row-end="3" row-start="3" text="0.71">
   </cell>
   <cell col-end="4" col-start="4" row-end="3" row-start="3" text="0.975">
   </cell>
   <cell col-end="5" col-start="5" row-end="3" row-start="3" text="0.96">
   </cell>
   <cell col-end="6" col-start="6" row-end="3" row-start="3" text="0.932">
   </cell>
   <cell col-end="7" col-start="7" row-end="3" row-start="3" text="0.637">
   </cell>
   <cell col-end="8" col-start="8" row-end="3" row-start="3" text="0.983">
   </cell>
  </row>
  <row row="4">
   <cell col-end="0" col-start="0" row-end="4" row-start="4" text="BCC">
   </cell>
   <cell col-end="1" col-start="1" row-end="4" row-start="4" text="0.949">
   </cell>
   <cell col-end="2" col-start="2" row-end="4" row-start="4" text="0.904">
   </cell>
   <cell col-end="3" col-start="3" row-end="4" row-start="4" text="0.721">
   </cell>
   <cell col-end="4" col-start="4" row-end="4" row-start="4" text="0.94">
   </cell>
   <cell col-end="5" col-start="5" row-end="4" row-start="4" text="0.947">
   </cell>
   <cell col-end="6" col-start="6" row-end="4" row-start="4" text="0.901">
   </cell>
   <cell col-end="7" col-start="7" row-end="4" row-start="4" text="0.649">
   </cell>
   <cell col-end="8" col-start="8" row-end="4" row-start="4" text="0.958">
   </cell>
  </row>
  <row row="5">
   <cell col-end="0" col-start="0" row-end="5" row-start="5" text="AK">
   </cell>
   <cell col-end="1" col-start="1" row-end="5" row-start="5" text="0.914">
   </cell>
   <cell col-end="2" col-start="2" row-end="5" row-start="5" text="0.824">
   </cell>
   <cell col-end="3" col-start="3" row-end="5" row-start="5" text="0.484">
   </cell>
   <cell col-end="4" col-start="4" row-end="5" row-start="5" text="0.965">
   </cell>
   <cell col-end="5" col-start="5" row-end="5" row-start="5" text="0.919">
   </cell>
   <cell col-end="6" col-start="6" row-end="5" row-start="5" text="0.841">
   </cell>
   <cell col-end="7" col-start="7" row-end="5" row-start="5" text="0.46">
   </cell>
   <cell col-end="8" col-start="8" row-end="5" row-start="5" text="0.966">
   </cell>
  </row>
  <row row="6">
   <cell col-end="0" col-start="0" row-end="6" row-start="6" text="BKL">
   </cell>
   <cell col-end="1" col-start="1" row-end="6" row-start="6" text="0.904">
   </cell>
   <cell col-end="2" col-start="2" row-end="6" row-start="6" text="0.805">
   </cell>
   <cell col-end="3" col-start="3" row-end="6" row-start="6" text="0.394">
   </cell>
   <cell col-end="4" col-start="4" row-end="6" row-start="6" text="0.985">
   </cell>
   <cell col-end="5" col-start="5" row-end="6" row-start="6" text="0.908">
   </cell>
   <cell col-end="6" col-start="6" row-end="6" row-start="6" text="0.821">
   </cell>
   <cell col-end="7" col-start="7" row-end="6" row-start="6" text="0.324">
   </cell>
   <cell col-end="8" col-start="8" row-end="6" row-start="6" text="0.991">
   </cell>
  </row>
  <row row="7">
   <cell col-end="0" col-start="0" row-end="7" row-start="7" text="DF">
   </cell>
   <cell col-end="1" col-start="1" row-end="7" row-start="7" text="0.979">
   </cell>
   <cell col-end="2" col-start="2" row-end="7" row-start="7" text="0.963">
   </cell>
   <cell col-end="3" col-start="3" row-end="7" row-start="7" text="0.578">
   </cell>
   <cell col-end="4" col-start="4" row-end="7" row-start="7" text="0.992">
   </cell>
   <cell col-end="5" col-start="5" row-end="7" row-start="7" text="0.98">
   </cell>
   <cell col-end="6" col-start="6" row-end="7" row-start="7" text="0.965">
   </cell>
   <cell col-end="7" col-start="7" row-end="7" row-start="7" text="0.556">
   </cell>
   <cell col-end="8" col-start="8" row-end="7" row-start="7" text="0.993">
   </cell>
  </row>
  <row row="8">
   <cell col-end="0" col-start="0" row-end="8" row-start="8" text="VASC">
   </cell>
   <cell col-end="1" col-start="1" row-end="8" row-start="8" text="0.956">
   </cell>
   <cell col-end="2" col-start="2" row-end="8" row-start="8" text="0.925">
   </cell>
   <cell col-end="3" col-start="3" row-end="8" row-start="8" text="0.644">
   </cell>
   <cell col-end="4" col-start="4" row-end="8" row-start="8" text="0.991">
   </cell>
   <cell col-end="5" col-start="5" row-end="8" row-start="8" text="0.942">
   </cell>
   <cell col-end="6" col-start="6" row-end="8" row-start="8" text="0.912">
   </cell>
   <cell col-end="7" col-start="7" row-end="8" row-start="8" text="0.495">
   </cell>
   <cell col-end="8" col-start="8" row-end="8" row-start="8" text="0.995">
   </cell>
  </row>
  <row row="9">
   <cell col-end="0" col-start="0" row-end="9" row-start="9" text="SCC">
   </cell>
   <cell col-end="1" col-start="1" row-end="9" row-start="9" text="0.938">
   </cell>
   <cell col-end="2" col-start="2" row-end="9" row-start="9" text="0.876">
   </cell>
   <cell col-end="3" col-start="3" row-end="9" row-start="9" text="0.439">
   </cell>
   <cell col-end="4" col-start="4" row-end="9" row-start="9" text="0.986">
   </cell>
   <cell col-end="5" col-start="5" row-end="9" row-start="9" text="0.93">
   </cell>
   <cell col-end="6" col-start="6" row-end="9" row-start="9" text="0.878">
   </cell>
   <cell col-end="7" col-start="7" row-end="9" row-start="9" text="0.408">
   </cell>
   <cell col-end="8" col-start="8" row-end="9" row-start="9" text="0.987">
   </cell>
  </row>
  <row row="10">
   <cell col-end="0" col-start="0" row-end="10" row-start="10" text="UNK">
   </cell>
   <cell col-end="1" col-start="1" row-end="10" row-start="10" text="0.775">
   </cell>
   <cell col-end="2" col-start="2" row-end="10" row-start="10" text="0.581">
   </cell>
   <cell col-end="3" col-start="3" row-end="10" row-start="10" text="0.00283">
   </cell>
   <cell col-end="4" col-start="4" row-end="10" row-start="10" text="0.999">
   </cell>
   <cell col-end="5" col-start="5" row-end="10" row-start="10" text="0.612">
   </cell>
   <cell col-end="6" col-start="6" row-end="10" row-start="10" text="0.253">
   </cell>
   <cell col-end="7" col-start="7" row-end="10" row-start="10" text="0">
   </cell>
   <cell col-end="8" col-start="8" row-end="10" row-start="10" text="0.999">
   </cell>
  </row>
  <statements>
   <statement id="0" text="Compare to both the task the value of MEL under task 1 for AUC is least value 9.928." type="">
   </statement>
   <statement id="2" text="The table has been divided into three task - Task1 Task 2 and Task3." type="">
   </statement>
   <statement id="5" text="The value of BCC under task 2 for Spec is highest 0.958." type="">
   </statement>
   <statement id="6" text="The value of UNK is 0 under task 2 for Sens." type="">
   </statement>
   <statement id="7" text="The value of UNK is 8 under task 2 for Sens." type="">
   </statement>
   <statement id="8" text="There are nine class." type="">
   </statement>
  </statements>
 </table>
</document>