<document>
 <table id="Table 5">
  <caption text="

   CMVs and RMVs regarding the performance indicator “Number of independent citations”.
  
">
  </caption>
  <row row="0">
   <cell col-end="0" col-start="0" row-end="0" row-start="0" text="">
   </cell>
   <cell col-end="1" col-start="1" row-end="0" row-start="0" text="Current minimum values">
   </cell>
   <cell col-end="3" col-start="2" row-end="0" row-start="0" text="Number of independent citations, 2014–2019">
   </cell>
   <cell col-end="5" col-start="4" row-end="0" row-start="0" text="Number of years required to fulfill minimum value">
   </cell>
   <cell col-end="7" col-start="6" row-end="0" row-start="0" text="Recalibrated minimum values">
   </cell>
  </row>
  <row row="1">
   <cell col-end="0" col-start="0" row-end="1" row-start="1" text="">
   </cell>
   <cell col-end="1" col-start="1" row-end="1" row-start="1" text="">
   </cell>
   <cell col-end="2" col-start="2" row-end="1" row-start="1" text="IC
     

       a">
   </cell>
   <cell col-end="3" col-start="3" row-end="1" row-start="1" text="FC
     

       b">
   </cell>
   <cell col-end="4" col-start="4" row-end="1" row-start="1" text="IC
     

       a">
   </cell>
   <cell col-end="5" col-start="5" row-end="1" row-start="1" text="FC
     

       b">
   </cell>
   <cell col-end="6" col-start="6" row-end="1" row-start="1" text="IC
     

       a">
   </cell>
   <cell col-end="7" col-start="7" row-end="1" row-start="1" text="FC
     

       b">
   </cell>
  </row>
  <row row="2">
   <cell col-end="0" col-start="0" row-end="2" row-start="2" text="Mining">
   </cell>
   <cell col-end="1" col-start="1" row-end="2" row-start="2" text="120">
   </cell>
   <cell col-end="2" col-start="2" row-end="2" row-start="2" text="62.875">
   </cell>
   <cell col-end="3" col-start="3" row-end="2" row-start="2" text="19.934">
   </cell>
   <cell col-end="4" col-start="4" row-end="2" row-start="2" text="9.543">
   </cell>
   <cell col-end="5" col-start="5" row-end="2" row-start="2" text="30.099">
   </cell>
   <cell col-end="6" col-start="6" row-end="2" row-start="2" text="102 (101.983)">
   </cell>
   <cell col-end="7" col-start="7" row-end="2" row-start="2" text="32 (32.333)">
   </cell>
  </row>
  <row row="3">
   <cell col-end="0" col-start="0" row-end="3" row-start="3" text="Geology">
   </cell>
   <cell col-end="1" col-start="1" row-end="3" row-start="3" text="150">
   </cell>
   <cell col-end="2" col-start="2" row-end="3" row-start="3" text="115.538">
   </cell>
   <cell col-end="3" col-start="3" row-end="3" row-start="3" text="24.531">
   </cell>
   <cell col-end="4" col-start="4" row-end="3" row-start="3" text="6.491">
   </cell>
   <cell col-end="5" col-start="5" row-end="3" row-start="3" text="30.573">
   </cell>
   <cell col-end="6" col-start="6" row-end="3" row-start="3" text="187 (187.403)">
   </cell>
   <cell col-end="7" col-start="7" row-end="3" row-start="3" text="40 (39.790)">
   </cell>
  </row>
  <row row="4">
   <cell col-end="0" col-start="0" row-end="4" row-start="4" text="Geodesy and Geoinformatics">
   </cell>
   <cell col-end="1" col-start="1" row-end="4" row-start="4" text="120">
   </cell>
   <cell col-end="2" col-start="2" row-end="4" row-start="4" text="45.800">
   </cell>
   <cell col-end="3" col-start="3" row-end="4" row-start="4" text="10.132">
   </cell>
   <cell col-end="4" col-start="4" row-end="4" row-start="4" text="13.100">
   </cell>
   <cell col-end="5" col-start="5" row-end="4" row-start="4" text="59.221">
   </cell>
   <cell col-end="6" col-start="6" row-end="4" row-start="4" text="74 (74.288)">
   </cell>
   <cell col-end="7" col-start="7" row-end="4" row-start="4" text="16 (16.433)">
   </cell>
  </row>
  <row row="5">
   <cell col-end="0" col-start="0" row-end="5" row-start="5" text="Geophysics">
   </cell>
   <cell col-end="1" col-start="1" row-end="5" row-start="5" text="150">
   </cell>
   <cell col-end="2" col-start="2" row-end="5" row-start="5" text="48.583">
   </cell>
   <cell col-end="3" col-start="3" row-end="5" row-start="5" text="9.845">
   </cell>
   <cell col-end="4" col-start="4" row-end="5" row-start="5" text="15.437">
   </cell>
   <cell col-end="5" col-start="5" row-end="5" row-start="5" text="76.179">
   </cell>
   <cell col-end="6" col-start="6" row-end="5" row-start="5" text="79 (78.802)">
   </cell>
   <cell col-end="7" col-start="7" row-end="5" row-start="5" text="16 (15.969)">
   </cell>
  </row>
  <row row="6">
   <cell col-end="0" col-start="0" row-end="6" row-start="6" text="Geochemistry, Mineralogy and Petrology">
   </cell>
   <cell col-end="1" col-start="1" row-end="6" row-start="6" text="150">
   </cell>
   <cell col-end="2" col-start="2" row-end="6" row-start="6" text="127.700">
   </cell>
   <cell col-end="3" col-start="3" row-end="6" row-start="6" text="21.111">
   </cell>
   <cell col-end="4" col-start="4" row-end="6" row-start="6" text="5.873">
   </cell>
   <cell col-end="5" col-start="5" row-end="6" row-start="6" text="35.526">
   </cell>
   <cell col-end="6" col-start="6" row-end="6" row-start="6" text="207 (207.129)">
   </cell>
   <cell col-end="7" col-start="7" row-end="6" row-start="6" text="34 (34.242)">
   </cell>
  </row>
  <row row="7">
   <cell col-end="0" col-start="0" row-end="7" row-start="7" text="Meteorology">
   </cell>
   <cell col-end="1" col-start="1" row-end="7" row-start="7" text="150">
   </cell>
   <cell col-end="2" col-start="2" row-end="7" row-start="7" text="151.154">
   </cell>
   <cell col-end="3" col-start="3" row-end="7" row-start="7" text="34.312">
   </cell>
   <cell col-end="4" col-start="4" row-end="7" row-start="7" text="4.962">
   </cell>
   <cell col-end="5" col-start="5" row-end="7" row-start="7" text="21.858">
   </cell>
   <cell col-end="6" col-start="6" row-end="7" row-start="7" text="245 (245.172)">
   </cell>
   <cell col-end="7" col-start="7" row-end="7" row-start="7" text="56 (55.654)">
   </cell>
  </row>
  <row row="8">
   <cell col-end="0" col-start="0" row-end="8" row-start="8" text="Paleontology">
   </cell>
   <cell col-end="1" col-start="1" row-end="8" row-start="8" text="150">
   </cell>
   <cell col-end="2" col-start="2" row-end="8" row-start="8" text="153.250">
   </cell>
   <cell col-end="3" col-start="3" row-end="8" row-start="8" text="27.642">
   </cell>
   <cell col-end="4" col-start="4" row-end="8" row-start="8" text="4.894">
   </cell>
   <cell col-end="5" col-start="5" row-end="8" row-start="8" text="27.133">
   </cell>
   <cell col-end="6" col-start="6" row-end="8" row-start="8" text="249 (248.572)">
   </cell>
   <cell col-end="7" col-start="7" row-end="8" row-start="8" text="45 (44.835)">
   </cell>
  </row>
  <row row="9">
   <cell col-end="0" col-start="0" row-end="9" row-start="9" text="Social Geography">
   </cell>
   <cell col-end="1" col-start="1" row-end="9" row-start="9" text="150">
   </cell>
   <cell col-end="2" col-start="2" row-end="9" row-start="9" text="101.583">
   </cell>
   <cell col-end="3" col-start="3" row-end="9" row-start="9" text="42.932">
   </cell>
   <cell col-end="4" col-start="4" row-end="9" row-start="9" text="7.383">
   </cell>
   <cell col-end="5" col-start="5" row-end="9" row-start="9" text="17.470">
   </cell>
   <cell col-end="6" col-start="6" row-end="9" row-start="9" text="165 (164.768)">
   </cell>
   <cell col-end="7" col-start="7" row-end="9" row-start="9" text="70 (69.636)">
   </cell>
  </row>
  <row row="10">
   <cell col-end="0" col-start="0" row-end="10" row-start="10" text="Physical Geography">
   </cell>
   <cell col-end="1" col-start="1" row-end="10" row-start="10" text="120">
   </cell>
   <cell col-end="2" col-start="2" row-end="10" row-start="10" text="113.167">
   </cell>
   <cell col-end="3" col-start="3" row-end="10" row-start="10" text="25.925">
   </cell>
   <cell col-end="4" col-start="4" row-end="10" row-start="10" text="5.302">
   </cell>
   <cell col-end="5" col-start="5" row-end="10" row-start="10" text="23.144">
   </cell>
   <cell col-end="6" col-start="6" row-end="10" row-start="10" text="184 (183.556)">
   </cell>
   <cell col-end="7" col-start="7" row-end="10" row-start="10" text="42 (42.050)">
   </cell>
  </row>
  <statements>
   <statement id="0" text="As can be seen in Table 5 , in a 6-year period, the highest number of citations were received by meteorologists and paleontologists (of course, taking the top 25 percent of individual publication performance into account)." type="">
   </statement>
   <statement id="3" text="Geodesy and Geoinformatics has lowest counting method of 45.800." type="">
   </statement>
   <statement id="4" text="Paleontology have highest Recalibrated minimum values of 249 (248.572)." type="">
   </statement>
   <statement id="6" text="There are ten different categories." type="">
   </statement>
  </statements>
 </table>
 <table id="Table 1">
  <caption text="

   Minimum performance indicator values by groups of disciplines as defined by the Section of Earth Sciences.
  
">
  </caption>
  <row row="0">
   <cell col-end="0" col-start="0" row-end="0" row-start="0" text="">
   </cell>
   <cell col-end="1" col-start="1" row-end="0" row-start="0" text="Disciplines in Group 1: geochemistry, mineralogy, petrology, geology, geophysics, meteorology, and paleontology">
   </cell>
   <cell col-end="2" col-start="2" row-end="0" row-start="0" text="Disciplines in Group 2: mining, geodesy, geoinformatics, and physical geography">
   </cell>
   <cell col-end="3" col-start="3" row-end="0" row-start="0" text="Discipline in Group 3: social geography">
   </cell>
  </row>
  <row row="1">
   <cell col-end="0" col-start="0" row-end="1" row-start="1" text="Number of scientific publications">
   </cell>
   <cell col-end="1" col-start="1" row-end="1" row-start="1" text="30">
   </cell>
   <cell col-end="2" col-start="2" row-end="1" row-start="1" text="30">
   </cell>
   <cell col-end="3" col-start="3" row-end="1" row-start="1" text="40">
   </cell>
  </row>
  <row row="2">
   <cell col-end="0" col-start="0" row-end="2" row-start="2" text="Number of scientific publications with first author position">
   </cell>
   <cell col-end="1" col-start="1" row-end="2" row-start="2" text="15">
   </cell>
   <cell col-end="2" col-start="2" row-end="2" row-start="2" text="15">
   </cell>
   <cell col-end="3" col-start="3" row-end="2" row-start="2" text="20">
   </cell>
  </row>
  <row row="3">
   <cell col-end="0" col-start="0" row-end="3" row-start="3" text="Number of scientific publications since obtaining last scientific degree">
   </cell>
   <cell col-end="1" col-start="1" row-end="3" row-start="3" text="15">
   </cell>
   <cell col-end="2" col-start="2" row-end="3" row-start="3" text="15">
   </cell>
   <cell col-end="3" col-start="3" row-end="3" row-start="3" text="30">
   </cell>
  </row>
  <row row="4">
   <cell col-end="0" col-start="0" row-end="4" row-start="4" text="Number of scientific books and monographies">
   </cell>
   <cell col-end="1" col-start="1" row-end="4" row-start="4" text="–">
   </cell>
   <cell col-end="2" col-start="2" row-end="4" row-start="4" text="–">
   </cell>
   <cell col-end="3" col-start="3" row-end="4" row-start="4" text="2">
   </cell>
  </row>
  <row row="5">
   <cell col-end="0" col-start="0" row-end="5" row-start="5" text="Number of scientific publications published in a foreign language">
   </cell>
   <cell col-end="1" col-start="1" row-end="5" row-start="5" text="–">
   </cell>
   <cell col-end="2" col-start="2" row-end="5" row-start="5" text="–">
   </cell>
   <cell col-end="3" col-start="3" row-end="5" row-start="5" text="35">
   </cell>
  </row>
  <row row="6">
   <cell col-end="0" col-start="0" row-end="6" row-start="6" text="Number of journal articles indexed in SCI/SSCI and Scopus">
   </cell>
   <cell col-end="1" col-start="1" row-end="6" row-start="6" text="12">
   </cell>
   <cell col-end="2" col-start="2" row-end="6" row-start="6" text="8">
   </cell>
   <cell col-end="3" col-start="3" row-end="6" row-start="6" text="6">
   </cell>
  </row>
  <row row="7">
   <cell col-end="0" col-start="0" row-end="7" row-start="7" text="Number of journal articles indexed in SCI/SSCI and Scopus since obtaining last scientific degree">
   </cell>
   <cell col-end="1" col-start="1" row-end="7" row-start="7" text="6">
   </cell>
   <cell col-end="2" col-start="2" row-end="7" row-start="7" text="4">
   </cell>
   <cell col-end="3" col-start="3" row-end="7" row-start="7" text="3">
   </cell>
  </row>
  <row row="8">
   <cell col-end="0" col-start="0" row-end="8" row-start="8" text="Number of independent citations">
   </cell>
   <cell col-end="1" col-start="1" row-end="8" row-start="8" text="150">
   </cell>
   <cell col-end="2" col-start="2" row-end="8" row-start="8" text="120">
   </cell>
   <cell col-end="3" col-start="3" row-end="8" row-start="8" text="150">
   </cell>
  </row>
  <row row="9">
   <cell col-end="0" col-start="0" row-end="9" row-start="9" text="Number of independent citations located in SCI/SSCI and Scopus">
   </cell>
   <cell col-end="1" col-start="1" row-end="9" row-start="9" text="50">
   </cell>
   <cell col-end="2" col-start="2" row-end="9" row-start="9" text="30">
   </cell>
   <cell col-end="3" col-start="3" row-end="9" row-start="9" text="–">
   </cell>
  </row>
  <row row="10">
   <cell col-end="0" col-start="0" row-end="10" row-start="10" text="Cumulative impact factor value">
   </cell>
   <cell col-end="1" col-start="1" row-end="10" row-start="10" text="8">
   </cell>
   <cell col-end="2" col-start="2" row-end="10" row-start="10" text="4">
   </cell>
   <cell col-end="3" col-start="3" row-end="10" row-start="10" text="2">
   </cell>
  </row>
  <row row="11">
   <cell col-end="0" col-start="0" row-end="11" row-start="11" text="Hirsch index">
   </cell>
   <cell col-end="1" col-start="1" row-end="11" row-start="11" text="9">
   </cell>
   <cell col-end="2" col-start="2" row-end="11" row-start="11" text="8">
   </cell>
   <cell col-end="3" col-start="3" row-end="11" row-start="11" text="8">
   </cell>
  </row>
  <statements>
   <statement id="4" text="Group 3 has highest number of scientific publications." type="">
   </statement>
  </statements>
 </table>
 <table id="Table 2">
  <caption text="

   Co-authorship characteristics by disciplines in the Section of Earth Sciences.
  
">
  </caption>
  <row row="0">
   <cell col-end="0" col-start="0" row-end="0" row-start="0" text="">
   </cell>
   <cell col-end="1" col-start="1" row-end="0" row-start="0" text="Number of scientific publications, 2014–2018">
   </cell>
   <cell col-end="2" col-start="2" row-end="0" row-start="0" text="Number of multi-authored scientific publications, 2014–2018">
   </cell>
   <cell col-end="3" col-start="3" row-end="0" row-start="0" text="Ratio of number of scientific publications to number of multi-authored scientific publications (%)">
   </cell>
   <cell col-end="4" col-start="4" row-end="0" row-start="0" text="Number of co-authors in multi-authored publications">
   </cell>
   <cell col-end="5" col-start="5" row-end="0" row-start="0" text="Average number of co-authors per multi-authored publication">
   </cell>
  </row>
  <row row="1">
   <cell col-end="0" col-start="0" row-end="1" row-start="1" text="Geochemistry, Mineralogy and Petrology">
   </cell>
   <cell col-end="1" col-start="1" row-end="1" row-start="1" text="1608">
   </cell>
   <cell col-end="2" col-start="2" row-end="1" row-start="1" text="1529">
   </cell>
   <cell col-end="3" col-start="3" row-end="1" row-start="1" text="95.09">
   </cell>
   <cell col-end="4" col-start="4" row-end="1" row-start="1" text="11,166">
   </cell>
   <cell col-end="5" col-start="5" row-end="1" row-start="1" text="7.30">
   </cell>
  </row>
  <row row="2">
   <cell col-end="0" col-start="0" row-end="2" row-start="2" text="Geodesy and Geoinformatics">
   </cell>
   <cell col-end="1" col-start="1" row-end="2" row-start="2" text="591">
   </cell>
   <cell col-end="2" col-start="2" row-end="2" row-start="2" text="444">
   </cell>
   <cell col-end="3" col-start="3" row-end="2" row-start="2" text="75.13">
   </cell>
   <cell col-end="4" col-start="4" row-end="2" row-start="2" text="2135">
   </cell>
   <cell col-end="5" col-start="5" row-end="2" row-start="2" text="4.81">
   </cell>
  </row>
  <row row="3">
   <cell col-end="0" col-start="0" row-end="3" row-start="3" text="Geology">
   </cell>
   <cell col-end="1" col-start="1" row-end="3" row-start="3" text="1154">
   </cell>
   <cell col-end="2" col-start="2" row-end="3" row-start="3" text="1073">
   </cell>
   <cell col-end="3" col-start="3" row-end="3" row-start="3" text="92.98">
   </cell>
   <cell col-end="4" col-start="4" row-end="3" row-start="3" text="6533">
   </cell>
   <cell col-end="5" col-start="5" row-end="3" row-start="3" text="6.09">
   </cell>
  </row>
  <row row="4">
   <cell col-end="0" col-start="0" row-end="4" row-start="4" text="Geophysics">
   </cell>
   <cell col-end="1" col-start="1" row-end="4" row-start="4" text="889">
   </cell>
   <cell col-end="2" col-start="2" row-end="4" row-start="4" text="841">
   </cell>
   <cell col-end="3" col-start="3" row-end="4" row-start="4" text="94.60">
   </cell>
   <cell col-end="4" col-start="4" row-end="4" row-start="4" text="8036">
   </cell>
   <cell col-end="5" col-start="5" row-end="4" row-start="4" text="9.56">
   </cell>
  </row>
  <row row="5">
   <cell col-end="0" col-start="0" row-end="5" row-start="5" text="Meteorology">
   </cell>
   <cell col-end="1" col-start="1" row-end="5" row-start="5" text="1064">
   </cell>
   <cell col-end="2" col-start="2" row-end="5" row-start="5" text="969">
   </cell>
   <cell col-end="3" col-start="3" row-end="5" row-start="5" text="91.07">
   </cell>
   <cell col-end="4" col-start="4" row-end="5" row-start="5" text="5481">
   </cell>
   <cell col-end="5" col-start="5" row-end="5" row-start="5" text="5.66">
   </cell>
  </row>
  <row row="6">
   <cell col-end="0" col-start="0" row-end="6" row-start="6" text="Mining">
   </cell>
   <cell col-end="1" col-start="1" row-end="6" row-start="6" text="679">
   </cell>
   <cell col-end="2" col-start="2" row-end="6" row-start="6" text="588">
   </cell>
   <cell col-end="3" col-start="3" row-end="6" row-start="6" text="86.60">
   </cell>
   <cell col-end="4" col-start="4" row-end="6" row-start="6" text="2724">
   </cell>
   <cell col-end="5" col-start="5" row-end="6" row-start="6" text="4.63">
   </cell>
  </row>
  <row row="7">
   <cell col-end="0" col-start="0" row-end="7" row-start="7" text="Paleontology">
   </cell>
   <cell col-end="1" col-start="1" row-end="7" row-start="7" text="532">
   </cell>
   <cell col-end="2" col-start="2" row-end="7" row-start="7" text="443">
   </cell>
   <cell col-end="3" col-start="3" row-end="7" row-start="7" text="83.27">
   </cell>
   <cell col-end="4" col-start="4" row-end="7" row-start="7" text="2543">
   </cell>
   <cell col-end="5" col-start="5" row-end="7" row-start="7" text="5.74">
   </cell>
  </row>
  <row row="8">
   <cell col-end="0" col-start="0" row-end="8" row-start="8" text="Physical Geography">
   </cell>
   <cell col-end="1" col-start="1" row-end="8" row-start="8" text="2166">
   </cell>
   <cell col-end="2" col-start="2" row-end="8" row-start="8" text="1875">
   </cell>
   <cell col-end="3" col-start="3" row-end="8" row-start="8" text="86.57">
   </cell>
   <cell col-end="4" col-start="4" row-end="8" row-start="8" text="9633">
   </cell>
   <cell col-end="5" col-start="5" row-end="8" row-start="8" text="5.14">
   </cell>
  </row>
  <row row="9">
   <cell col-end="0" col-start="0" row-end="9" row-start="9" text="Social Geography">
   </cell>
   <cell col-end="1" col-start="1" row-end="9" row-start="9" text="3277">
   </cell>
   <cell col-end="2" col-start="2" row-end="9" row-start="9" text="2199">
   </cell>
   <cell col-end="3" col-start="3" row-end="9" row-start="9" text="67.10">
   </cell>
   <cell col-end="4" col-start="4" row-end="9" row-start="9" text="8173">
   </cell>
   <cell col-end="5" col-start="5" row-end="9" row-start="9" text="3.72">
   </cell>
  </row>
  <statements>
   <statement id="0" text="As can be seen in Table 2 , the distribution of multi-authored publications among different disciplines shows an inhomogeneous pattern: in the case of the discipline of social geography, only two-thirds of the publications are multi-authored, and the average number of authors in multi-authored publications remains under four, whereas 95 percent of the publications in geophysics are created in co-production, and the average number of authors in those publications exceeds 9.5." type="">
   </statement>
   <statement id="3" text="Geophysics has the lowest Average number of co-authors per multi-authored publication." type="">
   </statement>
   <statement id="5" text="There are nine sections of earth sciences given." type="">
   </statement>
  </statements>
 </table>
 <table id="Table 4">
  <caption text="

   CMVs and RMVs regarding the performance indicator “Number of journal articles indexed in the Web of Science”.
  
">
  </caption>
  <row row="0">
   <cell col-end="0" col-start="0" row-end="0" row-start="0" text="">
   </cell>
   <cell col-end="1" col-start="1" row-end="0" row-start="0" text="Current minimum values">
   </cell>
   <cell col-end="3" col-start="2" row-end="0" row-start="0" text="Number of WoS-indexed journal articles, 2014–2018">
   </cell>
   <cell col-end="5" col-start="4" row-end="0" row-start="0" text="Number of years required to fulfill minimum value">
   </cell>
   <cell col-end="7" col-start="6" row-end="0" row-start="0" text="Recalibrated minimum values">
   </cell>
  </row>
  <row row="1">
   <cell col-end="0" col-start="0" row-end="1" row-start="1" text="">
   </cell>
   <cell col-end="1" col-start="1" row-end="1" row-start="1" text="">
   </cell>
   <cell col-end="2" col-start="2" row-end="1" row-start="1" text="IC">
   </cell>
   <cell col-end="3" col-start="3" row-end="1" row-start="1" text="FC">
   </cell>
   <cell col-end="4" col-start="4" row-end="1" row-start="1" text="IC">
   </cell>
   <cell col-end="5" col-start="5" row-end="1" row-start="1" text="FC">
   </cell>
   <cell col-end="6" col-start="6" row-end="1" row-start="1" text="IC">
   </cell>
   <cell col-end="7" col-start="7" row-end="1" row-start="1" text="FC">
   </cell>
  </row>
  <row row="2">
   <cell col-end="0" col-start="0" row-end="2" row-start="2" text="Mining">
   </cell>
   <cell col-end="1" col-start="1" row-end="2" row-start="2" text="8">
   </cell>
   <cell col-end="2" col-start="2" row-end="2" row-start="2" text="5.375">
   </cell>
   <cell col-end="3" col-start="3" row-end="2" row-start="2" text="1.968">
   </cell>
   <cell col-end="4" col-start="4" row-end="2" row-start="2" text="7.442">
   </cell>
   <cell col-end="5" col-start="5" row-end="2" row-start="2" text="20.326">
   </cell>
   <cell col-end="6" col-start="6" row-end="2" row-start="2" text="5 (5.069)">
   </cell>
   <cell col-end="7" col-start="7" row-end="2" row-start="2" text="2 (1.856)">
   </cell>
  </row>
  <row row="3">
   <cell col-end="0" col-start="0" row-end="3" row-start="3" text="Geology">
   </cell>
   <cell col-end="1" col-start="1" row-end="3" row-start="3" text="12">
   </cell>
   <cell col-end="2" col-start="2" row-end="3" row-start="3" text="17.538">
   </cell>
   <cell col-end="3" col-start="3" row-end="3" row-start="3" text="4.046">
   </cell>
   <cell col-end="4" col-start="4" row-end="3" row-start="3" text="3.421">
   </cell>
   <cell col-end="5" col-start="5" row-end="3" row-start="3" text="14.830">
   </cell>
   <cell col-end="6" col-start="6" row-end="3" row-start="3" text="17 (16.539)">
   </cell>
   <cell col-end="7" col-start="7" row-end="3" row-start="3" text="4 (3.815)">
   </cell>
  </row>
  <row row="4">
   <cell col-end="0" col-start="0" row-end="4" row-start="4" text="Geodesy and Geoinformatics">
   </cell>
   <cell col-end="1" col-start="1" row-end="4" row-start="4" text="8">
   </cell>
   <cell col-end="2" col-start="2" row-end="4" row-start="4" text="6.800">
   </cell>
   <cell col-end="3" col-start="3" row-end="4" row-start="4" text="2.611">
   </cell>
   <cell col-end="4" col-start="4" row-end="4" row-start="4" text="5.882">
   </cell>
   <cell col-end="5" col-start="5" row-end="4" row-start="4" text="15.318">
   </cell>
   <cell col-end="6" col-start="6" row-end="4" row-start="4" text="6 (6.412)">
   </cell>
   <cell col-end="7" col-start="7" row-end="4" row-start="4" text="2 (2.462)">
   </cell>
  </row>
  <row row="5">
   <cell col-end="0" col-start="0" row-end="5" row-start="5" text="Geophysics">
   </cell>
   <cell col-end="1" col-start="1" row-end="5" row-start="5" text="12">
   </cell>
   <cell col-end="2" col-start="2" row-end="5" row-start="5" text="12.167">
   </cell>
   <cell col-end="3" col-start="3" row-end="5" row-start="5" text="2.751">
   </cell>
   <cell col-end="4" col-start="4" row-end="5" row-start="5" text="4.932">
   </cell>
   <cell col-end="5" col-start="5" row-end="5" row-start="5" text="21.810">
   </cell>
   <cell col-end="6" col-start="6" row-end="5" row-start="5" text="11 (11.473)">
   </cell>
   <cell col-end="7" col-start="7" row-end="5" row-start="5" text="3 (2.594)">
   </cell>
  </row>
  <row row="6">
   <cell col-end="0" col-start="0" row-end="6" row-start="6" text="Geochemistry, Mineralogy and Petrology">
   </cell>
   <cell col-end="1" col-start="1" row-end="6" row-start="6" text="12">
   </cell>
   <cell col-end="2" col-start="2" row-end="6" row-start="6" text="19.750">
   </cell>
   <cell col-end="3" col-start="3" row-end="6" row-start="6" text="3.833">
   </cell>
   <cell col-end="4" col-start="4" row-end="6" row-start="6" text="3.038">
   </cell>
   <cell col-end="5" col-start="5" row-end="6" row-start="6" text="15.652">
   </cell>
   <cell col-end="6" col-start="6" row-end="6" row-start="6" text="19 (18.624)">
   </cell>
   <cell col-end="7" col-start="7" row-end="6" row-start="6" text="4 (3.615)">
   </cell>
  </row>
  <row row="7">
   <cell col-end="0" col-start="0" row-end="7" row-start="7" text="Meteorology">
   </cell>
   <cell col-end="1" col-start="1" row-end="7" row-start="7" text="12">
   </cell>
   <cell col-end="2" col-start="2" row-end="7" row-start="7" text="14.615">
   </cell>
   <cell col-end="3" col-start="3" row-end="7" row-start="7" text="3.196">
   </cell>
   <cell col-end="4" col-start="4" row-end="7" row-start="7" text="4.105">
   </cell>
   <cell col-end="5" col-start="5" row-end="7" row-start="7" text="18.774">
   </cell>
   <cell col-end="6" col-start="6" row-end="7" row-start="7" text="14 (13.782)">
   </cell>
   <cell col-end="7" col-start="7" row-end="7" row-start="7" text="3 (3.014)">
   </cell>
  </row>
  <row row="8">
   <cell col-end="0" col-start="0" row-end="8" row-start="8" text="Paleontology">
   </cell>
   <cell col-end="1" col-start="1" row-end="8" row-start="8" text="12">
   </cell>
   <cell col-end="2" col-start="2" row-end="8" row-start="8" text="15.125">
   </cell>
   <cell col-end="3" col-start="3" row-end="8" row-start="8" text="4.054">
   </cell>
   <cell col-end="4" col-start="4" row-end="8" row-start="8" text="3.967">
   </cell>
   <cell col-end="5" col-start="5" row-end="8" row-start="8" text="14.801">
   </cell>
   <cell col-end="6" col-start="6" row-end="8" row-start="8" text="14 (14.263)">
   </cell>
   <cell col-end="7" col-start="7" row-end="8" row-start="8" text="4 (3.823)">
   </cell>
  </row>
  <row row="9">
   <cell col-end="0" col-start="0" row-end="9" row-start="9" text="Social Geography">
   </cell>
   <cell col-end="1" col-start="1" row-end="9" row-start="9" text="6">
   </cell>
   <cell col-end="2" col-start="2" row-end="9" row-start="9" text="5.194">
   </cell>
   <cell col-end="3" col-start="3" row-end="9" row-start="9" text="2.080">
   </cell>
   <cell col-end="4" col-start="4" row-end="9" row-start="9" text="5.775">
   </cell>
   <cell col-end="5" col-start="5" row-end="9" row-start="9" text="14.420">
   </cell>
   <cell col-end="6" col-start="6" row-end="9" row-start="9" text="5 (4.898)">
   </cell>
   <cell col-end="7" col-start="7" row-end="9" row-start="9" text="2 (1.962)">
   </cell>
  </row>
  <row row="10">
   <cell col-end="0" col-start="0" row-end="10" row-start="10" text="Physical Geography">
   </cell>
   <cell col-end="1" col-start="1" row-end="10" row-start="10" text="8">
   </cell>
   <cell col-end="2" col-start="2" row-end="10" row-start="10" text="10.333">
   </cell>
   <cell col-end="3" col-start="3" row-end="10" row-start="10" text="2.221">
   </cell>
   <cell col-end="4" col-start="4" row-end="10" row-start="10" text="3.871">
   </cell>
   <cell col-end="5" col-start="5" row-end="10" row-start="10" text="18.011">
   </cell>
   <cell col-end="6" col-start="6" row-end="10" row-start="10" text="10 (9.744)">
   </cell>
   <cell col-end="7" col-start="7" row-end="10" row-start="10" text="2 (2.094)">
   </cell>
  </row>
  <statements>
   <statement id="0" text="Geology RMVs in FC is 8 (6.539)." type="">
   </statement>
   <statement id="3" text="In table they have 9 different topics on web of science." type="">
   </statement>
   <statement id="4" text="Meteorology Number of years required to fulfill minimum value in FC is 18.774." type="">
   </statement>
   <statement id="7" text="The lowest value in CMVs is 2.33 in Social Geography." type="">
   </statement>
  </statements>
 </table>
 <table id="Table 6">
  <caption text="

   CMVs and RMVs regarding the performance indicator “The cumulative impact factor value”.
  
">
  </caption>
  <row row="0">
   <cell col-end="0" col-start="0" row-end="0" row-start="0" text="">
   </cell>
   <cell col-end="1" col-start="1" row-end="0" row-start="0" text="Current minimum values">
   </cell>
   <cell col-end="3" col-start="2" row-end="0" row-start="0" text="Cumulative impact factor, 2014–2018">
   </cell>
   <cell col-end="5" col-start="4" row-end="0" row-start="0" text="Number of years required to fulfill minimum criteria">
   </cell>
   <cell col-end="7" col-start="6" row-end="0" row-start="0" text="Recalibrated minimum values">
   </cell>
  </row>
  <row row="1">
   <cell col-end="0" col-start="0" row-end="1" row-start="1" text="">
   </cell>
   <cell col-end="1" col-start="1" row-end="1" row-start="1" text="">
   </cell>
   <cell col-end="2" col-start="2" row-end="1" row-start="1" text="IC">
   </cell>
   <cell col-end="3" col-start="3" row-end="1" row-start="1" text="FC">
   </cell>
   <cell col-end="4" col-start="4" row-end="1" row-start="1" text="IC">
   </cell>
   <cell col-end="5" col-start="5" row-end="1" row-start="1" text="FC">
   </cell>
   <cell col-end="6" col-start="6" row-end="1" row-start="1" text="IC">
   </cell>
   <cell col-end="7" col-start="7" row-end="1" row-start="1" text="FC">
   </cell>
  </row>
  <row row="2">
   <cell col-end="0" col-start="0" row-end="2" row-start="2" text="Mining">
   </cell>
   <cell col-end="1" col-start="1" row-end="2" row-start="2" text="4">
   </cell>
   <cell col-end="2" col-start="2" row-end="2" row-start="2" text="8.815">
   </cell>
   <cell col-end="3" col-start="3" row-end="2" row-start="2" text="3.202">
   </cell>
   <cell col-end="4" col-start="4" row-end="2" row-start="2" text="2.269">
   </cell>
   <cell col-end="5" col-start="5" row-end="2" row-start="2" text="6.247">
   </cell>
   <cell col-end="6" col-start="6" row-end="2" row-start="2" text="3 (2.521)">
   </cell>
   <cell col-end="7" col-start="7" row-end="2" row-start="2" text="0.916">
   </cell>
  </row>
  <row row="3">
   <cell col-end="0" col-start="0" row-end="3" row-start="3" text="Geology">
   </cell>
   <cell col-end="1" col-start="1" row-end="3" row-start="3" text="8">
   </cell>
   <cell col-end="2" col-start="2" row-end="3" row-start="3" text="43.677">
   </cell>
   <cell col-end="3" col-start="3" row-end="3" row-start="3" text="9.120">
   </cell>
   <cell col-end="4" col-start="4" row-end="3" row-start="3" text="0.916">
   </cell>
   <cell col-end="5" col-start="5" row-end="3" row-start="3" text="4.386">
   </cell>
   <cell col-end="6" col-start="6" row-end="3" row-start="3" text="12 (12.492)">
   </cell>
   <cell col-end="7" col-start="7" row-end="3" row-start="3" text="2.608">
   </cell>
  </row>
  <row row="4">
   <cell col-end="0" col-start="0" row-end="4" row-start="4" text="Geodesy and Geoinformatics">
   </cell>
   <cell col-end="1" col-start="1" row-end="4" row-start="4" text="4">
   </cell>
   <cell col-end="2" col-start="2" row-end="4" row-start="4" text="10.484">
   </cell>
   <cell col-end="3" col-start="3" row-end="4" row-start="4" text="3.253">
   </cell>
   <cell col-end="4" col-start="4" row-end="4" row-start="4" text="1.908">
   </cell>
   <cell col-end="5" col-start="5" row-end="4" row-start="4" text="6.147">
   </cell>
   <cell col-end="6" col-start="6" row-end="4" row-start="4" text="3 (2.998)">
   </cell>
   <cell col-end="7" col-start="7" row-end="4" row-start="4" text="0.930">
   </cell>
  </row>
  <row row="5">
   <cell col-end="0" col-start="0" row-end="5" row-start="5" text="Geophysics">
   </cell>
   <cell col-end="1" col-start="1" row-end="5" row-start="5" text="8">
   </cell>
   <cell col-end="2" col-start="2" row-end="5" row-start="5" text="28.144">
   </cell>
   <cell col-end="3" col-start="3" row-end="5" row-start="5" text="5.695">
   </cell>
   <cell col-end="4" col-start="4" row-end="5" row-start="5" text="1.421">
   </cell>
   <cell col-end="5" col-start="5" row-end="5" row-start="5" text="7.023">
   </cell>
   <cell col-end="6" col-start="6" row-end="5" row-start="5" text="8 (8.049)">
   </cell>
   <cell col-end="7" col-start="7" row-end="5" row-start="5" text="1.629">
   </cell>
  </row>
  <row row="6">
   <cell col-end="0" col-start="0" row-end="6" row-start="6" text="Geochemistry, Mineralogy and Petrology">
   </cell>
   <cell col-end="1" col-start="1" row-end="6" row-start="6" text="8">
   </cell>
   <cell col-end="2" col-start="2" row-end="6" row-start="6" text="51.888">
   </cell>
   <cell col-end="3" col-start="3" row-end="6" row-start="6" text="8.854">
   </cell>
   <cell col-end="4" col-start="4" row-end="6" row-start="6" text="0.771">
   </cell>
   <cell col-end="5" col-start="5" row-end="6" row-start="6" text="4.518">
   </cell>
   <cell col-end="6" col-start="6" row-end="6" row-start="6" text="15 (14.840)">
   </cell>
   <cell col-end="7" col-start="7" row-end="6" row-start="6" text="2.532">
   </cell>
  </row>
  <row row="7">
   <cell col-end="0" col-start="0" row-end="7" row-start="7" text="Meteorology">
   </cell>
   <cell col-end="1" col-start="1" row-end="7" row-start="7" text="8">
   </cell>
   <cell col-end="2" col-start="2" row-end="7" row-start="7" text="36.650">
   </cell>
   <cell col-end="3" col-start="3" row-end="7" row-start="7" text="6.498">
   </cell>
   <cell col-end="4" col-start="4" row-end="7" row-start="7" text="1.091">
   </cell>
   <cell col-end="5" col-start="5" row-end="7" row-start="7" text="6.156">
   </cell>
   <cell col-end="6" col-start="6" row-end="7" row-start="7" text="10 (10.482)">
   </cell>
   <cell col-end="7" col-start="7" row-end="7" row-start="7" text="1.858">
   </cell>
  </row>
  <row row="8">
   <cell col-end="0" col-start="0" row-end="8" row-start="8" text="Paleontology">
   </cell>
   <cell col-end="1" col-start="1" row-end="8" row-start="8" text="8">
   </cell>
   <cell col-end="2" col-start="2" row-end="8" row-start="8" text="38.067">
   </cell>
   <cell col-end="3" col-start="3" row-end="8" row-start="8" text="6.710">
   </cell>
   <cell col-end="4" col-start="4" row-end="8" row-start="8" text="1.051">
   </cell>
   <cell col-end="5" col-start="5" row-end="8" row-start="8" text="5.961">
   </cell>
   <cell col-end="6" col-start="6" row-end="8" row-start="8" text="11 (10.887)">
   </cell>
   <cell col-end="7" col-start="7" row-end="8" row-start="8" text="1.919">
   </cell>
  </row>
  <row row="9">
   <cell col-end="0" col-start="0" row-end="9" row-start="9" text="Social Geography">
   </cell>
   <cell col-end="1" col-start="1" row-end="9" row-start="9" text="2">
   </cell>
   <cell col-end="2" col-start="2" row-end="9" row-start="9" text="4.104">
   </cell>
   <cell col-end="3" col-start="3" row-end="9" row-start="9" text="1.198">
   </cell>
   <cell col-end="4" col-start="4" row-end="9" row-start="9" text="2.436">
   </cell>
   <cell col-end="5" col-start="5" row-end="9" row-start="9" text="8.346">
   </cell>
   <cell col-end="6" col-start="6" row-end="9" row-start="9" text="1 (1.174)">
   </cell>
   <cell col-end="7" col-start="7" row-end="9" row-start="9" text="0.343">
   </cell>
  </row>
  <row row="10">
   <cell col-end="0" col-start="0" row-end="10" row-start="10" text="Physical Geography">
   </cell>
   <cell col-end="1" col-start="1" row-end="10" row-start="10" text="4">
   </cell>
   <cell col-end="2" col-start="2" row-end="10" row-start="10" text="19.950">
   </cell>
   <cell col-end="3" col-start="3" row-end="10" row-start="10" text="4.246">
   </cell>
   <cell col-end="4" col-start="4" row-end="10" row-start="10" text="1.002">
   </cell>
   <cell col-end="5" col-start="5" row-end="10" row-start="10" text="4.710">
   </cell>
   <cell col-end="6" col-start="6" row-end="10" row-start="10" text="6 (5.706)">
   </cell>
   <cell col-end="7" col-start="7" row-end="10" row-start="10" text="1.214">
   </cell>
  </row>
  <statements>
   <statement id="0" text="As can be seen in Table 6 , the social geographers would experience the lowest RMV with a cumulative impact factor value of 0.343, whereas, it is the geologists who would be required to produce the highest cumulative impact factor value (2.608)." type="">
   </statement>
   <statement id="1" text="Cumulative impact factor, 20142018, Number of years required to fulfill minimum criteria, and Recalibrated minimum values has 2 groups such as IC and FC." type="">
   </statement>
   <statement id="3" text="For example, in this respect, the cumulative impact factor value for geochemists will be only 7.4 times higher than for social geographers." type="">
   </statement>
   <statement id="5" text="Geophysics has unique Current minimum values." type="">
   </statement>
   <statement id="6" text="Paleontology has lowest FC value for Number of years required to fulfill minimum criteria." type="">
   </statement>
   <statement id="7" text="Social Geography has unique Current minimum values." type="">
   </statement>
  </statements>
 </table>
 <table id="Table A1">
  <caption text="

   Recalibrated minimum values for disciplines belonging to the Section of Earth Sciences
   

     a
    

   .
  
">
  </caption>
  <row row="0">
   <cell col-end="0" col-start="0" row-end="0" row-start="0" text="">
   </cell>
   <cell col-end="1" col-start="1" row-end="0" row-start="0" text="Geochemistry, Mineralogy, and Petrology">
   </cell>
   <cell col-end="2" col-start="2" row-end="0" row-start="0" text="Geodesy and Geoinformatics">
   </cell>
   <cell col-end="3" col-start="3" row-end="0" row-start="0" text="Geography I (Social Geography)">
   </cell>
   <cell col-end="4" col-start="4" row-end="0" row-start="0" text="Geography II (Physical Geography)">
   </cell>
   <cell col-end="5" col-start="5" row-end="0" row-start="0" text="Geology">
   </cell>
   <cell col-end="6" col-start="6" row-end="0" row-start="0" text="Geophysics">
   </cell>
   <cell col-end="7" col-start="7" row-end="0" row-start="0" text="Meteorology">
   </cell>
   <cell col-end="8" col-start="8" row-end="0" row-start="0" text="Mining">
   </cell>
   <cell col-end="9" col-start="9" row-end="0" row-start="0" text="Paleontology">
   </cell>
  </row>
  <row row="1">
   <cell col-end="0" col-start="0" row-end="1" row-start="1" text="Number of scientific publications">
   </cell>
   <cell col-end="1" col-start="1" row-end="1" row-start="1" text="32 (+2)">
   </cell>
   <cell col-end="2" col-start="2" row-end="1" row-start="1" text="23 (−7)">
   </cell>
   <cell col-end="3" col-start="3" row-end="1" row-start="1" text="35 (−5)">
   </cell>
   <cell col-end="4" col-start="4" row-end="1" row-start="1" text="31 (+1)">
   </cell>
   <cell col-end="5" col-start="5" row-end="1" row-start="1" text="36 (+6)">
   </cell>
   <cell col-end="6" col-start="6" row-end="1" row-start="1" text="28 (−2)">
   </cell>
   <cell col-end="7" col-start="7" row-end="1" row-start="1" text="35 (+5)">
   </cell>
   <cell col-end="8" col-start="8" row-end="1" row-start="1" text="36 (+6)">
   </cell>
   <cell col-end="9" col-start="9" row-end="1" row-start="1" text="28 (−2)">
   </cell>
  </row>
  <row row="2">
   <cell col-end="0" col-start="0" row-end="2" row-start="2" text="Number of scientific publications with first author position">
   </cell>
   <cell col-end="1" col-start="1" row-end="2" row-start="2" text="16 (+1)">
   </cell>
   <cell col-end="2" col-start="2" row-end="2" row-start="2" text="12 (−3)">
   </cell>
   <cell col-end="3" col-start="3" row-end="2" row-start="2" text="18 (−2)">
   </cell>
   <cell col-end="4" col-start="4" row-end="2" row-start="2" text="16 (+1)">
   </cell>
   <cell col-end="5" col-start="5" row-end="2" row-start="2" text="18 (+3)">
   </cell>
   <cell col-end="6" col-start="6" row-end="2" row-start="2" text="14 (−1)">
   </cell>
   <cell col-end="7" col-start="7" row-end="2" row-start="2" text="18 (+3)">
   </cell>
   <cell col-end="8" col-start="8" row-end="2" row-start="2" text="18 (+3)">
   </cell>
   <cell col-end="9" col-start="9" row-end="2" row-start="2" text="14 (−1)">
   </cell>
  </row>
  <row row="3">
   <cell col-end="0" col-start="0" row-end="3" row-start="3" text="Number of scientific publications since obtaining last scientific degree">
   </cell>
   <cell col-end="1" col-start="1" row-end="3" row-start="3" text="16 (+1)">
   </cell>
   <cell col-end="2" col-start="2" row-end="3" row-start="3" text="12 (−3)">
   </cell>
   <cell col-end="3" col-start="3" row-end="3" row-start="3" text="26 (−4)">
   </cell>
   <cell col-end="4" col-start="4" row-end="3" row-start="3" text="16 (+1)">
   </cell>
   <cell col-end="5" col-start="5" row-end="3" row-start="3" text="18 (+3)">
   </cell>
   <cell col-end="6" col-start="6" row-end="3" row-start="3" text="14 (−1)">
   </cell>
   <cell col-end="7" col-start="7" row-end="3" row-start="3" text="18 (+3)">
   </cell>
   <cell col-end="8" col-start="8" row-end="3" row-start="3" text="18 (+3)">
   </cell>
   <cell col-end="9" col-start="9" row-end="3" row-start="3" text="14 (−1)">
   </cell>
  </row>
  <row row="4">
   <cell col-end="0" col-start="0" row-end="4" row-start="4" text="Number of scientific books and monographies">
   </cell>
   <cell col-end="1" col-start="1" row-end="4" row-start="4" text="–">
   </cell>
   <cell col-end="2" col-start="2" row-end="4" row-start="4" text="–">
   </cell>
   <cell col-end="3" col-start="3" row-end="4" row-start="4" text="2 (−)">
   </cell>
   <cell col-end="4" col-start="4" row-end="4" row-start="4" text="–">
   </cell>
   <cell col-end="5" col-start="5" row-end="4" row-start="4" text="–">
   </cell>
   <cell col-end="6" col-start="6" row-end="4" row-start="4" text="–">
   </cell>
   <cell col-end="7" col-start="7" row-end="4" row-start="4" text="–">
   </cell>
   <cell col-end="8" col-start="8" row-end="4" row-start="4" text="–">
   </cell>
   <cell col-end="9" col-start="9" row-end="4" row-start="4" text="–">
   </cell>
  </row>
  <row row="5">
   <cell col-end="0" col-start="0" row-end="5" row-start="5" text="Number of scientific publications published in a foreign language">
   </cell>
   <cell col-end="1" col-start="1" row-end="5" row-start="5" text="–">
   </cell>
   <cell col-end="2" col-start="2" row-end="5" row-start="5" text="–">
   </cell>
   <cell col-end="3" col-start="3" row-end="5" row-start="5" text="31 (−4)">
   </cell>
   <cell col-end="4" col-start="4" row-end="5" row-start="5" text="–">
   </cell>
   <cell col-end="5" col-start="5" row-end="5" row-start="5" text="–">
   </cell>
   <cell col-end="6" col-start="6" row-end="5" row-start="5" text="–">
   </cell>
   <cell col-end="7" col-start="7" row-end="5" row-start="5" text="–">
   </cell>
   <cell col-end="8" col-start="8" row-end="5" row-start="5" text="–">
   </cell>
   <cell col-end="9" col-start="9" row-end="5" row-start="5" text="–">
   </cell>
  </row>
  <row row="6">
   <cell col-end="0" col-start="0" row-end="6" row-start="6" text="Number of journal articles indexed in SCI/SSCI and Scopus">
   </cell>
   <cell col-end="1" col-start="1" row-end="6" row-start="6" text="19 (+7)">
   </cell>
   <cell col-end="2" col-start="2" row-end="6" row-start="6" text="6 (−2)">
   </cell>
   <cell col-end="3" col-start="3" row-end="6" row-start="6" text="5 (−1)">
   </cell>
   <cell col-end="4" col-start="4" row-end="6" row-start="6" text="10 (+2)">
   </cell>
   <cell col-end="5" col-start="5" row-end="6" row-start="6" text="17 (+5)">
   </cell>
   <cell col-end="6" col-start="6" row-end="6" row-start="6" text="11 (−1)">
   </cell>
   <cell col-end="7" col-start="7" row-end="6" row-start="6" text="14 (+2)">
   </cell>
   <cell col-end="8" col-start="8" row-end="6" row-start="6" text="5 (−3)">
   </cell>
   <cell col-end="9" col-start="9" row-end="6" row-start="6" text="14 (+2)">
   </cell>
  </row>
  <row row="7">
   <cell col-end="0" col-start="0" row-end="7" row-start="7" text="Number of journal articles indexed in SCI/SSCI and Scopus since obtaining last scientific degree">
   </cell>
   <cell col-end="1" col-start="1" row-end="7" row-start="7" text="10 (+4)">
   </cell>
   <cell col-end="2" col-start="2" row-end="7" row-start="7" text="3 (−1)">
   </cell>
   <cell col-end="3" col-start="3" row-end="7" row-start="7" text="3 (−)">
   </cell>
   <cell col-end="4" col-start="4" row-end="7" row-start="7" text="5 (+1)">
   </cell>
   <cell col-end="5" col-start="5" row-end="7" row-start="7" text="9 (+3)">
   </cell>
   <cell col-end="6" col-start="6" row-end="7" row-start="7" text="6 (−)">
   </cell>
   <cell col-end="7" col-start="7" row-end="7" row-start="7" text="7 (+1)">
   </cell>
   <cell col-end="8" col-start="8" row-end="7" row-start="7" text="3 (−1)">
   </cell>
   <cell col-end="9" col-start="9" row-end="7" row-start="7" text="7 (+1)">
   </cell>
  </row>
  <row row="8">
   <cell col-end="0" col-start="0" row-end="8" row-start="8" text="Number of independent citations">
   </cell>
   <cell col-end="1" col-start="1" row-end="8" row-start="8" text="207 (+57)">
   </cell>
   <cell col-end="2" col-start="2" row-end="8" row-start="8" text="74 (−46)">
   </cell>
   <cell col-end="3" col-start="3" row-end="8" row-start="8" text="165 (+15)">
   </cell>
   <cell col-end="4" col-start="4" row-end="8" row-start="8" text="184 (+64)">
   </cell>
   <cell col-end="5" col-start="5" row-end="8" row-start="8" text="187 (+37)">
   </cell>
   <cell col-end="6" col-start="6" row-end="8" row-start="8" text="79 (−71)">
   </cell>
   <cell col-end="7" col-start="7" row-end="8" row-start="8" text="245 (+95)">
   </cell>
   <cell col-end="8" col-start="8" row-end="8" row-start="8" text="102 (−18)">
   </cell>
   <cell col-end="9" col-start="9" row-end="8" row-start="8" text="249 (+99)">
   </cell>
  </row>
  <row row="9">
   <cell col-end="0" col-start="0" row-end="9" row-start="9" text="Number of independent citations located in SCI/SSCI and Scopus">
   </cell>
   <cell col-end="1" col-start="1" row-end="9" row-start="9" text="82 (+32)">
   </cell>
   <cell col-end="2" col-start="2" row-end="9" row-start="9" text="24 (−6)">
   </cell>
   <cell col-end="3" col-start="3" row-end="9" row-start="9" text="18 (newly introduced)">
   </cell>
   <cell col-end="4" col-start="4" row-end="9" row-start="9" text="53 (+23)">
   </cell>
   <cell col-end="5" col-start="5" row-end="9" row-start="9" text="74 (+24)">
   </cell>
   <cell col-end="6" col-start="6" row-end="9" row-start="9" text="27 (−23)">
   </cell>
   <cell col-end="7" col-start="7" row-end="9" row-start="9" text="74 (+24)">
   </cell>
   <cell col-end="8" col-start="8" row-end="9" row-start="9" text="15 (−15)">
   </cell>
   <cell col-end="9" col-start="9" row-end="9" row-start="9" text="94 (+44)">
   </cell>
  </row>
  <row row="10">
   <cell col-end="0" col-start="0" row-end="10" row-start="10" text="Cumulative impact factor value">
   </cell>
   <cell col-end="1" col-start="1" row-end="10" row-start="10" text="15 (+7)">
   </cell>
   <cell col-end="2" col-start="2" row-end="10" row-start="10" text="3 (−1)">
   </cell>
   <cell col-end="3" col-start="3" row-end="10" row-start="10" text="1 (−1)">
   </cell>
   <cell col-end="4" col-start="4" row-end="10" row-start="10" text="6 (+2)">
   </cell>
   <cell col-end="5" col-start="5" row-end="10" row-start="10" text="12 (+4)">
   </cell>
   <cell col-end="6" col-start="6" row-end="10" row-start="10" text="8 (−)">
   </cell>
   <cell col-end="7" col-start="7" row-end="10" row-start="10" text="10 (+2)">
   </cell>
   <cell col-end="8" col-start="8" row-end="10" row-start="10" text="3 (−1)">
   </cell>
   <cell col-end="9" col-start="9" row-end="10" row-start="10" text="11 (+3)">
   </cell>
  </row>
  <statements>
   <statement id="1" text="12 () is the value given for Geography I (Social Geography)" type="">
   </statement>
   <statement id="4" text="19 (+7) is the highest value Number of journal articles indexed in SCI/SSCI and Scopus scored under Geochemistry, Mineralogy, and Petrology." type="">
   </statement>
  </statements>
 </table>
</document>