<document>
 <table id="Table 1">
  <caption text="

   Details of chemicals used for network formation.
  
">
  </caption>
  <row row="0">
   <cell col-end="0" col-start="0" row-end="0" row-start="0" text="Compounds">
   </cell>
   <cell col-end="1" col-start="1" row-end="0" row-start="0" text="Structure">
   </cell>
   <cell col-end="2" col-start="2" row-end="0" row-start="0" text="M
     


       w
      

     (g/mol)">
   </cell>
  </row>
  <row row="1">
   <cell col-end="0" col-start="0" row-end="1" row-start="1" text="Hexyl acrylate (HA)">
   </cell>
   <cell col-end="1" col-start="1" row-end="1" row-start="1" text="">
   </cell>
   <cell col-end="2" col-start="2" row-end="1" row-start="1" text="156.22">
   </cell>
  </row>
  <row row="2">
   <cell col-end="0" col-start="0" row-end="2" row-start="2" text="Poly(ethylene glycol) diacrylate (PEGDA)">
   </cell>
   <cell col-end="1" col-start="1" row-end="2" row-start="2" text="">
   </cell>
   <cell col-end="2" col-start="2" row-end="2" row-start="2" text="700">
   </cell>
  </row>
  <row row="3">
   <cell col-end="0" col-start="0" row-end="3" row-start="3" text="4-Hydroxybutyl acrylate (HBA)">
   </cell>
   <cell col-end="1" col-start="1" row-end="3" row-start="3" text="">
   </cell>
   <cell col-end="2" col-start="2" row-end="3" row-start="3" text="144.17">
   </cell>
  </row>
  <row row="4">
   <cell col-end="0" col-start="0" row-end="4" row-start="4" text="2-[[(Butylamino)carbonyl]oxy]ethyl acrylate (BAC)">
   </cell>
   <cell col-end="1" col-start="1" row-end="4" row-start="4" text="">
   </cell>
   <cell col-end="2" col-start="2" row-end="4" row-start="4" text="215.5">
   </cell>
  </row>
  <row row="5">
   <cell col-end="0" col-start="0" row-end="5" row-start="5" text="2,2-Dimethoxy-2-phenylacetophenone">
   </cell>
   <cell col-end="1" col-start="1" row-end="5" row-start="5" text="">
   </cell>
   <cell col-end="2" col-start="2" row-end="5" row-start="5" text="256.3">
   </cell>
  </row>
  <row row="6">
   <cell col-end="0" col-start="0" row-end="6" row-start="6" text="Eosin Y disodium salt">
   </cell>
   <cell col-end="1" col-start="1" row-end="6" row-start="6" text="">
   </cell>
   <cell col-end="2" col-start="2" row-end="6" row-start="6" text="691.85">
   </cell>
  </row>
  <statements>
   <statement id="2" text="The chemical Poly(ethylene glycol) diacrylate (PEGDA) has highest" type="">
   </statement>
  </statements>
 </table>
 <table id="Table 3">
  <caption text="

   Self-diffusion coefficients at 298 K of Eosin Y and water for Eosin Y loaded hydrogels with or without LiClO
   
    4
   
   , measured using
   
    1
   
   H PFG NMR diffusometry, as well as
   
    D
   


     M
    
    ,
    
     EY
    

   measured by a conventional permeation study. The uncertainties are estimated from triplicate measurements to be
   
    ca.
   
   10% in all cases.
  
">
  </caption>
  <row row="0">
   <cell col-end="0" col-start="0" row-end="1" row-start="0" text="Network">
   </cell>
   <cell col-end="2" col-start="1" row-end="0" row-start="0" text="Free">
   </cell>
   <cell col-end="4" col-start="3" row-end="0" row-start="0" text="Bound">
   </cell>
   <cell col-end="5" col-start="5" row-end="1" row-start="0" text="D
     


       M
      
      ,
      
       EY
      

     (m
     
      2
     
     /s)">
   </cell>
  </row>
  <row row="1">
   <cell col-end="1" col-start="1" row-end="1" row-start="1" text="D
     


       EY
      
      ,
      
       f
      

     (m
     
      2
     
     /s)">
   </cell>
   <cell col-end="2" col-start="2" row-end="1" row-start="1" text="D
     


       H
      

       2
      

       O
      
      ,
      
       f
      

     (m
     
      2
     
     /s)">
   </cell>
   <cell col-end="3" col-start="3" row-end="1" row-start="1" text="D
     


       EY
      
      ,
      
       b
      

     (m
     
      2
     
     /s)">
   </cell>
   <cell col-end="4" col-start="4" row-end="1" row-start="1" text="D
     


       H
      

       2
      

       O
      
      ,
      
       b
      

     (m
     
      2
     
     /s)">
   </cell>
  </row>
  <row row="2">
   <cell col-end="0" col-start="0" row-end="2" row-start="2" text="PEG-HA">
   </cell>
   <cell col-end="1" col-start="1" row-end="2" row-start="2" text="3.8 × 10
     
      −10">
   </cell>
   <cell col-end="2" col-start="2" row-end="2" row-start="2" text="2.5 × 10
     
      −9">
   </cell>
   <cell col-end="3" col-start="3" row-end="2" row-start="2" text="6.1 × 10
     
      −12">
   </cell>
   <cell col-end="4" col-start="4" row-end="2" row-start="2" text="3.2 × 10
     
      −10">
   </cell>
   <cell col-end="5" col-start="5" row-end="2" row-start="2" text="2.6 × 10
     
      −11">
   </cell>
  </row>
  <row row="3">
   <cell col-end="0" col-start="0" row-end="3" row-start="3" text="PEG-HA (+ LiClO
     
      4
     
     )">
   </cell>
   <cell col-end="1" col-start="1" row-end="3" row-start="3" text="6.1 × 10
     
      −10">
   </cell>
   <cell col-end="2" col-start="2" row-end="3" row-start="3" text="2.4 × 10
     
      −9">
   </cell>
   <cell col-end="3" col-start="3" row-end="3" row-start="3" text="6.1 × 10
     
      −12">
   </cell>
   <cell col-end="4" col-start="4" row-end="3" row-start="3" text="3.2 × 10
     
      −10">
   </cell>
   <cell col-end="5" col-start="5" row-end="3" row-start="3" text="2.8 × 10
     
      −11">
   </cell>
  </row>
  <row row="4">
   <cell col-end="0" col-start="0" row-end="4" row-start="4" text="PEG-HBA">
   </cell>
   <cell col-end="1" col-start="1" row-end="4" row-start="4" text="3.6 × 10
     
      −10">
   </cell>
   <cell col-end="2" col-start="2" row-end="4" row-start="4" text="2.4 × 10
     
      −9">
   </cell>
   <cell col-end="3" col-start="3" row-end="4" row-start="4" text="3.6 × 10
     
      −12">
   </cell>
   <cell col-end="4" col-start="4" row-end="4" row-start="4" text="3.2 × 10
     
      −10">
   </cell>
   <cell col-end="5" col-start="5" row-end="4" row-start="4" text="2.5 × 10
     
      −11">
   </cell>
  </row>
  <row row="5">
   <cell col-end="0" col-start="0" row-end="5" row-start="5" text="PEG-HBA (+ LiClO
     
      4
     
     )">
   </cell>
   <cell col-end="1" col-start="1" row-end="5" row-start="5" text="6.1 × 10
     
      −10">
   </cell>
   <cell col-end="2" col-start="2" row-end="5" row-start="5" text="2.4 × 10
     
      −9">
   </cell>
   <cell col-end="3" col-start="3" row-end="5" row-start="5" text="13.0 × 10
     
      −12">
   </cell>
   <cell col-end="4" col-start="4" row-end="5" row-start="5" text="4.5 × 10
     
      −10">
   </cell>
   <cell col-end="5" col-start="5" row-end="5" row-start="5" text="5.1 × 10
     
      −11">
   </cell>
  </row>
  <row row="6">
   <cell col-end="0" col-start="0" row-end="6" row-start="6" text="PEG-BAC">
   </cell>
   <cell col-end="1" col-start="1" row-end="6" row-start="6" text="3.6 × 10
     
      −10">
   </cell>
   <cell col-end="2" col-start="2" row-end="6" row-start="6" text="2.4 × 10
     
      −9">
   </cell>
   <cell col-end="3" col-start="3" row-end="6" row-start="6" text="4.2 × 10
     
      −12">
   </cell>
   <cell col-end="4" col-start="4" row-end="6" row-start="6" text="3.2 × 10
     
      −10">
   </cell>
   <cell col-end="5" col-start="5" row-end="6" row-start="6" text="2.5 × 10
     
      −11">
   </cell>
  </row>
  <row row="7">
   <cell col-end="0" col-start="0" row-end="7" row-start="7" text="PEG-BAC (+ LiClO
     
      4
     
     )">
   </cell>
   <cell col-end="1" col-start="1" row-end="7" row-start="7" text="6.1 × 10
     
      −10">
   </cell>
   <cell col-end="2" col-start="2" row-end="7" row-start="7" text="2.4 × 10
     
      −9">
   </cell>
   <cell col-end="3" col-start="3" row-end="7" row-start="7" text="7.8 × 10
     
      −12">
   </cell>
   <cell col-end="4" col-start="4" row-end="7" row-start="7" text="3.8 × 10
     
      −10">
   </cell>
   <cell col-end="5" col-start="5" row-end="7" row-start="7" text="4.4 × 10
     
      −11">
   </cell>
  </row>
  <statements>
   <statement id="1" text="PEG-BAC has lowest value in D M , EY (m 2 /s) of 2.5 o 10 -11." type="">
   </statement>
   <statement id="2" text="PEG-HA (+ LiClO 4 ) has highest D EY , f (m 2 /s) of 6.1 o 10 -10." type="">
   </statement>
  </statements>
 </table>
</document>