<document>
 <table id="Table 1">
  <caption text="

   Details of measuring equipment with accuracy and resolution.
  
">
  </caption>
  <row row="0">
   <cell col-end="0" col-start="0" row-end="0" row-start="0" text="variable">
   </cell>
   <cell col-end="1" col-start="1" row-end="0" row-start="0" text="unit">
   </cell>
   <cell col-end="2" col-start="2" row-end="0" row-start="0" text="Equipment">
   </cell>
   <cell col-end="3" col-start="3" row-end="0" row-start="0" text="accuracy">
   </cell>
   <cell col-end="4" col-start="4" row-end="0" row-start="0" text="precision">
   </cell>
  </row>
  <row row="1">
   <cell col-end="0" col-start="0" row-end="1" row-start="1" text="Air temperature">
   </cell>
   <cell col-end="1" col-start="1" row-end="1" row-start="1" text="T
     
      a
     
     (°C)">
   </cell>
   <cell col-end="2" col-start="2" row-end="1" row-start="1" text="Testo Ltd, model 453 &amp; 435-2 Alton, Hampshire, UK (high precision probe)">
   </cell>
   <cell col-end="3" col-start="3" row-end="1" row-start="1" text="0.2 °C">
   </cell>
   <cell col-end="4" col-start="4" row-end="1" row-start="1" text="0.1 °C">
   </cell>
  </row>
  <row row="2">
   <cell col-end="0" col-start="0" row-end="2" row-start="2" text="PCS outlet temperature">
   </cell>
   <cell col-end="1" col-start="1" row-end="2" row-start="2" text="T
     
      pcs
     

      (°C)">
   </cell>
   <cell col-end="2" col-start="2" row-end="2" row-start="2" text="Thermistors; Grant Instruments, Cambridge, UK">
   </cell>
   <cell col-end="3" col-start="3" row-end="2" row-start="2" text="0.1 °C">
   </cell>
   <cell col-end="4" col-start="4" row-end="2" row-start="2" text="0.1 °C">
   </cell>
  </row>
  <row row="3">
   <cell col-end="0" col-start="0" row-end="3" row-start="3" text="Microclimate temperature">
   </cell>
   <cell col-end="1" col-start="1" row-end="3" row-start="3" text="T
     
      mc
     
     (°C)">
   </cell>
   <cell col-end="2" col-start="2" row-end="3" row-start="3" text="Thermistors; Grant Instruments, Cambridge, UK &amp; Testo Ltd, model 453 &amp; 435-2 Alton, Hampshire, UK">
   </cell>
   <cell col-end="3" col-start="3" row-end="3" row-start="3" text="0.1/0.2 °C">
   </cell>
   <cell col-end="4" col-start="4" row-end="3" row-start="3" text="0.1 °C">
   </cell>
  </row>
  <row row="4">
   <cell col-end="0" col-start="0" row-end="4" row-start="4" text="Relative Humidity">
   </cell>
   <cell col-end="1" col-start="1" row-end="4" row-start="4" text="rh (%)">
   </cell>
   <cell col-end="2" col-start="2" row-end="4" row-start="4" text="Testo Ltd, model 453 &amp; 435-2 Alton, Hampshire, UK &amp; Vaisala">
   </cell>
   <cell col-end="3" col-start="3" row-end="4" row-start="4" text="1 %">
   </cell>
   <cell col-end="4" col-start="4" row-end="4" row-start="4" text="0.1 %">
   </cell>
  </row>
  <row row="5">
   <cell col-end="0" col-start="0" row-end="5" row-start="5" text="Air speed">
   </cell>
   <cell col-end="1" col-start="1" row-end="5" row-start="5" text="m.s
     
      −1">
   </cell>
   <cell col-end="2" col-start="2" row-end="5" row-start="5" text="Testo Ltd, model 453 &amp; 435-2 Alton, Hampshire, UK
     
     &amp; TSI, Biral, Bristol, UK">
   </cell>
   <cell col-end="3" col-start="3" row-end="5" row-start="5" text="0.03 m s
     
      −1
     
     /2%">
   </cell>
   <cell col-end="4" col-start="4" row-end="5" row-start="5" text="0.01 m s
     
      −1">
   </cell>
  </row>
  <row row="6">
   <cell col-end="0" col-start="0" row-end="6" row-start="6" text="Radiation">
   </cell>
   <cell col-end="1" col-start="1" row-end="6" row-start="6" text="W.m
     
      −2">
   </cell>
   <cell col-end="2" col-start="2" row-end="6" row-start="6" text="Pyranometer CM11; Kipp &amp; Zonen">
   </cell>
   <cell col-end="3" col-start="3" row-end="6" row-start="6" text="">
   </cell>
   <cell col-end="4" col-start="4" row-end="6" row-start="6" text="">
   </cell>
  </row>
  <row row="7">
   <cell col-end="0" col-start="0" row-end="7" row-start="7" text="Mean Radiant Temperature">
   </cell>
   <cell col-end="1" col-start="1" row-end="7" row-start="7" text="T
     
      mrt
     
     (°C)">
   </cell>
   <cell col-end="2" col-start="2" row-end="7" row-start="7" text="Thermistor, derived from 15 cm Black Globe; Testo Ltd, model 453 using CBE comfort calculator">
   </cell>
   <cell col-end="3" col-start="3" row-end="7" row-start="7" text="0.5 °C">
   </cell>
   <cell col-end="4" col-start="4" row-end="7" row-start="7" text="0.1 °C">
   </cell>
  </row>
  <row row="8">
   <cell col-end="0" col-start="0" row-end="8" row-start="8" text="Skin Temperature">
   </cell>
   <cell col-end="1" col-start="1" row-end="8" row-start="8" text="T
     
      sk
     
     (°C)">
   </cell>
   <cell col-end="2" col-start="2" row-end="8" row-start="8" text="Thermistors; Grant Instruments, Cambridge, UK &amp; iButtons DS1922T">
   </cell>
   <cell col-end="3" col-start="3" row-end="8" row-start="8" text="0.1 °C/0.5 °C (0.2 °C after local calibration)">
   </cell>
   <cell col-end="4" col-start="4" row-end="8" row-start="8" text="0.1 °C/0.06 °C">
   </cell>
  </row>
  <row row="9">
   <cell col-end="0" col-start="0" row-end="9" row-start="9" text="Tympanic body core temperature">
   </cell>
   <cell col-end="1" col-start="1" row-end="9" row-start="9" text="T
     
      ty
     
     (°C)">
   </cell>
   <cell col-end="2" col-start="2" row-end="9" row-start="9" text="ThermoScan Pro 4000, Braun, Germany">
   </cell>
   <cell col-end="3" col-start="3" row-end="9" row-start="9" text="0.2 °C">
   </cell>
   <cell col-end="4" col-start="4" row-end="9" row-start="9" text="0.1 °C">
   </cell>
  </row>
  <row row="10">
   <cell col-end="0" col-start="0" row-end="10" row-start="10" text="Body Mass">
   </cell>
   <cell col-end="1" col-start="1" row-end="10" row-start="10" text="kg">
   </cell>
   <cell col-end="2" col-start="2" row-end="10" row-start="10" text="Mettler Toledo model CC150">
   </cell>
   <cell col-end="3" col-start="3" row-end="10" row-start="10" text="5 g">
   </cell>
   <cell col-end="4" col-start="4" row-end="10" row-start="10" text="1 g">
   </cell>
  </row>
  <row row="11">
   <cell col-end="0" col-start="0" row-end="11" row-start="11" text="Height">
   </cell>
   <cell col-end="1" col-start="1" row-end="11" row-start="11" text="cm">
   </cell>
   <cell col-end="2" col-start="2" row-end="11" row-start="11" text="Marsden Stadiometer UK">
   </cell>
   <cell col-end="3" col-start="3" row-end="11" row-start="11" text="0.5 cm">
   </cell>
   <cell col-end="4" col-start="4" row-end="11" row-start="11" text="0.5 cm">
   </cell>
  </row>
  <row row="12">
   <cell col-end="0" col-start="0" row-end="12" row-start="12" text="Heart Rate">
   </cell>
   <cell col-end="1" col-start="1" row-end="12" row-start="12" text="HR">
   </cell>
   <cell col-end="2" col-start="2" row-end="12" row-start="12" text="Polar, Tampere, Finland">
   </cell>
   <cell col-end="3" col-start="3" row-end="12" row-start="12" text="2bpm">
   </cell>
   <cell col-end="4" col-start="4" row-end="12" row-start="12" text="1bpm">
   </cell>
  </row>
  <statements>
   <statement id="1" text="precision 1bpm variable is Heart Rate." type="">
   </statement>
   <statement id="5" text="variable Air temperature accuracy is 0.2 C." type="">
   </statement>
   <statement id="6" text="variable Air temperature accuracy is1 g." type="">
   </statement>
  </statements>
 </table>
</document>