<document>
 <table id="Table 1">
  <caption text="

   Confusion matrices of validation of the unsupervised and supervised segmentation using the SWIR1 band and 100 000 pixels over non-bamboo forests (0) and bamboo-dominated forests (1) in the visual interpretation of the calibration area. For those pixels assigned to bamboo-dominated forests in both the calibration dataset and the prediction, we subdivided the pixel count based on the absolute difference between disturbance date assigned by visual interpretation and prediction (|Δ
   
    Y
   
   |) Pixels indicated with * and ** were used for training of the support vector machine classifier.
  
">
  </caption>
  <row row="0">
   <cell col-end="0" col-start="0" row-end="0" row-start="0" text="">
   </cell>
   <cell col-end="3" col-start="1" row-end="0" row-start="0" text="Unsupervised">
   </cell>
   <cell col-end="6" col-start="4" row-end="0" row-start="0" text="Supervised">
   </cell>
  </row>
  <row row="1">
   <cell col-end="0" col-start="0" row-end="1" row-start="1" text="">
   </cell>
   <cell col-end="6" col-start="1" row-end="1" row-start="1" text="Reference">
   </cell>
  </row>
  <row row="2">
   <cell col-end="0" col-start="0" row-end="2" row-start="2" text="Prediction">
   </cell>
   <cell col-end="1" col-start="1" row-end="2" row-start="2" text="0">
   </cell>
   <cell col-end="3" col-start="2" row-end="2" row-start="2" text="1">
   </cell>
   <cell col-end="4" col-start="4" row-end="2" row-start="2" text="0">
   </cell>
   <cell col-end="6" col-start="5" row-end="2" row-start="2" text="1">
   </cell>
  </row>
  <row row="3">
   <cell col-end="0" col-start="0" row-end="3" row-start="3" text="0">
   </cell>
   <cell col-end="1" col-start="1" row-end="3" row-start="3" text="7 087">
   </cell>
   <cell col-end="2" col-start="2" row-end="3" row-start="3" text="">
   </cell>
   <cell col-end="3" col-start="3" row-end="3" row-start="3" text="5 447">
   </cell>
   <cell col-end="4" col-start="4" row-end="3" row-start="3" text="20 091">
   </cell>
   <cell col-end="5" col-start="5" row-end="3" row-start="3" text="">
   </cell>
   <cell col-end="6" col-start="6" row-end="3" row-start="3" text="24 969">
   </cell>
  </row>
  <row row="4">
   <cell col-end="0" col-start="0" row-end="4" row-start="4" text="1">
   </cell>
   <cell col-end="1" col-start="1" row-end="4" row-start="4" text="14 301*">
   </cell>
   <cell col-end="2" col-start="2" row-end="4" row-start="4" text="|Δ
     
      Y
     
     | = 0">
   </cell>
   <cell col-end="3" col-start="3" row-end="4" row-start="4" text="14 895**">
   </cell>
   <cell col-end="4" col-start="4" row-end="4" row-start="4" text="1 297">
   </cell>
   <cell col-end="5" col-start="5" row-end="4" row-start="4" text="|Δ
     
      Y
     
     | = 0">
   </cell>
   <cell col-end="6" col-start="6" row-end="4" row-start="4" text="13 337">
   </cell>
  </row>
  <row row="5">
   <cell col-end="0" col-start="0" row-end="5" row-start="5" text="">
   </cell>
   <cell col-end="1" col-start="1" row-end="5" row-start="5" text="">
   </cell>
   <cell col-end="2" col-start="2" row-end="5" row-start="5" text="|Δ
     
      Y
     
     | = 1">
   </cell>
   <cell col-end="3" col-start="3" row-end="5" row-start="5" text="25 532**">
   </cell>
   <cell col-end="4" col-start="4" row-end="5" row-start="5" text="">
   </cell>
   <cell col-end="5" col-start="5" row-end="5" row-start="5" text="|Δ
     
      Y
     
     | = 1">
   </cell>
   <cell col-end="6" col-start="6" row-end="5" row-start="5" text="23 744">
   </cell>
  </row>
  <row row="6">
   <cell col-end="0" col-start="0" row-end="6" row-start="6" text="">
   </cell>
   <cell col-end="1" col-start="1" row-end="6" row-start="6" text="">
   </cell>
   <cell col-end="2" col-start="2" row-end="6" row-start="6" text="|Δ
     
      Y
     
     | = 2">
   </cell>
   <cell col-end="3" col-start="3" row-end="6" row-start="6" text="9 602**">
   </cell>
   <cell col-end="4" col-start="4" row-end="6" row-start="6" text="">
   </cell>
   <cell col-end="5" col-start="5" row-end="6" row-start="6" text="|Δ
     
      Y
     
     | = 2">
   </cell>
   <cell col-end="6" col-start="6" row-end="6" row-start="6" text="8 741">
   </cell>
  </row>
  <row row="7">
   <cell col-end="0" col-start="0" row-end="7" row-start="7" text="">
   </cell>
   <cell col-end="1" col-start="1" row-end="7" row-start="7" text="">
   </cell>
   <cell col-end="2" col-start="2" row-end="7" row-start="7" text="|Δ
     
      Y
     
     | ≥ 3">
   </cell>
   <cell col-end="3" col-start="3" row-end="7" row-start="7" text="23 136">
   </cell>
   <cell col-end="4" col-start="4" row-end="7" row-start="7" text="">
   </cell>
   <cell col-end="5" col-start="5" row-end="7" row-start="7" text="|Δ
     
      Y
     
     | ≥ 3">
   </cell>
   <cell col-end="6" col-start="6" row-end="7" row-start="7" text="7 821">
   </cell>
  </row>
  <statements>
   <statement id="1" text="The prediction value of 0 and 1 is different for Unsupervised and Supervised Reference." type="">
   </statement>
  </statements>
 </table>
</document>