<document>
 <table id="Table 1">
  <caption text="

   Output parameters from the parametric optimisation (Eq. (
   )), for varying envelope widths
   
    δ
   
   when finding the optimal length (
   
    L
   
   ), width (
   
    W
   
   ), flange thickness (
   
    F
   
   ), web thickness (
   
    T
   
   ) and corner depth (
   
    C
   
   ). Units are pixels in the images in
   .
  
">
  </caption>
  <row row="0">
   <cell col-end="0" col-start="0" row-end="0" row-start="0" text="">
   </cell>
   <cell col-end="1" col-start="1" row-end="0" row-start="0" text="Initial">
   </cell>
   <cell col-end="2" col-start="2" row-end="0" row-start="0" text="δ
     
     = 2">
   </cell>
   <cell col-end="3" col-start="3" row-end="0" row-start="0" text="δ
     
     = 10">
   </cell>
   <cell col-end="4" col-start="4" row-end="0" row-start="0" text="δ
     
     = 20">
   </cell>
   <cell col-end="5" col-start="5" row-end="0" row-start="0" text="δ
     
     = 28">
   </cell>
  </row>
  <row row="1">
   <cell col-end="0" col-start="0" row-end="1" row-start="1" text="L">
   </cell>
   <cell col-end="1" col-start="1" row-end="1" row-start="1" text="80">
   </cell>
   <cell col-end="2" col-start="2" row-end="1" row-start="1" text="80">
   </cell>
   <cell col-end="3" col-start="3" row-end="1" row-start="1" text="83">
   </cell>
   <cell col-end="4" col-start="4" row-end="1" row-start="1" text="82">
   </cell>
   <cell col-end="5" col-start="5" row-end="1" row-start="1" text="69">
   </cell>
  </row>
  <row row="2">
   <cell col-end="0" col-start="0" row-end="2" row-start="2" text="W">
   </cell>
   <cell col-end="1" col-start="1" row-end="2" row-start="2" text="50">
   </cell>
   <cell col-end="2" col-start="2" row-end="2" row-start="2" text="50">
   </cell>
   <cell col-end="3" col-start="3" row-end="2" row-start="2" text="45">
   </cell>
   <cell col-end="4" col-start="4" row-end="2" row-start="2" text="47">
   </cell>
   <cell col-end="5" col-start="5" row-end="2" row-start="2" text="45">
   </cell>
  </row>
  <row row="3">
   <cell col-end="0" col-start="0" row-end="3" row-start="3" text="F">
   </cell>
   <cell col-end="1" col-start="1" row-end="3" row-start="3" text="9">
   </cell>
   <cell col-end="2" col-start="2" row-end="3" row-start="3" text="9">
   </cell>
   <cell col-end="3" col-start="3" row-end="3" row-start="3" text="9">
   </cell>
   <cell col-end="4" col-start="4" row-end="3" row-start="3" text="4">
   </cell>
   <cell col-end="5" col-start="5" row-end="3" row-start="3" text="5">
   </cell>
  </row>
  <row row="4">
   <cell col-end="0" col-start="0" row-end="4" row-start="4" text="T">
   </cell>
   <cell col-end="1" col-start="1" row-end="4" row-start="4" text="18">
   </cell>
   <cell col-end="2" col-start="2" row-end="4" row-start="4" text="18">
   </cell>
   <cell col-end="3" col-start="3" row-end="4" row-start="4" text="17">
   </cell>
   <cell col-end="4" col-start="4" row-end="4" row-start="4" text="22">
   </cell>
   <cell col-end="5" col-start="5" row-end="4" row-start="4" text="25">
   </cell>
  </row>
  <row row="5">
   <cell col-end="0" col-start="0" row-end="5" row-start="5" text="C">
   </cell>
   <cell col-end="1" col-start="1" row-end="5" row-start="5" text="1">
   </cell>
   <cell col-end="2" col-start="2" row-end="5" row-start="5" text="2">
   </cell>
   <cell col-end="3" col-start="3" row-end="5" row-start="5" text="2">
   </cell>
   <cell col-end="4" col-start="4" row-end="5" row-start="5" text="5">
   </cell>
   <cell col-end="5" col-start="5" row-end="5" row-start="5" text="4">
   </cell>
  </row>
  <row row="6">
   <cell col-end="0" col-start="0" row-end="6" row-start="6" text="E
     


       LL
      


      ∗">
   </cell>
   <cell col-end="1" col-start="1" row-end="6" row-start="6" text="3.08">
   </cell>
   <cell col-end="2" col-start="2" row-end="6" row-start="6" text="3.73">
   </cell>
   <cell col-end="3" col-start="3" row-end="6" row-start="6" text="3.76">
   </cell>
   <cell col-end="4" col-start="4" row-end="6" row-start="6" text="5.01">
   </cell>
   <cell col-end="5" col-start="5" row-end="6" row-start="6" text="5.21">
   </cell>
  </row>
  <statements>
   <statement id="1" text="At  = 20 L has highest value 82 ." type="">
   </statement>
   <statement id="3" text="The corner depth ( C ) has lowest value at  = 2 that is 2." type="">
   </statement>
   <statement id="4" text="The genetic algorithm optimisation is performed with four increasing envelope widths  (2, 10, 20 and 28 pixels) and using a = 0.5." type="">
   </statement>
   <statement id="5" text="There are five Output parameters." type="">
   </statement>
   <statement id="8" text="The highest value 83 is at = 10 L ." type="">
   </statement>
   <statement id="9" text="The highest value 80 occurs at =2L." type="">
   </statement>
   <statement id="10" text="At  = 10 L has highest value 83 ." type="">
   </statement>
  </statements>
 </table>
</document>