<document>
 <table id="Table 1">
  <caption text="

   Assignment of frustules (black), protoplasm (green), vacuole (blue), and chloroplast (red) based on RI analysis.
  
">
  </caption>
  <row row="0">
   <cell col-end="0" col-start="0" row-end="0" row-start="0" text="">
   </cell>
   <cell col-end="1" col-start="1" row-end="0" row-start="0" text="Black">
   </cell>
   <cell col-end="2" col-start="2" row-end="0" row-start="0" text="Green">
   </cell>
   <cell col-end="3" col-start="3" row-end="0" row-start="0" text="Blue">
   </cell>
   <cell col-end="4" col-start="4" row-end="0" row-start="0" text="Red">
   </cell>
  </row>
  <row row="1">
   <cell col-end="0" col-start="0" row-end="1" row-start="1" text="Min RI">
   </cell>
   <cell col-end="1" col-start="1" row-end="1" row-start="1" text="1.3520">
   </cell>
   <cell col-end="2" col-start="2" row-end="1" row-start="1" text="1.3630">
   </cell>
   <cell col-end="3" col-start="3" row-end="1" row-start="1" text="1.3880">
   </cell>
   <cell col-end="4" col-start="4" row-end="1" row-start="1" text="1.4030">
   </cell>
  </row>
  <row row="2">
   <cell col-end="0" col-start="0" row-end="2" row-start="2" text="Max RI">
   </cell>
   <cell col-end="1" col-start="1" row-end="2" row-start="2" text="1.3570">
   </cell>
   <cell col-end="2" col-start="2" row-end="2" row-start="2" text="1.3810">
   </cell>
   <cell col-end="3" col-start="3" row-end="2" row-start="2" text="1.3950">
   </cell>
   <cell col-end="4" col-start="4" row-end="2" row-start="2" text="1.4360">
   </cell>
  </row>
  <row row="3">
   <cell col-end="0" col-start="0" row-end="3" row-start="3" text="Volume (um³)">
   </cell>
   <cell col-end="1" col-start="1" row-end="3" row-start="3" text="147.4674">
   </cell>
   <cell col-end="2" col-start="2" row-end="3" row-start="3" text="109.0293">
   </cell>
   <cell col-end="3" col-start="3" row-end="3" row-start="3" text="63.3513">
   </cell>
   <cell col-end="4" col-start="4" row-end="3" row-start="3" text="42.5344">
   </cell>
  </row>
  <row row="4">
   <cell col-end="0" col-start="0" row-end="4" row-start="4" text="Volume of color (um³)">
   </cell>
   <cell col-end="1" col-start="1" row-end="4" row-start="4" text="38.4381">
   </cell>
   <cell col-end="2" col-start="2" row-end="4" row-start="4" text="45.6780">
   </cell>
   <cell col-end="3" col-start="3" row-end="4" row-start="4" text="20.8169">
   </cell>
   <cell col-end="4" col-start="4" row-end="4" row-start="4" text="42.5344">
   </cell>
  </row>
  <row row="5">
   <cell col-end="0" col-start="0" row-end="5" row-start="5" text="Surface area (um²)">
   </cell>
   <cell col-end="1" col-start="1" row-end="5" row-start="5" text="288.5568">
   </cell>
   <cell col-end="2" col-start="2" row-end="5" row-start="5" text="197.5795">
   </cell>
   <cell col-end="3" col-start="3" row-end="5" row-start="5" text="145.0073">
   </cell>
   <cell col-end="4" col-start="4" row-end="5" row-start="5" text="114.9186">
   </cell>
  </row>
  <row row="6">
   <cell col-end="0" col-start="0" row-end="6" row-start="6" text="Projected area (um²)">
   </cell>
   <cell col-end="1" col-start="1" row-end="6" row-start="6" text="57.2084">
   </cell>
   <cell col-end="2" col-start="2" row-end="6" row-start="6" text="43.5051">
   </cell>
   <cell col-end="3" col-start="3" row-end="6" row-start="6" text="33.1990">
   </cell>
   <cell col-end="4" col-start="4" row-end="6" row-start="6" text="26.5573">
   </cell>
  </row>
  <row row="7">
   <cell col-end="0" col-start="0" row-end="7" row-start="7" text="Mean RI">
   </cell>
   <cell col-end="1" col-start="1" row-end="7" row-start="7" text="1.3878">
   </cell>
   <cell col-end="2" col-start="2" row-end="7" row-start="7" text="1.3989">
   </cell>
   <cell col-end="3" col-start="3" row-end="7" row-start="7" text="1.4164">
   </cell>
   <cell col-end="4" col-start="4" row-end="7" row-start="7" text="1.4271">
   </cell>
  </row>
  <row row="8">
   <cell col-end="0" col-start="0" row-end="8" row-start="8" text="Concentration (pg/um³)">
   </cell>
   <cell col-end="1" col-start="1" row-end="8" row-start="8" text="0.2849">
   </cell>
   <cell col-end="2" col-start="2" row-end="8" row-start="8" text="0.3432">
   </cell>
   <cell col-end="3" col-start="3" row-end="8" row-start="8" text="0.4351">
   </cell>
   <cell col-end="4" col-start="4" row-end="8" row-start="8" text="0.4917">
   </cell>
  </row>
  <row row="9">
   <cell col-end="0" col-start="0" row-end="9" row-start="9" text="Dry mass (pg)">
   </cell>
   <cell col-end="1" col-start="1" row-end="9" row-start="9" text="42.0068">
   </cell>
   <cell col-end="2" col-start="2" row-end="9" row-start="9" text="37.4194">
   </cell>
   <cell col-end="3" col-start="3" row-end="9" row-start="9" text="27.5611">
   </cell>
   <cell col-end="4" col-start="4" row-end="9" row-start="9" text="20.9152">
   </cell>
  </row>
  <row row="10">
   <cell col-end="0" col-start="0" row-end="10" row-start="10" text="Dry mass of color (pg)">
   </cell>
   <cell col-end="1" col-start="1" row-end="10" row-start="10" text="4.5874">
   </cell>
   <cell col-end="2" col-start="2" row-end="10" row-start="10" text="9.8583">
   </cell>
   <cell col-end="3" col-start="3" row-end="10" row-start="10" text="6.6459">
   </cell>
   <cell col-end="4" col-start="4" row-end="10" row-start="10" text="20.9152">
   </cell>
  </row>
  <row row="11">
   <cell col-end="0" col-start="0" row-end="11" row-start="11" text="Sphericity">
   </cell>
   <cell col-end="1" col-start="1" row-end="11" row-start="11" text="0.4678">
   </cell>
   <cell col-end="2" col-start="2" row-end="11" row-start="11" text="0.5586">
   </cell>
   <cell col-end="3" col-start="3" row-end="11" row-start="11" text="0.5300">
   </cell>
   <cell col-end="4" col-start="4" row-end="11" row-start="11" text="0.5128">
   </cell>
  </row>
  <row row="12">
   <cell col-end="0" col-start="0" row-end="12" row-start="12" text="Threshold RI">
   </cell>
   <cell col-end="1" col-start="1" row-end="12" row-start="12" text="1.3520">
   </cell>
   <cell col-end="2" col-start="2" row-end="12" row-start="12" text="1.3630">
   </cell>
   <cell col-end="3" col-start="3" row-end="12" row-start="12" text="1.3880">
   </cell>
   <cell col-end="4" col-start="4" row-end="12" row-start="12" text="1.4030">
   </cell>
  </row>
  <statements>
   <statement id="0" text="33.1990 Blue is Projected area (um2)." type="">
   </statement>
   <statement id="2" text="33.1990 Red is Projected area (um2)." type="">
   </statement>
   <statement id="3" text="Green 42.0068 is Dry mass (pg)." type="">
   </statement>
   <statement id="4" text="Min Red is 1.4030." type="">
   </statement>
   <statement id="5" text="Red 197.5795 is Surface area (um2)." type="">
   </statement>
  </statements>
 </table>
</document>