<document>
 <table id="Table 1">
  <caption text="

   Descriptive statistics.
  
">
  </caption>
  <legend text="

   The number of dyads is 990.
  
">
  </legend>
  <row row="0">
   <cell col-end="0" col-start="0" row-end="0" row-start="0" text="">
   </cell>
   <cell col-end="1" col-start="1" row-end="0" row-start="0" text="Minimum">
   </cell>
   <cell col-end="2" col-start="2" row-end="0" row-start="0" text="Maximum">
   </cell>
   <cell col-end="3" col-start="3" row-end="0" row-start="0" text="Mean">
   </cell>
   <cell col-end="4" col-start="4" row-end="0" row-start="0" text="SD">
   </cell>
  </row>
  <row row="1">
   <cell col-end="0" col-start="0" row-end="1" row-start="1" text="Similarity in cobranding (SCB)">
   </cell>
   <cell col-end="1" col-start="1" row-end="1" row-start="1" text="0">
   </cell>
   <cell col-end="2" col-start="2" row-end="1" row-start="1" text="6">
   </cell>
   <cell col-end="3" col-start="3" row-end="1" row-start="1" text="4.13">
   </cell>
   <cell col-end="4" col-start="4" row-end="1" row-start="1" text="1.48">
   </cell>
  </row>
  <row row="2">
   <cell col-end="0" col-start="0" row-end="2" row-start="2" text="SCB
     

       2">
   </cell>
   <cell col-end="1" col-start="1" row-end="2" row-start="2" text=".016">
   </cell>
   <cell col-end="2" col-start="2" row-end="2" row-start="2" text="17.0">
   </cell>
   <cell col-end="3" col-start="3" row-end="2" row-start="2" text="2.18">
   </cell>
   <cell col-end="4" col-start="4" row-end="2" row-start="2" text="2.95">
   </cell>
  </row>
  <row row="3">
   <cell col-end="0" col-start="0" row-end="3" row-start="3" text="Total cobranding">
   </cell>
   <cell col-end="1" col-start="1" row-end="3" row-start="3" text="2.67">
   </cell>
   <cell col-end="2" col-start="2" row-end="3" row-start="3" text="14">
   </cell>
   <cell col-end="3" col-start="3" row-end="3" row-start="3" text="10.5">
   </cell>
   <cell col-end="4" col-start="4" row-end="3" row-start="3" text="2.33">
   </cell>
  </row>
  <row row="4">
   <cell col-end="0" col-start="0" row-end="4" row-start="4" text="Decreasing network distance (DND)">
   </cell>
   <cell col-end="1" col-start="1" row-end="4" row-start="4" text="1">
   </cell>
   <cell col-end="2" col-start="2" row-end="4" row-start="4" text="4">
   </cell>
   <cell col-end="3" col-start="3" row-end="4" row-start="4" text="2.57">
   </cell>
   <cell col-end="4" col-start="4" row-end="4" row-start="4" text=".691">
   </cell>
  </row>
  <row row="5">
   <cell col-end="0" col-start="0" row-end="5" row-start="5" text="DND
     

       2">
   </cell>
   <cell col-end="1" col-start="1" row-end="5" row-start="5" text=".188">
   </cell>
   <cell col-end="2" col-start="2" row-end="5" row-start="5" text="2.45">
   </cell>
   <cell col-end="3" col-start="3" row-end="5" row-start="5" text=".478">
   </cell>
   <cell col-end="4" col-start="4" row-end="5" row-start="5" text=".635">
   </cell>
  </row>
  <row row="6">
   <cell col-end="0" col-start="0" row-end="6" row-start="6" text="Difference in closeness (DCL)">
   </cell>
   <cell col-end="1" col-start="1" row-end="6" row-start="6" text=".021">
   </cell>
   <cell col-end="2" col-start="2" row-end="6" row-start="6" text="13.2">
   </cell>
   <cell col-end="3" col-start="3" row-end="6" row-start="6" text="3.87">
   </cell>
   <cell col-end="4" col-start="4" row-end="6" row-start="6" text="2.84">
   </cell>
  </row>
  <row row="7">
   <cell col-end="0" col-start="0" row-end="7" row-start="7" text="Structural equivalence">
   </cell>
   <cell col-end="1" col-start="1" row-end="7" row-start="7" text="–.146">
   </cell>
   <cell col-end="2" col-start="2" row-end="7" row-start="7" text=".677">
   </cell>
   <cell col-end="3" col-start="3" row-end="7" row-start="7" text=".042">
   </cell>
   <cell col-end="4" col-start="4" row-end="7" row-start="7" text=".133">
   </cell>
  </row>
  <row row="8">
   <cell col-end="0" col-start="0" row-end="8" row-start="8" text="Same destination dummy">
   </cell>
   <cell col-end="1" col-start="1" row-end="8" row-start="8" text="0">
   </cell>
   <cell col-end="2" col-start="2" row-end="8" row-start="8" text="1">
   </cell>
   <cell col-end="3" col-start="3" row-end="8" row-start="8" text=".138">
   </cell>
   <cell col-end="4" col-start="4" row-end="8" row-start="8" text=".345">
   </cell>
  </row>
  <row row="9">
   <cell col-end="0" col-start="0" row-end="9" row-start="9" text="Combined closeness (CCL)">
   </cell>
   <cell col-end="1" col-start="1" row-end="9" row-start="9" text="57.9">
   </cell>
   <cell col-end="2" col-start="2" row-end="9" row-start="9" text="83.9">
   </cell>
   <cell col-end="3" col-start="3" row-end="9" row-start="9" text="69.8">
   </cell>
   <cell col-end="4" col-start="4" row-end="9" row-start="9" text="4.69">
   </cell>
  </row>
  <row row="10">
   <cell col-end="0" col-start="0" row-end="10" row-start="10" text="CCL × DCL">
   </cell>
   <cell col-end="1" col-start="1" row-end="10" row-start="10" text="−52.1">
   </cell>
   <cell col-end="2" col-start="2" row-end="10" row-start="10" text="44.6">
   </cell>
   <cell col-end="3" col-start="3" row-end="10" row-start="10" text="2.05">
   </cell>
   <cell col-end="4" col-start="4" row-end="10" row-start="10" text="11.0">
   </cell>
  </row>
  <statements>
   <statement id="2" text="Combined closeness (CCL) has the greatest Mean of 69.8." type="">
   </statement>
   <statement id="5" text="Combined closeness (CCL) has the Maximum value of 99.99" type="">
   </statement>
   <statement id="6" text="Compare to all values under SD 11.0 is the greatest value." type="">
   </statement>
   <statement id="8" text="Similarity in cobranding (SCB) has the Minimum value of 5." type="">
   </statement>
  </statements>
 </table>
 <table id="Table 2">
  <caption text="

   QAP correlations.
  
">
  </caption>
  <legend text="

   The number of dyads is 990, *p &lt; .10, **p &lt; .05, conservative two-tailed tests.
  
">
  </legend>
  <row row="0">
   <cell col-end="0" col-start="0" row-end="0" row-start="0" text="">
   </cell>
   <cell col-end="1" col-start="1" row-end="0" row-start="0" text="1">
   </cell>
   <cell col-end="2" col-start="2" row-end="0" row-start="0" text="2">
   </cell>
   <cell col-end="3" col-start="3" row-end="0" row-start="0" text="3">
   </cell>
   <cell col-end="4" col-start="4" row-end="0" row-start="0" text="4">
   </cell>
   <cell col-end="5" col-start="5" row-end="0" row-start="0" text="5">
   </cell>
   <cell col-end="6" col-start="6" row-end="0" row-start="0" text="6">
   </cell>
   <cell col-end="7" col-start="7" row-end="0" row-start="0" text="7">
   </cell>
   <cell col-end="8" col-start="8" row-end="0" row-start="0" text="8">
   </cell>
   <cell col-end="9" col-start="9" row-end="0" row-start="0" text="9">
   </cell>
  </row>
  <row row="1">
   <cell col-end="0" col-start="0" row-end="1" row-start="1" text="1. Similarity in cobranding (SCB)">
   </cell>
   <cell col-end="1" col-start="1" row-end="1" row-start="1" text="">
   </cell>
   <cell col-end="2" col-start="2" row-end="1" row-start="1" text="">
   </cell>
   <cell col-end="3" col-start="3" row-end="1" row-start="1" text="">
   </cell>
   <cell col-end="4" col-start="4" row-end="1" row-start="1" text="">
   </cell>
   <cell col-end="5" col-start="5" row-end="1" row-start="1" text="">
   </cell>
   <cell col-end="6" col-start="6" row-end="1" row-start="1" text="">
   </cell>
   <cell col-end="7" col-start="7" row-end="1" row-start="1" text="">
   </cell>
   <cell col-end="8" col-start="8" row-end="1" row-start="1" text="">
   </cell>
   <cell col-end="9" col-start="9" row-end="1" row-start="1" text="">
   </cell>
  </row>
  <row row="2">
   <cell col-end="0" col-start="0" row-end="2" row-start="2" text="2. SCB
     

       2">
   </cell>
   <cell col-end="1" col-start="1" row-end="2" row-start="2" text="–.555**">
   </cell>
   <cell col-end="2" col-start="2" row-end="2" row-start="2" text="">
   </cell>
   <cell col-end="3" col-start="3" row-end="2" row-start="2" text="">
   </cell>
   <cell col-end="4" col-start="4" row-end="2" row-start="2" text="">
   </cell>
   <cell col-end="5" col-start="5" row-end="2" row-start="2" text="">
   </cell>
   <cell col-end="6" col-start="6" row-end="2" row-start="2" text="">
   </cell>
   <cell col-end="7" col-start="7" row-end="2" row-start="2" text="">
   </cell>
   <cell col-end="8" col-start="8" row-end="2" row-start="2" text="">
   </cell>
   <cell col-end="9" col-start="9" row-end="2" row-start="2" text="">
   </cell>
  </row>
  <row row="3">
   <cell col-end="0" col-start="0" row-end="3" row-start="3" text="3. Total cobranding">
   </cell>
   <cell col-end="1" col-start="1" row-end="3" row-start="3" text=".478**">
   </cell>
   <cell col-end="2" col-start="2" row-end="3" row-start="3" text="–.207**">
   </cell>
   <cell col-end="3" col-start="3" row-end="3" row-start="3" text="">
   </cell>
   <cell col-end="4" col-start="4" row-end="3" row-start="3" text="">
   </cell>
   <cell col-end="5" col-start="5" row-end="3" row-start="3" text="">
   </cell>
   <cell col-end="6" col-start="6" row-end="3" row-start="3" text="">
   </cell>
   <cell col-end="7" col-start="7" row-end="3" row-start="3" text="">
   </cell>
   <cell col-end="8" col-start="8" row-end="3" row-start="3" text="">
   </cell>
   <cell col-end="9" col-start="9" row-end="3" row-start="3" text="">
   </cell>
  </row>
  <row row="4">
   <cell col-end="0" col-start="0" row-end="4" row-start="4" text="4. Decreasing network distance (DND)">
   </cell>
   <cell col-end="1" col-start="1" row-end="4" row-start="4" text=".140**">
   </cell>
   <cell col-end="2" col-start="2" row-end="4" row-start="4" text="–.073">
   </cell>
   <cell col-end="3" col-start="3" row-end="4" row-start="4" text=".316**">
   </cell>
   <cell col-end="4" col-start="4" row-end="4" row-start="4" text="">
   </cell>
   <cell col-end="5" col-start="5" row-end="4" row-start="4" text="">
   </cell>
   <cell col-end="6" col-start="6" row-end="4" row-start="4" text="">
   </cell>
   <cell col-end="7" col-start="7" row-end="4" row-start="4" text="">
   </cell>
   <cell col-end="8" col-start="8" row-end="4" row-start="4" text="">
   </cell>
   <cell col-end="9" col-start="9" row-end="4" row-start="4" text="">
   </cell>
  </row>
  <row row="5">
   <cell col-end="0" col-start="0" row-end="5" row-start="5" text="5. DND
     

       2">
   </cell>
   <cell col-end="1" col-start="1" row-end="5" row-start="5" text="–.051">
   </cell>
   <cell col-end="2" col-start="2" row-end="5" row-start="5" text=".066*">
   </cell>
   <cell col-end="3" col-start="3" row-end="5" row-start="5" text="–.127**">
   </cell>
   <cell col-end="4" col-start="4" row-end="5" row-start="5" text="–.008">
   </cell>
   <cell col-end="5" col-start="5" row-end="5" row-start="5" text="">
   </cell>
   <cell col-end="6" col-start="6" row-end="5" row-start="5" text="">
   </cell>
   <cell col-end="7" col-start="7" row-end="5" row-start="5" text="">
   </cell>
   <cell col-end="8" col-start="8" row-end="5" row-start="5" text="">
   </cell>
   <cell col-end="9" col-start="9" row-end="5" row-start="5" text="">
   </cell>
  </row>
  <row row="6">
   <cell col-end="0" col-start="0" row-end="6" row-start="6" text="6. Difference in closeness (DCL)">
   </cell>
   <cell col-end="1" col-start="1" row-end="6" row-start="6" text="–.195**">
   </cell>
   <cell col-end="2" col-start="2" row-end="6" row-start="6" text=".198**">
   </cell>
   <cell col-end="3" col-start="3" row-end="6" row-start="6" text=".138*">
   </cell>
   <cell col-end="4" col-start="4" row-end="6" row-start="6" text=".012">
   </cell>
   <cell col-end="5" col-start="5" row-end="6" row-start="6" text="–.073**">
   </cell>
   <cell col-end="6" col-start="6" row-end="6" row-start="6" text="">
   </cell>
   <cell col-end="7" col-start="7" row-end="6" row-start="6" text="">
   </cell>
   <cell col-end="8" col-start="8" row-end="6" row-start="6" text="">
   </cell>
   <cell col-end="9" col-start="9" row-end="6" row-start="6" text="">
   </cell>
  </row>
  <row row="7">
   <cell col-end="0" col-start="0" row-end="7" row-start="7" text="7. Structural equivalence">
   </cell>
   <cell col-end="1" col-start="1" row-end="7" row-start="7" text=".047">
   </cell>
   <cell col-end="2" col-start="2" row-end="7" row-start="7" text="–.021">
   </cell>
   <cell col-end="3" col-start="3" row-end="7" row-start="7" text=".056*">
   </cell>
   <cell col-end="4" col-start="4" row-end="7" row-start="7" text=".620**">
   </cell>
   <cell col-end="5" col-start="5" row-end="7" row-start="7" text=".250**">
   </cell>
   <cell col-end="6" col-start="6" row-end="7" row-start="7" text="–.061**">
   </cell>
   <cell col-end="7" col-start="7" row-end="7" row-start="7" text="">
   </cell>
   <cell col-end="8" col-start="8" row-end="7" row-start="7" text="">
   </cell>
   <cell col-end="9" col-start="9" row-end="7" row-start="7" text="">
   </cell>
  </row>
  <row row="8">
   <cell col-end="0" col-start="0" row-end="8" row-start="8" text="8. Same destination dummy">
   </cell>
   <cell col-end="1" col-start="1" row-end="8" row-start="8" text=".001">
   </cell>
   <cell col-end="2" col-start="2" row-end="8" row-start="8" text=".059**">
   </cell>
   <cell col-end="3" col-start="3" row-end="8" row-start="8" text=".001">
   </cell>
   <cell col-end="4" col-start="4" row-end="8" row-start="8" text=".459**">
   </cell>
   <cell col-end="5" col-start="5" row-end="8" row-start="8" text=".248**">
   </cell>
   <cell col-end="6" col-start="6" row-end="8" row-start="8" text=".013">
   </cell>
   <cell col-end="7" col-start="7" row-end="8" row-start="8" text=".804**">
   </cell>
   <cell col-end="8" col-start="8" row-end="8" row-start="8" text="">
   </cell>
   <cell col-end="9" col-start="9" row-end="8" row-start="8" text="">
   </cell>
  </row>
  <row row="9">
   <cell col-end="0" col-start="0" row-end="9" row-start="9" text="9. Combined closeness (CCL)">
   </cell>
   <cell col-end="1" col-start="1" row-end="9" row-start="9" text=".195**">
   </cell>
   <cell col-end="2" col-start="2" row-end="9" row-start="9" text="–.047">
   </cell>
   <cell col-end="3" col-start="3" row-end="9" row-start="9" text=".519**">
   </cell>
   <cell col-end="4" col-start="4" row-end="9" row-start="9" text=".566**">
   </cell>
   <cell col-end="5" col-start="5" row-end="9" row-start="9" text="–.147**">
   </cell>
   <cell col-end="6" col-start="6" row-end="9" row-start="9" text=".154*">
   </cell>
   <cell col-end="7" col-start="7" row-end="9" row-start="9" text=".118**">
   </cell>
   <cell col-end="8" col-start="8" row-end="9" row-start="9" text=".038">
   </cell>
   <cell col-end="9" col-start="9" row-end="9" row-start="9" text="">
   </cell>
  </row>
  <row row="10">
   <cell col-end="0" col-start="0" row-end="10" row-start="10" text="10. CCL × DCL">
   </cell>
   <cell col-end="1" col-start="1" row-end="10" row-start="10" text=".084*">
   </cell>
   <cell col-end="2" col-start="2" row-end="10" row-start="10" text=".021">
   </cell>
   <cell col-end="3" col-start="3" row-end="10" row-start="10" text=".127*">
   </cell>
   <cell col-end="4" col-start="4" row-end="10" row-start="10" text="–.015">
   </cell>
   <cell col-end="5" col-start="5" row-end="10" row-start="10" text=".302**">
   </cell>
   <cell col-end="6" col-start="6" row-end="10" row-start="10" text="–.075">
   </cell>
   <cell col-end="7" col-start="7" row-end="10" row-start="10" text="–.041">
   </cell>
   <cell col-end="8" col-start="8" row-end="10" row-start="10" text="–.021">
   </cell>
   <cell col-end="9" col-start="9" row-end="10" row-start="10" text=".140**">
   </cell>
  </row>
  <statements>
   <statement id="0" text="A special regression procedure at the dyadic level, called the Double Dekker semi-partialling QAP multiple regression, was used to test the hypotheses ( Dekker et al., 2007 )." type="">
   </statement>
   <statement id="3" text="The 9 correlation has a only different value ." type="">
   </statement>
   <statement id="4" text="The highest 2 correlation is .207**." type="">
   </statement>
   <statement id="5" text="The lowest 10 correlation is .207**." type="">
   </statement>
   <statement id="6" text="The lowest 3 correlation is 0.001." type="">
   </statement>
  </statements>
 </table>
 <table id="Table 3">
  <caption text="

   Multiple QAP regressions with similarity in cobranding as the dependent variable.
  
">
  </caption>
  <legend text="

   The number of dyads is 990, *p &lt; .10, **p &lt; .05, conservative two-tailed tests (standardized beta values in parentheses).
  
">
  </legend>
  <row row="0">
   <cell col-end="0" col-start="0" row-end="0" row-start="0" text="">
   </cell>
   <cell col-end="1" col-start="1" row-end="0" row-start="0" text="Model 1">
   </cell>
   <cell col-end="2" col-start="2" row-end="0" row-start="0" text="Model 2">
   </cell>
  </row>
  <row row="1">
   <cell col-end="0" col-start="0" row-end="1" row-start="1" text="Intercept">
   </cell>
   <cell col-end="1" col-start="1" row-end="1" row-start="1" text="4.02**">
   </cell>
   <cell col-end="2" col-start="2" row-end="1" row-start="1" text=".143**">
   </cell>
  </row>
  <row row="2">
   <cell col-end="0" col-start="0" row-end="2" row-start="2" text="Decreasing network distance (DND)">
   </cell>
   <cell col-end="1" col-start="1" row-end="2" row-start="2" text=".388 (.182)** [H1]">
   </cell>
   <cell col-end="2" col-start="2" row-end="2" row-start="2" text=".027 (.013)">
   </cell>
  </row>
  <row row="3">
   <cell col-end="0" col-start="0" row-end="3" row-start="3" text="DND
     

       2">
   </cell>
   <cell col-end="1" col-start="1" row-end="3" row-start="3" text="–.106 (−.046)">
   </cell>
   <cell col-end="2" col-start="2" row-end="3" row-start="3" text="–.065 (−.028)">
   </cell>
  </row>
  <row row="4">
   <cell col-end="0" col-start="0" row-end="4" row-start="4" text="Difference in closeness (DCL)">
   </cell>
   <cell col-end="1" col-start="1" row-end="4" row-start="4" text="–.105 (−.202)**">
   </cell>
   <cell col-end="2" col-start="2" row-end="4" row-start="4" text="–.109 (−.209)**">
   </cell>
  </row>
  <row row="5">
   <cell col-end="0" col-start="0" row-end="5" row-start="5" text="Structural equivalence">
   </cell>
   <cell col-end="1" col-start="1" row-end="5" row-start="5" text="–.354 (−.032)">
   </cell>
   <cell col-end="2" col-start="2" row-end="5" row-start="5" text=".324 (.029)">
   </cell>
  </row>
  <row row="6">
   <cell col-end="0" col-start="0" row-end="6" row-start="6" text="Same destination dummy">
   </cell>
   <cell col-end="1" col-start="1" row-end="6" row-start="6" text="–.184 (−.043)">
   </cell>
   <cell col-end="2" col-start="2" row-end="6" row-start="6" text="–.124 (−.029)">
   </cell>
  </row>
  <row row="7">
   <cell col-end="0" col-start="0" row-end="7" row-start="7" text="Combined closeness (CCL)">
   </cell>
   <cell col-end="1" col-start="1" row-end="7" row-start="7" text="">
   </cell>
   <cell col-end="2" col-start="2" row-end="7" row-start="7" text=".063 (.201)** [H2]">
   </cell>
  </row>
  <row row="8">
   <cell col-end="0" col-start="0" row-end="8" row-start="8" text="CCL × DCL">
   </cell>
   <cell col-end="1" col-start="1" row-end="8" row-start="8" text="">
   </cell>
   <cell col-end="2" col-start="2" row-end="8" row-start="8" text="–.014 (−.103)*">
   </cell>
  </row>
  <row row="9">
   <cell col-end="0" col-start="0" row-end="9" row-start="9" text="R-square">
   </cell>
   <cell col-end="1" col-start="1" row-end="9" row-start="9" text=".066">
   </cell>
   <cell col-end="2" col-start="2" row-end="9" row-start="9" text=".101">
   </cell>
  </row>
  <row row="10">
   <cell col-end="0" col-start="0" row-end="10" row-start="10" text="Adjusted R-square">
   </cell>
   <cell col-end="1" col-start="1" row-end="10" row-start="10" text=".063">
   </cell>
   <cell col-end="2" col-start="2" row-end="10" row-start="10" text=".098">
   </cell>
  </row>
  <statements>
   <statement id="0" text=".101 is the R-square value for Model 2." type="">
   </statement>
   <statement id="1" text=".354 (.032) is the highest Structural equivalence compare to both the Model ." type="">
   </statement>
   <statement id="6" text="CCL  DCL has no value under Model 1." type="">
   </statement>
  </statements>
 </table>
</document>