<document>
 <table id="Table 2">
  <caption text="

   Comparison of MFPP systems based on LWD lens.
  
">
  </caption>
  <row row="0">
   <cell col-end="0" col-start="0" row-end="0" row-start="0" text="Authors">
   </cell>
   <cell col-end="1" col-start="1" row-end="0" row-start="0" text="Projection technique">
   </cell>
   <cell col-end="2" col-start="2" row-end="0" row-start="0" text="Year of publication">
   </cell>
   <cell col-end="3" col-start="3" row-end="0" row-start="0" text="LWD lens type (projector + camera)">
   </cell>
   <cell col-end="4" col-start="4" row-end="0" row-start="0" text="Measurement FOV">
   </cell>
  </row>
  <row row="1">
   <cell col-end="0" col-start="0" row-end="1" row-start="1" text="Quan et al.
     
      [50]">
   </cell>
   <cell col-end="1" col-start="1" row-end="1" row-start="1" text="LCD projector">
   </cell>
   <cell col-end="2" col-start="2" row-end="1" row-start="1" text="2001">
   </cell>
   <cell col-end="3" col-start="3" row-end="1" row-start="1" text="Pinhole + Pinhole">
   </cell>
   <cell col-end="4" col-start="4" row-end="1" row-start="1" text="1.2 × 1.5 mm
     
      2">
   </cell>
  </row>
  <row row="2">
   <cell col-end="0" col-start="0" row-end="2" row-start="2" text="Quan et al.
     
      [77]">
   </cell>
   <cell col-end="1" col-start="1" row-end="2" row-start="2" text="Fine sinusoidal grating">
   </cell>
   <cell col-end="2" col-start="2" row-end="2" row-start="2" text="2002">
   </cell>
   <cell col-end="3" col-start="3" row-end="2" row-start="2" text="Pinhole + Pinhole">
   </cell>
   <cell col-end="4" col-start="4" row-end="2" row-start="2" text="0.1 × 0.1 mm
     
      2">
   </cell>
  </row>
  <row row="3">
   <cell col-end="0" col-start="0" row-end="3" row-start="3" text="Wang et al.
     
      [78]">
   </cell>
   <cell col-end="1" col-start="1" row-end="3" row-start="3" text="LCD projector">
   </cell>
   <cell col-end="2" col-start="2" row-end="3" row-start="3" text="2006">
   </cell>
   <cell col-end="3" col-start="3" row-end="3" row-start="3" text="Pinhole + Pinhole">
   </cell>
   <cell col-end="4" col-start="4" row-end="3" row-start="3" text="768 × 576 pixel">
   </cell>
  </row>
  <row row="4">
   <cell col-end="0" col-start="0" row-end="4" row-start="4" text="Chen et al.
     
      [79]">
   </cell>
   <cell col-end="1" col-start="1" row-end="4" row-start="4" text="DLP projector">
   </cell>
   <cell col-end="2" col-start="2" row-end="4" row-start="4" text="2013">
   </cell>
   <cell col-end="3" col-start="3" row-end="4" row-start="4" text="Pinhole + Pinhole">
   </cell>
   <cell col-end="4" col-start="4" row-end="4" row-start="4" text="Not given">
   </cell>
  </row>
  <row row="5">
   <cell col-end="0" col-start="0" row-end="5" row-start="5" text="Yin et al.
     
      [80]">
   </cell>
   <cell col-end="1" col-start="1" row-end="5" row-start="5" text="DLP projector">
   </cell>
   <cell col-end="2" col-start="2" row-end="5" row-start="5" text="2015">
   </cell>
   <cell col-end="3" col-start="3" row-end="5" row-start="5" text="Pinhole + Pinhole">
   </cell>
   <cell col-end="4" col-start="4" row-end="5" row-start="5" text="5.0 × 4.0 mm
     
      2">
   </cell>
  </row>
  <row row="6">
   <cell col-end="0" col-start="0" row-end="6" row-start="6" text="Li and Zhang
     
      [57]">
   </cell>
   <cell col-end="1" col-start="1" row-end="6" row-start="6" text="LightCrafter">
   </cell>
   <cell col-end="2" col-start="2" row-end="6" row-start="6" text="2015">
   </cell>
   <cell col-end="3" col-start="3" row-end="6" row-start="6" text="Pinhole + Telecentric">
   </cell>
   <cell col-end="4" col-start="4" row-end="6" row-start="6" text="10.0 × 8.0 mm
     
      2">
   </cell>
  </row>
  <row row="7">
   <cell col-end="0" col-start="0" row-end="7" row-start="7" text="Li et al.
     
      [59]">
   </cell>
   <cell col-end="1" col-start="1" row-end="7" row-start="7" text="DLP projector">
   </cell>
   <cell col-end="2" col-start="2" row-end="7" row-start="7" text="2014">
   </cell>
   <cell col-end="3" col-start="3" row-end="7" row-start="7" text="Telecentric + Telecentric">
   </cell>
   <cell col-end="4" col-start="4" row-end="7" row-start="7" text="30.0 × 20.0 mm
     
      2">
   </cell>
  </row>
  <row row="8">
   <cell col-end="0" col-start="0" row-end="8" row-start="8" text="Liu et al.
     
      [81]">
   </cell>
   <cell col-end="1" col-start="1" row-end="8" row-start="8" text="LCD projector">
   </cell>
   <cell col-end="2" col-start="2" row-end="8" row-start="8" text="2017">
   </cell>
   <cell col-end="3" col-start="3" row-end="8" row-start="8" text="Telecentric + Telecentric">
   </cell>
   <cell col-end="4" col-start="4" row-end="8" row-start="8" text="34.6 × 29.0 mm
     
      2">
   </cell>
  </row>
  <row row="9">
   <cell col-end="0" col-start="0" row-end="9" row-start="9" text="Peng et al.
     
      [42]">
   </cell>
   <cell col-end="1" col-start="1" row-end="9" row-start="9" text="DMD chip">
   </cell>
   <cell col-end="2" col-start="2" row-end="9" row-start="9" text="2015">
   </cell>
   <cell col-end="3" col-start="3" row-end="9" row-start="9" text="Telecentric + Telecentric">
   </cell>
   <cell col-end="4" col-start="4" row-end="9" row-start="9" text="1280 × 1024 pixel">
   </cell>
  </row>
  <row row="10">
   <cell col-end="0" col-start="0" row-end="10" row-start="10" text="Wang et al.
     
      [82]">
   </cell>
   <cell col-end="1" col-start="1" row-end="10" row-start="10" text="DMD chip">
   </cell>
   <cell col-end="2" col-start="2" row-end="10" row-start="10" text="2017">
   </cell>
   <cell col-end="3" col-start="3" row-end="10" row-start="10" text="Telecentric + 4 × Telecentric">
   </cell>
   <cell col-end="4" col-start="4" row-end="10" row-start="10" text="1280 × 1024 pixel">
   </cell>
  </row>
  <row row="11">
   <cell col-end="0" col-start="0" row-end="11" row-start="11" text="Hu et al.
     
      [56]">
   </cell>
   <cell col-end="1" col-start="1" row-end="11" row-start="11" text="LightCrafter">
   </cell>
   <cell col-end="2" col-start="2" row-end="11" row-start="11" text="2019">
   </cell>
   <cell col-end="3" col-start="3" row-end="11" row-start="11" text="Telecentric + 2 × Telecentric">
   </cell>
   <cell col-end="4" col-start="4" row-end="11" row-start="11" text="10.0 × 7.0 mm
     
      2">
   </cell>
  </row>
  <statements>
   <statement id="2" text="LWD lens type (projector + camera) has same types for some." type="">
   </statement>
   <statement id="5" text="LWD lens type (projector + camera) is having same types for some." type="">
   </statement>
  </statements>
 </table>
 <table id="Table 1">
  <caption text="

   Comparison of MFPP systems based on off-the-shelf microscopes.
  
">
  </caption>
  <legend text="

   *A DLP projector means a projector integrated with a DMD chip as the structured light modulator.
  

   ** A LightCrafter is a pattern-programmable projector based on the DMD technology.
  
">
  </legend>
  <row row="0">
   <cell col-end="0" col-start="0" row-end="0" row-start="0" text="Authors">
   </cell>
   <cell col-end="1" col-start="1" row-end="0" row-start="0" text="Projection technique">
   </cell>
   <cell col-end="2" col-start="2" row-end="0" row-start="0" text="System complexity">
   </cell>
   <cell col-end="3" col-start="3" row-end="0" row-start="0" text="Year of publication">
   </cell>
   <cell col-end="4" col-start="4" row-end="0" row-start="0" text="Measurement FOV">
   </cell>
  </row>
  <row row="1">
   <cell col-end="0" col-start="0" row-end="1" row-start="1" text="Leonhardt et al.">
   </cell>
   <cell col-end="1" col-start="1" row-end="1" row-start="1" text="Ronchi grating">
   </cell>
   <cell col-end="2" col-start="2" row-end="1" row-start="1" text="High">
   </cell>
   <cell col-end="3" col-start="3" row-end="1" row-start="1" text="1994">
   </cell>
   <cell col-end="4" col-start="4" row-end="1" row-start="1" text="0.10 × 0.10 mm
     
      2
     
     – 2.50 × 2.50 mm
     
      2">
   </cell>
  </row>
  <row row="2">
   <cell col-end="0" col-start="0" row-end="2" row-start="2" text="Windecker et al.">
   </cell>
   <cell col-end="1" col-start="1" row-end="2" row-start="2" text="Ronchi grating">
   </cell>
   <cell col-end="2" col-start="2" row-end="2" row-start="2" text="High">
   </cell>
   <cell col-end="3" col-start="3" row-end="2" row-start="2" text="1997">
   </cell>
   <cell col-end="4" col-start="4" row-end="2" row-start="2" text="1.40 × 1.00 mm
     
      2
     
     – 12.0 × 6.50 mm
     
      2">
   </cell>
  </row>
  <row row="3">
   <cell col-end="0" col-start="0" row-end="3" row-start="3" text="Proll et al">
   </cell>
   <cell col-end="1" col-start="1" row-end="3" row-start="3" text="LCD chip">
   </cell>
   <cell col-end="2" col-start="2" row-end="3" row-start="3" text="High">
   </cell>
   <cell col-end="3" col-start="3" row-end="3" row-start="3" text="2000">
   </cell>
   <cell col-end="4" col-start="4" row-end="3" row-start="3" text="1.40 × 1.00 mm
     
      2
     
     – 16.5 × 12.0 mm
     
      2">
   </cell>
  </row>
  <row row="4">
   <cell col-end="0" col-start="0" row-end="4" row-start="4" text="Zhang et al.">
   </cell>
   <cell col-end="1" col-start="1" row-end="4" row-start="4" text="DMD chip">
   </cell>
   <cell col-end="2" col-start="2" row-end="4" row-start="4" text="High">
   </cell>
   <cell col-end="3" col-start="3" row-end="4" row-start="4" text="2002">
   </cell>
   <cell col-end="4" col-start="4" row-end="4" row-start="4" text="1.20 × 0.90 mm
     
      2
     
     – 7.60 × 5.70 mm
     
      2">
   </cell>
  </row>
  <row row="5">
   <cell col-end="0" col-start="0" row-end="5" row-start="5" text="Proll et al.">
   </cell>
   <cell col-end="1" col-start="1" row-end="5" row-start="5" text="LCoS chip">
   </cell>
   <cell col-end="2" col-start="2" row-end="5" row-start="5" text="High">
   </cell>
   <cell col-end="3" col-start="3" row-end="5" row-start="5" text="2003">
   </cell>
   <cell col-end="4" col-start="4" row-end="5" row-start="5" text="0.83 × 0.62 mm
     
      2
     
     – 21.2 × 15.7 mm
     
      2">
   </cell>
  </row>
  <row row="6">
   <cell col-end="0" col-start="0" row-end="6" row-start="6" text="Li et al.">
   </cell>
   <cell col-end="1" col-start="1" row-end="6" row-start="6" text="LCoS projector">
   </cell>
   <cell col-end="2" col-start="2" row-end="6" row-start="6" text="Medium">
   </cell>
   <cell col-end="3" col-start="3" row-end="6" row-start="6" text="2013">
   </cell>
   <cell col-end="4" col-start="4" row-end="6" row-start="6" text="3.0 × 3.0 mm
     
      2
     
     (adjustable)">
   </cell>
  </row>
  <row row="7">
   <cell col-end="0" col-start="0" row-end="7" row-start="7" text="Chen et al.">
   </cell>
   <cell col-end="1" col-start="1" row-end="7" row-start="7" text="DLP projector*">
   </cell>
   <cell col-end="2" col-start="2" row-end="7" row-start="7" text="Medium">
   </cell>
   <cell col-end="3" col-start="3" row-end="7" row-start="7" text="2005">
   </cell>
   <cell col-end="4" col-start="4" row-end="7" row-start="7" text="Not given">
   </cell>
  </row>
  <row row="8">
   <cell col-end="0" col-start="0" row-end="8" row-start="8" text="Yu et al.">
   </cell>
   <cell col-end="1" col-start="1" row-end="8" row-start="8" text="LightCrafter**">
   </cell>
   <cell col-end="2" col-start="2" row-end="8" row-start="8" text="Medium">
   </cell>
   <cell col-end="3" col-start="3" row-end="8" row-start="8" text="2014">
   </cell>
   <cell col-end="4" col-start="4" row-end="8" row-start="8" text="5.0 × 5.0 mm
     
      2
     
     (adjustable)">
   </cell>
  </row>
  <row row="9">
   <cell col-end="0" col-start="0" row-end="9" row-start="9" text="Jeught et al.">
   </cell>
   <cell col-end="1" col-start="1" row-end="9" row-start="9" text="LightCrafter">
   </cell>
   <cell col-end="2" col-start="2" row-end="9" row-start="9" text="Low">
   </cell>
   <cell col-end="3" col-start="3" row-end="9" row-start="9" text="2015">
   </cell>
   <cell col-end="4" col-start="4" row-end="9" row-start="9" text="10.7 × 8.0 mm
     
      2
     
     (adjustable)">
   </cell>
  </row>
  <row row="10">
   <cell col-end="0" col-start="0" row-end="10" row-start="10" text="Hu et al.">
   </cell>
   <cell col-end="1" col-start="1" row-end="10" row-start="10" text="LightCrafter">
   </cell>
   <cell col-end="2" col-start="2" row-end="10" row-start="10" text="Low">
   </cell>
   <cell col-end="3" col-start="3" row-end="10" row-start="10" text="2017">
   </cell>
   <cell col-end="4" col-start="4" row-end="10" row-start="10" text="8.0 × 6.0 mm
     
      2
     
     (adjustable)">
   </cell>
  </row>
  <statements>
   <statement id="0" text="However, in their setups, the projector and the camera are not fixed on the microscope, which decreases the measurement flexibility when measuring samples at different heights." type="">
   </statement>
   <statement id="3" text="System complexity will be Low and High." type="">
   </statement>
   <statement id="4" text="The projection technique Light Crafter is same for Li et al, Chen et al, Yu et al, Jeught et al, Hu et al Authors." type="">
   </statement>
   <statement id="6" text="year of publication varies from 2000 to 2020." type="">
   </statement>
  </statements>
 </table>
 <table id="Table 3">
  <caption text="

   Calibration and measurement methods of MFPP systems.
  
">
  </caption>
  <row row="0">
   <cell col-end="0" col-start="0" row-end="0" row-start="0" text="Authors">
   </cell>
   <cell col-end="1" col-start="1" row-end="0" row-start="0" text="Optical basis">
   </cell>
   <cell col-end="2" col-start="2" row-end="0" row-start="0" text="Calibration method">
   </cell>
   <cell col-end="3" col-start="3" row-end="0" row-start="0" text="Measurement method">
   </cell>
   <cell col-end="4" col-start="4" row-end="0" row-start="0" text="Measured accuracy (FOV)">
   </cell>
   <cell col-end="5" col-start="5" row-end="0" row-start="0" text="Projection technique">
   </cell>
  </row>
  <row row="1">
   <cell col-end="0" col-start="0" row-end="1" row-start="1" text="Windecker et al.
     
      [49]">
   </cell>
   <cell col-end="1" col-start="1" row-end="1" row-start="1" text="Stereomicroscope">
   </cell>
   <cell col-end="2" col-start="2" row-end="1" row-start="1" text="Phase-height relation">
   </cell>
   <cell col-end="3" col-start="3" row-end="1" row-start="1" text="Two-grating phase-shifting">
   </cell>
   <cell col-end="4" col-start="4" row-end="1" row-start="1" text="2.5 μm rms
     
     (8 × 5 mm
     
      2
     
     )">
   </cell>
   <cell col-end="5" col-start="5" row-end="1" row-start="1" text="Ronchi grating">
   </cell>
  </row>
  <row row="2">
   <cell col-end="0" col-start="0" row-end="2" row-start="2" text="roll et al.
     
      [53]">
   </cell>
   <cell col-end="1" col-start="1" row-end="2" row-start="2" text="Stereomicroscope">
   </cell>
   <cell col-end="2" col-start="2" row-end="2" row-start="2" text="Phase-height relation">
   </cell>
   <cell col-end="3" col-start="3" row-end="2" row-start="2" text="4, 5, 8-step phase-shifting">
   </cell>
   <cell col-end="4" col-start="4" row-end="2" row-start="2" text="0.085 μm rms
     
     (1.04 × 0.77 mm
     
      2
     
     )">
   </cell>
   <cell col-end="5" col-start="5" row-end="2" row-start="2" text="LCoS chip">
   </cell>
  </row>
  <row row="3">
   <cell col-end="0" col-start="0" row-end="3" row-start="3" text="Proll et al.
     
      [71]">
   </cell>
   <cell col-end="1" col-start="1" row-end="3" row-start="3" text="Stereomicroscope">
   </cell>
   <cell col-end="2" col-start="2" row-end="3" row-start="3" text="Phase-height relation">
   </cell>
   <cell col-end="3" col-start="3" row-end="3" row-start="3" text="Gray-code+3-step phase-shifting">
   </cell>
   <cell col-end="4" col-start="4" row-end="3" row-start="3" text="Not given">
   </cell>
   <cell col-end="5" col-start="5" row-end="3" row-start="3" text="LCD chip">
   </cell>
  </row>
  <row row="4">
   <cell col-end="0" col-start="0" row-end="4" row-start="4" text="Zhang et al.
     
      [51]">
   </cell>
   <cell col-end="1" col-start="1" row-end="4" row-start="4" text="Stereomicroscope">
   </cell>
   <cell col-end="2" col-start="2" row-end="4" row-start="4" text="Phase-height relation">
   </cell>
   <cell col-end="3" col-start="3" row-end="4" row-start="4" text="3- step phase-shifting">
   </cell>
   <cell col-end="4" col-start="4" row-end="4" row-start="4" text="2.6 μm p-p variation
     
     (1.2 mm)">
   </cell>
   <cell col-end="5" col-start="5" row-end="4" row-start="4" text="DMD chip">
   </cell>
  </row>
  <row row="5">
   <cell col-end="0" col-start="0" row-end="5" row-start="5" text="Li et al.
     
      [52]">
   </cell>
   <cell col-end="1" col-start="1" row-end="5" row-start="5" text="Stereomicroscope">
   </cell>
   <cell col-end="2" col-start="2" row-end="5" row-start="5" text="Pinhole model">
   </cell>
   <cell col-end="3" col-start="3" row-end="5" row-start="5" text="Multi-frequency phase-shifting">
   </cell>
   <cell col-end="4" col-start="4" row-end="5" row-start="5" text="3.1 μm
     
     (3 × 3 mm
     
      2
     
     )">
   </cell>
   <cell col-end="5" col-start="5" row-end="5" row-start="5" text="LCoS projector">
   </cell>
  </row>
  <row row="6">
   <cell col-end="0" col-start="0" row-end="6" row-start="6" text="Chen et al.
     
      [72]">
   </cell>
   <cell col-end="1" col-start="1" row-end="6" row-start="6" text="Stereomicroscope">
   </cell>
   <cell col-end="2" col-start="2" row-end="6" row-start="6" text="Pinhole model">
   </cell>
   <cell col-end="3" col-start="3" row-end="6" row-start="6" text="Triangulation">
   </cell>
   <cell col-end="4" col-start="4" row-end="6" row-start="6" text="Below 1%
     
     (of full-scale)">
   </cell>
   <cell col-end="5" col-start="5" row-end="6" row-start="6" text="DLP projector">
   </cell>
  </row>
  <row row="7">
   <cell col-end="0" col-start="0" row-end="7" row-start="7" text="Yu et al.
     
      [75]">
   </cell>
   <cell col-end="1" col-start="1" row-end="7" row-start="7" text="Stereomicroscope">
   </cell>
   <cell col-end="2" col-start="2" row-end="7" row-start="7" text="Phase-height relation">
   </cell>
   <cell col-end="3" col-start="3" row-end="7" row-start="7" text="4-step phase-shifting">
   </cell>
   <cell col-end="4" col-start="4" row-end="7" row-start="7" text="Not given">
   </cell>
   <cell col-end="5" col-start="5" row-end="7" row-start="7" text="LightCrafter">
   </cell>
  </row>
  <row row="8">
   <cell col-end="0" col-start="0" row-end="8" row-start="8" text="Jeught et al.
     
      [76]">
   </cell>
   <cell col-end="1" col-start="1" row-end="8" row-start="8" text="Stereomicroscope">
   </cell>
   <cell col-end="2" col-start="2" row-end="8" row-start="8" text="Phase-height relation">
   </cell>
   <cell col-end="3" col-start="3" row-end="8" row-start="8" text="4-step phase-shifting">
   </cell>
   <cell col-end="4" col-start="4" row-end="8" row-start="8" text="17 μm isometric error
     
     (10.7 × 8.0 mm
     
      2
     
     )">
   </cell>
   <cell col-end="5" col-start="5" row-end="8" row-start="8" text="LightCrafter">
   </cell>
  </row>
  <row row="9">
   <cell col-end="0" col-start="0" row-end="9" row-start="9" text="Hu et al.
     
      [58]">
   </cell>
   <cell col-end="1" col-start="1" row-end="9" row-start="9" text="Stereomicroscope">
   </cell>
   <cell col-end="2" col-start="2" row-end="9" row-start="9" text="Phase-height relation">
   </cell>
   <cell col-end="3" col-start="3" row-end="9" row-start="9" text="Multi-frequency phase-shifting">
   </cell>
   <cell col-end="4" col-start="4" row-end="9" row-start="9" text="1.2 μm rms
     
     (3 × 3 mm
     
      2
     
     )">
   </cell>
   <cell col-end="5" col-start="5" row-end="9" row-start="9" text="LightCrafter">
   </cell>
  </row>
  <row row="10">
   <cell col-end="0" col-start="0" row-end="10" row-start="10" text="Quan et al.
     
      [50]">
   </cell>
   <cell col-end="1" col-start="1" row-end="10" row-start="10" text="LWD lenses">
   </cell>
   <cell col-end="2" col-start="2" row-end="10" row-start="10" text="Phase-height relation">
   </cell>
   <cell col-end="3" col-start="3" row-end="10" row-start="10" text="4-step phase-shifting">
   </cell>
   <cell col-end="4" col-start="4" row-end="10" row-start="10" text="2.5% discrepancy
     
     (2 × 1.5 mm
     
      2
     
     )">
   </cell>
   <cell col-end="5" col-start="5" row-end="10" row-start="10" text="LCD projector">
   </cell>
  </row>
  <row row="11">
   <cell col-end="0" col-start="0" row-end="11" row-start="11" text="Wang et al.
     
      [78]">
   </cell>
   <cell col-end="1" col-start="1" row-end="11" row-start="11" text="LWD lenses">
   </cell>
   <cell col-end="2" col-start="2" row-end="11" row-start="11" text="Phase-height relation">
   </cell>
   <cell col-end="3" col-start="3" row-end="11" row-start="11" text="4-step phase-shifting">
   </cell>
   <cell col-end="4" col-start="4" row-end="11" row-start="11" text="18 μm
     
     (768 × 576 pixel)">
   </cell>
   <cell col-end="5" col-start="5" row-end="11" row-start="11" text="LCD projector">
   </cell>
  </row>
  <row row="12">
   <cell col-end="0" col-start="0" row-end="12" row-start="12" text="Chen et al.
     
      [79]">
   </cell>
   <cell col-end="1" col-start="1" row-end="12" row-start="12" text="LWD lenses">
   </cell>
   <cell col-end="2" col-start="2" row-end="12" row-start="12" text="Phase-height relation">
   </cell>
   <cell col-end="3" col-start="3" row-end="12" row-start="12" text="5-step phase-shifting">
   </cell>
   <cell col-end="4" col-start="4" row-end="12" row-start="12" text="18.1 μm
     
     (Not given)">
   </cell>
   <cell col-end="5" col-start="5" row-end="12" row-start="12" text="DLP projector">
   </cell>
  </row>
  <row row="13">
   <cell col-end="0" col-start="0" row-end="13" row-start="13" text="Yin et al.
     
      [80]">
   </cell>
   <cell col-end="1" col-start="1" row-end="13" row-start="13" text="LWD lenses">
   </cell>
   <cell col-end="2" col-start="2" row-end="13" row-start="13" text="General imaging model">
   </cell>
   <cell col-end="3" col-start="3" row-end="13" row-start="13" text="Gray-code+16-step phase-shifting">
   </cell>
   <cell col-end="4" col-start="4" row-end="13" row-start="13" text="4 μm std
     
     (5.0 × 4.0 mm
     
      2
     
     )">
   </cell>
   <cell col-end="5" col-start="5" row-end="13" row-start="13" text="DLP projector">
   </cell>
  </row>
  <row row="14">
   <cell col-end="0" col-start="0" row-end="14" row-start="14" text="Li and Zhang
     
      [57]">
   </cell>
   <cell col-end="1" col-start="1" row-end="14" row-start="14" text="LWD lenses">
   </cell>
   <cell col-end="2" col-start="2" row-end="14" row-start="14" text="Pinhole+telecentric model">
   </cell>
   <cell col-end="3" col-start="3" row-end="14" row-start="14" text="Multi-frequency phase-shifting">
   </cell>
   <cell col-end="4" col-start="4" row-end="14" row-start="14" text="4.5 μm rms
     
     (10.0 × 8.0 mm
     
      2
     
     )">
   </cell>
   <cell col-end="5" col-start="5" row-end="14" row-start="14" text="LightCrafter">
   </cell>
  </row>
  <row row="15">
   <cell col-end="0" col-start="0" row-end="15" row-start="15" text="Li et al.
     
      [59]">
   </cell>
   <cell col-end="1" col-start="1" row-end="15" row-start="15" text="LWD lenses">
   </cell>
   <cell col-end="2" col-start="2" row-end="15" row-start="15" text="Telecentric model">
   </cell>
   <cell col-end="3" col-start="3" row-end="15" row-start="15" text="Multi-frequency phase-shifting">
   </cell>
   <cell col-end="4" col-start="4" row-end="15" row-start="15" text="5 μm std
     
     (30.0 × 20.0 mm
     
      2
     
     )">
   </cell>
   <cell col-end="5" col-start="5" row-end="15" row-start="15" text="DLP projector">
   </cell>
  </row>
  <row row="16">
   <cell col-end="0" col-start="0" row-end="16" row-start="16" text="Liu et al.
     
      [81]
     
     ,">
   </cell>
   <cell col-end="1" col-start="1" row-end="16" row-start="16" text="LWD lenses">
   </cell>
   <cell col-end="2" col-start="2" row-end="16" row-start="16" text="Telecentric model">
   </cell>
   <cell col-end="3" col-start="3" row-end="16" row-start="16" text="Gray-code">
   </cell>
   <cell col-end="4" col-start="4" row-end="16" row-start="16" text="10 μm rms
     
     (34.6 × 29.0 mm
     
      2
     
     )">
   </cell>
   <cell col-end="5" col-start="5" row-end="16" row-start="16" text="LCD projector">
   </cell>
  </row>
  <row row="17">
   <cell col-end="0" col-start="0" row-end="17" row-start="17" text="Peng et al.
     
      [42]">
   </cell>
   <cell col-end="1" col-start="1" row-end="17" row-start="17" text="LWD lenses">
   </cell>
   <cell col-end="2" col-start="2" row-end="17" row-start="17" text="Scheimpflug telecentric model">
   </cell>
   <cell col-end="3" col-start="3" row-end="17" row-start="17" text="Gray-code+4-step phase-shifting">
   </cell>
   <cell col-end="4" col-start="4" row-end="17" row-start="17" text="2 μm max
     
     (1280 × 1024 pixel)">
   </cell>
   <cell col-end="5" col-start="5" row-end="17" row-start="17" text="DMD chip">
   </cell>
  </row>
  <row row="18">
   <cell col-end="0" col-start="0" row-end="18" row-start="18" text="Wang et al.
     
      [82]">
   </cell>
   <cell col-end="1" col-start="1" row-end="18" row-start="18" text="LWD lenses">
   </cell>
   <cell col-end="2" col-start="2" row-end="18" row-start="18" text="General imaging model">
   </cell>
   <cell col-end="3" col-start="3" row-end="18" row-start="18" text="Not given">
   </cell>
   <cell col-end="4" col-start="4" row-end="18" row-start="18" text="0.6 μm std
     
     (1280 × 1024 pixel)">
   </cell>
   <cell col-end="5" col-start="5" row-end="18" row-start="18" text="DMD chip">
   </cell>
  </row>
  <row row="19">
   <cell col-end="0" col-start="0" row-end="19" row-start="19" text="Hu et al.
     
      [56]">
   </cell>
   <cell col-end="1" col-start="1" row-end="19" row-start="19" text="LWD lenses">
   </cell>
   <cell col-end="2" col-start="2" row-end="19" row-start="19" text="Telecentric model">
   </cell>
   <cell col-end="3" col-start="3" row-end="19" row-start="19" text="Multi-frequency phase-shifting">
   </cell>
   <cell col-end="4" col-start="4" row-end="19" row-start="19" text="1.4 μm std
     
     (10.0 × 7.0 mm
     
      2
     
     )">
   </cell>
   <cell col-end="5" col-start="5" row-end="19" row-start="19" text="LightCrafter">
   </cell>
  </row>
  <statements>
   <statement id="0" text="Besides, the criteria for the measurement error in these works are different." type="">
   </statement>
   <statement id="1" text="Here we summarized the calibration and measurement methods of MFPP systems as well as the accuracy and FOV that are provided in these papers, as listed in Table 3 ." type="">
   </statement>
   <statement id="2" text="Ronchi grating is the unique projection technique used by Windecker et al." type="">
   </statement>
   <statement id="3" text="The Optical basis is differentiated into three types." type="">
   </statement>
   <statement id="4" text="The Optical basis is differentiated into two types - Stereomicroscope and LWD lenses." type="">
   </statement>
   <statement id="5" text="The projection technique which is used more by different authors is DLP projector." type="">
   </statement>
  </statements>
 </table>
 <table id="Table 4">
  <caption text="

   Comparison among DMD, LCD, and LCOS projectors.
  
">
  </caption>
  <row row="0">
   <cell col-end="0" col-start="0" row-end="0" row-start="0" text="Item">
   </cell>
   <cell col-end="1" col-start="1" row-end="0" row-start="0" text="DMD">
   </cell>
   <cell col-end="2" col-start="2" row-end="0" row-start="0" text="LCD">
   </cell>
   <cell col-end="3" col-start="3" row-end="0" row-start="0" text="LCoS">
   </cell>
  </row>
  <row row="1">
   <cell col-end="0" col-start="0" row-end="1" row-start="1" text="Brightness">
   </cell>
   <cell col-end="1" col-start="1" row-end="1" row-start="1" text="✓✓✓">
   </cell>
   <cell col-end="2" col-start="2" row-end="1" row-start="1" text="✓✓">
   </cell>
   <cell col-end="3" col-start="3" row-end="1" row-start="1" text="✓✓">
   </cell>
  </row>
  <row row="2">
   <cell col-end="0" col-start="0" row-end="2" row-start="2" text="Black level">
   </cell>
   <cell col-end="1" col-start="1" row-end="2" row-start="2" text="✓✓✓">
   </cell>
   <cell col-end="2" col-start="2" row-end="2" row-start="2" text="✓✓">
   </cell>
   <cell col-end="3" col-start="3" row-end="2" row-start="2" text="✓✓✓">
   </cell>
  </row>
  <row row="3">
   <cell col-end="0" col-start="0" row-end="3" row-start="3" text="Contrast ratio">
   </cell>
   <cell col-end="1" col-start="1" row-end="3" row-start="3" text="✓✓">
   </cell>
   <cell col-end="2" col-start="2" row-end="3" row-start="3" text="✓✓">
   </cell>
   <cell col-end="3" col-start="3" row-end="3" row-start="3" text="✓✓✓">
   </cell>
  </row>
  <row row="4">
   <cell col-end="0" col-start="0" row-end="4" row-start="4" text="Speed">
   </cell>
   <cell col-end="1" col-start="1" row-end="4" row-start="4" text="✓✓✓">
   </cell>
   <cell col-end="2" col-start="2" row-end="4" row-start="4" text="✓">
   </cell>
   <cell col-end="3" col-start="3" row-end="4" row-start="4" text="✓">
   </cell>
  </row>
  <row row="5">
   <cell col-end="0" col-start="0" row-end="5" row-start="5" text="Dimensions">
   </cell>
   <cell col-end="1" col-start="1" row-end="5" row-start="5" text="✓✓✓">
   </cell>
   <cell col-end="2" col-start="2" row-end="5" row-start="5" text="✓✓">
   </cell>
   <cell col-end="3" col-start="3" row-end="5" row-start="5" text="✓">
   </cell>
  </row>
  <row row="6">
   <cell col-end="0" col-start="0" row-end="6" row-start="6" text="Cost">
   </cell>
   <cell col-end="1" col-start="1" row-end="6" row-start="6" text="✓✓✓">
   </cell>
   <cell col-end="2" col-start="2" row-end="6" row-start="6" text="✓✓">
   </cell>
   <cell col-end="3" col-start="3" row-end="6" row-start="6" text="✓">
   </cell>
  </row>
  <row row="7">
   <cell col-end="0" col-start="0" row-end="7" row-start="7" text="Color accuracy">
   </cell>
   <cell col-end="1" col-start="1" row-end="7" row-start="7" text="✓✓✓">
   </cell>
   <cell col-end="2" col-start="2" row-end="7" row-start="7" text="✓✓">
   </cell>
   <cell col-end="3" col-start="3" row-end="7" row-start="7" text="✓✓">
   </cell>
  </row>
  <statements>
   <statement id="1" text="Other performance comparisons, such as dimensions, cost, and color accuracy, are also listed in Table 4 ." type="">
   </statement>
   <statement id="2" text="Speed for DMD Projector is unique." type="">
   </statement>
   <statement id="3" text="There are three types of projectors such as DMD, LCD, LCoS" type="">
   </statement>
  </statements>
 </table>
</document>