<document>
 <table id="Table 2">
  <caption text="

   concentration of
   
    R
   
   and
   
    S
   
   amphetamine in seized tablets (mg/g).
  
">
  </caption>
  <row row="0">
   <cell col-end="0" col-start="0" row-end="0" row-start="0" text="">
   </cell>
   <cell col-end="1" col-start="1" row-end="0" row-start="0" text="Tablet weight (mg)">
   </cell>
   <cell col-end="2" col-start="2" row-end="0" row-start="0" text="Concentration of
     
      R
     
     -amphetamine (mg/g)">
   </cell>
   <cell col-end="3" col-start="3" row-end="0" row-start="0" text="RSD (%)">
   </cell>
   <cell col-end="4" col-start="4" row-end="0" row-start="0" text="Concentration of
     
      S
     
     -amphetamine (mg/g)">
   </cell>
   <cell col-end="5" col-start="5" row-end="0" row-start="0" text="RSD (%)">
   </cell>
   <cell col-end="6" col-start="6" row-end="0" row-start="0" text="Total amphetamine (mg/g)">
   </cell>
   <cell col-end="7" col-start="7" row-end="0" row-start="0" text="ee%">
   </cell>
  </row>
  <row row="1">
   <cell col-end="0" col-start="0" row-end="1" row-start="1" text="1">
   </cell>
   <cell col-end="1" col-start="1" row-end="1" row-start="1" text="150.77">
   </cell>
   <cell col-end="2" col-start="2" row-end="1" row-start="1" text="35.26">
   </cell>
   <cell col-end="3" col-start="3" row-end="1" row-start="1" text="3.64">
   </cell>
   <cell col-end="4" col-start="4" row-end="1" row-start="1" text="38.36">
   </cell>
   <cell col-end="5" col-start="5" row-end="1" row-start="1" text="3.87">
   </cell>
   <cell col-end="6" col-start="6" row-end="1" row-start="1" text="73.62">
   </cell>
   <cell col-end="7" col-start="7" row-end="1" row-start="1" text="4.21">
   </cell>
  </row>
  <row row="2">
   <cell col-end="0" col-start="0" row-end="2" row-start="2" text="2">
   </cell>
   <cell col-end="1" col-start="1" row-end="2" row-start="2" text="168.67">
   </cell>
   <cell col-end="2" col-start="2" row-end="2" row-start="2" text="47.82">
   </cell>
   <cell col-end="3" col-start="3" row-end="2" row-start="2" text="3.81">
   </cell>
   <cell col-end="4" col-start="4" row-end="2" row-start="2" text="48.40">
   </cell>
   <cell col-end="5" col-start="5" row-end="2" row-start="2" text="2.48">
   </cell>
   <cell col-end="6" col-start="6" row-end="2" row-start="2" text="96.22">
   </cell>
   <cell col-end="7" col-start="7" row-end="2" row-start="2" text="0.60">
   </cell>
  </row>
  <row row="3">
   <cell col-end="0" col-start="0" row-end="3" row-start="3" text="3">
   </cell>
   <cell col-end="1" col-start="1" row-end="3" row-start="3" text="168.82">
   </cell>
   <cell col-end="2" col-start="2" row-end="3" row-start="3" text="44.54">
   </cell>
   <cell col-end="3" col-start="3" row-end="3" row-start="3" text="2.37">
   </cell>
   <cell col-end="4" col-start="4" row-end="3" row-start="3" text="47.78">
   </cell>
   <cell col-end="5" col-start="5" row-end="3" row-start="3" text="3.25">
   </cell>
   <cell col-end="6" col-start="6" row-end="3" row-start="3" text="92.32">
   </cell>
   <cell col-end="7" col-start="7" row-end="3" row-start="3" text="3.51">
   </cell>
  </row>
  <row row="4">
   <cell col-end="0" col-start="0" row-end="4" row-start="4" text="4">
   </cell>
   <cell col-end="1" col-start="1" row-end="4" row-start="4" text="165.55">
   </cell>
   <cell col-end="2" col-start="2" row-end="4" row-start="4" text="30.82">
   </cell>
   <cell col-end="3" col-start="3" row-end="4" row-start="4" text="3.43">
   </cell>
   <cell col-end="4" col-start="4" row-end="4" row-start="4" text="31.62">
   </cell>
   <cell col-end="5" col-start="5" row-end="4" row-start="4" text="1.75">
   </cell>
   <cell col-end="6" col-start="6" row-end="4" row-start="4" text="62.44">
   </cell>
   <cell col-end="7" col-start="7" row-end="4" row-start="4" text="1.28">
   </cell>
  </row>
  <row row="5">
   <cell col-end="0" col-start="0" row-end="5" row-start="5" text="5">
   </cell>
   <cell col-end="1" col-start="1" row-end="5" row-start="5" text="176.65">
   </cell>
   <cell col-end="2" col-start="2" row-end="5" row-start="5" text="29.00">
   </cell>
   <cell col-end="3" col-start="3" row-end="5" row-start="5" text="2.07">
   </cell>
   <cell col-end="4" col-start="4" row-end="5" row-start="5" text="29.78">
   </cell>
   <cell col-end="5" col-start="5" row-end="5" row-start="5" text="3.57">
   </cell>
   <cell col-end="6" col-start="6" row-end="5" row-start="5" text="58.78">
   </cell>
   <cell col-end="7" col-start="7" row-end="5" row-start="5" text="1.33">
   </cell>
  </row>
  <row row="6">
   <cell col-end="0" col-start="0" row-end="6" row-start="6" text="6">
   </cell>
   <cell col-end="1" col-start="1" row-end="6" row-start="6" text="169.18">
   </cell>
   <cell col-end="2" col-start="2" row-end="6" row-start="6" text="17.94">
   </cell>
   <cell col-end="3" col-start="3" row-end="6" row-start="6" text="3.69">
   </cell>
   <cell col-end="4" col-start="4" row-end="6" row-start="6" text="18.5">
   </cell>
   <cell col-end="5" col-start="5" row-end="6" row-start="6" text="3.20">
   </cell>
   <cell col-end="6" col-start="6" row-end="6" row-start="6" text="36.44">
   </cell>
   <cell col-end="7" col-start="7" row-end="6" row-start="6" text="1.54">
   </cell>
  </row>
  <row row="7">
   <cell col-end="0" col-start="0" row-end="7" row-start="7" text="7">
   </cell>
   <cell col-end="1" col-start="1" row-end="7" row-start="7" text="147.95">
   </cell>
   <cell col-end="2" col-start="2" row-end="7" row-start="7" text="36.70">
   </cell>
   <cell col-end="3" col-start="3" row-end="7" row-start="7" text="3.18">
   </cell>
   <cell col-end="4" col-start="4" row-end="7" row-start="7" text="40.44">
   </cell>
   <cell col-end="5" col-start="5" row-end="7" row-start="7" text="2.48">
   </cell>
   <cell col-end="6" col-start="6" row-end="7" row-start="7" text="77.14">
   </cell>
   <cell col-end="7" col-start="7" row-end="7" row-start="7" text="4.85">
   </cell>
  </row>
  <row row="8">
   <cell col-end="0" col-start="0" row-end="8" row-start="8" text="8">
   </cell>
   <cell col-end="1" col-start="1" row-end="8" row-start="8" text="168.70">
   </cell>
   <cell col-end="2" col-start="2" row-end="8" row-start="8" text="19.02">
   </cell>
   <cell col-end="3" col-start="3" row-end="8" row-start="8" text="2.63">
   </cell>
   <cell col-end="4" col-start="4" row-end="8" row-start="8" text="19.86">
   </cell>
   <cell col-end="5" col-start="5" row-end="8" row-start="8" text="2.44">
   </cell>
   <cell col-end="6" col-start="6" row-end="8" row-start="8" text="38.88">
   </cell>
   <cell col-end="7" col-start="7" row-end="8" row-start="8" text="2.16">
   </cell>
  </row>
  <row row="9">
   <cell col-end="0" col-start="0" row-end="9" row-start="9" text="9">
   </cell>
   <cell col-end="1" col-start="1" row-end="9" row-start="9" text="169.03">
   </cell>
   <cell col-end="2" col-start="2" row-end="9" row-start="9" text="20.26">
   </cell>
   <cell col-end="3" col-start="3" row-end="9" row-start="9" text="3.51">
   </cell>
   <cell col-end="4" col-start="4" row-end="9" row-start="9" text="21.10">
   </cell>
   <cell col-end="5" col-start="5" row-end="9" row-start="9" text="3.77">
   </cell>
   <cell col-end="6" col-start="6" row-end="9" row-start="9" text="41.36">
   </cell>
   <cell col-end="7" col-start="7" row-end="9" row-start="9" text="2.03">
   </cell>
  </row>
  <row row="10">
   <cell col-end="0" col-start="0" row-end="10" row-start="10" text="10">
   </cell>
   <cell col-end="1" col-start="1" row-end="10" row-start="10" text="166.75">
   </cell>
   <cell col-end="2" col-start="2" row-end="10" row-start="10" text="37.16">
   </cell>
   <cell col-end="3" col-start="3" row-end="10" row-start="10" text="2.96">
   </cell>
   <cell col-end="4" col-start="4" row-end="10" row-start="10" text="45.16">
   </cell>
   <cell col-end="5" col-start="5" row-end="10" row-start="10" text="2.11">
   </cell>
   <cell col-end="6" col-start="6" row-end="10" row-start="10" text="82.32">
   </cell>
   <cell col-end="7" col-start="7" row-end="10" row-start="10" text="9.72">
   </cell>
  </row>
  <row row="11">
   <cell col-end="0" col-start="0" row-end="11" row-start="11" text="11">
   </cell>
   <cell col-end="1" col-start="1" row-end="11" row-start="11" text="177.45">
   </cell>
   <cell col-end="2" col-start="2" row-end="11" row-start="11" text="19.12">
   </cell>
   <cell col-end="3" col-start="3" row-end="11" row-start="11" text="2.18">
   </cell>
   <cell col-end="4" col-start="4" row-end="11" row-start="11" text="20.26">
   </cell>
   <cell col-end="5" col-start="5" row-end="11" row-start="11" text="3.35">
   </cell>
   <cell col-end="6" col-start="6" row-end="11" row-start="11" text="39.38">
   </cell>
   <cell col-end="7" col-start="7" row-end="11" row-start="11" text="2.89">
   </cell>
  </row>
  <row row="12">
   <cell col-end="0" col-start="0" row-end="12" row-start="12" text="12">
   </cell>
   <cell col-end="1" col-start="1" row-end="12" row-start="12" text="166.06">
   </cell>
   <cell col-end="2" col-start="2" row-end="12" row-start="12" text="44.68">
   </cell>
   <cell col-end="3" col-start="3" row-end="12" row-start="12" text="1.6">
   </cell>
   <cell col-end="4" col-start="4" row-end="12" row-start="12" text="49.66">
   </cell>
   <cell col-end="5" col-start="5" row-end="12" row-start="12" text="3.39">
   </cell>
   <cell col-end="6" col-start="6" row-end="12" row-start="12" text="94.34">
   </cell>
   <cell col-end="7" col-start="7" row-end="12" row-start="12" text="5.28">
   </cell>
  </row>
  <statements>
   <statement id="0" text="In order to differentiate the investigated seized tablets, it is important to evaluate the ratio between the two amphetamine enantiomers by calculating the enantiomeric excess ee% using the following formula: ee % = S - - R / S + R where [ S ] and [ R ] are the concentrations of amphetamine eutomer S and distomer R , respectively." type="">
   </statement>
   <statement id="1" text="The calculated ee% values are all positive in the range 0.609.72%." type="">
   </statement>
   <statement id="2" text="The Highest Concentration of R -amphetamine (mg/g) is 47.82." type="">
   </statement>
   <statement id="3" text="The Highest Concentration of R -amphetamine (mg/g) is19.22." type="">
   </statement>
   <statement id="5" text="The Highest Tablet weight (mg ) is 177.45." type="">
   </statement>
   <statement id="6" text="The Lowest Concentration of S -amphetamine (mg/g) is 18.5." type="">
   </statement>
   <statement id="7" text="The Lowest Concentration of S -amphetamine (mg/g) is 49.66." type="">
   </statement>
   <statement id="8" text="The Lowest ee% is 9.72." type="">
   </statement>
   <statement id="9" text="The Total amphetamine (mg/g) ranges from 36.44 - 96.22." type="">
   </statement>
   <statement id="10" text="The values obtained for ee% are reported in Table 2 ." type="">
   </statement>
  </statements>
 </table>
</document>