<document>
 <table id="Table 5">
  <caption text="

   Setting time of cement pastes determined using the Vicat needle and critical point (C2).
  
">
  </caption>
  <row row="0">
   <cell col-end="0" col-start="0" row-end="0" row-start="0" text="Sample name">
   </cell>
   <cell col-end="1" col-start="1" row-end="0" row-start="0" text="Initial setting time (hour)">
   </cell>
   <cell col-end="2" col-start="2" row-end="0" row-start="0" text="Finial setting time (hour)">
   </cell>
   <cell col-end="3" col-start="3" row-end="0" row-start="0" text="Point (C2) time
     
     (hour)">
   </cell>
  </row>
  <row row="1">
   <cell col-end="0" col-start="0" row-end="1" row-start="1" text="32.5p0.3">
   </cell>
   <cell col-end="1" col-start="1" row-end="1" row-start="1" text="3.97">
   </cell>
   <cell col-end="2" col-start="2" row-end="1" row-start="1" text="5.31">
   </cell>
   <cell col-end="3" col-start="3" row-end="1" row-start="1" text="5.50">
   </cell>
  </row>
  <row row="2">
   <cell col-end="0" col-start="0" row-end="2" row-start="2" text="42.5p0.3">
   </cell>
   <cell col-end="1" col-start="1" row-end="2" row-start="2" text="4.50">
   </cell>
   <cell col-end="2" col-start="2" row-end="2" row-start="2" text="5.90">
   </cell>
   <cell col-end="3" col-start="3" row-end="2" row-start="2" text="6.60">
   </cell>
  </row>
  <row row="3">
   <cell col-end="0" col-start="0" row-end="3" row-start="3" text="52.5p0.3">
   </cell>
   <cell col-end="1" col-start="1" row-end="3" row-start="3" text="5">
   </cell>
   <cell col-end="2" col-start="2" row-end="3" row-start="3" text="6">
   </cell>
   <cell col-end="3" col-start="3" row-end="3" row-start="3" text="6.90">
   </cell>
  </row>
  <statements>
   <statement id="1" text="The sample 32.5p0.3 have lowest Point (C2) time (hour) of 5.50." type="">
   </statement>
   <statement id="2" text="The sample 52.5p0.3 have lowest Finial setting time (hour) of 7." type="">
   </statement>
   <statement id="6" text="There are three Sample names." type="">
   </statement>
  </statements>
 </table>
 <table id="Table 1">
  <caption text="

   Chemical compositions of the Portland cements wt%.
  
">
  </caption>
  <row row="0">
   <cell col-end="0" col-start="0" row-end="0" row-start="0" text="Composition">
   </cell>
   <cell col-end="1" col-start="1" row-end="0" row-start="0" text="CaO">
   </cell>
   <cell col-end="2" col-start="2" row-end="0" row-start="0" text="SiO
     
      2">
   </cell>
   <cell col-end="3" col-start="3" row-end="0" row-start="0" text="Al
     
      2
     
     O
     
      3">
   </cell>
   <cell col-end="4" col-start="4" row-end="0" row-start="0" text="Fe
     
      2
     
     O
     
      3">
   </cell>
   <cell col-end="5" col-start="5" row-end="0" row-start="0" text="MnO">
   </cell>
   <cell col-end="6" col-start="6" row-end="0" row-start="0" text="SO
     
      3">
   </cell>
   <cell col-end="7" col-start="7" row-end="0" row-start="0" text="K
     
      2
     
     O">
   </cell>
  </row>
  <row row="1">
   <cell col-end="0" col-start="0" row-end="1" row-start="1" text="Cement (32.5)">
   </cell>
   <cell col-end="1" col-start="1" row-end="1" row-start="1" text="59.53">
   </cell>
   <cell col-end="2" col-start="2" row-end="1" row-start="1" text="24.27">
   </cell>
   <cell col-end="3" col-start="3" row-end="1" row-start="1" text="7.55">
   </cell>
   <cell col-end="4" col-start="4" row-end="1" row-start="1" text="2.76">
   </cell>
   <cell col-end="5" col-start="5" row-end="1" row-start="1" text="0.28">
   </cell>
   <cell col-end="6" col-start="6" row-end="1" row-start="1" text="4.66">
   </cell>
   <cell col-end="7" col-start="7" row-end="1" row-start="1" text="0.95">
   </cell>
  </row>
  <row row="2">
   <cell col-end="0" col-start="0" row-end="2" row-start="2" text="Cement (42.5)">
   </cell>
   <cell col-end="1" col-start="1" row-end="2" row-start="2" text="62.84">
   </cell>
   <cell col-end="2" col-start="2" row-end="2" row-start="2" text="22.76">
   </cell>
   <cell col-end="3" col-start="3" row-end="2" row-start="2" text="5.00">
   </cell>
   <cell col-end="4" col-start="4" row-end="2" row-start="2" text="3.08">
   </cell>
   <cell col-end="5" col-start="5" row-end="2" row-start="2" text="0.28">
   </cell>
   <cell col-end="6" col-start="6" row-end="2" row-start="2" text="5.38">
   </cell>
   <cell col-end="7" col-start="7" row-end="2" row-start="2" text="0.67">
   </cell>
  </row>
  <row row="3">
   <cell col-end="0" col-start="0" row-end="3" row-start="3" text="Cement (52.5)">
   </cell>
   <cell col-end="1" col-start="1" row-end="3" row-start="3" text="62.65">
   </cell>
   <cell col-end="2" col-start="2" row-end="3" row-start="3" text="22.71">
   </cell>
   <cell col-end="3" col-start="3" row-end="3" row-start="3" text="5.73">
   </cell>
   <cell col-end="4" col-start="4" row-end="3" row-start="3" text="3.05">
   </cell>
   <cell col-end="5" col-start="5" row-end="3" row-start="3" text="0.12">
   </cell>
   <cell col-end="6" col-start="6" row-end="3" row-start="3" text="4.72">
   </cell>
   <cell col-end="7" col-start="7" row-end="3" row-start="3" text="1.01">
   </cell>
  </row>
  <statements>
   <statement id="1" text="Cement (52.5) Composition for SiO 2 is 22.71." type="">
   </statement>
   <statement id="5" text="K 2 O 0.95 Composition is Cement (32.5)." type="">
   </statement>
  </statements>
 </table>
 <table id="Table 2">
  <caption text="

   Physical and mechanical properties of the cements (ISO679:1989).
  
">
  </caption>
  <row row="0">
   <cell col-end="0" col-start="0" row-end="1" row-start="0" text="Cement class">
   </cell>
   <cell col-end="1" col-start="1" row-end="1" row-start="0" text="Normal consistency (%)">
   </cell>
   <cell col-end="2" col-start="2" row-end="1" row-start="0" text="Fineness percentage retrain
     
     (%)">
   </cell>
   <cell col-end="4" col-start="3" row-end="0" row-start="0" text="Setting time (Hour)">
   </cell>
   <cell col-end="6" col-start="5" row-end="0" row-start="0" text="Flexural strength (MPa)">
   </cell>
   <cell col-end="8" col-start="7" row-end="0" row-start="0" text="Compressive strength (MPa)">
   </cell>
  </row>
  <row row="1">
   <cell col-end="3" col-start="3" row-end="1" row-start="1" text="Initial">
   </cell>
   <cell col-end="4" col-start="4" row-end="1" row-start="1" text="Final">
   </cell>
   <cell col-end="5" col-start="5" row-end="1" row-start="1" text="3(d)">
   </cell>
   <cell col-end="6" col-start="6" row-end="1" row-start="1" text="28(d)">
   </cell>
   <cell col-end="7" col-start="7" row-end="1" row-start="1" text="3(d)">
   </cell>
   <cell col-end="8" col-start="8" row-end="1" row-start="1" text="28(d)">
   </cell>
  </row>
  <row row="2">
   <cell col-end="0" col-start="0" row-end="2" row-start="2" text="32.5">
   </cell>
   <cell col-end="1" col-start="1" row-end="2" row-start="2" text="28">
   </cell>
   <cell col-end="2" col-start="2" row-end="2" row-start="2" text="3.6">
   </cell>
   <cell col-end="3" col-start="3" row-end="2" row-start="2" text="3.72">
   </cell>
   <cell col-end="4" col-start="4" row-end="2" row-start="2" text="4.72">
   </cell>
   <cell col-end="5" col-start="5" row-end="2" row-start="2" text="4.80">
   </cell>
   <cell col-end="6" col-start="6" row-end="2" row-start="2" text="7.00">
   </cell>
   <cell col-end="7" col-start="7" row-end="2" row-start="2" text="21.50">
   </cell>
   <cell col-end="8" col-start="8" row-end="2" row-start="2" text="36.70">
   </cell>
  </row>
  <row row="3">
   <cell col-end="0" col-start="0" row-end="3" row-start="3" text="42.5">
   </cell>
   <cell col-end="1" col-start="1" row-end="3" row-start="3" text="28">
   </cell>
   <cell col-end="2" col-start="2" row-end="3" row-start="3" text="2.8">
   </cell>
   <cell col-end="3" col-start="3" row-end="3" row-start="3" text="3.93">
   </cell>
   <cell col-end="4" col-start="4" row-end="3" row-start="3" text="4.93">
   </cell>
   <cell col-end="5" col-start="5" row-end="3" row-start="3" text="5.20">
   </cell>
   <cell col-end="6" col-start="6" row-end="3" row-start="3" text="8.40">
   </cell>
   <cell col-end="7" col-start="7" row-end="3" row-start="3" text="24.50">
   </cell>
   <cell col-end="8" col-start="8" row-end="3" row-start="3" text="47.58">
   </cell>
  </row>
  <row row="4">
   <cell col-end="0" col-start="0" row-end="4" row-start="4" text="52.5">
   </cell>
   <cell col-end="1" col-start="1" row-end="4" row-start="4" text="28">
   </cell>
   <cell col-end="2" col-start="2" row-end="4" row-start="4" text="0.2">
   </cell>
   <cell col-end="3" col-start="3" row-end="4" row-start="4" text="4.39">
   </cell>
   <cell col-end="4" col-start="4" row-end="4" row-start="4" text="5.41">
   </cell>
   <cell col-end="5" col-start="5" row-end="4" row-start="4" text="5.50">
   </cell>
   <cell col-end="6" col-start="6" row-end="4" row-start="4" text="8.70">
   </cell>
   <cell col-end="7" col-start="7" row-end="4" row-start="4" text="30.40">
   </cell>
   <cell col-end="8" col-start="8" row-end="4" row-start="4" text="61.60">
   </cell>
  </row>
  <statements>
   <statement id="6" text="The lowest Fineness percentage retrain (%) is 3.72." type="">
   </statement>
  </statements>
 </table>
 <table id="Table 3">
  <caption text="

   Total heat and optimal parameters.
  
">
  </caption>
  <row row="0">
   <cell col-end="0" col-start="0" row-end="0" row-start="0" text="Cement grade">
   </cell>
   <cell col-end="1" col-start="1" row-end="0" row-start="0" text="Q
     
      (max)
     
     (J/g)">
   </cell>
   <cell col-end="2" col-start="2" row-end="0" row-start="0" text="T">
   </cell>
   <cell col-end="3" col-start="3" row-end="0" row-start="0" text="ß">
   </cell>
   <cell col-end="4" col-start="4" row-end="0" row-start="0" text="R
     
      2">
   </cell>
  </row>
  <row row="1">
   <cell col-end="0" col-start="0" row-end="1" row-start="1" text="Cement (32.5)">
   </cell>
   <cell col-end="1" col-start="1" row-end="1" row-start="1" text="372.9">
   </cell>
   <cell col-end="2" col-start="2" row-end="1" row-start="1" text="25.83">
   </cell>
   <cell col-end="3" col-start="3" row-end="1" row-start="1" text="0.649">
   </cell>
   <cell col-end="4" col-start="4" row-end="1" row-start="1" text="0.99">
   </cell>
  </row>
  <row row="2">
   <cell col-end="0" col-start="0" row-end="2" row-start="2" text="Cement (42.5)">
   </cell>
   <cell col-end="1" col-start="1" row-end="2" row-start="2" text="352.7">
   </cell>
   <cell col-end="2" col-start="2" row-end="2" row-start="2" text="22.44">
   </cell>
   <cell col-end="3" col-start="3" row-end="2" row-start="2" text="0.78">
   </cell>
   <cell col-end="4" col-start="4" row-end="2" row-start="2" text="0.99">
   </cell>
  </row>
  <row row="3">
   <cell col-end="0" col-start="0" row-end="3" row-start="3" text="Cement (52.5)">
   </cell>
   <cell col-end="1" col-start="1" row-end="3" row-start="3" text="323.6">
   </cell>
   <cell col-end="2" col-start="2" row-end="3" row-start="3" text="12.62">
   </cell>
   <cell col-end="3" col-start="3" row-end="3" row-start="3" text="1.067">
   </cell>
   <cell col-end="4" col-start="4" row-end="3" row-start="3" text="0.99">
   </cell>
  </row>
  <statements>
   <statement id="0" text="All the values in the given table consist of positive values." type="">
   </statement>
   <statement id="1" text="Table 3 lists the values for the three cement pastes after the curve fitting." type="">
   </statement>
   <statement id="2" text="The highest  value is 0.649." type="">
   </statement>
   <statement id="3" text="The highest T value is 25.83 of Cement (32.5)." type="">
   </statement>
   <statement id="4" text="The lowest  value is 0.649." type="">
   </statement>
   <statement id="5" text="The lowest T value is 25.83 of Cement (32.5)." type="">
   </statement>
   <statement id="6" text="The R 2 value for all the cement grade is same." type="">
   </statement>
  </statements>
 </table>
 <table id="Table 4">
  <caption text="

   Compressive strength of cement pastes at 3, 7, and 28 d.
  
">
  </caption>
  <row row="0">
   <cell col-end="0" col-start="0" row-end="0" row-start="0" text="Sample name">
   </cell>
   <cell col-end="1" col-start="1" row-end="0" row-start="0" text="3 day (MPa)">
   </cell>
   <cell col-end="2" col-start="2" row-end="0" row-start="0" text="7 day (MPa)">
   </cell>
   <cell col-end="3" col-start="3" row-end="0" row-start="0" text="28 day (MPa)">
   </cell>
  </row>
  <row row="1">
   <cell col-end="0" col-start="0" row-end="1" row-start="1" text="32.5p0.3">
   </cell>
   <cell col-end="1" col-start="1" row-end="1" row-start="1" text="44.20">
   </cell>
   <cell col-end="2" col-start="2" row-end="1" row-start="1" text="55.00">
   </cell>
   <cell col-end="3" col-start="3" row-end="1" row-start="1" text="66.80">
   </cell>
  </row>
  <row row="2">
   <cell col-end="0" col-start="0" row-end="2" row-start="2" text="42.5p0.3">
   </cell>
   <cell col-end="1" col-start="1" row-end="2" row-start="2" text="55.60">
   </cell>
   <cell col-end="2" col-start="2" row-end="2" row-start="2" text="70.50">
   </cell>
   <cell col-end="3" col-start="3" row-end="2" row-start="2" text="90.00">
   </cell>
  </row>
  <row row="3">
   <cell col-end="0" col-start="0" row-end="3" row-start="3" text="52.5p0.3">
   </cell>
   <cell col-end="1" col-start="1" row-end="3" row-start="3" text="60.30">
   </cell>
   <cell col-end="2" col-start="2" row-end="3" row-start="3" text="77.50">
   </cell>
   <cell col-end="3" col-start="3" row-end="3" row-start="3" text="100.60">
   </cell>
  </row>
  <statements>
   <statement id="1" text="52.5p0.3 sample has lowest strength of cement pastes in 3 day." type="">
   </statement>
   <statement id="4" text="There are 5 sample names." type="">
   </statement>
  </statements>
 </table>
</document>