<document>
 <table id="Table 2">
  <caption text="

   Probabilities of detection for five A-Train and C-Train sun-synchronous orbiters at about 700 km altitude.
  
">
  </caption>
  <row row="0">
   <cell col-end="0" col-start="0" row-end="0" row-start="0" text="Satellite">
   </cell>
   <cell col-end="1" col-start="1" row-end="0" row-start="0" text="Hard Body Radius">
   </cell>
   <cell col-end="2" col-start="2" row-end="0" row-start="0" text="Threshold">
   </cell>
   <cell col-end="3" col-start="3" row-end="0" row-start="0" text="Estimated Detection Rate P(Pc &gt; T)">
   </cell>
   <cell col-end="4" col-start="4" row-end="0" row-start="0" text="Data Span">
   </cell>
   <cell col-end="5" col-start="5" row-end="0" row-start="0" text="Number of Reports">
   </cell>
   <cell col-end="6" col-start="6" row-end="0" row-start="0" text="Number of Days">
   </cell>
  </row>
  <row row="1">
   <cell col-end="0" col-start="0" row-end="1" row-start="1" text="CloudSat">
   </cell>
   <cell col-end="1" col-start="1" row-end="1" row-start="1" text="3.5">
   </cell>
   <cell col-end="2" col-start="2" row-end="1" row-start="1" text="1.00E-04">
   </cell>
   <cell col-end="3" col-start="3" row-end="1" row-start="1" text="75.2%">
   </cell>
   <cell col-end="4" col-start="4" row-end="1" row-start="1" text="Apr 2015 - Sep 2019">
   </cell>
   <cell col-end="5" col-start="5" row-end="1" row-start="1" text="2323">
   </cell>
   <cell col-end="6" col-start="6" row-end="1" row-start="1" text="1632">
   </cell>
  </row>
  <row row="2">
   <cell col-end="0" col-start="0" row-end="2" row-start="2" text="CALIPSO">
   </cell>
   <cell col-end="1" col-start="1" row-end="2" row-start="2" text="14.8">
   </cell>
   <cell col-end="2" col-start="2" row-end="2" row-start="2" text="1.00E-04">
   </cell>
   <cell col-end="3" col-start="3" row-end="2" row-start="2" text="92.5%">
   </cell>
   <cell col-end="4" col-start="4" row-end="2" row-start="2" text="Jan 2015 - Apr 2019">
   </cell>
   <cell col-end="5" col-start="5" row-end="2" row-start="2" text="2261">
   </cell>
   <cell col-end="6" col-start="6" row-end="2" row-start="2" text="1586">
   </cell>
  </row>
  <row row="3">
   <cell col-end="0" col-start="0" row-end="3" row-start="3" text="Aqua">
   </cell>
   <cell col-end="1" col-start="1" row-end="3" row-start="3" text="20">
   </cell>
   <cell col-end="2" col-start="2" row-end="3" row-start="3" text="1.00E-04">
   </cell>
   <cell col-end="3" col-start="3" row-end="3" row-start="3" text="96.3%">
   </cell>
   <cell col-end="4" col-start="4" row-end="3" row-start="3" text="Jun 2016 - Apr 2019">
   </cell>
   <cell col-end="5" col-start="5" row-end="3" row-start="3" text="1560">
   </cell>
   <cell col-end="6" col-start="6" row-end="3" row-start="3" text="1047">
   </cell>
  </row>
  <row row="4">
   <cell col-end="0" col-start="0" row-end="4" row-start="4" text="Aura">
   </cell>
   <cell col-end="1" col-start="1" row-end="4" row-start="4" text="20">
   </cell>
   <cell col-end="2" col-start="2" row-end="4" row-start="4" text="1.00E-04">
   </cell>
   <cell col-end="3" col-start="3" row-end="4" row-start="4" text="96.6%">
   </cell>
   <cell col-end="4" col-start="4" row-end="4" row-start="4" text="Jun 2016 - Apr 2019">
   </cell>
   <cell col-end="5" col-start="5" row-end="4" row-start="4" text="1772">
   </cell>
   <cell col-end="6" col-start="6" row-end="4" row-start="4" text="1045">
   </cell>
  </row>
  <row row="5">
   <cell col-end="0" col-start="0" row-end="5" row-start="5" text="OCO-2">
   </cell>
   <cell col-end="1" col-start="1" row-end="5" row-start="5" text="6">
   </cell>
   <cell col-end="2" col-start="2" row-end="5" row-start="5" text="1.00E-04">
   </cell>
   <cell col-end="3" col-start="3" row-end="5" row-start="5" text="84.7%">
   </cell>
   <cell col-end="4" col-start="4" row-end="5" row-start="5" text="Jan 2015 - Sep 2019">
   </cell>
   <cell col-end="5" col-start="5" row-end="5" row-start="5" text="2402">
   </cell>
   <cell col-end="6" col-start="6" row-end="5" row-start="5" text="1720">
   </cell>
  </row>
  <statements>
   <statement id="0" text="2402 Number of Reports for OCO-2 Satellite." type="">
   </statement>
   <statement id="2" text="Hard Body Radius 1.00E-04 same for all the Satellite." type="">
   </statement>
   <statement id="3" text="Estimated Detection Rate P(Pc &gt; T) 96.3% for Aqua Satellite." type="">
   </statement>
   <statement id="4" text="Satellite CloudSat is 20 Hard Body Radius." type="">
   </statement>
  </statements>
 </table>
 <table id="Table 1">
  <caption text="

   Comparing OCO-2 Probabilities of detection for different thresholds.
  
">
  </caption>
  <row row="0">
   <cell col-end="0" col-start="0" row-end="0" row-start="0" text="Threshold">
   </cell>
   <cell col-end="1" col-start="1" row-end="0" row-start="0" text="1 × 10
     
      −4">
   </cell>
   <cell col-end="2" col-start="2" row-end="0" row-start="0" text="4.4 × 10
     
      −4">
   </cell>
   <cell col-end="3" col-start="3" row-end="0" row-start="0" text="1.0 × 10
     
      −3">
   </cell>
  </row>
  <row row="1">
   <cell col-end="0" col-start="0" row-end="1" row-start="1" text="Probability of Missed Detection">
   </cell>
   <cell col-end="1" col-start="1" row-end="1" row-start="1" text="15.1%">
   </cell>
   <cell col-end="2" col-start="2" row-end="1" row-start="1" text="29.5%">
   </cell>
   <cell col-end="3" col-start="3" row-end="1" row-start="1" text="40.1%">
   </cell>
  </row>
  <row row="2">
   <cell col-end="0" col-start="0" row-end="2" row-start="2" text="Probability of Detection">
   </cell>
   <cell col-end="1" col-start="1" row-end="2" row-start="2" text="84.9%">
   </cell>
   <cell col-end="2" col-start="2" row-end="2" row-start="2" text="70.5%">
   </cell>
   <cell col-end="3" col-start="3" row-end="2" row-start="2" text="59.9%">
   </cell>
  </row>
  <statements>
   <statement id="2" text="The highest standard deviation is 950." type="">
   </statement>
   <statement id="4" text="The Probability of Missed Detection has a range between 15.1 to 40.1%." type="">
   </statement>
   <statement id="7" text="There are 2 different types of treatment in the given table." type="">
   </statement>
  </statements>
 </table>
</document>