<document>
 <table id="Table 1">
  <caption text="

   Overview of studies that report correlations between N2-/P3-measures and the SSRT. Abbreviations: amp = amplitude, lat = latency, ADHD = attention deficit/hyperactivity disorder, SZ = schizophrenia, HC = healthy controls, mean = SSRT after mean method, int = SSRT after integration method, med = SSRT as difference of median goRT and median SSD, n.a. = information on computation of the SSRT not available, Stim = stimulation modality, V = visual stimulation, VA = visual go and auditory stop signal, Resp = response modality, O = oral response, M = manual response.
  
">
  </caption>
  <row row="0">
   <cell col-end="0" col-start="0" row-end="0" row-start="0" text="Article">
   </cell>
   <cell col-end="1" col-start="1" row-end="0" row-start="0" text="P3 amp">
   </cell>
   <cell col-end="2" col-start="2" row-end="0" row-start="0" text="P3 peak lat">
   </cell>
   <cell col-end="3" col-start="3" row-end="0" row-start="0" text="P3 onset lat">
   </cell>
   <cell col-end="4" col-start="4" row-end="0" row-start="0" text="N2 amp">
   </cell>
   <cell col-end="5" col-start="5" row-end="0" row-start="0" text="N2 peak lat">
   </cell>
   <cell col-end="6" col-start="6" row-end="0" row-start="0" text="N2 onset lat">
   </cell>
   <cell col-end="7" col-start="7" row-end="0" row-start="0" text="SSRT">
   </cell>
   <cell col-end="8" col-start="8" row-end="0" row-start="0" text="Stim">
   </cell>
   <cell col-end="9" col-start="9" row-end="0" row-start="0" text="Resp">
   </cell>
   <cell col-end="10" col-start="10" row-end="0" row-start="0" text="N">
   </cell>
   <cell col-end="11" col-start="11" row-end="0" row-start="0" text="Comments">
   </cell>
  </row>
  <row row="1">
   <cell col-end="0" col-start="0" row-end="1" row-start="1" text="Liottie et al. (2005)">
   </cell>
   <cell col-end="1" col-start="1" row-end="1" row-start="1" text="n.s.">
   </cell>
   <cell col-end="2" col-start="2" row-end="1" row-start="1" text="">
   </cell>
   <cell col-end="3" col-start="3" row-end="1" row-start="1" text="">
   </cell>
   <cell col-end="4" col-start="4" row-end="1" row-start="1" text="">
   </cell>
   <cell col-end="5" col-start="5" row-end="1" row-start="1" text="">
   </cell>
   <cell col-end="6" col-start="6" row-end="1" row-start="1" text="">
   </cell>
   <cell col-end="7" col-start="7" row-end="1" row-start="1" text="int">
   </cell>
   <cell col-end="8" col-start="8" row-end="1" row-start="1" text="V">
   </cell>
   <cell col-end="9" col-start="9" row-end="1" row-start="1" text="M">
   </cell>
   <cell col-end="10" col-start="10" row-end="1" row-start="1" text="10/10">
   </cell>
   <cell col-end="11" col-start="11" row-end="1" row-start="1" text="ADHD/HC">
   </cell>
  </row>
  <row row="2">
   <cell col-end="0" col-start="0" row-end="2" row-start="2" text="Johnstone et al. (2007)">
   </cell>
   <cell col-end="1" col-start="1" row-end="2" row-start="2" text="n.s.">
   </cell>
   <cell col-end="2" col-start="2" row-end="2" row-start="2" text="n.s.">
   </cell>
   <cell col-end="3" col-start="3" row-end="2" row-start="2" text="">
   </cell>
   <cell col-end="4" col-start="4" row-end="2" row-start="2" text="n.s.">
   </cell>
   <cell col-end="5" col-start="5" row-end="2" row-start="2" text="n.s.">
   </cell>
   <cell col-end="6" col-start="6" row-end="2" row-start="2" text="">
   </cell>
   <cell col-end="7" col-start="7" row-end="2" row-start="2" text="mean">
   </cell>
   <cell col-end="8" col-start="8" row-end="2" row-start="2" text="VA">
   </cell>
   <cell col-end="9" col-start="9" row-end="2" row-start="2" text="M">
   </cell>
   <cell col-end="10" col-start="10" row-end="2" row-start="2" text="24">
   </cell>
   <cell col-end="11" col-start="11" row-end="2" row-start="2" text="">
   </cell>
  </row>
  <row row="3">
   <cell col-end="0" col-start="0" row-end="3" row-start="3" text="Van Gaal et al. (2009)">
   </cell>
   <cell col-end="1" col-start="1" row-end="3" row-start="3" text=".22">
   </cell>
   <cell col-end="2" col-start="2" row-end="3" row-start="3" text="">
   </cell>
   <cell col-end="3" col-start="3" row-end="3" row-start="3" text="">
   </cell>
   <cell col-end="4" col-start="4" row-end="3" row-start="3" text=".53">
   </cell>
   <cell col-end="5" col-start="5" row-end="3" row-start="3" text="">
   </cell>
   <cell col-end="6" col-start="6" row-end="3" row-start="3" text="">
   </cell>
   <cell col-end="7" col-start="7" row-end="3" row-start="3" text="mean">
   </cell>
   <cell col-end="8" col-start="8" row-end="3" row-start="3" text="V">
   </cell>
   <cell col-end="9" col-start="9" row-end="3" row-start="3" text="M">
   </cell>
   <cell col-end="10" col-start="10" row-end="3" row-start="3" text="15">
   </cell>
   <cell col-end="11" col-start="11" row-end="3" row-start="3" text="">
   </cell>
  </row>
  <row row="4">
   <cell col-end="0" col-start="0" row-end="4" row-start="4" text="Anguera et al. (2012)">
   </cell>
   <cell col-end="1" col-start="1" row-end="4" row-start="4" text=".30">
   </cell>
   <cell col-end="2" col-start="2" row-end="4" row-start="4" text=".60">
   </cell>
   <cell col-end="3" col-start="3" row-end="4" row-start="4" text="">
   </cell>
   <cell col-end="4" col-start="4" row-end="4" row-start="4" text=".30">
   </cell>
   <cell col-end="5" col-start="5" row-end="4" row-start="4" text=".10">
   </cell>
   <cell col-end="6" col-start="6" row-end="4" row-start="4" text="">
   </cell>
   <cell col-end="7" col-start="7" row-end="4" row-start="4" text="n.a.">
   </cell>
   <cell col-end="8" col-start="8" row-end="4" row-start="4" text="V">
   </cell>
   <cell col-end="9" col-start="9" row-end="4" row-start="4" text="M">
   </cell>
   <cell col-end="10" col-start="10" row-end="4" row-start="4" text="17">
   </cell>
   <cell col-end="11" col-start="11" row-end="4" row-start="4" text="Older adults">
   </cell>
  </row>
  <row row="5">
   <cell col-end="0" col-start="0" row-end="5" row-start="5" text="Hughes et al. (2012)">
   </cell>
   <cell col-end="1" col-start="1" row-end="5" row-start="5" text=".01/−.47">
   </cell>
   <cell col-end="2" col-start="2" row-end="5" row-start="5" text=".14/−.35">
   </cell>
   <cell col-end="3" col-start="3" row-end="5" row-start="5" text="">
   </cell>
   <cell col-end="4" col-start="4" row-end="5" row-start="5" text="">
   </cell>
   <cell col-end="5" col-start="5" row-end="5" row-start="5" text="">
   </cell>
   <cell col-end="6" col-start="6" row-end="5" row-start="5" text="">
   </cell>
   <cell col-end="7" col-start="7" row-end="5" row-start="5" text="int">
   </cell>
   <cell col-end="8" col-start="8" row-end="5" row-start="5" text="VA">
   </cell>
   <cell col-end="9" col-start="9" row-end="5" row-start="5" text="M">
   </cell>
   <cell col-end="10" col-start="10" row-end="5" row-start="5" text="10/13">
   </cell>
   <cell col-end="11" col-start="11" row-end="5" row-start="5" text="SZ/HC">
   </cell>
  </row>
  <row row="6">
   <cell col-end="0" col-start="0" row-end="6" row-start="6" text="Senderecka et al. (2012)">
   </cell>
   <cell col-end="1" col-start="1" row-end="6" row-start="6" text="−.51">
   </cell>
   <cell col-end="2" col-start="2" row-end="6" row-start="6" text=".29">
   </cell>
   <cell col-end="3" col-start="3" row-end="6" row-start="6" text="">
   </cell>
   <cell col-end="4" col-start="4" row-end="6" row-start="6" text="−.32">
   </cell>
   <cell col-end="5" col-start="5" row-end="6" row-start="6" text=".47">
   </cell>
   <cell col-end="6" col-start="6" row-end="6" row-start="6" text="">
   </cell>
   <cell col-end="7" col-start="7" row-end="6" row-start="6" text="mean">
   </cell>
   <cell col-end="8" col-start="8" row-end="6" row-start="6" text="VA">
   </cell>
   <cell col-end="9" col-start="9" row-end="6" row-start="6" text="M">
   </cell>
   <cell col-end="10" col-start="10" row-end="6" row-start="6" text="40">
   </cell>
   <cell col-end="11" col-start="11" row-end="6" row-start="6" text="Pooled across ADHD/HC">
   </cell>
  </row>
  <row row="7">
   <cell col-end="0" col-start="0" row-end="7" row-start="7" text="Jones, et al. (2013)">
   </cell>
   <cell col-end="1" col-start="1" row-end="7" row-start="7" text="−.61/.43">
   </cell>
   <cell col-end="2" col-start="2" row-end="7" row-start="7" text="">
   </cell>
   <cell col-end="3" col-start="3" row-end="7" row-start="7" text="">
   </cell>
   <cell col-end="4" col-start="4" row-end="7" row-start="7" text="">
   </cell>
   <cell col-end="5" col-start="5" row-end="7" row-start="7" text="">
   </cell>
   <cell col-end="6" col-start="6" row-end="7" row-start="7" text="">
   </cell>
   <cell col-end="7" col-start="7" row-end="7" row-start="7" text="int">
   </cell>
   <cell col-end="8" col-start="8" row-end="7" row-start="7" text="VA">
   </cell>
   <cell col-end="9" col-start="9" row-end="7" row-start="7" text="M">
   </cell>
   <cell col-end="10" col-start="10" row-end="7" row-start="7" text="16">
   </cell>
   <cell col-end="11" col-start="11" row-end="7" row-start="7" text="SSD 150/SSD 150-250">
   </cell>
  </row>
  <row row="8">
   <cell col-end="0" col-start="0" row-end="8" row-start="8" text="Huster et al. (2014)">
   </cell>
   <cell col-end="1" col-start="1" row-end="8" row-start="8" text=".61">
   </cell>
   <cell col-end="2" col-start="2" row-end="8" row-start="8" text="">
   </cell>
   <cell col-end="3" col-start="3" row-end="8" row-start="8" text="">
   </cell>
   <cell col-end="4" col-start="4" row-end="8" row-start="8" text="">
   </cell>
   <cell col-end="5" col-start="5" row-end="8" row-start="8" text="">
   </cell>
   <cell col-end="6" col-start="6" row-end="8" row-start="8" text="">
   </cell>
   <cell col-end="7" col-start="7" row-end="8" row-start="8" text="mean">
   </cell>
   <cell col-end="8" col-start="8" row-end="8" row-start="8" text="V">
   </cell>
   <cell col-end="9" col-start="9" row-end="8" row-start="8" text="M">
   </cell>
   <cell col-end="10" col-start="10" row-end="8" row-start="8" text="13">
   </cell>
   <cell col-end="11" col-start="11" row-end="8" row-start="8" text="Exploratory analysis; highest correlation">
   </cell>
  </row>
  <row row="9">
   <cell col-end="0" col-start="0" row-end="9" row-start="9" text="Logemann et al. (2014)">
   </cell>
   <cell col-end="1" col-start="1" row-end="9" row-start="9" text="−.65">
   </cell>
   <cell col-end="2" col-start="2" row-end="9" row-start="9" text="">
   </cell>
   <cell col-end="3" col-start="3" row-end="9" row-start="9" text="">
   </cell>
   <cell col-end="4" col-start="4" row-end="9" row-start="9" text="–">
   </cell>
   <cell col-end="5" col-start="5" row-end="9" row-start="9" text="">
   </cell>
   <cell col-end="6" col-start="6" row-end="9" row-start="9" text="">
   </cell>
   <cell col-end="7" col-start="7" row-end="9" row-start="9" text="int">
   </cell>
   <cell col-end="8" col-start="8" row-end="9" row-start="9" text="V">
   </cell>
   <cell col-end="9" col-start="9" row-end="9" row-start="9" text="M">
   </cell>
   <cell col-end="10" col-start="10" row-end="9" row-start="9" text="16">
   </cell>
   <cell col-end="11" col-start="11" row-end="9" row-start="9" text="N2 excluded (atypical topography)">
   </cell>
  </row>
  <row row="10">
   <cell col-end="0" col-start="0" row-end="10" row-start="10" text="Wessel et al. (2015)">
   </cell>
   <cell col-end="1" col-start="1" row-end="10" row-start="10" text="">
   </cell>
   <cell col-end="2" col-start="2" row-end="10" row-start="10" text=".3">
   </cell>
   <cell col-end="3" col-start="3" row-end="10" row-start="10" text=".6">
   </cell>
   <cell col-end="4" col-start="4" row-end="10" row-start="10" text="">
   </cell>
   <cell col-end="5" col-start="5" row-end="10" row-start="10" text="">
   </cell>
   <cell col-end="6" col-start="6" row-end="10" row-start="10" text="">
   </cell>
   <cell col-end="7" col-start="7" row-end="10" row-start="10" text="mean">
   </cell>
   <cell col-end="8" col-start="8" row-end="10" row-start="10" text="V/V/VA/V">
   </cell>
   <cell col-end="9" col-start="9" row-end="10" row-start="10" text="O/M/M/M">
   </cell>
   <cell col-end="10" col-start="10" row-end="10" row-start="10" text="12/10/14/26">
   </cell>
   <cell col-end="11" col-start="11" row-end="10" row-start="10" text="Pooled across four studies">
   </cell>
  </row>
  <row row="11">
   <cell col-end="0" col-start="0" row-end="11" row-start="11" text="Senderecka et al. (2016)">
   </cell>
   <cell col-end="1" col-start="1" row-end="11" row-start="11" text="−.31">
   </cell>
   <cell col-end="2" col-start="2" row-end="11" row-start="11" text=".40">
   </cell>
   <cell col-end="3" col-start="3" row-end="11" row-start="11" text="">
   </cell>
   <cell col-end="4" col-start="4" row-end="11" row-start="11" text="−.52">
   </cell>
   <cell col-end="5" col-start="5" row-end="11" row-start="11" text=".62">
   </cell>
   <cell col-end="6" col-start="6" row-end="11" row-start="11" text="">
   </cell>
   <cell col-end="7" col-start="7" row-end="11" row-start="11" text="int">
   </cell>
   <cell col-end="8" col-start="8" row-end="11" row-start="11" text="V">
   </cell>
   <cell col-end="9" col-start="9" row-end="11" row-start="11" text="M">
   </cell>
   <cell col-end="10" col-start="10" row-end="11" row-start="11" text="33">
   </cell>
   <cell col-end="11" col-start="11" row-end="11" row-start="11" text="">
   </cell>
  </row>
  <row row="12">
   <cell col-end="0" col-start="0" row-end="12" row-start="12" text="Wessel et al. (2016)">
   </cell>
   <cell col-end="1" col-start="1" row-end="12" row-start="12" text="">
   </cell>
   <cell col-end="2" col-start="2" row-end="12" row-start="12" text="">
   </cell>
   <cell col-end="3" col-start="3" row-end="12" row-start="12" text=".36">
   </cell>
   <cell col-end="4" col-start="4" row-end="12" row-start="12" text="">
   </cell>
   <cell col-end="5" col-start="5" row-end="12" row-start="12" text="">
   </cell>
   <cell col-end="6" col-start="6" row-end="12" row-start="12" text="">
   </cell>
   <cell col-end="7" col-start="7" row-end="12" row-start="12" text="n.a.">
   </cell>
   <cell col-end="8" col-start="8" row-end="12" row-start="12" text="V">
   </cell>
   <cell col-end="9" col-start="9" row-end="12" row-start="12" text="M">
   </cell>
   <cell col-end="10" col-start="10" row-end="12" row-start="12" text="22">
   </cell>
   <cell col-end="11" col-start="11" row-end="12" row-start="12" text="">
   </cell>
  </row>
  <row row="13">
   <cell col-end="0" col-start="0" row-end="13" row-start="13" text="Raud et al. (2017)">
   </cell>
   <cell col-end="1" col-start="1" row-end="13" row-start="13" text="−.42">
   </cell>
   <cell col-end="2" col-start="2" row-end="13" row-start="13" text="">
   </cell>
   <cell col-end="3" col-start="3" row-end="13" row-start="13" text="−.28">
   </cell>
   <cell col-end="4" col-start="4" row-end="13" row-start="13" text=".16">
   </cell>
   <cell col-end="5" col-start="5" row-end="13" row-start="13" text="">
   </cell>
   <cell col-end="6" col-start="6" row-end="13" row-start="13" text="−.02">
   </cell>
   <cell col-end="7" col-start="7" row-end="13" row-start="13" text="mean">
   </cell>
   <cell col-end="8" col-start="8" row-end="13" row-start="13" text="V">
   </cell>
   <cell col-end="9" col-start="9" row-end="13" row-start="13" text="M">
   </cell>
   <cell col-end="10" col-start="10" row-end="13" row-start="13" text="30">
   </cell>
   <cell col-end="11" col-start="11" row-end="13" row-start="13" text="">
   </cell>
  </row>
  <row row="14">
   <cell col-end="0" col-start="0" row-end="14" row-start="14" text="Dutra et al. (2018)">
   </cell>
   <cell col-end="1" col-start="1" row-end="14" row-start="14" text="">
   </cell>
   <cell col-end="2" col-start="2" row-end="14" row-start="14" text="">
   </cell>
   <cell col-end="3" col-start="3" row-end="14" row-start="14" text=".52">
   </cell>
   <cell col-end="4" col-start="4" row-end="14" row-start="14" text="">
   </cell>
   <cell col-end="5" col-start="5" row-end="14" row-start="14" text="">
   </cell>
   <cell col-end="6" col-start="6" row-end="14" row-start="14" text="">
   </cell>
   <cell col-end="7" col-start="7" row-end="14" row-start="14" text="int">
   </cell>
   <cell col-end="8" col-start="8" row-end="14" row-start="14" text="V">
   </cell>
   <cell col-end="9" col-start="9" row-end="14" row-start="14" text="M">
   </cell>
   <cell col-end="10" col-start="10" row-end="14" row-start="14" text="17">
   </cell>
   <cell col-end="11" col-start="11" row-end="14" row-start="14" text="">
   </cell>
  </row>
  <row row="15">
   <cell col-end="0" col-start="0" row-end="15" row-start="15" text="Wessel et al. (2018)">
   </cell>
   <cell col-end="1" col-start="1" row-end="15" row-start="15" text="">
   </cell>
   <cell col-end="2" col-start="2" row-end="15" row-start="15" text="">
   </cell>
   <cell col-end="3" col-start="3" row-end="15" row-start="15" text=".7">
   </cell>
   <cell col-end="4" col-start="4" row-end="15" row-start="15" text="">
   </cell>
   <cell col-end="5" col-start="5" row-end="15" row-start="15" text="">
   </cell>
   <cell col-end="6" col-start="6" row-end="15" row-start="15" text="">
   </cell>
   <cell col-end="7" col-start="7" row-end="15" row-start="15" text="int">
   </cell>
   <cell col-end="8" col-start="8" row-end="15" row-start="15" text="V">
   </cell>
   <cell col-end="9" col-start="9" row-end="15" row-start="15" text="M">
   </cell>
   <cell col-end="10" col-start="10" row-end="15" row-start="15" text="18">
   </cell>
   <cell col-end="11" col-start="11" row-end="15" row-start="15" text="">
   </cell>
  </row>
  <row row="16">
   <cell col-end="0" col-start="0" row-end="16" row-start="16" text="Hoptman et al. (2018)">
   </cell>
   <cell col-end="1" col-start="1" row-end="16" row-start="16" text="−.41">
   </cell>
   <cell col-end="2" col-start="2" row-end="16" row-start="16" text="">
   </cell>
   <cell col-end="3" col-start="3" row-end="16" row-start="16" text="">
   </cell>
   <cell col-end="4" col-start="4" row-end="16" row-start="16" text="">
   </cell>
   <cell col-end="5" col-start="5" row-end="16" row-start="16" text="">
   </cell>
   <cell col-end="6" col-start="6" row-end="16" row-start="16" text="">
   </cell>
   <cell col-end="7" col-start="7" row-end="16" row-start="16" text="med">
   </cell>
   <cell col-end="8" col-start="8" row-end="16" row-start="16" text="V">
   </cell>
   <cell col-end="9" col-start="9" row-end="16" row-start="16" text="M">
   </cell>
   <cell col-end="10" col-start="10" row-end="16" row-start="16" text="42">
   </cell>
   <cell col-end="11" col-start="11" row-end="16" row-start="16" text="Pooled across SZ/HC">
   </cell>
  </row>
  <statements>
   <statement id="0" text="Dependent measures corresponding to P3 peak or" type="">
   </statement>
   <statement id="1" text="N2 onset lat have only one value i.e, .02." type="">
   </statement>
   <statement id="2" text="SSRT have only mean value." type="">
   </statement>
   <statement id="4" text="The highest N value is 13." type="">
   </statement>
  </statements>
 </table>
</document>