<document>
 <table id="Table 3">
  <caption text="

   Characteristics of volunteers who underwent simulated sunlight exposure (n = 15).
  
">
  </caption>
  <row row="0">
   <cell col-end="0" col-start="0" row-end="0" row-start="0" text="Skin type">
   </cell>
   <cell col-end="1" col-start="1" row-end="0" row-start="0" text="MED, mJ/cm
     
      2">
   </cell>
   <cell col-end="2" col-start="2" row-end="0" row-start="0" text="UVR dose, mJ/cm
     
      2
     
     (SED)">
   </cell>
   <cell col-end="3" col-start="3" row-end="0" row-start="0" text="L*">
   </cell>
   <cell col-end="4" col-start="4" row-end="0" row-start="0" text="Ethnicity
     

       a">
   </cell>
  </row>
  <row row="1">
   <cell col-end="0" col-start="0" row-end="1" row-start="1" text="I">
   </cell>
   <cell col-end="1" col-start="1" row-end="1" row-start="1" text="12">
   </cell>
   <cell col-end="2" col-start="2" row-end="1" row-start="1" text="10 (1.0)">
   </cell>
   <cell col-end="3" col-start="3" row-end="1" row-start="1" text="75.35">
   </cell>
   <cell col-end="4" col-start="4" row-end="1" row-start="1" text="White Caucasian">
   </cell>
  </row>
  <row row="2">
   <cell col-end="0" col-start="0" row-end="2" row-start="2" text="I">
   </cell>
   <cell col-end="1" col-start="1" row-end="2" row-start="2" text="14">
   </cell>
   <cell col-end="2" col-start="2" row-end="2" row-start="2" text="11 (1 .1)">
   </cell>
   <cell col-end="3" col-start="3" row-end="2" row-start="2" text="77.07">
   </cell>
   <cell col-end="4" col-start="4" row-end="2" row-start="2" text="White Caucasian">
   </cell>
  </row>
  <row row="3">
   <cell col-end="0" col-start="0" row-end="3" row-start="3" text="I">
   </cell>
   <cell col-end="1" col-start="1" row-end="3" row-start="3" text="20">
   </cell>
   <cell col-end="2" col-start="2" row-end="3" row-start="3" text="16 (1.6)">
   </cell>
   <cell col-end="3" col-start="3" row-end="3" row-start="3" text="73.91">
   </cell>
   <cell col-end="4" col-start="4" row-end="3" row-start="3" text="White Caucasian">
   </cell>
  </row>
  <row row="4">
   <cell col-end="0" col-start="0" row-end="4" row-start="4" text="I">
   </cell>
   <cell col-end="1" col-start="1" row-end="4" row-start="4" text="21">
   </cell>
   <cell col-end="2" col-start="2" row-end="4" row-start="4" text="17 (1.7)">
   </cell>
   <cell col-end="3" col-start="3" row-end="4" row-start="4" text="72.16">
   </cell>
   <cell col-end="4" col-start="4" row-end="4" row-start="4" text="White Caucasian">
   </cell>
  </row>
  <row row="5">
   <cell col-end="0" col-start="0" row-end="5" row-start="5" text="I">
   </cell>
   <cell col-end="1" col-start="1" row-end="5" row-start="5" text="21">
   </cell>
   <cell col-end="2" col-start="2" row-end="5" row-start="5" text="17 (1.7)">
   </cell>
   <cell col-end="3" col-start="3" row-end="5" row-start="5" text="70.76">
   </cell>
   <cell col-end="4" col-start="4" row-end="5" row-start="5" text="White Caucasian">
   </cell>
  </row>
  <row row="6">
   <cell col-end="0" col-start="0" row-end="6" row-start="6" text="I">
   </cell>
   <cell col-end="1" col-start="1" row-end="6" row-start="6" text="28">
   </cell>
   <cell col-end="2" col-start="2" row-end="6" row-start="6" text="22 (2.2)">
   </cell>
   <cell col-end="3" col-start="3" row-end="6" row-start="6" text="73.61">
   </cell>
   <cell col-end="4" col-start="4" row-end="6" row-start="6" text="White Caucasian">
   </cell>
  </row>
  <row row="7">
   <cell col-end="0" col-start="0" row-end="7" row-start="7" text="I">
   </cell>
   <cell col-end="1" col-start="1" row-end="7" row-start="7" text="28">
   </cell>
   <cell col-end="2" col-start="2" row-end="7" row-start="7" text="22 (2.2)">
   </cell>
   <cell col-end="3" col-start="3" row-end="7" row-start="7" text="75.61">
   </cell>
   <cell col-end="4" col-start="4" row-end="7" row-start="7" text="White Caucasian">
   </cell>
  </row>
  <row row="8">
   <cell col-end="0" col-start="0" row-end="8" row-start="8" text="I">
   </cell>
   <cell col-end="1" col-start="1" row-end="8" row-start="8" text="28">
   </cell>
   <cell col-end="2" col-start="2" row-end="8" row-start="8" text="22 (2.2)">
   </cell>
   <cell col-end="3" col-start="3" row-end="8" row-start="8" text="72.29">
   </cell>
   <cell col-end="4" col-start="4" row-end="8" row-start="8" text="White Caucasian">
   </cell>
  </row>
  <row row="9">
   <cell col-end="0" col-start="0" row-end="9" row-start="9" text="V">
   </cell>
   <cell col-end="1" col-start="1" row-end="9" row-start="9" text="68">
   </cell>
   <cell col-end="2" col-start="2" row-end="9" row-start="9" text="54 (5.4)">
   </cell>
   <cell col-end="3" col-start="3" row-end="9" row-start="9" text="58.05">
   </cell>
   <cell col-end="4" col-start="4" row-end="9" row-start="9" text="South Asian">
   </cell>
  </row>
  <row row="10">
   <cell col-end="0" col-start="0" row-end="10" row-start="10" text="V">
   </cell>
   <cell col-end="1" col-start="1" row-end="10" row-start="10" text="90">
   </cell>
   <cell col-end="2" col-start="2" row-end="10" row-start="10" text="72 (7.2)">
   </cell>
   <cell col-end="3" col-start="3" row-end="10" row-start="10" text="52.80">
   </cell>
   <cell col-end="4" col-start="4" row-end="10" row-start="10" text="South Asian">
   </cell>
  </row>
  <row row="11">
   <cell col-end="0" col-start="0" row-end="11" row-start="11" text="V">
   </cell>
   <cell col-end="1" col-start="1" row-end="11" row-start="11" text="90">
   </cell>
   <cell col-end="2" col-start="2" row-end="11" row-start="11" text="72 (7.2)">
   </cell>
   <cell col-end="3" col-start="3" row-end="11" row-start="11" text="46.84">
   </cell>
   <cell col-end="4" col-start="4" row-end="11" row-start="11" text="Black">
   </cell>
  </row>
  <row row="12">
   <cell col-end="0" col-start="0" row-end="12" row-start="12" text="V">
   </cell>
   <cell col-end="1" col-start="1" row-end="12" row-start="12" text="102">
   </cell>
   <cell col-end="2" col-start="2" row-end="12" row-start="12" text="82 (8.2)">
   </cell>
   <cell col-end="3" col-start="3" row-end="12" row-start="12" text="49.31">
   </cell>
   <cell col-end="4" col-start="4" row-end="12" row-start="12" text="South Asian">
   </cell>
  </row>
  <row row="13">
   <cell col-end="0" col-start="0" row-end="13" row-start="13" text="VI">
   </cell>
   <cell col-end="1" col-start="1" row-end="13" row-start="13" text="83">
   </cell>
   <cell col-end="2" col-start="2" row-end="13" row-start="13" text="66 (6.6)">
   </cell>
   <cell col-end="3" col-start="3" row-end="13" row-start="13" text="44.98">
   </cell>
   <cell col-end="4" col-start="4" row-end="13" row-start="13" text="Black">
   </cell>
  </row>
  <row row="14">
   <cell col-end="0" col-start="0" row-end="14" row-start="14" text="VI">
   </cell>
   <cell col-end="1" col-start="1" row-end="14" row-start="14" text="163">
   </cell>
   <cell col-end="2" col-start="2" row-end="14" row-start="14" text="130 (13.0)">
   </cell>
   <cell col-end="3" col-start="3" row-end="14" row-start="14" text="39.02">
   </cell>
   <cell col-end="4" col-start="4" row-end="14" row-start="14" text="Black">
   </cell>
  </row>
  <row row="15">
   <cell col-end="0" col-start="0" row-end="15" row-start="15" text="VI">
   </cell>
   <cell col-end="1" col-start="1" row-end="15" row-start="15" text="205">
   </cell>
   <cell col-end="2" col-start="2" row-end="15" row-start="15" text="164 (16.4)">
   </cell>
   <cell col-end="3" col-start="3" row-end="15" row-start="15" text="36.18">
   </cell>
   <cell col-end="4" col-start="4" row-end="15" row-start="15" text="Black">
   </cell>
  </row>
  <statements>
   <statement id="0" text="22 (2.2) UVR dose, mJ/cm 2 (SED)is for 28 MED, mJ/cm 2 ." type="">
   </statement>
   <statement id="1" text="22 (2.2) UVR dose, mJ/cm 2 (SED)is for 30 MED, mJ/cm 2 ." type="">
   </statement>
   <statement id="5" text="Ethnicity South Asian for 72 (7.2) UVR dose, mJ/cm 2 (SED)." type="">
   </statement>
  </statements>
 </table>
</document>