<document>
 <table id="Table 1">
  <caption text="

   Visual example of a plate in comparative rate experiment between 3 batches of purified HKT performed in duplicate.
  
">
  </caption>
  <row row="0">
   <cell col-end="0" col-start="0" row-end="0" row-start="0" text="">
   </cell>
   <cell col-end="1" col-start="1" row-end="0" row-start="0" text="Blank 1">
   </cell>
   <cell col-end="2" col-start="2" row-end="0" row-start="0" text="Blank 2">
   </cell>
   <cell col-end="3" col-start="3" row-end="0" row-start="0" text="0 min - 1">
   </cell>
   <cell col-end="4" col-start="4" row-end="0" row-start="0" text="0 min - 2">
   </cell>
   <cell col-end="5" col-start="5" row-end="0" row-start="0" text="5 min - 1">
   </cell>
   <cell col-end="6" col-start="6" row-end="0" row-start="0" text="5 min - 2">
   </cell>
  </row>
  <row row="1">
   <cell col-end="0" col-start="0" row-end="1" row-start="1" text="Batch 1">
   </cell>
   <cell col-end="1" col-start="1" row-end="1" row-start="1" text="Mix 3 + 2">
   </cell>
   <cell col-end="2" col-start="2" row-end="1" row-start="1" text="Mix 3 + 2">
   </cell>
   <cell col-end="3" col-start="3" row-end="1" row-start="1" text="Mix 1 + 2">
   </cell>
   <cell col-end="4" col-start="4" row-end="1" row-start="1" text="Mix 1 + 2">
   </cell>
   <cell col-end="5" col-start="5" row-end="1" row-start="1" text="Mix 1 + 2">
   </cell>
   <cell col-end="6" col-start="6" row-end="1" row-start="1" text="Mix 1 + 2">
   </cell>
  </row>
  <row row="2">
   <cell col-end="0" col-start="0" row-end="2" row-start="2" text="Batch 2">
   </cell>
   <cell col-end="1" col-start="1" row-end="2" row-start="2" text="Mix 3 + 2">
   </cell>
   <cell col-end="2" col-start="2" row-end="2" row-start="2" text="Mix 3 + 2">
   </cell>
   <cell col-end="3" col-start="3" row-end="2" row-start="2" text="Mix 1 + 2">
   </cell>
   <cell col-end="4" col-start="4" row-end="2" row-start="2" text="Mix 1 + 2">
   </cell>
   <cell col-end="5" col-start="5" row-end="2" row-start="2" text="Mix 1 + 2">
   </cell>
   <cell col-end="6" col-start="6" row-end="2" row-start="2" text="Mix 1 + 2">
   </cell>
  </row>
  <row row="3">
   <cell col-end="0" col-start="0" row-end="3" row-start="3" text="Batch 3">
   </cell>
   <cell col-end="1" col-start="1" row-end="3" row-start="3" text="Mix 3 + 2">
   </cell>
   <cell col-end="2" col-start="2" row-end="3" row-start="3" text="Mix 3 + 2">
   </cell>
   <cell col-end="3" col-start="3" row-end="3" row-start="3" text="Mix 1 + 2">
   </cell>
   <cell col-end="4" col-start="4" row-end="3" row-start="3" text="Mix 1 + 2">
   </cell>
   <cell col-end="5" col-start="5" row-end="3" row-start="3" text="Mix 1 + 2">
   </cell>
   <cell col-end="6" col-start="6" row-end="3" row-start="3" text="Mix 1 + 2">
   </cell>
  </row>
  <statements>
   <statement id="0" text="0 min - 1,0 min - 2,5 min - 1 and 5 min - 2 will have MIX 8+2 for all the Batches." type="">
   </statement>
   <statement id="1" text="E.g.: Comparison of the activity between 3 batches of purified HKT in duplicate." type="">
   </statement>
   <statement id="2" text="There are 2 rate experiment such as Mix 3+2 and Mix 1+2." type="">
   </statement>
   <statement id="3" text="There are 2 rate experiment such as Mix 5+1 and Mix 6+2." type="">
   </statement>
   <statement id="5" text="There are 8 Comparative rate experiment." type="">
   </statement>
  </statements>
 </table>
</document>