<document>
 <table id="Table 1">
  <caption text="

   Summary of the recommended recording parameters for BP and myoclonus.
  
">
  </caption>
  <row row="0">
   <cell col-end="0" col-start="0" row-end="0" row-start="0" text="">
   </cell>
   <cell col-end="1" col-start="1" row-end="0" row-start="0" text="Bereitschaftspotential">
   </cell>
   <cell col-end="2" col-start="2" row-end="0" row-start="0" text="Myoclonus">
   </cell>
  </row>
  <row row="1">
   <cell col-end="0" col-start="0" row-end="1" row-start="1" text="EMG filters">
   </cell>
   <cell col-end="1" col-start="1" row-end="1" row-start="1" text="10–250 Hz">
   </cell>
   <cell col-end="2" col-start="2" row-end="1" row-start="1" text="10–250 Hz">
   </cell>
  </row>
  <row row="2">
   <cell col-end="0" col-start="0" row-end="2" row-start="2" text="EEG filters">
   </cell>
   <cell col-end="1" col-start="1" row-end="2" row-start="2" text="0.01–50 Hz">
   </cell>
   <cell col-end="2" col-start="2" row-end="2" row-start="2" text="1–70 Hz">
   </cell>
  </row>
  <row row="3">
   <cell col-end="0" col-start="0" row-end="3" row-start="3" text="Sampling rate">
   </cell>
   <cell col-end="1" col-start="1" row-end="3" row-start="3" text="At least 1000 Hz">
   </cell>
   <cell col-end="2" col-start="2" row-end="3" row-start="3" text="At least 1000 Hz">
   </cell>
  </row>
  <row row="4">
   <cell col-end="0" col-start="0" row-end="4" row-start="4" text="Behavioral recording">
   </cell>
   <cell col-end="1" col-start="1" row-end="4" row-start="4" text="Record involuntary and voluntary movements.">
   </cell>
   <cell col-end="2" col-start="2" row-end="4" row-start="4" text="Record involuntary movements during rest, posture and action depending on how the myoclonus is evoked.">
   </cell>
  </row>
  <statements>
   <statement id="1" text="BP and myoclonus has different hertz of EEG filters." type="">
   </statement>
   <statement id="5" text="Behavioral recording is not observed for myoclonus." type="">
   </statement>
   <statement id="6" text="BP and myoclonus have a different hertz for EMG filters." type="">
   </statement>
   <statement id="7" text="BP and myoclonus have the same hertz for EEG filters." type="">
   </statement>
  </statements>
 </table>
</document>