<document>
 <table id="Table 2">
  <caption text="

   ANOVA for compressive strength.
  
">
  </caption>
  <row row="0">
   <cell col-end="0" col-start="0" row-end="0" row-start="0" text="Source of variation">
   </cell>
   <cell col-end="1" col-start="1" row-end="0" row-start="0" text="GL">
   </cell>
   <cell col-end="2" col-start="2" row-end="0" row-start="0" text="QS">
   </cell>
   <cell col-end="3" col-start="3" row-end="0" row-start="0" text="MQ">
   </cell>
   <cell col-end="4" col-start="4" row-end="0" row-start="0" text="F
     
      cal">
   </cell>
   <cell col-end="5" col-start="5" row-end="0" row-start="0" text="F
     
      tab">
   </cell>
   <cell col-end="6" col-start="6" row-end="0" row-start="0" text="Result">
   </cell>
  </row>
  <row row="1">
   <cell col-end="0" col-start="0" row-end="1" row-start="1" text="Durability tests">
   </cell>
   <cell col-end="1" col-start="1" row-end="1" row-start="1" text="3">
   </cell>
   <cell col-end="2" col-start="2" row-end="1" row-start="1" text="36.99">
   </cell>
   <cell col-end="3" col-start="3" row-end="1" row-start="1" text="12.33">
   </cell>
   <cell col-end="4" col-start="4" row-end="1" row-start="1" text="24.41">
   </cell>
   <cell col-end="5" col-start="5" row-end="1" row-start="1" text="4.93">
   </cell>
   <cell col-end="6" col-start="6" row-end="1" row-start="1" text="Significant">
   </cell>
  </row>
  <row row="2">
   <cell col-end="0" col-start="0" row-end="2" row-start="2" text="Percentage of fibers">
   </cell>
   <cell col-end="1" col-start="1" row-end="2" row-start="2" text="3">
   </cell>
   <cell col-end="2" col-start="2" row-end="2" row-start="2" text="18.38">
   </cell>
   <cell col-end="3" col-start="3" row-end="2" row-start="2" text="6.13">
   </cell>
   <cell col-end="4" col-start="4" row-end="2" row-start="2" text="12.13">
   </cell>
   <cell col-end="5" col-start="5" row-end="2" row-start="2" text="4.93">
   </cell>
   <cell col-end="6" col-start="6" row-end="2" row-start="2" text="Significant">
   </cell>
  </row>
  <row row="3">
   <cell col-end="0" col-start="0" row-end="3" row-start="3" text="Residue">
   </cell>
   <cell col-end="1" col-start="1" row-end="3" row-start="3" text="41">
   </cell>
   <cell col-end="2" col-start="2" row-end="3" row-start="3" text="20.71">
   </cell>
   <cell col-end="3" col-start="3" row-end="3" row-start="3" text="0.51">
   </cell>
   <cell col-end="4" col-start="4" row-end="3" row-start="3" text="–">
   </cell>
   <cell col-end="5" col-start="5" row-end="3" row-start="3" text="–">
   </cell>
   <cell col-end="6" col-start="6" row-end="3" row-start="3" text="–">
   </cell>
  </row>
  <row row="4">
   <cell col-end="0" col-start="0" row-end="4" row-start="4" text="Total">
   </cell>
   <cell col-end="1" col-start="1" row-end="4" row-start="4" text="47">
   </cell>
   <cell col-end="2" col-start="2" row-end="4" row-start="4" text="76.09">
   </cell>
   <cell col-end="3" col-start="3" row-end="4" row-start="4" text="–">
   </cell>
   <cell col-end="4" col-start="4" row-end="4" row-start="4" text="–">
   </cell>
   <cell col-end="5" col-start="5" row-end="4" row-start="4" text="–">
   </cell>
   <cell col-end="6" col-start="6" row-end="4" row-start="4" text="–">
   </cell>
  </row>
  <statements>
   <statement id="1" text="It is interesting to note that this statistical analysis, while simple, proves and validates the discussions held in the previous paragraphs of this manuscript." type="">
   </statement>
   <statement id="2" text="Total for QS is 20.71." type="">
   </statement>
   <statement id="5" text="F tab 24.41 is for Durability tests." type="">
   </statement>
   <statement id="7" text="MQ Durability tests is 12.33." type="">
   </statement>
   <statement id="8" text="There are 3 Source of variation." type="">
   </statement>
  </statements>
 </table>
 <table id="Table 1">
  <caption text="

   Semi-quantitative chemical composition by EDS.
  
">
  </caption>
  <row row="0">
   <cell col-end="0" col-start="0" row-end="0" row-start="0" text="Element">
   </cell>
   <cell col-end="1" col-start="1" row-end="0" row-start="0" text="Percentage (%)">
   </cell>
  </row>
  <row row="1">
   <cell col-end="0" col-start="0" row-end="1" row-start="1" text="O">
   </cell>
   <cell col-end="1" col-start="1" row-end="1" row-start="1" text="47.17">
   </cell>
  </row>
  <row row="2">
   <cell col-end="0" col-start="0" row-end="2" row-start="2" text="C">
   </cell>
   <cell col-end="1" col-start="1" row-end="2" row-start="2" text="25.74">
   </cell>
  </row>
  <row row="3">
   <cell col-end="0" col-start="0" row-end="3" row-start="3" text="N">
   </cell>
   <cell col-end="1" col-start="1" row-end="3" row-start="3" text="20.23">
   </cell>
  </row>
  <row row="4">
   <cell col-end="0" col-start="0" row-end="4" row-start="4" text="K">
   </cell>
   <cell col-end="1" col-start="1" row-end="4" row-start="4" text="2.71">
   </cell>
  </row>
  <row row="5">
   <cell col-end="0" col-start="0" row-end="5" row-start="5" text="Rb">
   </cell>
   <cell col-end="1" col-start="1" row-end="5" row-start="5" text="2.48">
   </cell>
  </row>
  <row row="6">
   <cell col-end="0" col-start="0" row-end="6" row-start="6" text="Na">
   </cell>
   <cell col-end="1" col-start="1" row-end="6" row-start="6" text="1.67">
   </cell>
  </row>
  <statements>
   <statement id="0" text="It is noteworthy that the presence of alkaline elements can affect the pH of the fibers, and consequently the pH of the formed cementitious compounds, which can cause pathological in the material [ 8 , 34 ]." type="">
   </statement>
   <statement id="1" text="Na has a highest percentage." type="">
   </statement>
   <statement id="2" text="O element has a lowest percentage." type="">
   </statement>
   <statement id="3" text="Percentage has a range between 1.67 to 47.14." type="">
   </statement>
   <statement id="6" text="There are 3 different types of element is given in the table." type="">
   </statement>
   <statement id="7" text="This characteristic illustrates that the cleaning of the fibers performed with NaOH and later with HCl after treatment was efficient." type="">
   </statement>
  </statements>
 </table>
</document>