<document>
 <table id="Table 1">
  <caption text="

   Software tracing summary.
  
">
  </caption>
  <row row="0">
   <cell col-end="0" col-start="0" row-end="0" row-start="0" text="Utility">
   </cell>
   <cell col-end="1" col-start="1" row-end="0" row-start="0" text="Frequency, Hz">
   </cell>
   <cell col-end="2" col-start="2" row-end="0" row-start="0" text="Duration, ms">
   </cell>
  </row>
  <row row="1">
   <cell col-end="0" col-start="0" row-end="1" row-start="1" text="Serial data transfer">
   </cell>
   <cell col-end="1" col-start="1" row-end="1" row-start="1" text="14">
   </cell>
   <cell col-end="2" col-start="2" row-end="1" row-start="1" text="2.5">
   </cell>
  </row>
  <row row="2">
   <cell col-end="0" col-start="0" row-end="2" row-start="2" text="Motor parameters recalculation">
   </cell>
   <cell col-end="1" col-start="1" row-end="2" row-start="2" text="2">
   </cell>
   <cell col-end="2" col-start="2" row-end="2" row-start="2" text="0.1">
   </cell>
  </row>
  <row row="3">
   <cell col-end="0" col-start="0" row-end="3" row-start="3" text="Reading user input and LCD display update">
   </cell>
   <cell col-end="1" col-start="1" row-end="3" row-start="3" text="4.5">
   </cell>
   <cell col-end="2" col-start="2" row-end="3" row-start="3" text="50">
   </cell>
  </row>
  <row row="4">
   <cell col-end="0" col-start="0" row-end="4" row-start="4" text="Two pressure sensors readings">
   </cell>
   <cell col-end="1" col-start="1" row-end="4" row-start="4" text="14">
   </cell>
   <cell col-end="2" col-start="2" row-end="4" row-start="4" text="1.5">
   </cell>
  </row>
  <statements>
   <statement id="0" text="The greatest Duration is 12.5 for Serial data transfer." type="">
   </statement>
   <statement id="1" text="The greatest Duration is 2.5 for Serial data transfer." type="">
   </statement>
   <statement id="2" text="The highest Frequency 18 is for Serial data transfer and Two pressure sensors readings" type="">
   </statement>
   <statement id="4" text="The main utilities are presented in Table 1 ." type="">
   </statement>
   <statement id="5" text="The table has been divided into three heads- Utility ,Frequency, Hz and Duration, ms." type="">
   </statement>
   <statement id="6" text="The table has been divided into two heads- Utility and Frequency." type="">
   </statement>
  </statements>
 </table>
 <table id="Table 2">
  <caption text="

   Determination of meeting E-Vent Key Ventilation Technical Specifications
   
    [74]
   
   .
  
">
  </caption>
  <row row="0">
   <cell col-end="0" col-start="0" row-end="0" row-start="0" text="Key Ventilation Specifications">
   </cell>
   <cell col-end="1" col-start="1" row-end="0" row-start="0" text="E-Vent Recommendations">
   </cell>
   <cell col-end="2" col-start="2" row-end="0" row-start="0" text="RepRapable OS Design">
   </cell>
  </row>
  <row row="1">
   <cell col-end="0" col-start="0" row-end="1" row-start="1" text="2.1. Control of Breathing Rate (breaths per minute)">
   </cell>
   <cell col-end="1" col-start="1" row-end="1" row-start="1" text="8–30 BPM">
   </cell>
   <cell col-end="2" col-start="2" row-end="1" row-start="1" text="5–45 BPM, controlled by user interface">
   </cell>
  </row>
  <row row="2">
   <cell col-end="0" col-start="0" row-end="2" row-start="2" text="2.2 Control of Tidal Volume (air volume pushed into lung in mL)">
   </cell>
   <cell col-end="1" col-start="1" row-end="2" row-start="2" text="200–800 mL based on patient weight">
   </cell>
   <cell col-end="2" col-start="2" row-end="2" row-start="2" text="100–846 mL, controlled by user interface">
   </cell>
  </row>
  <row row="3">
   <cell col-end="0" col-start="0" row-end="3" row-start="3" text="2.3 Control of I/E Ratio (inspiratory/expiration time ratio)">
   </cell>
   <cell col-end="1" col-start="1" row-end="3" row-start="3" text="best if adjustable between range of 1:1–1:4">
   </cell>
   <cell col-end="2" col-start="2" row-end="3" row-start="3" text="Adjustable between range of 1:1–1:4, controlled by user interface">
   </cell>
  </row>
  <row row="4">
   <cell col-end="0" col-start="0" row-end="4" row-start="4" text="2.4 Assist detection pressure. When a patient tries to inspire, they can cause a dip on the order of 1–5 cm H
     
      2
     
     O, with respect to PEEP pressure (not necessarily = atmospheric).">
   </cell>
   <cell col-end="1" col-start="1" row-end="4" row-start="4" text="Required">
   </cell>
   <cell col-end="2" col-start="2" row-end="4" row-start="4" text="Can be added based on pressure
     
      [132]
     
     or temperature
     
      [66]
     
     feedback">
   </cell>
  </row>
  <row row="5">
   <cell col-end="0" col-start="0" row-end="5" row-start="5" text="3. Airway pressure must be monitored">
   </cell>
   <cell col-end="1" col-start="1" row-end="5" row-start="5" text="Required">
   </cell>
   <cell col-end="2" col-start="2" row-end="5" row-start="5" text="Contains two pressure sensors connected between the ventilator and patient via an airway tube, pressures are shown on the LCD screen">
   </cell>
  </row>
  <row row="6">
   <cell col-end="0" col-start="0" row-end="6" row-start="6" text="3.1.1 Pressure limits: Max pressure">
   </cell>
   <cell col-end="1" col-start="1" row-end="6" row-start="6" text="40 cm H
     
      2
     
     O">
   </cell>
   <cell col-end="2" col-start="2" row-end="6" row-start="6" text="Alarms sound if pressure exceeds 40 cmH
     
      2
     
     O">
   </cell>
  </row>
  <row row="7">
   <cell col-end="0" col-start="0" row-end="7" row-start="7" text="3.1.2 Pressure limits: Plateau pressure">
   </cell>
   <cell col-end="1" col-start="1" row-end="7" row-start="7" text="30 cm H
     
      2
     
     O">
   </cell>
   <cell col-end="2" col-start="2" row-end="7" row-start="7" text="Can be added by introducing a pause at the end of the inspiratory phase
     
      [132]">
   </cell>
  </row>
  <row row="8">
   <cell col-end="0" col-start="0" row-end="8" row-start="8" text="3.2 Passive mechanical blow-off valve">
   </cell>
   <cell col-end="1" col-start="1" row-end="8" row-start="8" text="40 cm H
     
      2
     
     O">
   </cell>
   <cell col-end="2" col-start="2" row-end="8" row-start="8" text="Can be purchased together with the self-inflating bag kit">
   </cell>
  </row>
  <row row="9">
   <cell col-end="0" col-start="0" row-end="9" row-start="9" text="3.3.1 Monitor plateau pressure">
   </cell>
   <cell col-end="1" col-start="1" row-end="9" row-start="9" text="Clinician viewable">
   </cell>
   <cell col-end="2" col-start="2" row-end="9" row-start="9" text="Can be added by modifying the control algorithm">
   </cell>
  </row>
  <row row="10">
   <cell col-end="0" col-start="0" row-end="10" row-start="10" text="3.3.2 Monitor PEEP">
   </cell>
   <cell col-end="1" col-start="1" row-end="10" row-start="10" text="Clinician viewable">
   </cell>
   <cell col-end="2" col-start="2" row-end="10" row-start="10" text="Can be added, need software to see the quantitative value">
   </cell>
  </row>
  <row row="11">
   <cell col-end="0" col-start="0" row-end="11" row-start="11" text="3.4 PEEP">
   </cell>
   <cell col-end="1" col-start="1" row-end="11" row-start="11" text="5–15 cm H
     
      2
     
     O">
   </cell>
   <cell col-end="2" col-start="2" row-end="11" row-start="11" text="2–11 cm H
     
      2
     
     O based on observed data during testing">
   </cell>
  </row>
  <row row="12">
   <cell col-end="0" col-start="0" row-end="12" row-start="12" text="4. Manual clinician override">
   </cell>
   <cell col-end="1" col-start="1" row-end="12" row-start="12" text="Failure of automatic ventilation allows conversion to immediate ventilation.">
   </cell>
   <cell col-end="2" col-start="2" row-end="12" row-start="12" text="Yes">
   </cell>
  </row>
  <row row="13">
   <cell col-end="0" col-start="0" row-end="13" row-start="13" text="5. Ability to use ventilation on room air.
     
     Implemented with an oxygen/air gas blender that some hospitals already have.">
   </cell>
   <cell col-end="1" col-start="1" row-end="13" row-start="13" text="Required for emergencies">
   </cell>
   <cell col-end="2" col-start="2" row-end="13" row-start="13" text="Yes">
   </cell>
  </row>
  <row row="14">
   <cell col-end="0" col-start="0" row-end="14" row-start="14" text="6. HEPA filtration on the patient’s exhalation">
   </cell>
   <cell col-end="1" col-start="1" row-end="14" row-start="14" text="Required because COVID-19 can be aerosolized">
   </cell>
   <cell col-end="2" col-start="2" row-end="14" row-start="14" text="Can be added, HEPA filters can usually be purchased alongside manual resuscitator bags.">
   </cell>
  </row>
  <row row="15">
   <cell col-end="0" col-start="0" row-end="15" row-start="15" text="8. Failure conditions result in alarm">
   </cell>
   <cell col-end="1" col-start="1" row-end="15" row-start="15" text="Required">
   </cell>
   <cell col-end="2" col-start="2" row-end="15" row-start="15" text="Alarms sound if pressure exceeds the allowed limits from 5 to 40 cmH
     
      2
     
     O">
   </cell>
  </row>
  <statements>
   <statement id="1" text="Airway pressure monitoring is required." type="">
   </statement>
   <statement id="2" text="Control of I/E Ratio (inspiratory/expiration time ratio) is best if adjustable between rage of 1:1-1:4." type="">
   </statement>
   <statement id="5" text="Monitor plateau pressure is Clinician viewable." type="">
   </statement>
   <statement id="6" text="Table gives the information about Determination of meeting E-Vent Key Ventilation Technical Specifications." type="">
   </statement>
   <statement id="9" text="There are 25 key ventilation specifications." type="">
   </statement>
  </statements>
 </table>
</document>