<document>
 <table id="Table 6">
  <caption text="

   Peaks positions and their FWHM values for constituent elements of CCTS nanoparticles synthesized with 2.50 mmol Cu (C1). ΔE (eV) denotes the difference between peak1 and peak2.
  
">
  </caption>
  <row row="0">
   <cell col-end="0" col-start="0" row-end="0" row-start="0" text="">
   </cell>
   <cell col-end="2" col-start="1" row-end="0" row-start="0" text="Cu">
   </cell>
   <cell col-end="4" col-start="3" row-end="0" row-start="0" text="Co">
   </cell>
   <cell col-end="6" col-start="5" row-end="0" row-start="0" text="Sn">
   </cell>
   <cell col-end="8" col-start="7" row-end="0" row-start="0" text="S">
   </cell>
  </row>
  <row row="1">
   <cell col-end="0" col-start="0" row-end="1" row-start="1" text="">
   </cell>
   <cell col-end="1" col-start="1" row-end="1" row-start="1" text="Position">
   </cell>
   <cell col-end="2" col-start="2" row-end="1" row-start="1" text="FWHM">
   </cell>
   <cell col-end="3" col-start="3" row-end="1" row-start="1" text="Position">
   </cell>
   <cell col-end="4" col-start="4" row-end="1" row-start="1" text="FWHM">
   </cell>
   <cell col-end="5" col-start="5" row-end="1" row-start="1" text="Position">
   </cell>
   <cell col-end="6" col-start="6" row-end="1" row-start="1" text="FWHM">
   </cell>
   <cell col-end="7" col-start="7" row-end="1" row-start="1" text="Position">
   </cell>
   <cell col-end="8" col-start="8" row-end="1" row-start="1" text="FWHM">
   </cell>
  </row>
  <row row="2">
   <cell col-end="0" col-start="0" row-end="2" row-start="2" text="Peak1(eV)">
   </cell>
   <cell col-end="1" col-start="1" row-end="2" row-start="2" text="931.748">
   </cell>
   <cell col-end="2" col-start="2" row-end="2" row-start="2" text="1.354">
   </cell>
   <cell col-end="3" col-start="3" row-end="2" row-start="2" text="778.770">
   </cell>
   <cell col-end="4" col-start="4" row-end="2" row-start="2" text="1.175">
   </cell>
   <cell col-end="5" col-start="5" row-end="2" row-start="2" text="486.056">
   </cell>
   <cell col-end="6" col-start="6" row-end="2" row-start="2" text="1.105">
   </cell>
   <cell col-end="7" col-start="7" row-end="2" row-start="2" text="161.232">
   </cell>
   <cell col-end="8" col-start="8" row-end="2" row-start="2" text="0.793">
   </cell>
  </row>
  <row row="3">
   <cell col-end="0" col-start="0" row-end="3" row-start="3" text="Peak2(eV)">
   </cell>
   <cell col-end="1" col-start="1" row-end="3" row-start="3" text="951.624">
   </cell>
   <cell col-end="2" col-start="2" row-end="3" row-start="3" text="2.501">
   </cell>
   <cell col-end="3" col-start="3" row-end="3" row-start="3" text="793.408">
   </cell>
   <cell col-end="4" col-start="4" row-end="3" row-start="3" text="1.566">
   </cell>
   <cell col-end="5" col-start="5" row-end="3" row-start="3" text="494.491">
   </cell>
   <cell col-end="6" col-start="6" row-end="3" row-start="3" text="1.130">
   </cell>
   <cell col-end="7" col-start="7" row-end="3" row-start="3" text="162.304">
   </cell>
   <cell col-end="8" col-start="8" row-end="3" row-start="3" text="2.234">
   </cell>
  </row>
  <row row="4">
   <cell col-end="0" col-start="0" row-end="4" row-start="4" text="Peak3(eV)">
   </cell>
   <cell col-end="1" col-start="1" row-end="4" row-start="4" text="946.660">
   </cell>
   <cell col-end="2" col-start="2" row-end="4" row-start="4" text="4.062">
   </cell>
   <cell col-end="3" col-start="3" row-end="4" row-start="4" text="779.113">
   </cell>
   <cell col-end="4" col-start="4" row-end="4" row-start="4" text="4.283">
   </cell>
   <cell col-end="5" col-start="5" row-end="4" row-start="4" text="487.010">
   </cell>
   <cell col-end="6" col-start="6" row-end="4" row-start="4" text="1.310">
   </cell>
   <cell col-end="7" col-start="7" row-end="4" row-start="4" text="164.361">
   </cell>
   <cell col-end="8" col-start="8" row-end="4" row-start="4" text="1.687">
   </cell>
  </row>
  <row row="5">
   <cell col-end="0" col-start="0" row-end="5" row-start="5" text="Peak4(eV)">
   </cell>
   <cell col-end="1" col-start="1" row-end="5" row-start="5" text="">
   </cell>
   <cell col-end="2" col-start="2" row-end="5" row-start="5" text="">
   </cell>
   <cell col-end="3" col-start="3" row-end="5" row-start="5" text="795.220">
   </cell>
   <cell col-end="4" col-start="4" row-end="5" row-start="5" text="2.523">
   </cell>
   <cell col-end="5" col-start="5" row-end="5" row-start="5" text="495.514">
   </cell>
   <cell col-end="6" col-start="6" row-end="5" row-start="5" text="1.312">
   </cell>
   <cell col-end="7" col-start="7" row-end="5" row-start="5" text="">
   </cell>
   <cell col-end="8" col-start="8" row-end="5" row-start="5" text="">
   </cell>
  </row>
  <row row="6">
   <cell col-end="0" col-start="0" row-end="6" row-start="6" text="ΔE (eV)">
   </cell>
   <cell col-end="1" col-start="1" row-end="6" row-start="6" text="19.86">
   </cell>
   <cell col-end="2" col-start="2" row-end="6" row-start="6" text="">
   </cell>
   <cell col-end="3" col-start="3" row-end="6" row-start="6" text="14.70">
   </cell>
   <cell col-end="4" col-start="4" row-end="6" row-start="6" text="">
   </cell>
   <cell col-end="5" col-start="5" row-end="6" row-start="6" text="8.43">
   </cell>
   <cell col-end="6" col-start="6" row-end="6" row-start="6" text="">
   </cell>
   <cell col-end="7" col-start="7" row-end="6" row-start="6" text="1.072">
   </cell>
   <cell col-end="8" col-start="8" row-end="6" row-start="6" text="">
   </cell>
  </row>
  <statements>
   <statement id="0" text="Cu, Co, Sn and S are four elements given with their position and FWHM values." type="">
   </statement>
   <statement id="1" text="Element Cu and Co has same position value at Peak1(eV)." type="">
   </statement>
   <statement id="2" text="Element Cu and S does not have Peak4(eV) value." type="">
   </statement>
   <statement id="4" text="Element S does not have Peak1 FWHM value." type="">
   </statement>
   <statement id="5" text="Element S has less FWHM value at Peak1(eV)." type="">
   </statement>
   <statement id="7" text="Every element has different position values at every peak." type="">
   </statement>
   <statement id="12" text="There are eight elements present in the table." type="">
   </statement>
  </statements>
 </table>
</document>