<document>
 <table id="Table 1">
  <caption text="

   Participant characteristics by focus group.
  
">
  </caption>
  <row row="0">
   <cell col-end="0" col-start="0" row-end="1" row-start="0" text="Group number">
   </cell>
   <cell col-end="1" col-start="1" row-end="1" row-start="0" text="Age">
   </cell>
   <cell col-end="3" col-start="2" row-end="0" row-start="0" text="Number of participants">
   </cell>
  </row>
  <row row="1">
   <cell col-end="2" col-start="2" row-end="1" row-start="1" text="Female">
   </cell>
   <cell col-end="3" col-start="3" row-end="1" row-start="1" text="Male">
   </cell>
  </row>
  <row row="2">
   <cell col-end="0" col-start="0" row-end="2" row-start="2" text="1">
   </cell>
   <cell col-end="1" col-start="1" row-end="2" row-start="2" text="18–29">
   </cell>
   <cell col-end="2" col-start="2" row-end="2" row-start="2" text="9">
   </cell>
   <cell col-end="3" col-start="3" row-end="2" row-start="2" text="0">
   </cell>
  </row>
  <row row="3">
   <cell col-end="0" col-start="0" row-end="3" row-start="3" text="2">
   </cell>
   <cell col-end="1" col-start="1" row-end="3" row-start="3" text="18–29">
   </cell>
   <cell col-end="2" col-start="2" row-end="3" row-start="3" text="0">
   </cell>
   <cell col-end="3" col-start="3" row-end="3" row-start="3" text="9">
   </cell>
  </row>
  <row row="4">
   <cell col-end="0" col-start="0" row-end="4" row-start="4" text="3">
   </cell>
   <cell col-end="1" col-start="1" row-end="4" row-start="4" text="30–44">
   </cell>
   <cell col-end="2" col-start="2" row-end="4" row-start="4" text="8">
   </cell>
   <cell col-end="3" col-start="3" row-end="4" row-start="4" text="0">
   </cell>
  </row>
  <row row="5">
   <cell col-end="0" col-start="0" row-end="5" row-start="5" text="4">
   </cell>
   <cell col-end="1" col-start="1" row-end="5" row-start="5" text="30–44">
   </cell>
   <cell col-end="2" col-start="2" row-end="5" row-start="5" text="0">
   </cell>
   <cell col-end="3" col-start="3" row-end="5" row-start="5" text="7">
   </cell>
  </row>
  <row row="6">
   <cell col-end="0" col-start="0" row-end="6" row-start="6" text="5">
   </cell>
   <cell col-end="1" col-start="1" row-end="6" row-start="6" text="45–54">
   </cell>
   <cell col-end="2" col-start="2" row-end="6" row-start="6" text="4">
   </cell>
   <cell col-end="3" col-start="3" row-end="6" row-start="6" text="0">
   </cell>
  </row>
  <row row="7">
   <cell col-end="0" col-start="0" row-end="7" row-start="7" text="6">
   </cell>
   <cell col-end="1" col-start="1" row-end="7" row-start="7" text="45–54">
   </cell>
   <cell col-end="2" col-start="2" row-end="7" row-start="7" text="0">
   </cell>
   <cell col-end="3" col-start="3" row-end="7" row-start="7" text="6">
   </cell>
  </row>
  <row row="8">
   <cell col-end="0" col-start="0" row-end="8" row-start="8" text="7">
   </cell>
   <cell col-end="1" col-start="1" row-end="8" row-start="8" text="55+">
   </cell>
   <cell col-end="2" col-start="2" row-end="8" row-start="8" text="8">
   </cell>
   <cell col-end="3" col-start="3" row-end="8" row-start="8" text="0">
   </cell>
  </row>
  <row row="9">
   <cell col-end="0" col-start="0" row-end="9" row-start="9" text="8">
   </cell>
   <cell col-end="1" col-start="1" row-end="9" row-start="9" text="55+">
   </cell>
   <cell col-end="2" col-start="2" row-end="9" row-start="9" text="0">
   </cell>
   <cell col-end="3" col-start="3" row-end="9" row-start="9" text="7">
   </cell>
  </row>
  <statements>
   <statement id="2" text="Group number 4 for Age 3044 Number of participants Male 7." type="">
   </statement>
   <statement id="4" text="Group number 5 for Age 3044 Number of participants Male 7." type="">
   </statement>
   <statement id="5" text="Group number 8 Age is 55+ Number of participants Female is 0." type="">
   </statement>
   <statement id="6" text="Male Number of participants is 7 Age is 55+ for Group number is 8." type="">
   </statement>
   <statement id="7" text="Number of participants Female is 0 for Age 1829" type="">
   </statement>
   <statement id="9" text="Table 1 presents the participant characteristics by focus group." type="">
   </statement>
  </statements>
 </table>
</document>