<document>
 <table id="Table 1">
  <caption text="

   Description of Shear Reinforcements.
  
">
  </caption>
  <row row="0">
   <cell col-end="0" col-start="0" row-end="1" row-start="0" text="Specimen designation">
   </cell>
   <cell col-end="1" col-start="1" row-end="1" row-start="0" text="No. of specimens">
   </cell>
   <cell col-end="2" col-start="2" row-end="1" row-start="0" text="diameter, in(mm">
   </cell>
   <cell col-end="4" col-start="3" row-end="0" row-start="0" text="Perimeter length, in(mm).">
   </cell>
   <cell col-end="5" col-start="5" row-end="1" row-start="0" text="Spacing in(mm).">
   </cell>
   <cell col-end="6" col-start="6" row-end="1" row-start="0" text="No. of Stirrups">
   </cell>
  </row>
  <row row="1">
   <cell col-end="3" col-start="3" row-end="1" row-start="1" text="Ex.">
   </cell>
   <cell col-end="4" col-start="4" row-end="1" row-start="1" text="Int.">
   </cell>
  </row>
  <row row="2">
   <cell col-end="0" col-start="0" row-end="2" row-start="2" text="Inverted-U
     
     PTB -A">
   </cell>
   <cell col-end="1" col-start="1" row-end="2" row-start="2" text="2">
   </cell>
   <cell col-end="2" col-start="2" row-end="2" row-start="2" text="0.39(10)">
   </cell>
   <cell col-end="3" col-start="3" row-end="2" row-start="2" text="26.77(680)">
   </cell>
   <cell col-end="4" col-start="4" row-end="2" row-start="2" text="19.68(500)">
   </cell>
   <cell col-end="5" col-start="5" row-end="2" row-start="2" text="2.36(60)">
   </cell>
   <cell col-end="6" col-start="6" row-end="2" row-start="2" text="32">
   </cell>
  </row>
  <row row="3">
   <cell col-end="0" col-start="0" row-end="3" row-start="3" text="Closed Stirrups
     
     PTB -B">
   </cell>
   <cell col-end="1" col-start="1" row-end="3" row-start="3" text="2">
   </cell>
   <cell col-end="2" col-start="2" row-end="3" row-start="3" text="0.39(10)">
   </cell>
   <cell col-end="3" col-start="3" row-end="3" row-start="3" text="37(940)">
   </cell>
   <cell col-end="4" col-start="4" row-end="3" row-start="3" text="22.83(580)">
   </cell>
   <cell col-end="5" col-start="5" row-end="3" row-start="3" text="2.36(60)">
   </cell>
   <cell col-end="6" col-start="6" row-end="3" row-start="3" text="32">
   </cell>
  </row>
  <statements>
   <statement id="0" text="The Perimeter length, in(mm). values are observed unique" type="">
   </statement>
   <statement id="2" text="The No. of specimens are 2 each." type="">
   </statement>
   <statement id="4" text="The diameter, in(mm) 0.39(10)." type="">
   </statement>
  </statements>
 </table>
</document>