<document>
 <table id="Table 3">
  <caption text="

   Pearson correlation coefficients (μ) for (Ta,W) and (Ta,W):C thin films in the as-deposited state as well as after annealing at 900 °C.
  
">
  </caption>
  <row row="0">
   <cell col-end="0" col-start="0" row-end="0" row-start="0" text="">
   </cell>
   <cell col-end="2" col-start="1" row-end="0" row-start="0" text="(Ta,W)">
   </cell>
   <cell col-end="4" col-start="3" row-end="0" row-start="0" text="(Ta,W):C">
   </cell>
  </row>
  <row row="1">
   <cell col-end="0" col-start="0" row-end="1" row-start="1" text="">
   </cell>
   <cell col-end="1" col-start="1" row-end="1" row-start="1" text="as dep.">
   </cell>
   <cell col-end="2" col-start="2" row-end="1" row-start="1" text="900 °C
     
      ⁎">
   </cell>
   <cell col-end="3" col-start="3" row-end="1" row-start="1" text="as dep.">
   </cell>
   <cell col-end="4" col-start="4" row-end="1" row-start="1" text="900 °C">
   </cell>
  </row>
  <row row="2">
   <cell col-end="0" col-start="0" row-end="2" row-start="2" text="μ
     

      Ta">
   </cell>
   <cell col-end="1" col-start="1" row-end="2" row-start="2" text="0.06">
   </cell>
   <cell col-end="2" col-start="2" row-end="2" row-start="2" text="N/A">
   </cell>
   <cell col-end="3" col-start="3" row-end="2" row-start="2" text="0.05">
   </cell>
   <cell col-end="4" col-start="4" row-end="2" row-start="2" text="0.05">
   </cell>
  </row>
  <row row="3">
   <cell col-end="0" col-start="0" row-end="3" row-start="3" text="μ
     

      W">
   </cell>
   <cell col-end="1" col-start="1" row-end="3" row-start="3" text="0.06">
   </cell>
   <cell col-end="2" col-start="2" row-end="3" row-start="3" text="N/A">
   </cell>
   <cell col-end="3" col-start="3" row-end="3" row-start="3" text="0.03">
   </cell>
   <cell col-end="4" col-start="4" row-end="3" row-start="3" text="0.06">
   </cell>
  </row>
  <row row="4">
   <cell col-end="0" col-start="0" row-end="4" row-start="4" text="μ
     

      C">
   </cell>
   <cell col-end="1" col-start="1" row-end="4" row-start="4" text="–">
   </cell>
   <cell col-end="2" col-start="2" row-end="4" row-start="4" text="–">
   </cell>
   <cell col-end="3" col-start="3" row-end="4" row-start="4" text="0.04">
   </cell>
   <cell col-end="4" col-start="4" row-end="4" row-start="4" text="0.39">
   </cell>
  </row>
  <statements>
   <statement id="0" text=" C has the highest value for 900 C of 0.39." type="">
   </statement>
   <statement id="1" text=" Ta has the high value for as dep. of 0.05." type="">
   </statement>
   <statement id="2" text=" Ta has the lowest value for 900 C of 0.05." type="">
   </statement>
   <statement id="4" text="There are six different Pearson correlation coefficients." type="">
   </statement>
  </statements>
 </table>
</document>