<document>
 <table id="Table 1">
  <caption text="

   Variants of as-cast Ti45221B with alloy composition.
  
">
  </caption>
  <row row="0">
   <cell col-end="0" col-start="0" row-end="0" row-start="0" text="Alloy composition (at. %)">
   </cell>
   <cell col-end="1" col-start="1" row-end="0" row-start="0" text="Analysis">
   </cell>
  </row>
  <row row="1">
   <cell col-end="0" col-start="0" row-end="1" row-start="1" text="Ti-45Al-2Mn-2Nb-0.8B(Ti45220.8B)
     
     Ti-48Al-2Mn-2Nb-1B(Ti48221B)
     
     Ti-50Al-2Mn-2Nb-1B(Ti50221B)">
   </cell>
   <cell col-end="1" col-start="1" row-end="1" row-start="1" text="Effect of Al">
   </cell>
  </row>
  <row row="2">
   <cell col-end="0" col-start="0" row-end="2" row-start="2" text="Ti-45Al-2Mn-2Nb-0.8B
     
     Ti-45Al-2Mn-4Nb-0.8B
     
      ⁎">
   </cell>
   <cell col-end="1" col-start="1" row-end="2" row-start="2" text="Effect of Nb">
   </cell>
  </row>
  <row row="3">
   <cell col-end="0" col-start="0" row-end="3" row-start="3" text="Ti-45Al-2Nb-2Hf-0.8B
     
      ⁎
     

     Ti-44Al-4Nb-4Hf-1B
     
     Ti-45Al-2Cr-2Hf-0.8B">
   </cell>
   <cell col-end="1" col-start="1" row-end="3" row-start="3" text="Effect of Hf">
   </cell>
  </row>
  <row row="4">
   <cell col-end="0" col-start="0" row-end="4" row-start="4" text="Ti-45Al-2Mn-4Ta-0.8B
     
      ⁎
     

     Ti-45Al-2Nb-2Ta-0.8B">
   </cell>
   <cell col-end="1" col-start="1" row-end="4" row-start="4" text="Effect of Ta">
   </cell>
  </row>
  <row row="5">
   <cell col-end="0" col-start="0" row-end="5" row-start="5" text="Ti-46Al-8Nb-1B">
   </cell>
   <cell col-end="1" col-start="1" row-end="5" row-start="5" text="Effect of high Nb content">
   </cell>
  </row>
  <statements>
   <statement id="0" text="Because the homogeneity of the 1 kg ingots has already been improved before arc remelting into 20 g buttons, the arc remelting was only repeated twice." type="">
   </statement>
   <statement id="2" text="Effect of AI has 3 alloy composition." type="">
   </statement>
   <statement id="5" text="The analysis for Ti-45Al-2Mn-2Nb-0.8B and Ti-45Al-2Mn-4Nb-0.8B is due to effect of Hf." type="">
   </statement>
   <statement id="7" text="The analysis for Ti-46Al-8Nb-1B is due to effect of high Nb conten." type="">
   </statement>
   <statement id="8" text="There are 6 different types of Alloy composition." type="">
   </statement>
   <statement id="9" text="There are 6 different types of Analysis." type="">
   </statement>
   <statement id="10" text="Various cast Ti45221B variants of composition listed in Table 1 were measured by energy-dispersive x-ray spectroscopy (EDS) and were prepared via cold hearth plasma arc melting in the form of 1 kg ingots." type="">
   </statement>
  </statements>
 </table>
 <table id="Table 2">
  <caption text="

   Alloying composition and elongation tensile test results of batches of Ti-45Al-(4–6) (X, Y)-1B, where X, Y
   
   Cr, Mn, Nb, Hf.
  
">
  </caption>
  <row row="0">
   <cell col-end="0" col-start="0" row-end="0" row-start="0" text="Alloys">
   </cell>
   <cell col-end="2" col-start="1" row-end="0" row-start="0" text="2Cr2Nb">
   </cell>
   <cell col-end="9" col-start="3" row-end="0" row-start="0" text="2Mn4Nb">
   </cell>
   <cell col-end="11" col-start="10" row-end="0" row-start="0" text="2Nb2Hf">
   </cell>
  </row>
  <row row="1">
   <cell col-end="0" col-start="0" row-end="1" row-start="1" text="Num. samples">
   </cell>
   <cell col-end="1" col-start="1" row-end="1" row-start="1" text="1">
   </cell>
   <cell col-end="2" col-start="2" row-end="1" row-start="1" text="2">
   </cell>
   <cell col-end="3" col-start="3" row-end="1" row-start="1" text="1">
   </cell>
   <cell col-end="4" col-start="4" row-end="1" row-start="1" text="2">
   </cell>
   <cell col-end="5" col-start="5" row-end="1" row-start="1" text="3">
   </cell>
   <cell col-end="6" col-start="6" row-end="1" row-start="1" text="4">
   </cell>
   <cell col-end="7" col-start="7" row-end="1" row-start="1" text="5">
   </cell>
   <cell col-end="8" col-start="8" row-end="1" row-start="1" text="6">
   </cell>
   <cell col-end="9" col-start="9" row-end="1" row-start="1" text="7">
   </cell>
   <cell col-end="10" col-start="10" row-end="1" row-start="1" text="1">
   </cell>
   <cell col-end="11" col-start="11" row-end="1" row-start="1" text="2">
   </cell>
  </row>
  <row row="2">
   <cell col-end="0" col-start="0" row-end="2" row-start="2" text="El. (%)">
   </cell>
   <cell col-end="1" col-start="1" row-end="2" row-start="2" text="0.5">
   </cell>
   <cell col-end="2" col-start="2" row-end="2" row-start="2" text="1.5">
   </cell>
   <cell col-end="3" col-start="3" row-end="2" row-start="2" text="0.3">
   </cell>
   <cell col-end="4" col-start="4" row-end="2" row-start="2" text="0.6">
   </cell>
   <cell col-end="5" col-start="5" row-end="2" row-start="2" text="0.9">
   </cell>
   <cell col-end="6" col-start="6" row-end="2" row-start="2" text="1.1">
   </cell>
   <cell col-end="7" col-start="7" row-end="2" row-start="2" text="1.2">
   </cell>
   <cell col-end="8" col-start="8" row-end="2" row-start="2" text="1.3">
   </cell>
   <cell col-end="9" col-start="9" row-end="2" row-start="2" text="1.3">
   </cell>
   <cell col-end="10" col-start="10" row-end="2" row-start="2" text="0.1">
   </cell>
   <cell col-end="11" col-start="11" row-end="2" row-start="2" text="0.35">
   </cell>
  </row>
  <row row="3">
   <cell col-end="0" col-start="0" row-end="3" row-start="3" text="YS (MPa)">
   </cell>
   <cell col-end="1" col-start="1" row-end="3" row-start="3" text="518">
   </cell>
   <cell col-end="2" col-start="2" row-end="3" row-start="3" text="489">
   </cell>
   <cell col-end="3" col-start="3" row-end="3" row-start="3" text="529">
   </cell>
   <cell col-end="4" col-start="4" row-end="3" row-start="3" text="508">
   </cell>
   <cell col-end="5" col-start="5" row-end="3" row-start="3" text="515">
   </cell>
   <cell col-end="6" col-start="6" row-end="3" row-start="3" text="539">
   </cell>
   <cell col-end="7" col-start="7" row-end="3" row-start="3" text="532">
   </cell>
   <cell col-end="8" col-start="8" row-end="3" row-start="3" text="520">
   </cell>
   <cell col-end="9" col-start="9" row-end="3" row-start="3" text="489">
   </cell>
   <cell col-end="10" col-start="10" row-end="3" row-start="3" text="–">
   </cell>
   <cell col-end="11" col-start="11" row-end="3" row-start="3" text="582">
   </cell>
  </row>
  <row row="4">
   <cell col-end="0" col-start="0" row-end="4" row-start="4" text="UTS (MPa)">
   </cell>
   <cell col-end="1" col-start="1" row-end="4" row-start="4" text="590">
   </cell>
   <cell col-end="2" col-start="2" row-end="4" row-start="4" text="682">
   </cell>
   <cell col-end="3" col-start="3" row-end="4" row-start="4" text="550">
   </cell>
   <cell col-end="4" col-start="4" row-end="4" row-start="4" text="599">
   </cell>
   <cell col-end="5" col-start="5" row-end="4" row-start="4" text="670">
   </cell>
   <cell col-end="6" col-start="6" row-end="4" row-start="4" text="680">
   </cell>
   <cell col-end="7" col-start="7" row-end="4" row-start="4" text="695">
   </cell>
   <cell col-end="8" col-start="8" row-end="4" row-start="4" text="700">
   </cell>
   <cell col-end="9" col-start="9" row-end="4" row-start="4" text="664">
   </cell>
   <cell col-end="10" col-start="10" row-end="4" row-start="4" text="572">
   </cell>
   <cell col-end="11" col-start="11" row-end="4" row-start="4" text="634">
   </cell>
  </row>
  <statements>
   <statement id="1" text="Alloy 2Mn4Nb does not have YS (MPa) value." type="">
   </statement>
   <statement id="2" text="Alloy 2Nb2Hf does not have YS (MPa) value." type="">
   </statement>
   <statement id="3" text="Only Sample 1 of Alloy 2Nb2Hf has 0.1 El. (%)." type="">
   </statement>
   <statement id="5" text="Sample 1, 2 and 3 of Alloy 2Mn4Nb has &lt;1 value." type="">
   </statement>
   <statement id="6" text="Sample 1, 2 and 3 of Alloy 2Mn4Nb has &gt;1 value." type="">
   </statement>
   <statement id="7" text="Sample 6 of Alloy 2Mn4Nb has lowest UTS (MPa) value." type="">
   </statement>
  </statements>
 </table>
</document>