<document>
 <table id="Table 7">
  <caption text="

   The ANOVA results for the STAI questionnaire (X1 and X2) assessing anxiety as a state and as a trait in the research groups.
  
">
  </caption>
  <legend text="


    M
   
   - average;
   
    Me
   
   - median;
   
    F -
   
   ANOVA test statistics; p - materiality test normality layout; ω2 - omega-square (effect size magnitude)
   
    ;
   
   # - Welch's ANOVA; ## - in the case of the equal variance of Sidak's test, in the case of uneven variance Games-Howell's test; * - important differences at p ≤ .05.
  
">
  </legend>
  <row row="0">
   <cell col-end="10" col-start="0" row-end="0" row-start="0" text="Groups">
   </cell>
  </row>
  <row row="1">
   <cell col-end="0" col-start="0" row-end="3" row-start="1" text="">
   </cell>
   <cell col-end="2" col-start="1" row-end="1" row-start="1" text="1">
   </cell>
   <cell col-end="4" col-start="3" row-end="1" row-start="1" text="2">
   </cell>
   <cell col-end="6" col-start="5" row-end="1" row-start="1" text="3">
   </cell>
   <cell col-end="7" col-start="7" row-end="3" row-start="1" text="F">
   </cell>
   <cell col-end="8" col-start="8" row-end="3" row-start="1" text="p">
   </cell>
   <cell col-end="9" col-start="9" row-end="3" row-start="1" text="ω
     
      2">
   </cell>
   <cell col-end="10" col-start="10" row-end="3" row-start="1" text="Post-hoc
     
      ##">
   </cell>
  </row>
  <row row="2">
   <cell col-end="2" col-start="1" row-end="2" row-start="2" text="FPC (n = 27)">
   </cell>
   <cell col-end="4" col-start="3" row-end="2" row-start="2" text="SCHI + SA (n = 27)">
   </cell>
   <cell col-end="6" col-start="5" row-end="2" row-start="2" text="SCHI (n = 27)">
   </cell>
  </row>
  <row row="3">
   <cell col-end="1" col-start="1" row-end="3" row-start="3" text="M">
   </cell>
   <cell col-end="2" col-start="2" row-end="3" row-start="3" text="SD">
   </cell>
   <cell col-end="3" col-start="3" row-end="3" row-start="3" text="M">
   </cell>
   <cell col-end="4" col-start="4" row-end="3" row-start="3" text="SD">
   </cell>
   <cell col-end="5" col-start="5" row-end="3" row-start="3" text="M">
   </cell>
   <cell col-end="6" col-start="6" row-end="3" row-start="3" text="SD">
   </cell>
  </row>
  <row row="4">
   <cell col-end="0" col-start="0" row-end="4" row-start="4" text="Symptoms of depression">
   </cell>
   <cell col-end="1" col-start="1" row-end="4" row-start="4" text="3.19">
   </cell>
   <cell col-end="2" col-start="2" row-end="4" row-start="4" text="1.86">
   </cell>
   <cell col-end="3" col-start="3" row-end="4" row-start="4" text="7.19">
   </cell>
   <cell col-end="4" col-start="4" row-end="4" row-start="4" text="4.42">
   </cell>
   <cell col-end="5" col-start="5" row-end="4" row-start="4" text="5.81">
   </cell>
   <cell col-end="6" col-start="6" row-end="4" row-start="4" text="2.70">
   </cell>
   <cell col-end="7" col-start="7" row-end="4" row-start="4" text="14.60
     
      #">
   </cell>
   <cell col-end="8" col-start="8" row-end="4" row-start="4" text="&lt; 0.001">
   </cell>
   <cell col-end="9" col-start="9" row-end="4" row-start="4" text="0.18">
   </cell>
   <cell col-end="10" col-start="10" row-end="4" row-start="4" text="1 &lt; 2, 3*">
   </cell>
  </row>
  <statements>
   <statement id="0" text="The Symptoms of depression for P is &lt;0.001." type="">
   </statement>
   <statement id="5" text="The table 1 contains least M value." type="">
   </statement>
  </statements>
 </table>
 <table id="Table 2">
  <caption text="

   The ANOVA results for the score of the Buss-Perry Anxiety Questionnaire and its subscales in the research groups.
  
">
  </caption>
  <legend text="


    M
   
   - average;
   
    Me
   
   - median;
   
    F -
   
   ANOVA test statistics; p - significance of normality distribution test; ω2 - omega-square (effect size magnitude); # - Welch's ANOVA; ## - in the case of the equal variance of Sidak's test, in the case of the uneven variance of Games-Howell's test; * - important differences at p ≤ .05
  
">
  </legend>
  <row row="0">
   <cell col-end="10" col-start="0" row-end="0" row-start="0" text="Groups">
   </cell>
  </row>
  <row row="1">
   <cell col-end="0" col-start="0" row-end="3" row-start="1" text="">
   </cell>
   <cell col-end="2" col-start="1" row-end="1" row-start="1" text="1">
   </cell>
   <cell col-end="4" col-start="3" row-end="1" row-start="1" text="2">
   </cell>
   <cell col-end="6" col-start="5" row-end="1" row-start="1" text="3">
   </cell>
   <cell col-end="7" col-start="7" row-end="3" row-start="1" text="F">
   </cell>
   <cell col-end="8" col-start="8" row-end="3" row-start="1" text="p">
   </cell>
   <cell col-end="9" col-start="9" row-end="3" row-start="1" text="ω
     
      2">
   </cell>
   <cell col-end="10" col-start="10" row-end="3" row-start="1" text="Post-hoc
     
      ##">
   </cell>
  </row>
  <row row="2">
   <cell col-end="2" col-start="1" row-end="2" row-start="2" text="FPC (n = 27)">
   </cell>
   <cell col-end="4" col-start="3" row-end="2" row-start="2" text="SCHI + SA (n = 27)">
   </cell>
   <cell col-end="6" col-start="5" row-end="2" row-start="2" text="SCHI (n = 27)">
   </cell>
  </row>
  <row row="3">
   <cell col-end="1" col-start="1" row-end="3" row-start="3" text="M">
   </cell>
   <cell col-end="2" col-start="2" row-end="3" row-start="3" text="SD">
   </cell>
   <cell col-end="3" col-start="3" row-end="3" row-start="3" text="M">
   </cell>
   <cell col-end="4" col-start="4" row-end="3" row-start="3" text="SD">
   </cell>
   <cell col-end="5" col-start="5" row-end="3" row-start="3" text="M">
   </cell>
   <cell col-end="6" col-start="6" row-end="3" row-start="3" text="SD">
   </cell>
  </row>
  <row row="4">
   <cell col-end="0" col-start="0" row-end="4" row-start="4" text="Anger">
   </cell>
   <cell col-end="1" col-start="1" row-end="4" row-start="4" text="20.89">
   </cell>
   <cell col-end="2" col-start="2" row-end="4" row-start="4" text="5.29">
   </cell>
   <cell col-end="3" col-start="3" row-end="4" row-start="4" text="19.15">
   </cell>
   <cell col-end="4" col-start="4" row-end="4" row-start="4" text="6.40">
   </cell>
   <cell col-end="5" col-start="5" row-end="4" row-start="4" text="16.11">
   </cell>
   <cell col-end="6" col-start="6" row-end="4" row-start="4" text="5.85">
   </cell>
   <cell col-end="7" col-start="7" row-end="4" row-start="4" text="4.59">
   </cell>
   <cell col-end="8" col-start="8" row-end="4" row-start="4" text="0.013">
   </cell>
   <cell col-end="9" col-start="9" row-end="4" row-start="4" text="0.08">
   </cell>
   <cell col-end="10" col-start="10" row-end="4" row-start="4" text="1 &gt; 3*">
   </cell>
  </row>
  <row row="5">
   <cell col-end="0" col-start="0" row-end="5" row-start="5" text="Hostility">
   </cell>
   <cell col-end="1" col-start="1" row-end="5" row-start="5" text="21.30">
   </cell>
   <cell col-end="2" col-start="2" row-end="5" row-start="5" text="4.86">
   </cell>
   <cell col-end="3" col-start="3" row-end="5" row-start="5" text="23.30">
   </cell>
   <cell col-end="4" col-start="4" row-end="5" row-start="5" text="6.60">
   </cell>
   <cell col-end="5" col-start="5" row-end="5" row-start="5" text="19.37">
   </cell>
   <cell col-end="6" col-start="6" row-end="5" row-start="5" text="7.54">
   </cell>
   <cell col-end="7" col-start="7" row-end="5" row-start="5" text="2.07
     
      #">
   </cell>
   <cell col-end="8" col-start="8" row-end="5" row-start="5" text="0.137">
   </cell>
   <cell col-end="9" col-start="9" row-end="5" row-start="5" text="0.02">
   </cell>
   <cell col-end="10" col-start="10" row-end="5" row-start="5" text="–">
   </cell>
  </row>
  <row row="6">
   <cell col-end="0" col-start="0" row-end="6" row-start="6" text="Phys. Aggr.">
   </cell>
   <cell col-end="1" col-start="1" row-end="6" row-start="6" text="22.22">
   </cell>
   <cell col-end="2" col-start="2" row-end="6" row-start="6" text="6.30">
   </cell>
   <cell col-end="3" col-start="3" row-end="6" row-start="6" text="20.63">
   </cell>
   <cell col-end="4" col-start="4" row-end="6" row-start="6" text="5.09">
   </cell>
   <cell col-end="5" col-start="5" row-end="6" row-start="6" text="17.48">
   </cell>
   <cell col-end="6" col-start="6" row-end="6" row-start="6" text="4.34">
   </cell>
   <cell col-end="7" col-start="7" row-end="6" row-start="6" text="6.03
     
      #">
   </cell>
   <cell col-end="8" col-start="8" row-end="6" row-start="6" text="0.004">
   </cell>
   <cell col-end="9" col-start="9" row-end="6" row-start="6" text="0.09">
   </cell>
   <cell col-end="10" col-start="10" row-end="6" row-start="6" text="1, 2 &gt; 3*">
   </cell>
  </row>
  <row row="7">
   <cell col-end="0" col-start="0" row-end="7" row-start="7" text="Verbal Aggr.">
   </cell>
   <cell col-end="1" col-start="1" row-end="7" row-start="7" text="14.37">
   </cell>
   <cell col-end="2" col-start="2" row-end="7" row-start="7" text="3.00">
   </cell>
   <cell col-end="3" col-start="3" row-end="7" row-start="7" text="14.78">
   </cell>
   <cell col-end="4" col-start="4" row-end="7" row-start="7" text="3.77">
   </cell>
   <cell col-end="5" col-start="5" row-end="7" row-start="7" text="12.22">
   </cell>
   <cell col-end="6" col-start="6" row-end="7" row-start="7" text="3.12">
   </cell>
   <cell col-end="7" col-start="7" row-end="7" row-start="7" text="4.64">
   </cell>
   <cell col-end="8" col-start="8" row-end="7" row-start="7" text="0.012">
   </cell>
   <cell col-end="9" col-start="9" row-end="7" row-start="7" text="0.08">
   </cell>
   <cell col-end="10" col-start="10" row-end="7" row-start="7" text="2 &gt; 3*">
   </cell>
  </row>
  <row row="8">
   <cell col-end="0" col-start="0" row-end="8" row-start="8" text="Total (Buss-Perry)">
   </cell>
   <cell col-end="1" col-start="1" row-end="8" row-start="8" text="78.78">
   </cell>
   <cell col-end="2" col-start="2" row-end="8" row-start="8" text="14.08">
   </cell>
   <cell col-end="3" col-start="3" row-end="8" row-start="8" text="77.85">
   </cell>
   <cell col-end="4" col-start="4" row-end="8" row-start="8" text="17.56">
   </cell>
   <cell col-end="5" col-start="5" row-end="8" row-start="8" text="64.93">
   </cell>
   <cell col-end="6" col-start="6" row-end="8" row-start="8" text="17.66">
   </cell>
   <cell col-end="7" col-start="7" row-end="8" row-start="8" text="5.94">
   </cell>
   <cell col-end="8" col-start="8" row-end="8" row-start="8" text="0.004">
   </cell>
   <cell col-end="9" col-start="9" row-end="8" row-start="8" text="0.11">
   </cell>
   <cell col-end="10" col-start="10" row-end="8" row-start="8" text="1, 2 &gt; 3*">
   </cell>
  </row>
  <statements>
   <statement id="1" text="Mean has a range between 14.37 to 22.22." type="">
   </statement>
   <statement id="3" text="physical aggr has a highest standard deviation." type="">
   </statement>
   <statement id="6" text="Standard deviation has a highest total." type="">
   </statement>
  </statements>
 </table>
 <table id="Table 3">
  <caption text="

   The ANOVA results for the score of the PANSS Questionnaire and its subscales in the research groups.
  
">
  </caption>
  <legend text="


    M
   
   - average;
   
    Me
   
   - median;
   
    F -
   
   ANOVA test statistics; p - significance of normality distribution test; ω2 - omega-square (effect size magnitude); # - Welch's ANOVA; ## - in the case of the equal variance of Sidak's test, in the case of the uneven variance of Games-Howell's test; * - important differences at p ≤ .05.
  
">
  </legend>
  <row row="0">
   <cell col-end="10" col-start="0" row-end="0" row-start="0" text="Groups">
   </cell>
  </row>
  <row row="1">
   <cell col-end="0" col-start="0" row-end="3" row-start="1" text="">
   </cell>
   <cell col-end="2" col-start="1" row-end="1" row-start="1" text="1">
   </cell>
   <cell col-end="4" col-start="3" row-end="1" row-start="1" text="2">
   </cell>
   <cell col-end="6" col-start="5" row-end="1" row-start="1" text="3">
   </cell>
   <cell col-end="7" col-start="7" row-end="3" row-start="1" text="F">
   </cell>
   <cell col-end="8" col-start="8" row-end="3" row-start="1" text="p">
   </cell>
   <cell col-end="9" col-start="9" row-end="3" row-start="1" text="ω
     
      2">
   </cell>
   <cell col-end="10" col-start="10" row-end="3" row-start="1" text="Post-hoc
     
      ##">
   </cell>
  </row>
  <row row="2">
   <cell col-end="2" col-start="1" row-end="2" row-start="2" text="FPC (n = 27)">
   </cell>
   <cell col-end="4" col-start="3" row-end="2" row-start="2" text="SCHI + SA (n = 27)">
   </cell>
   <cell col-end="6" col-start="5" row-end="2" row-start="2" text="SCHI (n = 27)">
   </cell>
  </row>
  <row row="3">
   <cell col-end="1" col-start="1" row-end="3" row-start="3" text="M">
   </cell>
   <cell col-end="2" col-start="2" row-end="3" row-start="3" text="SD">
   </cell>
   <cell col-end="3" col-start="3" row-end="3" row-start="3" text="M">
   </cell>
   <cell col-end="4" col-start="4" row-end="3" row-start="3" text="SD">
   </cell>
   <cell col-end="5" col-start="5" row-end="3" row-start="3" text="M">
   </cell>
   <cell col-end="6" col-start="6" row-end="3" row-start="3" text="SD">
   </cell>
  </row>
  <row row="4">
   <cell col-end="0" col-start="0" row-end="4" row-start="4" text="Active symptoms">
   </cell>
   <cell col-end="1" col-start="1" row-end="4" row-start="4" text="20.04">
   </cell>
   <cell col-end="2" col-start="2" row-end="4" row-start="4" text="6.02">
   </cell>
   <cell col-end="3" col-start="3" row-end="4" row-start="4" text="20.78">
   </cell>
   <cell col-end="4" col-start="4" row-end="4" row-start="4" text="7.57">
   </cell>
   <cell col-end="5" col-start="5" row-end="4" row-start="4" text="15.89">
   </cell>
   <cell col-end="6" col-start="6" row-end="4" row-start="4" text="5.01">
   </cell>
   <cell col-end="7" col-start="7" row-end="4" row-start="4" text="5.62
     
      #">
   </cell>
   <cell col-end="8" col-start="8" row-end="4" row-start="4" text="0.006">
   </cell>
   <cell col-end="9" col-start="9" row-end="4" row-start="4" text="0.07">
   </cell>
   <cell col-end="10" col-start="10" row-end="4" row-start="4" text="1, 2 &gt; 3*">
   </cell>
  </row>
  <row row="5">
   <cell col-end="0" col-start="0" row-end="5" row-start="5" text="Neg. symptoms">
   </cell>
   <cell col-end="1" col-start="1" row-end="5" row-start="5" text="29.41">
   </cell>
   <cell col-end="2" col-start="2" row-end="5" row-start="5" text="6.72">
   </cell>
   <cell col-end="3" col-start="3" row-end="5" row-start="5" text="24.85">
   </cell>
   <cell col-end="4" col-start="4" row-end="5" row-start="5" text="8.16">
   </cell>
   <cell col-end="5" col-start="5" row-end="5" row-start="5" text="23.37">
   </cell>
   <cell col-end="6" col-start="6" row-end="5" row-start="5" text="5.59">
   </cell>
   <cell col-end="7" col-start="7" row-end="5" row-start="5" text="5.61">
   </cell>
   <cell col-end="8" col-start="8" row-end="5" row-start="5" text="0.005">
   </cell>
   <cell col-end="9" col-start="9" row-end="5" row-start="5" text="0.10">
   </cell>
   <cell col-end="10" col-start="10" row-end="5" row-start="5" text="1 &gt; 3*">
   </cell>
  </row>
  <row row="6">
   <cell col-end="0" col-start="0" row-end="6" row-start="6" text="General symptoms">
   </cell>
   <cell col-end="1" col-start="1" row-end="6" row-start="6" text="43.26">
   </cell>
   <cell col-end="2" col-start="2" row-end="6" row-start="6" text="11.22">
   </cell>
   <cell col-end="3" col-start="3" row-end="6" row-start="6" text="47.70">
   </cell>
   <cell col-end="4" col-start="4" row-end="6" row-start="6" text="10.54">
   </cell>
   <cell col-end="5" col-start="5" row-end="6" row-start="6" text="37.96">
   </cell>
   <cell col-end="6" col-start="6" row-end="6" row-start="6" text="7.14">
   </cell>
   <cell col-end="7" col-start="7" row-end="6" row-start="6" text="8.21
     
      #">
   </cell>
   <cell col-end="8" col-start="8" row-end="6" row-start="6" text="0.001">
   </cell>
   <cell col-end="9" col-start="9" row-end="6" row-start="6" text="0.11">
   </cell>
   <cell col-end="10" col-start="10" row-end="6" row-start="6" text="2 &gt; 3*">
   </cell>
  </row>
  <row row="7">
   <cell col-end="0" col-start="0" row-end="7" row-start="7" text="Total (PANSS)">
   </cell>
   <cell col-end="1" col-start="1" row-end="7" row-start="7" text="92.70">
   </cell>
   <cell col-end="2" col-start="2" row-end="7" row-start="7" text="22.26">
   </cell>
   <cell col-end="3" col-start="3" row-end="7" row-start="7" text="93.33">
   </cell>
   <cell col-end="4" col-start="4" row-end="7" row-start="7" text="23.18">
   </cell>
   <cell col-end="5" col-start="5" row-end="7" row-start="7" text="77.22">
   </cell>
   <cell col-end="6" col-start="6" row-end="7" row-start="7" text="15.53">
   </cell>
   <cell col-end="7" col-start="7" row-end="7" row-start="7" text="5.30">
   </cell>
   <cell col-end="8" col-start="8" row-end="7" row-start="7" text="0.007">
   </cell>
   <cell col-end="9" col-start="9" row-end="7" row-start="7" text="0.10">
   </cell>
   <cell col-end="10" col-start="10" row-end="7" row-start="7" text="1, 2 &gt; 3*">
   </cell>
  </row>
  <statements>
   <statement id="0" text="Average of SCHI's active symptoms is greater than the average of FPC and SCHI+SA." type="">
   </statement>
   <statement id="3" text="Specific results are presented in Table 3 ." type="">
   </statement>
   <statement id="4" text="The least value in w2 column is 0.09." type="">
   </statement>
   <statement id="5" text="The SD of FPC has highest total than SD of SCHI+SA and SCHI." type="">
   </statement>
   <statement id="6" text="The table have got 5 groups." type="">
   </statement>
  </statements>
 </table>
 <table id="Table 4">
  <caption text="

   The ANOVA results for the EPQ-R questionnaire sub-scales in the research groups.
  
">
  </caption>
  <legend text="


    M
   
   - average;
   
    Me
   
   - median;
   
    F -
   
   ANOVA test statistics; p - materiality test normality layout; ω2 - omega-square (effect size magnitude); ## - Sidak's test, * - The difference at p ≤ .05.
  
">
  </legend>
  <row row="0">
   <cell col-end="10" col-start="0" row-end="0" row-start="0" text="Groups">
   </cell>
  </row>
  <row row="1">
   <cell col-end="0" col-start="0" row-end="3" row-start="1" text="">
   </cell>
   <cell col-end="2" col-start="1" row-end="1" row-start="1" text="1">
   </cell>
   <cell col-end="4" col-start="3" row-end="1" row-start="1" text="2">
   </cell>
   <cell col-end="6" col-start="5" row-end="1" row-start="1" text="3">
   </cell>
   <cell col-end="7" col-start="7" row-end="3" row-start="1" text="F">
   </cell>
   <cell col-end="8" col-start="8" row-end="3" row-start="1" text="p">
   </cell>
   <cell col-end="9" col-start="9" row-end="3" row-start="1" text="ω
     
      2">
   </cell>
   <cell col-end="10" col-start="10" row-end="3" row-start="1" text="Post-hoc
     
      ##">
   </cell>
  </row>
  <row row="2">
   <cell col-end="2" col-start="1" row-end="2" row-start="2" text="FPC (n = 27)">
   </cell>
   <cell col-end="4" col-start="3" row-end="2" row-start="2" text="SCHI + SA (n = 27)">
   </cell>
   <cell col-end="6" col-start="5" row-end="2" row-start="2" text="SCHI (n = 27)">
   </cell>
  </row>
  <row row="3">
   <cell col-end="1" col-start="1" row-end="3" row-start="3" text="M">
   </cell>
   <cell col-end="2" col-start="2" row-end="3" row-start="3" text="SD">
   </cell>
   <cell col-end="3" col-start="3" row-end="3" row-start="3" text="M">
   </cell>
   <cell col-end="4" col-start="4" row-end="3" row-start="3" text="SD">
   </cell>
   <cell col-end="5" col-start="5" row-end="3" row-start="3" text="M">
   </cell>
   <cell col-end="6" col-start="6" row-end="3" row-start="3" text="SD">
   </cell>
  </row>
  <row row="4">
   <cell col-end="0" col-start="0" row-end="4" row-start="4" text="Neuroticism">
   </cell>
   <cell col-end="1" col-start="1" row-end="4" row-start="4" text="12.59">
   </cell>
   <cell col-end="2" col-start="2" row-end="4" row-start="4" text="5.03">
   </cell>
   <cell col-end="3" col-start="3" row-end="4" row-start="4" text="16.04">
   </cell>
   <cell col-end="4" col-start="4" row-end="4" row-start="4" text="4.99">
   </cell>
   <cell col-end="5" col-start="5" row-end="4" row-start="4" text="13.15">
   </cell>
   <cell col-end="6" col-start="6" row-end="4" row-start="4" text="5.09">
   </cell>
   <cell col-end="7" col-start="7" row-end="4" row-start="4" text="3.64">
   </cell>
   <cell col-end="8" col-start="8" row-end="4" row-start="4" text="0.031">
   </cell>
   <cell col-end="9" col-start="9" row-end="4" row-start="4" text="0.06">
   </cell>
   <cell col-end="10" col-start="10" row-end="4" row-start="4" text="2 &gt; 1*">
   </cell>
  </row>
  <row row="5">
   <cell col-end="0" col-start="0" row-end="5" row-start="5" text="Extraversion">
   </cell>
   <cell col-end="1" col-start="1" row-end="5" row-start="5" text="13.81">
   </cell>
   <cell col-end="2" col-start="2" row-end="5" row-start="5" text="4.90">
   </cell>
   <cell col-end="3" col-start="3" row-end="5" row-start="5" text="10.67">
   </cell>
   <cell col-end="4" col-start="4" row-end="5" row-start="5" text="4.02">
   </cell>
   <cell col-end="5" col-start="5" row-end="5" row-start="5" text="10.22">
   </cell>
   <cell col-end="6" col-start="6" row-end="5" row-start="5" text="5.05">
   </cell>
   <cell col-end="7" col-start="7" row-end="5" row-start="5" text="4.73">
   </cell>
   <cell col-end="8" col-start="8" row-end="5" row-start="5" text="0.011">
   </cell>
   <cell col-end="9" col-start="9" row-end="5" row-start="5" text="0.08">
   </cell>
   <cell col-end="10" col-start="10" row-end="5" row-start="5" text="1 &gt; 2, 3*">
   </cell>
  </row>
  <row row="6">
   <cell col-end="0" col-start="0" row-end="6" row-start="6" text="Psychoticism">
   </cell>
   <cell col-end="1" col-start="1" row-end="6" row-start="6" text="8.33">
   </cell>
   <cell col-end="2" col-start="2" row-end="6" row-start="6" text="3.25">
   </cell>
   <cell col-end="3" col-start="3" row-end="6" row-start="6" text="11.37">
   </cell>
   <cell col-end="4" col-start="4" row-end="6" row-start="6" text="4.44">
   </cell>
   <cell col-end="5" col-start="5" row-end="6" row-start="6" text="7.96">
   </cell>
   <cell col-end="6" col-start="6" row-end="6" row-start="6" text="3.31">
   </cell>
   <cell col-end="7" col-start="7" row-end="6" row-start="6" text="6.87">
   </cell>
   <cell col-end="8" col-start="8" row-end="6" row-start="6" text="0.002">
   </cell>
   <cell col-end="9" col-start="9" row-end="6" row-start="6" text="0.13">
   </cell>
   <cell col-end="10" col-start="10" row-end="6" row-start="6" text="2 &gt; 1, 3*">
   </cell>
  </row>
  <row row="7">
   <cell col-end="0" col-start="0" row-end="7" row-start="7" text="Lie scale">
   </cell>
   <cell col-end="1" col-start="1" row-end="7" row-start="7" text="11.74">
   </cell>
   <cell col-end="2" col-start="2" row-end="7" row-start="7" text="3.79">
   </cell>
   <cell col-end="3" col-start="3" row-end="7" row-start="7" text="8.33">
   </cell>
   <cell col-end="4" col-start="4" row-end="7" row-start="7" text="2.99">
   </cell>
   <cell col-end="5" col-start="5" row-end="7" row-start="7" text="10.52">
   </cell>
   <cell col-end="6" col-start="6" row-end="7" row-start="7" text="3.95">
   </cell>
   <cell col-end="7" col-start="7" row-end="7" row-start="7" text="6.21">
   </cell>
   <cell col-end="8" col-start="8" row-end="7" row-start="7" text="0.003">
   </cell>
   <cell col-end="9" col-start="9" row-end="7" row-start="7" text="0.11">
   </cell>
   <cell col-end="10" col-start="10" row-end="7" row-start="7" text="1 &gt; 2*">
   </cell>
  </row>
  <row row="8">
   <cell col-end="0" col-start="0" row-end="8" row-start="8" text="Subst. abuse">
   </cell>
   <cell col-end="1" col-start="1" row-end="8" row-start="8" text="12.59">
   </cell>
   <cell col-end="2" col-start="2" row-end="8" row-start="8" text="5.13">
   </cell>
   <cell col-end="3" col-start="3" row-end="8" row-start="8" text="18.15">
   </cell>
   <cell col-end="4" col-start="4" row-end="8" row-start="8" text="5.15">
   </cell>
   <cell col-end="5" col-start="5" row-end="8" row-start="8" text="9.56">
   </cell>
   <cell col-end="6" col-start="6" row-end="8" row-start="8" text="6.85">
   </cell>
   <cell col-end="7" col-start="7" row-end="8" row-start="8" text="15.42">
   </cell>
   <cell col-end="8" col-start="8" row-end="8" row-start="8" text="&lt; 0.001">
   </cell>
   <cell col-end="9" col-start="9" row-end="8" row-start="8" text="0.26">
   </cell>
   <cell col-end="10" col-start="10" row-end="8" row-start="8" text="2 &gt; 1, 3*">
   </cell>
  </row>
  <row row="9">
   <cell col-end="0" col-start="0" row-end="9" row-start="9" text="Crime">
   </cell>
   <cell col-end="1" col-start="1" row-end="9" row-start="9" text="12.81">
   </cell>
   <cell col-end="2" col-start="2" row-end="9" row-start="9" text="4.96">
   </cell>
   <cell col-end="3" col-start="3" row-end="9" row-start="9" text="17.22">
   </cell>
   <cell col-end="4" col-start="4" row-end="9" row-start="9" text="5.58">
   </cell>
   <cell col-end="5" col-start="5" row-end="9" row-start="9" text="11.44">
   </cell>
   <cell col-end="6" col-start="6" row-end="9" row-start="9" text="6.04">
   </cell>
   <cell col-end="7" col-start="7" row-end="9" row-start="9" text="8.00">
   </cell>
   <cell col-end="8" col-start="8" row-end="9" row-start="9" text="0.001">
   </cell>
   <cell col-end="9" col-start="9" row-end="9" row-start="9" text="0.15">
   </cell>
   <cell col-end="10" col-start="10" row-end="9" row-start="9" text="2 &gt; 1, 3*">
   </cell>
  </row>
  <statements>
   <statement id="0" text="Crime value of F is" type="">
   </statement>
   <statement id="2" text="Neuroticism value of p is 0.031." type="">
   </statement>
   <statement id="3" text="Psychoticism value of F is 10.67" type="">
   </statement>
   <statement id="7" text="The highest value of p is 0.031." type="">
   </statement>
  </statements>
 </table>
 <table id="Table 5">
  <caption text="

   The ANOVA results for the IVE questionnaire subscales in the research groups.
  
">
  </caption>
  <legend text="


    M
   
   - average;
   
    Me
   
   - median;
   
    F -
   
   ANOVA test statistics;
   
    p
   
   - materiality test normality layout; ω2 - omega-square (effect size magnitude); # - Welch's ANOVA; ## - in the case of the equal variance of Sidak's test, in the case of uneven variance Games-Howell's test; * - important differences at p ≤ .05.
  
">
  </legend>
  <row row="0">
   <cell col-end="10" col-start="0" row-end="0" row-start="0" text="Groups">
   </cell>
  </row>
  <row row="1">
   <cell col-end="0" col-start="0" row-end="3" row-start="1" text="">
   </cell>
   <cell col-end="2" col-start="1" row-end="1" row-start="1" text="1">
   </cell>
   <cell col-end="4" col-start="3" row-end="1" row-start="1" text="2">
   </cell>
   <cell col-end="6" col-start="5" row-end="1" row-start="1" text="3">
   </cell>
   <cell col-end="7" col-start="7" row-end="3" row-start="1" text="F">
   </cell>
   <cell col-end="8" col-start="8" row-end="3" row-start="1" text="p">
   </cell>
   <cell col-end="9" col-start="9" row-end="3" row-start="1" text="ω
     
      2">
   </cell>
   <cell col-end="10" col-start="10" row-end="3" row-start="1" text="Post-hoc
     
      ##">
   </cell>
  </row>
  <row row="2">
   <cell col-end="2" col-start="1" row-end="2" row-start="2" text="FPC (n = 27)">
   </cell>
   <cell col-end="4" col-start="3" row-end="2" row-start="2" text="SCHI + SA (n = 27)">
   </cell>
   <cell col-end="6" col-start="5" row-end="2" row-start="2" text="SCHI (n = 27)">
   </cell>
  </row>
  <row row="3">
   <cell col-end="1" col-start="1" row-end="3" row-start="3" text="M">
   </cell>
   <cell col-end="2" col-start="2" row-end="3" row-start="3" text="SD">
   </cell>
   <cell col-end="3" col-start="3" row-end="3" row-start="3" text="M">
   </cell>
   <cell col-end="4" col-start="4" row-end="3" row-start="3" text="SD">
   </cell>
   <cell col-end="5" col-start="5" row-end="3" row-start="3" text="M">
   </cell>
   <cell col-end="6" col-start="6" row-end="3" row-start="3" text="SD">
   </cell>
  </row>
  <row row="4">
   <cell col-end="0" col-start="0" row-end="4" row-start="4" text="Impulsiveness
     

       a">
   </cell>
   <cell col-end="1" col-start="1" row-end="4" row-start="4" text="6.85">
   </cell>
   <cell col-end="2" col-start="2" row-end="4" row-start="4" text="3.05">
   </cell>
   <cell col-end="3" col-start="3" row-end="4" row-start="4" text="8.63">
   </cell>
   <cell col-end="4" col-start="4" row-end="4" row-start="4" text="4.75">
   </cell>
   <cell col-end="5" col-start="5" row-end="4" row-start="4" text="5.96">
   </cell>
   <cell col-end="6" col-start="6" row-end="4" row-start="4" text="4.31">
   </cell>
   <cell col-end="7" col-start="7" row-end="4" row-start="4" text="2.37
     
      #">
   </cell>
   <cell col-end="8" col-start="8" row-end="4" row-start="4" text="0.104">
   </cell>
   <cell col-end="9" col-start="9" row-end="4" row-start="4" text="0.03">
   </cell>
   <cell col-end="10" col-start="10" row-end="4" row-start="4" text="–">
   </cell>
  </row>
  <row row="5">
   <cell col-end="0" col-start="0" row-end="5" row-start="5" text="Venturesomeness">
   </cell>
   <cell col-end="1" col-start="1" row-end="5" row-start="5" text="8.63">
   </cell>
   <cell col-end="2" col-start="2" row-end="5" row-start="5" text="4.47">
   </cell>
   <cell col-end="3" col-start="3" row-end="5" row-start="5" text="6.48">
   </cell>
   <cell col-end="4" col-start="4" row-end="5" row-start="5" text="3.69">
   </cell>
   <cell col-end="5" col-start="5" row-end="5" row-start="5" text="6.56">
   </cell>
   <cell col-end="6" col-start="6" row-end="5" row-start="5" text="4.58">
   </cell>
   <cell col-end="7" col-start="7" row-end="5" row-start="5" text="2.21">
   </cell>
   <cell col-end="8" col-start="8" row-end="5" row-start="5" text="0.117">
   </cell>
   <cell col-end="9" col-start="9" row-end="5" row-start="5" text="0.03">
   </cell>
   <cell col-end="10" col-start="10" row-end="5" row-start="5" text="–">
   </cell>
  </row>
  <row row="6">
   <cell col-end="0" col-start="0" row-end="6" row-start="6" text="Empathy">
   </cell>
   <cell col-end="1" col-start="1" row-end="6" row-start="6" text="13.07">
   </cell>
   <cell col-end="2" col-start="2" row-end="6" row-start="6" text="4.65">
   </cell>
   <cell col-end="3" col-start="3" row-end="6" row-start="6" text="12.85">
   </cell>
   <cell col-end="4" col-start="4" row-end="6" row-start="6" text="2.46">
   </cell>
   <cell col-end="5" col-start="5" row-end="6" row-start="6" text="12.22">
   </cell>
   <cell col-end="6" col-start="6" row-end="6" row-start="6" text="3.67">
   </cell>
   <cell col-end="7" col-start="7" row-end="6" row-start="6" text="0.36
     
      #">
   </cell>
   <cell col-end="8" col-start="8" row-end="6" row-start="6" text="0.699">
   </cell>
   <cell col-end="9" col-start="9" row-end="6" row-start="6" text="&lt; 0.01">
   </cell>
   <cell col-end="10" col-start="10" row-end="6" row-start="6" text="–">
   </cell>
  </row>
  <statements>
   <statement id="4" text="Specific results are presented in Table 5 ." type="">
   </statement>
   <statement id="5" text="Table has 8 research groups." type="">
   </statement>
  </statements>
 </table>
 <table id="Table 6">
  <caption text="

   The ANOVA results for the STAI questionnaire (X1 and X2) assessing anxiety as a state and as a trait in the research groups.
  
">
  </caption>
  <legend text="


    M
   
   - average;
   
    Me
   
   - median;
   
    F -
   
   ANOVA test statistics; p - materiality test normality layout; ω2 - omega-square (effect size magnitude)
   
    ; # -
   
   Welch's ANOVA; ## - in the case of the equal variance of Sidak's test, in the case of uneven variance Games-Howell's test; * - important differences at p ≤ .05.
  
">
  </legend>
  <row row="0">
   <cell col-end="10" col-start="0" row-end="0" row-start="0" text="Groups">
   </cell>
  </row>
  <row row="1">
   <cell col-end="0" col-start="0" row-end="3" row-start="1" text="">
   </cell>
   <cell col-end="2" col-start="1" row-end="1" row-start="1" text="1">
   </cell>
   <cell col-end="4" col-start="3" row-end="1" row-start="1" text="2">
   </cell>
   <cell col-end="6" col-start="5" row-end="1" row-start="1" text="3">
   </cell>
   <cell col-end="7" col-start="7" row-end="3" row-start="1" text="F">
   </cell>
   <cell col-end="8" col-start="8" row-end="3" row-start="1" text="p">
   </cell>
   <cell col-end="9" col-start="9" row-end="3" row-start="1" text="ω
     
      2">
   </cell>
   <cell col-end="10" col-start="10" row-end="3" row-start="1" text="Post-hoc
     
      ##">
   </cell>
  </row>
  <row row="2">
   <cell col-end="2" col-start="1" row-end="2" row-start="2" text="FPC (n = 27)">
   </cell>
   <cell col-end="4" col-start="3" row-end="2" row-start="2" text="SCHI + SA (n = 27)">
   </cell>
   <cell col-end="6" col-start="5" row-end="2" row-start="2" text="SCHI (n = 27)">
   </cell>
  </row>
  <row row="3">
   <cell col-end="1" col-start="1" row-end="3" row-start="3" text="M">
   </cell>
   <cell col-end="2" col-start="2" row-end="3" row-start="3" text="SD">
   </cell>
   <cell col-end="3" col-start="3" row-end="3" row-start="3" text="M">
   </cell>
   <cell col-end="4" col-start="4" row-end="3" row-start="3" text="SD">
   </cell>
   <cell col-end="5" col-start="5" row-end="3" row-start="3" text="M">
   </cell>
   <cell col-end="6" col-start="6" row-end="3" row-start="3" text="SD">
   </cell>
  </row>
  <row row="4">
   <cell col-end="0" col-start="0" row-end="4" row-start="4" text="Anxiety - state (X1)">
   </cell>
   <cell col-end="1" col-start="1" row-end="4" row-start="4" text="41.81">
   </cell>
   <cell col-end="2" col-start="2" row-end="4" row-start="4" text="21.97">
   </cell>
   <cell col-end="3" col-start="3" row-end="4" row-start="4" text="45.78">
   </cell>
   <cell col-end="4" col-start="4" row-end="4" row-start="4" text="18.62">
   </cell>
   <cell col-end="5" col-start="5" row-end="4" row-start="4" text="38.22">
   </cell>
   <cell col-end="6" col-start="6" row-end="4" row-start="4" text="14.22">
   </cell>
   <cell col-end="7" col-start="7" row-end="4" row-start="4" text="1.12">
   </cell>
   <cell col-end="8" col-start="8" row-end="4" row-start="4" text="0.331">
   </cell>
   <cell col-end="9" col-start="9" row-end="4" row-start="4" text="&lt; 0.01">
   </cell>
   <cell col-end="10" col-start="10" row-end="4" row-start="4" text="–">
   </cell>
  </row>
  <row row="5">
   <cell col-end="0" col-start="0" row-end="5" row-start="5" text="Anxiety - trait (X2)">
   </cell>
   <cell col-end="1" col-start="1" row-end="5" row-start="5" text="67.37">
   </cell>
   <cell col-end="2" col-start="2" row-end="5" row-start="5" text="27.89">
   </cell>
   <cell col-end="3" col-start="3" row-end="5" row-start="5" text="51.85">
   </cell>
   <cell col-end="4" col-start="4" row-end="5" row-start="5" text="17.22">
   </cell>
   <cell col-end="5" col-start="5" row-end="5" row-start="5" text="51.96">
   </cell>
   <cell col-end="6" col-start="6" row-end="5" row-start="5" text="17.35">
   </cell>
   <cell col-end="7" col-start="7" row-end="5" row-start="5" text="3.44
     
      #">
   </cell>
   <cell col-end="8" col-start="8" row-end="5" row-start="5" text="0.040">
   </cell>
   <cell col-end="9" col-start="9" row-end="5" row-start="5" text="0.07">
   </cell>
   <cell col-end="10" col-start="10" row-end="5" row-start="5" text="1 &gt; 2, 3*">
   </cell>
  </row>
  <statements>
   <statement id="0" text="All scales have same value." type="">
   </statement>
   <statement id="3" text="The data in Table 6 suggests that the persons from the FPC group experience indeed more anxiety than patients in other groups." type="">
   </statement>
  </statements>
 </table>
</document>