<document>
 <table id="Table 3">
  <caption text="

   The ﬁrst six modes and their frequency.
  
">
  </caption>
  <row row="0">
   <cell col-end="0" col-start="0" row-end="0" row-start="0" text="Mode Number">
   </cell>
   <cell col-end="1" col-start="1" row-end="0" row-start="0" text="Period (sec)">
   </cell>
   <cell col-end="2" col-start="2" row-end="0" row-start="0" text="Frequency (cyc/sec)">
   </cell>
  </row>
  <row row="1">
   <cell col-end="0" col-start="0" row-end="1" row-start="1" text="1
     
      st">
   </cell>
   <cell col-end="1" col-start="1" row-end="1" row-start="1" text="2.01065">
   </cell>
   <cell col-end="2" col-start="2" row-end="1" row-start="1" text="0.49735">
   </cell>
  </row>
  <row row="2">
   <cell col-end="0" col-start="0" row-end="2" row-start="2" text="2
     
      nd">
   </cell>
   <cell col-end="1" col-start="1" row-end="2" row-start="2" text="1.96584">
   </cell>
   <cell col-end="2" col-start="2" row-end="2" row-start="2" text="0.50869">
   </cell>
  </row>
  <row row="3">
   <cell col-end="0" col-start="0" row-end="3" row-start="3" text="3
     
      rd">
   </cell>
   <cell col-end="1" col-start="1" row-end="3" row-start="3" text="1.08229">
   </cell>
   <cell col-end="2" col-start="2" row-end="3" row-start="3" text="0.92397">
   </cell>
  </row>
  <row row="4">
   <cell col-end="0" col-start="0" row-end="4" row-start="4" text="4
     
      th">
   </cell>
   <cell col-end="1" col-start="1" row-end="4" row-start="4" text="0.75505">
   </cell>
   <cell col-end="2" col-start="2" row-end="4" row-start="4" text="1.32441">
   </cell>
  </row>
  <row row="5">
   <cell col-end="0" col-start="0" row-end="5" row-start="5" text="5
     
      th">
   </cell>
   <cell col-end="1" col-start="1" row-end="5" row-start="5" text="0.74937">
   </cell>
   <cell col-end="2" col-start="2" row-end="5" row-start="5" text="1.33445">
   </cell>
  </row>
  <row row="6">
   <cell col-end="0" col-start="0" row-end="6" row-start="6" text="6
     
      th">
   </cell>
   <cell col-end="1" col-start="1" row-end="6" row-start="6" text="0.25483">
   </cell>
   <cell col-end="2" col-start="2" row-end="6" row-start="6" text="3.92412">
   </cell>
  </row>
  <statements>
   <statement id="2" text="The Frequency is calculated in cyc/sec ." type="">
   </statement>
   <statement id="3" text="The Mode 1st has highest Period (sec) 2.01065." type="">
   </statement>
   <statement id="6" text="The period is calculated in sec." type="">
   </statement>
   <statement id="7" text="There are six modes." type="">
   </statement>
   <statement id="12" text="The Mode 6th is having lowest Period (sec) 0.25483." type="">
   </statement>
  </statements>
 </table>
 <table id="Table 4">
  <caption text="

   Stresses at selected points in Al-Rifa’i minaret (MPa).
  
">
  </caption>
  <row row="0">
   <cell col-end="0" col-start="0" row-end="1" row-start="0" text="Point">
   </cell>
   <cell col-end="1" col-start="1" row-end="1" row-start="0" text="Location">
   </cell>
   <cell col-end="2" col-start="2" row-end="1" row-start="0" text="Stress direction">
   </cell>
   <cell col-end="6" col-start="3" row-end="0" row-start="0" text="Nonlinear analysis (Ansys)">
   </cell>
   <cell col-end="9" col-start="7" row-end="0" row-start="0" text="Linear analysis (Sap)">
   </cell>
  </row>
  <row row="1">
   <cell col-end="3" col-start="3" row-end="1" row-start="1" text="Gravity">
   </cell>
   <cell col-end="4" col-start="4" row-end="1" row-start="1" text="Wind">
   </cell>
   <cell col-end="5" col-start="5" row-end="1" row-start="1" text="Zone 3">
   </cell>
   <cell col-end="6" col-start="6" row-end="1" row-start="1" text="Zone 5">
   </cell>
   <cell col-end="7" col-start="7" row-end="1" row-start="1" text="Zone 3">
   </cell>
   <cell col-end="8" col-start="8" row-end="1" row-start="1" text="El-Centro">
   </cell>
   <cell col-end="9" col-start="9" row-end="1" row-start="1" text="Response Spectrum">
   </cell>
  </row>
  <row row="2">
   <cell col-end="0" col-start="0" row-end="2" row-start="2" text="2">
   </cell>
   <cell col-end="1" col-start="1" row-end="2" row-start="2" text="Upper part of column">
   </cell>
   <cell col-end="2" col-start="2" row-end="2" row-start="2" text="S
     
      y MPa">
   </cell>
   <cell col-end="3" col-start="3" row-end="2" row-start="2" text="−1.662">
   </cell>
   <cell col-end="4" col-start="4" row-end="2" row-start="2" text="−2.143">
   </cell>
   <cell col-end="5" col-start="5" row-end="2" row-start="2" text="−2.647">
   </cell>
   <cell col-end="6" col-start="6" row-end="2" row-start="2" text="−3.200">
   </cell>
   <cell col-end="7" col-start="7" row-end="2" row-start="2" text="−2.290">
   </cell>
   <cell col-end="8" col-start="8" row-end="2" row-start="2" text="−3.841">
   </cell>
   <cell col-end="9" col-start="9" row-end="2" row-start="2" text="−2.629">
   </cell>
  </row>
  <row row="3">
   <cell col-end="0" col-start="0" row-end="3" row-start="3" text="3">
   </cell>
   <cell col-end="1" col-start="1" row-end="3" row-start="3" text="Lower part of column">
   </cell>
   <cell col-end="2" col-start="2" row-end="3" row-start="3" text="S
     
      y MPa">
   </cell>
   <cell col-end="3" col-start="3" row-end="3" row-start="3" text="−1.963">
   </cell>
   <cell col-end="4" col-start="4" row-end="3" row-start="3" text="−2.716">
   </cell>
   <cell col-end="5" col-start="5" row-end="3" row-start="3" text="−3.631">
   </cell>
   <cell col-end="6" col-start="6" row-end="3" row-start="3" text="−4.929">
   </cell>
   <cell col-end="7" col-start="7" row-end="3" row-start="3" text="−3.381">
   </cell>
   <cell col-end="8" col-start="8" row-end="3" row-start="3" text="−6.125">
   </cell>
   <cell col-end="9" col-start="9" row-end="3" row-start="3" text="−4.089">
   </cell>
  </row>
  <row row="4">
   <cell col-end="0" col-start="0" row-end="4" row-start="4" text="4">
   </cell>
   <cell col-end="1" col-start="1" row-end="4" row-start="4" text="Second transition part">
   </cell>
   <cell col-end="2" col-start="2" row-end="4" row-start="4" text="S
     
      y MPa">
   </cell>
   <cell col-end="3" col-start="3" row-end="4" row-start="4" text="−0.368">
   </cell>
   <cell col-end="4" col-start="4" row-end="4" row-start="4" text="−0.381">
   </cell>
   <cell col-end="5" col-start="5" row-end="4" row-start="4" text="−0.518">
   </cell>
   <cell col-end="6" col-start="6" row-end="4" row-start="4" text="−0.590">
   </cell>
   <cell col-end="7" col-start="7" row-end="4" row-start="4" text="−0.971">
   </cell>
   <cell col-end="8" col-start="8" row-end="4" row-start="4" text="−1.126">
   </cell>
   <cell col-end="9" col-start="9" row-end="4" row-start="4" text="−1.088">
   </cell>
  </row>
  <row row="5">
   <cell col-end="0" col-start="0" row-end="5" row-start="5" text="5">
   </cell>
   <cell col-end="1" col-start="1" row-end="5" row-start="5" text="First transition part">
   </cell>
   <cell col-end="2" col-start="2" row-end="5" row-start="5" text="S
     
      y MPa">
   </cell>
   <cell col-end="3" col-start="3" row-end="5" row-start="5" text="−0.464">
   </cell>
   <cell col-end="4" col-start="4" row-end="5" row-start="5" text="−0.576">
   </cell>
   <cell col-end="5" col-start="5" row-end="5" row-start="5" text="−0.776">
   </cell>
   <cell col-end="6" col-start="6" row-end="5" row-start="5" text="−0.951">
   </cell>
   <cell col-end="7" col-start="7" row-end="5" row-start="5" text="−1.159">
   </cell>
   <cell col-end="8" col-start="8" row-end="5" row-start="5" text="−1.309">
   </cell>
   <cell col-end="9" col-start="9" row-end="5" row-start="5" text="−1.022">
   </cell>
  </row>
  <row row="6">
   <cell col-end="0" col-start="0" row-end="6" row-start="6" text="6">
   </cell>
   <cell col-end="1" col-start="1" row-end="6" row-start="6" text="Base">
   </cell>
   <cell col-end="2" col-start="2" row-end="6" row-start="6" text="S
     
      y MPa">
   </cell>
   <cell col-end="3" col-start="3" row-end="6" row-start="6" text="−0.663">
   </cell>
   <cell col-end="4" col-start="4" row-end="6" row-start="6" text="−0.911">
   </cell>
   <cell col-end="5" col-start="5" row-end="6" row-start="6" text="−1.200">
   </cell>
   <cell col-end="6" col-start="6" row-end="6" row-start="6" text="−1.500">
   </cell>
   <cell col-end="7" col-start="7" row-end="6" row-start="6" text="−1.511">
   </cell>
   <cell col-end="8" col-start="8" row-end="6" row-start="6" text="−1.639">
   </cell>
   <cell col-end="9" col-start="9" row-end="6" row-start="6" text="−1.246">
   </cell>
  </row>
  <statements>
   <statement id="3" text="The Stresses are analysed Linearly and Non linearly in the given table." type="">
   </statement>
   <statement id="5" text="There are 5 points in the given table." type="">
   </statement>
   <statement id="7" text="The following section contains the numerical results for six points along the minaret height from base to top, locations of the points are shown in Fig. 25 , values for stresses and displacement at the selected points are listed in Table 4 and Table 5 respectively." type="">
   </statement>
  </statements>
 </table>
 <table id="Table 5">
  <caption text="

   Displacements at selected points in Al-Rifa’i minaret (mm).
  
">
  </caption>
  <row row="0">
   <cell col-end="0" col-start="0" row-end="1" row-start="0" text="Point">
   </cell>
   <cell col-end="1" col-start="1" row-end="1" row-start="0" text="Location">
   </cell>
   <cell col-end="5" col-start="2" row-end="0" row-start="0" text="Nonlinear analysis (Ansys) Disp. In mm">
   </cell>
   <cell col-end="8" col-start="6" row-end="0" row-start="0" text="Linear analysis (Sap) Disp. In mm">
   </cell>
  </row>
  <row row="1">
   <cell col-end="2" col-start="2" row-end="1" row-start="1" text="Gravity">
   </cell>
   <cell col-end="3" col-start="3" row-end="1" row-start="1" text="Wind">
   </cell>
   <cell col-end="4" col-start="4" row-end="1" row-start="1" text="Zone 3">
   </cell>
   <cell col-end="5" col-start="5" row-end="1" row-start="1" text="Zone">
   </cell>
   <cell col-end="6" col-start="6" row-end="1" row-start="1" text="Zone 3">
   </cell>
   <cell col-end="7" col-start="7" row-end="1" row-start="1" text="El-Centro">
   </cell>
   <cell col-end="8" col-start="8" row-end="1" row-start="1" text="Response Spectrum">
   </cell>
  </row>
  <row row="2">
   <cell col-end="0" col-start="0" row-end="2" row-start="2" text="1">
   </cell>
   <cell col-end="1" col-start="1" row-end="2" row-start="2" text="Top of spire">
   </cell>
   <cell col-end="2" col-start="2" row-end="2" row-start="2" text="4.7">
   </cell>
   <cell col-end="3" col-start="3" row-end="2" row-start="2" text="21.2">
   </cell>
   <cell col-end="4" col-start="4" row-end="2" row-start="2" text="55.7">
   </cell>
   <cell col-end="5" col-start="5" row-end="2" row-start="2" text="58">
   </cell>
   <cell col-end="6" col-start="6" row-end="2" row-start="2" text="80">
   </cell>
   <cell col-end="7" col-start="7" row-end="2" row-start="2" text="125">
   </cell>
   <cell col-end="8" col-start="8" row-end="2" row-start="2" text="71.1">
   </cell>
  </row>
  <row row="3">
   <cell col-end="0" col-start="0" row-end="3" row-start="3" text="2">
   </cell>
   <cell col-end="1" col-start="1" row-end="3" row-start="3" text="Upper part of column">
   </cell>
   <cell col-end="2" col-start="2" row-end="3" row-start="3" text="4.4">
   </cell>
   <cell col-end="3" col-start="3" row-end="3" row-start="3" text="13.7">
   </cell>
   <cell col-end="4" col-start="4" row-end="3" row-start="3" text="38.3">
   </cell>
   <cell col-end="5" col-start="5" row-end="3" row-start="3" text="41.3">
   </cell>
   <cell col-end="6" col-start="6" row-end="3" row-start="3" text="71.3">
   </cell>
   <cell col-end="7" col-start="7" row-end="3" row-start="3" text="115.4">
   </cell>
   <cell col-end="8" col-start="8" row-end="3" row-start="3" text="65.3">
   </cell>
  </row>
  <row row="4">
   <cell col-end="0" col-start="0" row-end="4" row-start="4" text="3">
   </cell>
   <cell col-end="1" col-start="1" row-end="4" row-start="4" text="Lower part of column">
   </cell>
   <cell col-end="2" col-start="2" row-end="4" row-start="4" text="2.7">
   </cell>
   <cell col-end="3" col-start="3" row-end="4" row-start="4" text="6.5">
   </cell>
   <cell col-end="4" col-start="4" row-end="4" row-start="4" text="22.6">
   </cell>
   <cell col-end="5" col-start="5" row-end="4" row-start="4" text="23.77">
   </cell>
   <cell col-end="6" col-start="6" row-end="4" row-start="4" text="26">
   </cell>
   <cell col-end="7" col-start="7" row-end="4" row-start="4" text="35.6">
   </cell>
   <cell col-end="8" col-start="8" row-end="4" row-start="4" text="15.3">
   </cell>
  </row>
  <row row="5">
   <cell col-end="0" col-start="0" row-end="5" row-start="5" text="4">
   </cell>
   <cell col-end="1" col-start="1" row-end="5" row-start="5" text="Second transition part">
   </cell>
   <cell col-end="2" col-start="2" row-end="5" row-start="5" text="2.1">
   </cell>
   <cell col-end="3" col-start="3" row-end="5" row-start="5" text="3.1">
   </cell>
   <cell col-end="4" col-start="4" row-end="5" row-start="5" text="10.9">
   </cell>
   <cell col-end="5" col-start="5" row-end="5" row-start="5" text="11.7">
   </cell>
   <cell col-end="6" col-start="6" row-end="5" row-start="5" text="10.2">
   </cell>
   <cell col-end="7" col-start="7" row-end="5" row-start="5" text="12.9">
   </cell>
   <cell col-end="8" col-start="8" row-end="5" row-start="5" text="6">
   </cell>
  </row>
  <row row="6">
   <cell col-end="0" col-start="0" row-end="6" row-start="6" text="5">
   </cell>
   <cell col-end="1" col-start="1" row-end="6" row-start="6" text="First transition part">
   </cell>
   <cell col-end="2" col-start="2" row-end="6" row-start="6" text="1.2">
   </cell>
   <cell col-end="3" col-start="3" row-end="6" row-start="6" text="1.5">
   </cell>
   <cell col-end="4" col-start="4" row-end="6" row-start="6" text="3.2">
   </cell>
   <cell col-end="5" col-start="5" row-end="6" row-start="6" text="3.288">
   </cell>
   <cell col-end="6" col-start="6" row-end="6" row-start="6" text="3">
   </cell>
   <cell col-end="7" col-start="7" row-end="6" row-start="6" text="3.8">
   </cell>
   <cell col-end="8" col-start="8" row-end="6" row-start="6" text="3.1">
   </cell>
  </row>
  <statements>
   <statement id="0" text="The highest Zone 3 in Nonlinear analysis (Ansys) Disp. In mm is 55.7." type="">
   </statement>
   <statement id="5" text="They have eight different location." type="">
   </statement>
   <statement id="6" text="They have five different location." type="">
   </statement>
  </statements>
 </table>
</document>