<document>
 <table id="Table 9">
  <caption text="

   Physico-chemical and
   
    in vitro
   
   properties of RARβ agonist C286
   
    24.
   

">
  </caption>
  <legend text="

   For
   
    a, b, c, d, e
   
   see reference 12.
   
    d
   
   Cyp450 isoforms 1A2, 2C9, 2C19, 2D6, 3A4.
  
">
  </legend>
  <row row="0">
   <cell col-end="0" col-start="0" row-end="0" row-start="0" text="LogD
     
      a
     

     7.4">
   </cell>
   <cell col-end="1" col-start="1" row-end="0" row-start="0" text="Solubility
     
      b
     
     µM
     
     pH 7.4">
   </cell>
   <cell col-end="2" col-start="2" row-end="0" row-start="0" text="MDCK
     
      c
     
     Papp
     
     ×10
     
      -6
     
     cm/s">
   </cell>
   <cell col-end="3" col-start="3" row-end="0" row-start="0" text="MDCK
     
      c
     
     asymmetry ratio">
   </cell>
   <cell col-end="4" col-start="4" row-end="0" row-start="0" text="Cyp450
     
      d
     

     IC
     
      50
     

     μM">
   </cell>
   <cell col-end="5" col-start="5" row-end="0" row-start="0" text="Human Cl
     
      int
     

      e
     
     µL/min/mg protein">
   </cell>
  </row>
  <row row="1">
   <cell col-end="0" col-start="0" row-end="1" row-start="1" text="2.8">
   </cell>
   <cell col-end="1" col-start="1" row-end="1" row-start="1" text="&gt;100">
   </cell>
   <cell col-end="2" col-start="2" row-end="1" row-start="1" text="28">
   </cell>
   <cell col-end="3" col-start="3" row-end="1" row-start="1" text="0.8">
   </cell>
   <cell col-end="4" col-start="4" row-end="1" row-start="1" text="&gt;25">
   </cell>
   <cell col-end="5" col-start="5" row-end="1" row-start="1" text="&lt;1">
   </cell>
  </row>
  <statements>
   <statement id="1" text="The Solubility b M pH 7.4 is &gt;100." type="">
   </statement>
   <statement id="4" text="There are 6 scenarios in the given table." type="">
   </statement>
   <statement id="5" text="There are 7 scenarios in the given table." type="">
   </statement>
  </statements>
 </table>
</document>