<document>
 <table id="Table 9">
  <caption text="

   Total acidity of the uncoated and coated tomatoes during storage.
  
">
  </caption>
  <row row="0">
   <cell col-end="0" col-start="0" row-end="1" row-start="0" text="Treatment">
   </cell>
   <cell col-end="5" col-start="1" row-end="0" row-start="0" text="Storage periods">
   </cell>
  </row>
  <row row="1">
   <cell col-end="1" col-start="1" row-end="1" row-start="1" text="0th day">
   </cell>
   <cell col-end="2" col-start="2" row-end="1" row-start="1" text="7th day">
   </cell>
   <cell col-end="3" col-start="3" row-end="1" row-start="1" text="14th day">
   </cell>
   <cell col-end="4" col-start="4" row-end="1" row-start="1" text="21st day">
   </cell>
   <cell col-end="5" col-start="5" row-end="1" row-start="1" text="28th day">
   </cell>
  </row>
  <row row="2">
   <cell col-end="0" col-start="0" row-end="2" row-start="2" text="1%
     
      K. alvarezii">
   </cell>
   <cell col-end="1" col-start="1" row-end="2" row-start="2" text="0.898">
   </cell>
   <cell col-end="2" col-start="2" row-end="2" row-start="2" text="0.788">
   </cell>
   <cell col-end="3" col-start="3" row-end="2" row-start="2" text="0.653">
   </cell>
   <cell col-end="4" col-start="4" row-end="2" row-start="2" text="0.478">
   </cell>
   <cell col-end="5" col-start="5" row-end="2" row-start="2" text="0.264">
   </cell>
  </row>
  <row row="3">
   <cell col-end="0" col-start="0" row-end="3" row-start="3" text="2%
     
      K. alvarezii">
   </cell>
   <cell col-end="1" col-start="1" row-end="3" row-start="3" text="0.898">
   </cell>
   <cell col-end="2" col-start="2" row-end="3" row-start="3" text="0.834">
   </cell>
   <cell col-end="3" col-start="3" row-end="3" row-start="3" text="0.769">
   </cell>
   <cell col-end="4" col-start="4" row-end="3" row-start="3" text="0.641">
   </cell>
   <cell col-end="5" col-start="5" row-end="3" row-start="3" text="0.598">
   </cell>
  </row>
  <row row="4">
   <cell col-end="0" col-start="0" row-end="4" row-start="4" text="3%
     
      K. alvarezii">
   </cell>
   <cell col-end="1" col-start="1" row-end="4" row-start="4" text="0.898">
   </cell>
   <cell col-end="2" col-start="2" row-end="4" row-start="4" text="0.875">
   </cell>
   <cell col-end="3" col-start="3" row-end="4" row-start="4" text="0.856">
   </cell>
   <cell col-end="4" col-start="4" row-end="4" row-start="4" text="0.820">
   </cell>
   <cell col-end="5" col-start="5" row-end="4" row-start="4" text="0.785">
   </cell>
  </row>
  <row row="5">
   <cell col-end="0" col-start="0" row-end="5" row-start="5" text="1%
     
      S. tenerrimum">
   </cell>
   <cell col-end="1" col-start="1" row-end="5" row-start="5" text="0.898">
   </cell>
   <cell col-end="2" col-start="2" row-end="5" row-start="5" text="0.754">
   </cell>
   <cell col-end="3" col-start="3" row-end="5" row-start="5" text="0.623">
   </cell>
   <cell col-end="4" col-start="4" row-end="5" row-start="5" text="0.543">
   </cell>
   <cell col-end="5" col-start="5" row-end="5" row-start="5" text="0.421">
   </cell>
  </row>
  <row row="6">
   <cell col-end="0" col-start="0" row-end="6" row-start="6" text="2%
     
      S. tenerrimum">
   </cell>
   <cell col-end="1" col-start="1" row-end="6" row-start="6" text="0.898">
   </cell>
   <cell col-end="2" col-start="2" row-end="6" row-start="6" text="0.764">
   </cell>
   <cell col-end="3" col-start="3" row-end="6" row-start="6" text="0.730">
   </cell>
   <cell col-end="4" col-start="4" row-end="6" row-start="6" text="0.701">
   </cell>
   <cell col-end="5" col-start="5" row-end="6" row-start="6" text="0.684">
   </cell>
  </row>
  <row row="7">
   <cell col-end="0" col-start="0" row-end="7" row-start="7" text="3%
     
      S. tenerrimum">
   </cell>
   <cell col-end="1" col-start="1" row-end="7" row-start="7" text="0.898">
   </cell>
   <cell col-end="2" col-start="2" row-end="7" row-start="7" text="0.800">
   </cell>
   <cell col-end="3" col-start="3" row-end="7" row-start="7" text="0.765">
   </cell>
   <cell col-end="4" col-start="4" row-end="7" row-start="7" text="0.743">
   </cell>
   <cell col-end="5" col-start="5" row-end="7" row-start="7" text="0.710">
   </cell>
  </row>
  <row row="8">
   <cell col-end="0" col-start="0" row-end="8" row-start="8" text="Control (uncoated)">
   </cell>
   <cell col-end="1" col-start="1" row-end="8" row-start="8" text="0.898">
   </cell>
   <cell col-end="2" col-start="2" row-end="8" row-start="8" text="0.547">
   </cell>
   <cell col-end="3" col-start="3" row-end="8" row-start="8" text="0.421">
   </cell>
   <cell col-end="4" col-start="4" row-end="8" row-start="8" text="0.359">
   </cell>
   <cell col-end="5" col-start="5" row-end="8" row-start="8" text="0.168">
   </cell>
  </row>
  <statements>
   <statement id="2" text="The Storage periods for 0th day is same for all the Treatment." type="">
   </statement>
   <statement id="5" text="For 1% S. tenerrimum storage periods varies from 0.421 to 0.898." type="">
   </statement>
  </statements>
 </table>
 <table id="Table 4">
  <caption text="

   Weight loss of the uncoated and coated tomatoes during storage.
  
">
  </caption>
  <row row="0">
   <cell col-end="0" col-start="0" row-end="1" row-start="0" text="Treatment">
   </cell>
   <cell col-end="5" col-start="1" row-end="0" row-start="0" text="Storage periods">
   </cell>
  </row>
  <row row="1">
   <cell col-end="1" col-start="1" row-end="1" row-start="1" text="0th day">
   </cell>
   <cell col-end="2" col-start="2" row-end="1" row-start="1" text="7th day">
   </cell>
   <cell col-end="3" col-start="3" row-end="1" row-start="1" text="14th day">
   </cell>
   <cell col-end="4" col-start="4" row-end="1" row-start="1" text="21st day">
   </cell>
   <cell col-end="5" col-start="5" row-end="1" row-start="1" text="28th day">
   </cell>
  </row>
  <row row="2">
   <cell col-end="0" col-start="0" row-end="2" row-start="2" text="1%
     
      K. alvarezii">
   </cell>
   <cell col-end="1" col-start="1" row-end="2" row-start="2" text="0.00">
   </cell>
   <cell col-end="2" col-start="2" row-end="2" row-start="2" text="4.235">
   </cell>
   <cell col-end="3" col-start="3" row-end="2" row-start="2" text="9.001">
   </cell>
   <cell col-end="4" col-start="4" row-end="2" row-start="2" text="13.846">
   </cell>
   <cell col-end="5" col-start="5" row-end="2" row-start="2" text="17.220">
   </cell>
  </row>
  <row row="3">
   <cell col-end="0" col-start="0" row-end="3" row-start="3" text="2%
     
      K. alvarezii">
   </cell>
   <cell col-end="1" col-start="1" row-end="3" row-start="3" text="0.00">
   </cell>
   <cell col-end="2" col-start="2" row-end="3" row-start="3" text="3.004">
   </cell>
   <cell col-end="3" col-start="3" row-end="3" row-start="3" text="6.023">
   </cell>
   <cell col-end="4" col-start="4" row-end="3" row-start="3" text="8.768">
   </cell>
   <cell col-end="5" col-start="5" row-end="3" row-start="3" text="15.768">
   </cell>
  </row>
  <row row="4">
   <cell col-end="0" col-start="0" row-end="4" row-start="4" text="3%
     
      K. alvarezii">
   </cell>
   <cell col-end="1" col-start="1" row-end="4" row-start="4" text="0.00">
   </cell>
   <cell col-end="2" col-start="2" row-end="4" row-start="4" text="2.402">
   </cell>
   <cell col-end="3" col-start="3" row-end="4" row-start="4" text="3.814">
   </cell>
   <cell col-end="4" col-start="4" row-end="4" row-start="4" text="4.449">
   </cell>
   <cell col-end="5" col-start="5" row-end="4" row-start="4" text="6.332">
   </cell>
  </row>
  <row row="5">
   <cell col-end="0" col-start="0" row-end="5" row-start="5" text="1%
     
      S. tenerrimum">
   </cell>
   <cell col-end="1" col-start="1" row-end="5" row-start="5" text="0.00">
   </cell>
   <cell col-end="2" col-start="2" row-end="5" row-start="5" text="4.615">
   </cell>
   <cell col-end="3" col-start="3" row-end="5" row-start="5" text="11.261">
   </cell>
   <cell col-end="4" col-start="4" row-end="5" row-start="5" text="13.869">
   </cell>
   <cell col-end="5" col-start="5" row-end="5" row-start="5" text="16.917">
   </cell>
  </row>
  <row row="6">
   <cell col-end="0" col-start="0" row-end="6" row-start="6" text="2%
     
      S. tenerrimum">
   </cell>
   <cell col-end="1" col-start="1" row-end="6" row-start="6" text="0.00">
   </cell>
   <cell col-end="2" col-start="2" row-end="6" row-start="6" text="4.376">
   </cell>
   <cell col-end="3" col-start="3" row-end="6" row-start="6" text="9.100">
   </cell>
   <cell col-end="4" col-start="4" row-end="6" row-start="6" text="12.981">
   </cell>
   <cell col-end="5" col-start="5" row-end="6" row-start="6" text="16.790">
   </cell>
  </row>
  <row row="7">
   <cell col-end="0" col-start="0" row-end="7" row-start="7" text="3%
     
      S. tenerrimum">
   </cell>
   <cell col-end="1" col-start="1" row-end="7" row-start="7" text="0.00">
   </cell>
   <cell col-end="2" col-start="2" row-end="7" row-start="7" text="2.772">
   </cell>
   <cell col-end="3" col-start="3" row-end="7" row-start="7" text="7.411">
   </cell>
   <cell col-end="4" col-start="4" row-end="7" row-start="7" text="11.985">
   </cell>
   <cell col-end="5" col-start="5" row-end="7" row-start="7" text="16.165">
   </cell>
  </row>
  <row row="8">
   <cell col-end="0" col-start="0" row-end="8" row-start="8" text="Control (uncoated)">
   </cell>
   <cell col-end="1" col-start="1" row-end="8" row-start="8" text="0.00">
   </cell>
   <cell col-end="2" col-start="2" row-end="8" row-start="8" text="3.611">
   </cell>
   <cell col-end="3" col-start="3" row-end="8" row-start="8" text="9.924">
   </cell>
   <cell col-end="4" col-start="4" row-end="8" row-start="8" text="15.451">
   </cell>
   <cell col-end="5" col-start="5" row-end="8" row-start="8" text="19.639">
   </cell>
  </row>
  <statements>
   <statement id="0" text="The largest storage period of 3% S. tenerrimum on 28th day is 16.165" type="">
   </statement>
   <statement id="1" text="The results of weight loss during the storage period were presented in the following Table 4 and Figure 1 ." type="">
   </statement>
   <statement id="5" text="Weight loss was recorded in tomato fruits coated and uncoated with different concentrations of K. alvarezii and S. tenerrimum extract coating." type="">
   </statement>
   <statement id="6" text="The lowest storage period of 3% K. alvarezzi on 28th day is 6.332" type="">
   </statement>
  </statements>
 </table>
 <table id="Table 6">
  <caption text="

   Ascorbic acid content of the uncoated and coated tomatoes during storage.
  
">
  </caption>
  <row row="0">
   <cell col-end="0" col-start="0" row-end="1" row-start="0" text="Treatment">
   </cell>
   <cell col-end="5" col-start="1" row-end="0" row-start="0" text="Storage periods">
   </cell>
  </row>
  <row row="1">
   <cell col-end="1" col-start="1" row-end="1" row-start="1" text="0th day">
   </cell>
   <cell col-end="2" col-start="2" row-end="1" row-start="1" text="7th day">
   </cell>
   <cell col-end="3" col-start="3" row-end="1" row-start="1" text="14th day">
   </cell>
   <cell col-end="4" col-start="4" row-end="1" row-start="1" text="21st day">
   </cell>
   <cell col-end="5" col-start="5" row-end="1" row-start="1" text="28th day">
   </cell>
  </row>
  <row row="2">
   <cell col-end="0" col-start="0" row-end="2" row-start="2" text="1%
     
      K. alvarezii">
   </cell>
   <cell col-end="1" col-start="1" row-end="2" row-start="2" text="26.82">
   </cell>
   <cell col-end="2" col-start="2" row-end="2" row-start="2" text="22.68">
   </cell>
   <cell col-end="3" col-start="3" row-end="2" row-start="2" text="22.39">
   </cell>
   <cell col-end="4" col-start="4" row-end="2" row-start="2" text="20.85">
   </cell>
   <cell col-end="5" col-start="5" row-end="2" row-start="2" text="19.46">
   </cell>
  </row>
  <row row="3">
   <cell col-end="0" col-start="0" row-end="3" row-start="3" text="2%
     
      K. alvarezii">
   </cell>
   <cell col-end="1" col-start="1" row-end="3" row-start="3" text="26.82">
   </cell>
   <cell col-end="2" col-start="2" row-end="3" row-start="3" text="23.05">
   </cell>
   <cell col-end="3" col-start="3" row-end="3" row-start="3" text="22.70">
   </cell>
   <cell col-end="4" col-start="4" row-end="3" row-start="3" text="21.57">
   </cell>
   <cell col-end="5" col-start="5" row-end="3" row-start="3" text="20.70">
   </cell>
  </row>
  <row row="4">
   <cell col-end="0" col-start="0" row-end="4" row-start="4" text="3%
     
      K. alvarezii">
   </cell>
   <cell col-end="1" col-start="1" row-end="4" row-start="4" text="26.82">
   </cell>
   <cell col-end="2" col-start="2" row-end="4" row-start="4" text="25.70">
   </cell>
   <cell col-end="3" col-start="3" row-end="4" row-start="4" text="24.98">
   </cell>
   <cell col-end="4" col-start="4" row-end="4" row-start="4" text="24.48">
   </cell>
   <cell col-end="5" col-start="5" row-end="4" row-start="4" text="23.89">
   </cell>
  </row>
  <row row="5">
   <cell col-end="0" col-start="0" row-end="5" row-start="5" text="1%
     
      S. tenerrimum">
   </cell>
   <cell col-end="1" col-start="1" row-end="5" row-start="5" text="26.82">
   </cell>
   <cell col-end="2" col-start="2" row-end="5" row-start="5" text="22.37">
   </cell>
   <cell col-end="3" col-start="3" row-end="5" row-start="5" text="22.26">
   </cell>
   <cell col-end="4" col-start="4" row-end="5" row-start="5" text="21.47">
   </cell>
   <cell col-end="5" col-start="5" row-end="5" row-start="5" text="20.94">
   </cell>
  </row>
  <row row="6">
   <cell col-end="0" col-start="0" row-end="6" row-start="6" text="2%
     
      S. tenerrimum">
   </cell>
   <cell col-end="1" col-start="1" row-end="6" row-start="6" text="26.82">
   </cell>
   <cell col-end="2" col-start="2" row-end="6" row-start="6" text="23.64">
   </cell>
   <cell col-end="3" col-start="3" row-end="6" row-start="6" text="23.42">
   </cell>
   <cell col-end="4" col-start="4" row-end="6" row-start="6" text="22.65">
   </cell>
   <cell col-end="5" col-start="5" row-end="6" row-start="6" text="21.05">
   </cell>
  </row>
  <row row="7">
   <cell col-end="0" col-start="0" row-end="7" row-start="7" text="3%
     
      S. tenerrimum">
   </cell>
   <cell col-end="1" col-start="1" row-end="7" row-start="7" text="26.82">
   </cell>
   <cell col-end="2" col-start="2" row-end="7" row-start="7" text="25.49">
   </cell>
   <cell col-end="3" col-start="3" row-end="7" row-start="7" text="24.70">
   </cell>
   <cell col-end="4" col-start="4" row-end="7" row-start="7" text="23.84">
   </cell>
   <cell col-end="5" col-start="5" row-end="7" row-start="7" text="22.46">
   </cell>
  </row>
  <row row="8">
   <cell col-end="0" col-start="0" row-end="8" row-start="8" text="Control (uncoated)">
   </cell>
   <cell col-end="1" col-start="1" row-end="8" row-start="8" text="26.82">
   </cell>
   <cell col-end="2" col-start="2" row-end="8" row-start="8" text="20.11">
   </cell>
   <cell col-end="3" col-start="3" row-end="8" row-start="8" text="18.99">
   </cell>
   <cell col-end="4" col-start="4" row-end="8" row-start="8" text="15.64">
   </cell>
   <cell col-end="5" col-start="5" row-end="8" row-start="8" text="11.59">
   </cell>
  </row>
  <statements>
   <statement id="0" text="The Treatment starts from 1%K to 3% K in . alvarezii ." type="">
   </statement>
   <statement id="2" text="It was found that the application of 3% K. alvarezii extract coating retention of ascorbic acid content was considerably high during the storage period." type="">
   </statement>
  </statements>
 </table>
 <table id="Table 5">
  <caption text="

   Texture of uncoated and coated tomatoes during storage.
  
">
  </caption>
  <row row="0">
   <cell col-end="0" col-start="0" row-end="1" row-start="0" text="Treatment">
   </cell>
   <cell col-end="5" col-start="1" row-end="0" row-start="0" text="Storage periods">
   </cell>
  </row>
  <row row="1">
   <cell col-end="1" col-start="1" row-end="1" row-start="1" text="0th day">
   </cell>
   <cell col-end="2" col-start="2" row-end="1" row-start="1" text="7th day">
   </cell>
   <cell col-end="3" col-start="3" row-end="1" row-start="1" text="14th day">
   </cell>
   <cell col-end="4" col-start="4" row-end="1" row-start="1" text="21st day">
   </cell>
   <cell col-end="5" col-start="5" row-end="1" row-start="1" text="28th day">
   </cell>
  </row>
  <row row="2">
   <cell col-end="0" col-start="0" row-end="2" row-start="2" text="1%
     
      K. alvarezii">
   </cell>
   <cell col-end="1" col-start="1" row-end="2" row-start="2" text="Fresh and firm">
   </cell>
   <cell col-end="2" col-start="2" row-end="2" row-start="2" text="Firm">
   </cell>
   <cell col-end="3" col-start="3" row-end="2" row-start="2" text="Slightly shrinked">
   </cell>
   <cell col-end="4" col-start="4" row-end="2" row-start="2" text="Shrinked and dots appeared">
   </cell>
   <cell col-end="5" col-start="5" row-end="2" row-start="2" text="Oozing of water">
   </cell>
  </row>
  <row row="3">
   <cell col-end="0" col-start="0" row-end="3" row-start="3" text="2%
     
      K. alvarezii">
   </cell>
   <cell col-end="1" col-start="1" row-end="3" row-start="3" text="Fresh and firm">
   </cell>
   <cell col-end="2" col-start="2" row-end="3" row-start="3" text="Firm">
   </cell>
   <cell col-end="3" col-start="3" row-end="3" row-start="3" text="Slightly shrinked">
   </cell>
   <cell col-end="4" col-start="4" row-end="3" row-start="3" text="Slightly shrinked">
   </cell>
   <cell col-end="5" col-start="5" row-end="3" row-start="3" text="Shrinked">
   </cell>
  </row>
  <row row="4">
   <cell col-end="0" col-start="0" row-end="4" row-start="4" text="3%
     
      K. alvarezii">
   </cell>
   <cell col-end="1" col-start="1" row-end="4" row-start="4" text="Fresh and firm">
   </cell>
   <cell col-end="2" col-start="2" row-end="4" row-start="4" text="Firm">
   </cell>
   <cell col-end="3" col-start="3" row-end="4" row-start="4" text="Firm and bright in colour">
   </cell>
   <cell col-end="4" col-start="4" row-end="4" row-start="4" text="Firm">
   </cell>
   <cell col-end="5" col-start="5" row-end="4" row-start="4" text="Firm">
   </cell>
  </row>
  <row row="5">
   <cell col-end="0" col-start="0" row-end="5" row-start="5" text="1%
     
      S. tenerrimum">
   </cell>
   <cell col-end="1" col-start="1" row-end="5" row-start="5" text="Fresh and firm">
   </cell>
   <cell col-end="2" col-start="2" row-end="5" row-start="5" text="Slightly shrinked">
   </cell>
   <cell col-end="3" col-start="3" row-end="5" row-start="5" text="Shrinked">
   </cell>
   <cell col-end="4" col-start="4" row-end="5" row-start="5" text="Dots and shrinked">
   </cell>
   <cell col-end="5" col-start="5" row-end="5" row-start="5" text="Decayed">
   </cell>
  </row>
  <row row="6">
   <cell col-end="0" col-start="0" row-end="6" row-start="6" text="2%
     
      S. tenerrimum">
   </cell>
   <cell col-end="1" col-start="1" row-end="6" row-start="6" text="Fresh and firm">
   </cell>
   <cell col-end="2" col-start="2" row-end="6" row-start="6" text="Firm">
   </cell>
   <cell col-end="3" col-start="3" row-end="6" row-start="6" text="Slightly shrinked">
   </cell>
   <cell col-end="4" col-start="4" row-end="6" row-start="6" text="Slightly shrinked">
   </cell>
   <cell col-end="5" col-start="5" row-end="6" row-start="6" text="Shrink and damaged">
   </cell>
  </row>
  <row row="7">
   <cell col-end="0" col-start="0" row-end="7" row-start="7" text="3%
     
      S. tenerrimum">
   </cell>
   <cell col-end="1" col-start="1" row-end="7" row-start="7" text="Fresh and firm">
   </cell>
   <cell col-end="2" col-start="2" row-end="7" row-start="7" text="Firm">
   </cell>
   <cell col-end="3" col-start="3" row-end="7" row-start="7" text="Firm">
   </cell>
   <cell col-end="4" col-start="4" row-end="7" row-start="7" text="Firm">
   </cell>
   <cell col-end="5" col-start="5" row-end="7" row-start="7" text="Slightly shrinked">
   </cell>
  </row>
  <row row="8">
   <cell col-end="0" col-start="0" row-end="8" row-start="8" text="Control (Uncoated)">
   </cell>
   <cell col-end="1" col-start="1" row-end="8" row-start="8" text="Fresh and firm">
   </cell>
   <cell col-end="2" col-start="2" row-end="8" row-start="8" text="Slightly shrinked">
   </cell>
   <cell col-end="3" col-start="3" row-end="8" row-start="8" text="Shrink and cracked">
   </cell>
   <cell col-end="4" col-start="4" row-end="8" row-start="8" text="Oozing of water">
   </cell>
   <cell col-end="5" col-start="5" row-end="8" row-start="8" text="Decayed">
   </cell>
  </row>
  <statements>
   <statement id="0" text="In 0th day everything is Fresh and firm in all Treatment." type="">
   </statement>
   <statement id="3" text="In 28th day all the coated and uncoated tomatoes is oozing of water." type="">
   </statement>
   <statement id="4" text="In 5th day everything is Fresh and firm in all Treatment." type="">
   </statement>
   <statement id="6" text="It is evident from the results that the texture of the seaweed coated tomatoes was firm and fresh than the control." type="">
   </statement>
   <statement id="8" text="The texture of both control and seaweed coated tomatoes were recorded on storing for 28 days." type="">
   </statement>
  </statements>
 </table>
 <table id="Table 7">
  <caption text="

   Juice content of the uncoated and coated tomatoes during storage.
  
">
  </caption>
  <row row="0">
   <cell col-end="0" col-start="0" row-end="1" row-start="0" text="Treatment">
   </cell>
   <cell col-end="5" col-start="1" row-end="0" row-start="0" text="Storage periods">
   </cell>
  </row>
  <row row="1">
   <cell col-end="1" col-start="1" row-end="1" row-start="1" text="0th day">
   </cell>
   <cell col-end="2" col-start="2" row-end="1" row-start="1" text="7thday">
   </cell>
   <cell col-end="3" col-start="3" row-end="1" row-start="1" text="14th day">
   </cell>
   <cell col-end="4" col-start="4" row-end="1" row-start="1" text="21st day">
   </cell>
   <cell col-end="5" col-start="5" row-end="1" row-start="1" text="28th day">
   </cell>
  </row>
  <row row="2">
   <cell col-end="0" col-start="0" row-end="2" row-start="2" text="1%
     
      K. alvarezii">
   </cell>
   <cell col-end="1" col-start="1" row-end="2" row-start="2" text="85.61">
   </cell>
   <cell col-end="2" col-start="2" row-end="2" row-start="2" text="78.46">
   </cell>
   <cell col-end="3" col-start="3" row-end="2" row-start="2" text="73.041">
   </cell>
   <cell col-end="4" col-start="4" row-end="2" row-start="2" text="64.262">
   </cell>
   <cell col-end="5" col-start="5" row-end="2" row-start="2" text="62.476">
   </cell>
  </row>
  <row row="3">
   <cell col-end="0" col-start="0" row-end="3" row-start="3" text="2%
     
      K. alvarezii">
   </cell>
   <cell col-end="1" col-start="1" row-end="3" row-start="3" text="85.61">
   </cell>
   <cell col-end="2" col-start="2" row-end="3" row-start="3" text="80.39">
   </cell>
   <cell col-end="3" col-start="3" row-end="3" row-start="3" text="75.060">
   </cell>
   <cell col-end="4" col-start="4" row-end="3" row-start="3" text="69.325">
   </cell>
   <cell col-end="5" col-start="5" row-end="3" row-start="3" text="65.974">
   </cell>
  </row>
  <row row="4">
   <cell col-end="0" col-start="0" row-end="4" row-start="4" text="3%
     
      K. alvarezii">
   </cell>
   <cell col-end="1" col-start="1" row-end="4" row-start="4" text="85.61">
   </cell>
   <cell col-end="2" col-start="2" row-end="4" row-start="4" text="85.35">
   </cell>
   <cell col-end="3" col-start="3" row-end="4" row-start="4" text="84.953">
   </cell>
   <cell col-end="4" col-start="4" row-end="4" row-start="4" text="79.959">
   </cell>
   <cell col-end="5" col-start="5" row-end="4" row-start="4" text="78.993">
   </cell>
  </row>
  <row row="5">
   <cell col-end="0" col-start="0" row-end="5" row-start="5" text="1%
     
      S. tenerrimum">
   </cell>
   <cell col-end="1" col-start="1" row-end="5" row-start="5" text="85.61">
   </cell>
   <cell col-end="2" col-start="2" row-end="5" row-start="5" text="82.730">
   </cell>
   <cell col-end="3" col-start="3" row-end="5" row-start="5" text="63.740">
   </cell>
   <cell col-end="4" col-start="4" row-end="5" row-start="5" text="57.738">
   </cell>
   <cell col-end="5" col-start="5" row-end="5" row-start="5" text="52.712">
   </cell>
  </row>
  <row row="6">
   <cell col-end="0" col-start="0" row-end="6" row-start="6" text="2%
     
      S. tenerrimum">
   </cell>
   <cell col-end="1" col-start="1" row-end="6" row-start="6" text="85.61">
   </cell>
   <cell col-end="2" col-start="2" row-end="6" row-start="6" text="81.674">
   </cell>
   <cell col-end="3" col-start="3" row-end="6" row-start="6" text="66.627">
   </cell>
   <cell col-end="4" col-start="4" row-end="6" row-start="6" text="60.956">
   </cell>
   <cell col-end="5" col-start="5" row-end="6" row-start="6" text="59.333">
   </cell>
  </row>
  <row row="7">
   <cell col-end="0" col-start="0" row-end="7" row-start="7" text="3%
     
      S. tenerrimum">
   </cell>
   <cell col-end="1" col-start="1" row-end="7" row-start="7" text="85.61">
   </cell>
   <cell col-end="2" col-start="2" row-end="7" row-start="7" text="83.567">
   </cell>
   <cell col-end="3" col-start="3" row-end="7" row-start="7" text="77.118">
   </cell>
   <cell col-end="4" col-start="4" row-end="7" row-start="7" text="66.043">
   </cell>
   <cell col-end="5" col-start="5" row-end="7" row-start="7" text="61.972">
   </cell>
  </row>
  <row row="8">
   <cell col-end="0" col-start="0" row-end="8" row-start="8" text="Control (uncoated)">
   </cell>
   <cell col-end="1" col-start="1" row-end="8" row-start="8" text="85.61">
   </cell>
   <cell col-end="2" col-start="2" row-end="8" row-start="8" text="77.236">
   </cell>
   <cell col-end="3" col-start="3" row-end="8" row-start="8" text="58.693">
   </cell>
   <cell col-end="4" col-start="4" row-end="8" row-start="8" text="52.779">
   </cell>
   <cell col-end="5" col-start="5" row-end="8" row-start="8" text="45.515">
   </cell>
  </row>
  <statements>
   <statement id="2" text="Storage periods has a different number of days ." type="">
   </statement>
   <statement id="4" text="There are 7 different types of treatment in this table." type="">
   </statement>
   <statement id="5" text="There are 8 different of treatment in this table." type="">
   </statement>
  </statements>
 </table>
 <table id="Table 8">
  <caption text="

   Total soluble solids (TSS° Brix) of the uncoated and coated tomatoes during storage.
  
">
  </caption>
  <row row="0">
   <cell col-end="0" col-start="0" row-end="1" row-start="0" text="Treatment">
   </cell>
   <cell col-end="5" col-start="1" row-end="0" row-start="0" text="Storage periods">
   </cell>
  </row>
  <row row="1">
   <cell col-end="1" col-start="1" row-end="1" row-start="1" text="0th day">
   </cell>
   <cell col-end="2" col-start="2" row-end="1" row-start="1" text="7th day">
   </cell>
   <cell col-end="3" col-start="3" row-end="1" row-start="1" text="14th day">
   </cell>
   <cell col-end="4" col-start="4" row-end="1" row-start="1" text="21st day">
   </cell>
   <cell col-end="5" col-start="5" row-end="1" row-start="1" text="28th day">
   </cell>
  </row>
  <row row="2">
   <cell col-end="0" col-start="0" row-end="2" row-start="2" text="1%
     
      K. alvarezii">
   </cell>
   <cell col-end="1" col-start="1" row-end="2" row-start="2" text="11">
   </cell>
   <cell col-end="2" col-start="2" row-end="2" row-start="2" text="12">
   </cell>
   <cell col-end="3" col-start="3" row-end="2" row-start="2" text="9">
   </cell>
   <cell col-end="4" col-start="4" row-end="2" row-start="2" text="8">
   </cell>
   <cell col-end="5" col-start="5" row-end="2" row-start="2" text="7">
   </cell>
  </row>
  <row row="3">
   <cell col-end="0" col-start="0" row-end="3" row-start="3" text="2%
     
      K. alvarezii">
   </cell>
   <cell col-end="1" col-start="1" row-end="3" row-start="3" text="11">
   </cell>
   <cell col-end="2" col-start="2" row-end="3" row-start="3" text="12">
   </cell>
   <cell col-end="3" col-start="3" row-end="3" row-start="3" text="10">
   </cell>
   <cell col-end="4" col-start="4" row-end="3" row-start="3" text="10">
   </cell>
   <cell col-end="5" col-start="5" row-end="3" row-start="3" text="9">
   </cell>
  </row>
  <row row="4">
   <cell col-end="0" col-start="0" row-end="4" row-start="4" text="3%
     
      K. alvarezii">
   </cell>
   <cell col-end="1" col-start="1" row-end="4" row-start="4" text="11">
   </cell>
   <cell col-end="2" col-start="2" row-end="4" row-start="4" text="12">
   </cell>
   <cell col-end="3" col-start="3" row-end="4" row-start="4" text="12">
   </cell>
   <cell col-end="4" col-start="4" row-end="4" row-start="4" text="11">
   </cell>
   <cell col-end="5" col-start="5" row-end="4" row-start="4" text="11">
   </cell>
  </row>
  <row row="5">
   <cell col-end="0" col-start="0" row-end="5" row-start="5" text="1%
     
      S. tenerrimum">
   </cell>
   <cell col-end="1" col-start="1" row-end="5" row-start="5" text="11">
   </cell>
   <cell col-end="2" col-start="2" row-end="5" row-start="5" text="11">
   </cell>
   <cell col-end="3" col-start="3" row-end="5" row-start="5" text="10">
   </cell>
   <cell col-end="4" col-start="4" row-end="5" row-start="5" text="7">
   </cell>
   <cell col-end="5" col-start="5" row-end="5" row-start="5" text="7">
   </cell>
  </row>
  <row row="6">
   <cell col-end="0" col-start="0" row-end="6" row-start="6" text="2%
     
      S. tenerrimum">
   </cell>
   <cell col-end="1" col-start="1" row-end="6" row-start="6" text="11">
   </cell>
   <cell col-end="2" col-start="2" row-end="6" row-start="6" text="11">
   </cell>
   <cell col-end="3" col-start="3" row-end="6" row-start="6" text="9">
   </cell>
   <cell col-end="4" col-start="4" row-end="6" row-start="6" text="9">
   </cell>
   <cell col-end="5" col-start="5" row-end="6" row-start="6" text="6">
   </cell>
  </row>
  <row row="7">
   <cell col-end="0" col-start="0" row-end="7" row-start="7" text="3%
     
      S. tenerrimum">
   </cell>
   <cell col-end="1" col-start="1" row-end="7" row-start="7" text="11">
   </cell>
   <cell col-end="2" col-start="2" row-end="7" row-start="7" text="11">
   </cell>
   <cell col-end="3" col-start="3" row-end="7" row-start="7" text="11">
   </cell>
   <cell col-end="4" col-start="4" row-end="7" row-start="7" text="10">
   </cell>
   <cell col-end="5" col-start="5" row-end="7" row-start="7" text="9">
   </cell>
  </row>
  <row row="8">
   <cell col-end="0" col-start="0" row-end="8" row-start="8" text="Control (uncoated)">
   </cell>
   <cell col-end="1" col-start="1" row-end="8" row-start="8" text="11">
   </cell>
   <cell col-end="2" col-start="2" row-end="8" row-start="8" text="10">
   </cell>
   <cell col-end="3" col-start="3" row-end="8" row-start="8" text="5">
   </cell>
   <cell col-end="4" col-start="4" row-end="8" row-start="8" text="5">
   </cell>
   <cell col-end="5" col-start="5" row-end="8" row-start="8" text="4">
   </cell>
  </row>
  <statements>
   <statement id="1" text="3% S. tenerrimum Storage periods for 14th day is 22." type="">
   </statement>
   <statement id="2" text="Control (uncoated) Storage periods for 21st day is 5." type="">
   </statement>
   <statement id="5" text="Treatment Control (uncoated) Storage periods for 7th day 10." type="">
   </statement>
  </statements>
 </table>
 <table id="Table 10">
  <caption text="

   TSS/total acidity ratio of the uncoated and coated tomatoes during storage.
  
">
  </caption>
  <row row="0">
   <cell col-end="0" col-start="0" row-end="1" row-start="0" text="Treatments">
   </cell>
   <cell col-end="5" col-start="1" row-end="0" row-start="0" text="Storage periods">
   </cell>
  </row>
  <row row="1">
   <cell col-end="1" col-start="1" row-end="1" row-start="1" text="0th day">
   </cell>
   <cell col-end="2" col-start="2" row-end="1" row-start="1" text="7th day">
   </cell>
   <cell col-end="3" col-start="3" row-end="1" row-start="1" text="14th day">
   </cell>
   <cell col-end="4" col-start="4" row-end="1" row-start="1" text="21st day">
   </cell>
   <cell col-end="5" col-start="5" row-end="1" row-start="1" text="28th day">
   </cell>
  </row>
  <row row="2">
   <cell col-end="0" col-start="0" row-end="2" row-start="2" text="1%
     
      K. alvarezii">
   </cell>
   <cell col-end="1" col-start="1" row-end="2" row-start="2" text="12.249">
   </cell>
   <cell col-end="2" col-start="2" row-end="2" row-start="2" text="13.414">
   </cell>
   <cell col-end="3" col-start="3" row-end="2" row-start="2" text="13.714">
   </cell>
   <cell col-end="4" col-start="4" row-end="2" row-start="2" text="14.018">
   </cell>
   <cell col-end="5" col-start="5" row-end="2" row-start="2" text="14.388">
   </cell>
  </row>
  <row row="3">
   <cell col-end="0" col-start="0" row-end="3" row-start="3" text="2%
     
      K. alvarezii">
   </cell>
   <cell col-end="1" col-start="1" row-end="3" row-start="3" text="12.249">
   </cell>
   <cell col-end="2" col-start="2" row-end="3" row-start="3" text="13.003">
   </cell>
   <cell col-end="3" col-start="3" row-end="3" row-start="3" text="14.388">
   </cell>
   <cell col-end="4" col-start="4" row-end="3" row-start="3" text="15.600">
   </cell>
   <cell col-end="5" col-start="5" row-end="3" row-start="3" text="15.050">
   </cell>
  </row>
  <row row="4">
   <cell col-end="0" col-start="0" row-end="4" row-start="4" text="3%
     
      K. alvarezii">
   </cell>
   <cell col-end="1" col-start="1" row-end="4" row-start="4" text="12.249">
   </cell>
   <cell col-end="2" col-start="2" row-end="4" row-start="4" text="15.228">
   </cell>
   <cell col-end="3" col-start="3" row-end="4" row-start="4" text="13.782">
   </cell>
   <cell col-end="4" col-start="4" row-end="4" row-start="4" text="16.736">
   </cell>
   <cell col-end="5" col-start="5" row-end="4" row-start="4" text="14.012">
   </cell>
  </row>
  <row row="5">
   <cell col-end="0" col-start="0" row-end="5" row-start="5" text="1%
     
      S. tenerrimum">
   </cell>
   <cell col-end="1" col-start="1" row-end="5" row-start="5" text="12.249">
   </cell>
   <cell col-end="2" col-start="2" row-end="5" row-start="5" text="12.328">
   </cell>
   <cell col-end="3" col-start="3" row-end="5" row-start="5" text="12.838">
   </cell>
   <cell col-end="4" col-start="4" row-end="5" row-start="5" text="14.397">
   </cell>
   <cell col-end="5" col-start="5" row-end="5" row-start="5" text="8.771">
   </cell>
  </row>
  <row row="6">
   <cell col-end="0" col-start="0" row-end="6" row-start="6" text="2%
     
      S. tenerrimum">
   </cell>
   <cell col-end="1" col-start="1" row-end="6" row-start="6" text="12.249">
   </cell>
   <cell col-end="2" col-start="2" row-end="6" row-start="6" text="13.750">
   </cell>
   <cell col-end="3" col-start="3" row-end="6" row-start="6" text="14.379">
   </cell>
   <cell col-end="4" col-start="4" row-end="6" row-start="6" text="13.458">
   </cell>
   <cell col-end="5" col-start="5" row-end="6" row-start="6" text="12.676">
   </cell>
  </row>
  <row row="7">
   <cell col-end="0" col-start="0" row-end="7" row-start="7" text="3%
     
      S. tenerrimum">
   </cell>
   <cell col-end="1" col-start="1" row-end="7" row-start="7" text="12.249">
   </cell>
   <cell col-end="2" col-start="2" row-end="7" row-start="7" text="14.588">
   </cell>
   <cell col-end="3" col-start="3" row-end="7" row-start="7" text="16.051">
   </cell>
   <cell col-end="4" col-start="4" row-end="7" row-start="7" text="12.891">
   </cell>
   <cell col-end="5" col-start="5" row-end="7" row-start="7" text="16.627">
   </cell>
  </row>
  <row row="8">
   <cell col-end="0" col-start="0" row-end="8" row-start="8" text="Control (uncoated)">
   </cell>
   <cell col-end="1" col-start="1" row-end="8" row-start="8" text="12.249">
   </cell>
   <cell col-end="2" col-start="2" row-end="8" row-start="8" text="12.281">
   </cell>
   <cell col-end="3" col-start="3" row-end="8" row-start="8" text="11.876">
   </cell>
   <cell col-end="4" col-start="4" row-end="8" row-start="8" text="13.927">
   </cell>
   <cell col-end="5" col-start="5" row-end="8" row-start="8" text="13.809">
   </cell>
  </row>
  <statements>
   <statement id="0" text="In 0th day the total acidity ratio is 12.249 for all the treatments." type="">
   </statement>
   <statement id="1" text="In table the Storage periods starts from 0th day to 28th day." type="">
   </statement>
   <statement id="3" text="The highest total acidity ratio on 21th day is 16.736." type="">
   </statement>
   <statement id="4" text="The highest total acidity ratio on 28th day is 8.771." type="">
   </statement>
   <statement id="6" text="The lowest total acidity ratio on 28th day is 16.736." type="">
   </statement>
   <statement id="7" text="The lowest total acidity ratio on 7th day is 14.588." type="">
   </statement>
  </statements>
 </table>
</document>