<document>
 <table id="Table 1">
  <caption text="

   Relevant non-dimensional parameters for each falling distance
   
    l
   
   .
  
">
  </caption>
  <row row="0">
   <cell col-end="0" col-start="0" row-end="0" row-start="0" text="l
     
     (cm)">
   </cell>
   <cell col-end="1" col-start="1" row-end="0" row-start="0" text="Re
     

      out">
   </cell>
   <cell col-end="2" col-start="2" row-end="0" row-start="0" text="Re
     

      jet">
   </cell>
   <cell col-end="3" col-start="3" row-end="0" row-start="0" text="Fr">
   </cell>
   <cell col-end="4" col-start="4" row-end="0" row-start="0" text="We
      
       jet">
   </cell>
   <cell col-end="5" col-start="5" row-end="0" row-start="0" text="We
      
       bub">
   </cell>
  </row>
  <row row="1">
   <cell col-end="0" col-start="0" row-end="1" row-start="1" text="2">
   </cell>
   <cell col-end="1" col-start="1" row-end="1" row-start="1" text="4800-8200">
   </cell>
   <cell col-end="2" col-start="2" row-end="1" row-start="1" text="5000–7600">
   </cell>
   <cell col-end="3" col-start="3" row-end="1" row-start="1" text="21–46">
   </cell>
   <cell col-end="4" col-start="4" row-end="1" row-start="1" text="4.6–10">
   </cell>
   <cell col-end="5" col-start="5" row-end="1" row-start="1" text="11-137">
   </cell>
  </row>
  <row row="2">
   <cell col-end="0" col-start="0" row-end="2" row-start="2" text="4">
   </cell>
   <cell col-end="1" col-start="1" row-end="2" row-start="2" text="4900-8200">
   </cell>
   <cell col-end="2" col-start="2" row-end="2" row-start="2" text="5500–8000">
   </cell>
   <cell col-end="3" col-start="3" row-end="2" row-start="2" text="29–54">
   </cell>
   <cell col-end="4" col-start="4" row-end="2" row-start="2" text="8.7–16">
   </cell>
   <cell col-end="5" col-start="5" row-end="2" row-start="2" text="9-155">
   </cell>
  </row>
  <row row="3">
   <cell col-end="0" col-start="0" row-end="3" row-start="3" text="6">
   </cell>
   <cell col-end="1" col-start="1" row-end="3" row-start="3" text="4900-8200">
   </cell>
   <cell col-end="2" col-start="2" row-end="3" row-start="3" text="5800–8500">
   </cell>
   <cell col-end="3" col-start="3" row-end="3" row-start="3" text="37–62">
   </cell>
   <cell col-end="4" col-start="4" row-end="3" row-start="3" text="16.6–24.4">
   </cell>
   <cell col-end="5" col-start="5" row-end="3" row-start="3" text="57-158">
   </cell>
  </row>
  <statements>
   <statement id="1" text="Falling distance 4 &amp; 6 has same Re out." type="">
   </statement>
   <statement id="2" text="Falling distance is measured in CM." type="">
   </statement>
   <statement id="4" text="There are 3 falling distance in the table." type="">
   </statement>
   <statement id="5" text="There are 4 falling distance in the table." type="">
   </statement>
  </statements>
 </table>
</document>