<document>
 <table id="Table 4">
  <caption text="

   The combined and expanded measurement uncertainties for r
   
    h,mode
   
   (MALS), r
   
    h,mode1
   
   (ICP-MS), r
   
    h,mode2
   
   (ICP-MS), and mass-based PSD (d
   
    10
   
   , d
   
    50
   
   , d
   
    90
   
   ).
  
">
  </caption>
  <legend text="

   Combined uncertainty (
   
    u
   


     c
    

   ), Expanded uncertainty (k = 2): U (%).
  
">
  </legend>
  <row row="0">
   <cell col-end="0" col-start="0" row-end="0" row-start="0" text="">
   </cell>
   <cell col-end="1" col-start="1" row-end="0" row-start="0" text="MALS">
   </cell>
   <cell col-end="3" col-start="2" row-end="0" row-start="0" text="ICP-MS">
   </cell>
   <cell col-end="6" col-start="4" row-end="0" row-start="0" text="Mass-based PSD">
   </cell>
  </row>
  <row row="1">
   <cell col-end="0" col-start="0" row-end="1" row-start="1" text="">
   </cell>
   <cell col-end="1" col-start="1" row-end="1" row-start="1" text="r
     
      h,mode">
   </cell>
   <cell col-end="2" col-start="2" row-end="1" row-start="1" text="r
     
      h,mode1">
   </cell>
   <cell col-end="3" col-start="3" row-end="1" row-start="1" text="r
     
      h,mode2">
   </cell>
   <cell col-end="4" col-start="4" row-end="1" row-start="1" text="d
     
      10">
   </cell>
   <cell col-end="5" col-start="5" row-end="1" row-start="1" text="d
     
      50">
   </cell>
   <cell col-end="6" col-start="6" row-end="1" row-start="1" text="d
     
      90">
   </cell>
  </row>
  <row row="2">
   <cell col-end="0" col-start="0" row-end="2" row-start="2" text="u
     


       c
      

     (%)">
   </cell>
   <cell col-end="1" col-start="1" row-end="2" row-start="2" text="12.7">
   </cell>
   <cell col-end="2" col-start="2" row-end="2" row-start="2" text="8.6">
   </cell>
   <cell col-end="3" col-start="3" row-end="2" row-start="2" text="9.4">
   </cell>
   <cell col-end="4" col-start="4" row-end="2" row-start="2" text="10.4">
   </cell>
   <cell col-end="5" col-start="5" row-end="2" row-start="2" text="35.8">
   </cell>
   <cell col-end="6" col-start="6" row-end="2" row-start="2" text="52.2">
   </cell>
  </row>
  <row row="3">
   <cell col-end="0" col-start="0" row-end="3" row-start="3" text="U
     
     (%)">
   </cell>
   <cell col-end="1" col-start="1" row-end="3" row-start="3" text="25.3">
   </cell>
   <cell col-end="2" col-start="2" row-end="3" row-start="3" text="17.1">
   </cell>
   <cell col-end="3" col-start="3" row-end="3" row-start="3" text="18.7">
   </cell>
   <cell col-end="4" col-start="4" row-end="3" row-start="3" text="20.8">
   </cell>
   <cell col-end="5" col-start="5" row-end="3" row-start="3" text="71.5">
   </cell>
   <cell col-end="6" col-start="6" row-end="3" row-start="3" text="104.5">
   </cell>
  </row>
  <statements>
   <statement id="0" text="u c(%) is less in r h,mode, r h,mode1 &amp; r h mode2." type="">
   </statement>
   <statement id="3" text="Three different reading for Mass-based PSD that is d 10, d 50, d 90." type="">
   </statement>
   <statement id="4" text="u c(%) is more in r h,mode, r h,mode1 &amp; r h mode2." type="">
   </statement>
   <statement id="8" text="The largest effects calculated for d 50 (71.5%) and d 90 (104.5%) of mass-based PSD can be explained by the higher expected uncertainty towards the larger particle size." type="">
   </statement>
   <statement id="9" text="U(%) has highest value in d 90 of 104.5." type="">
   </statement>
  </statements>
 </table>
 <table id="Table 2">
  <caption text="

   The repeatability variance (s
   
    r
   
   ), between-day variance (s
   
    day
   
   ), the time-different intermediate precision (s
   
    IP
   
   ) and uncertainty values of r
   
    h,mode1
   
   (MALS), r
   
    h,mode1
   
   (ICP-MS), r
   
    h,mode2
   
   (ICP-MS), and mass-based PSD (d
   
    10
   
   , d
   
    50
   
   , d
   
    90
   
   ).
  
">
  </caption>
  <legend text="

   Variance of repeatability (sr), between-day variance (sday), and the time-different intermediate precision (sIP), uncertainty associated to repeatability (ur), uncertainty due to day-to-day variation (uday), and uncertainty associated to intermediate precision (uIP). Mean values of r
   
    h,mode1
   
   (MALS), r
   
    h,mode1
   
   (ICP-MS), r
   
    h,mode2
   
   (ICP-MS), and mass-based PSD (d
   
    10
   
   , d
   
    50
   
   , d
   
    90
   
   ) are presented in bold.
  
">
  </legend>
  <row row="0">
   <cell col-end="0" col-start="0" row-end="0" row-start="0" text="">
   </cell>
   <cell col-end="6" col-start="1" row-end="0" row-start="0" text="Size descriptor">
   </cell>
  </row>
  <row row="1">
   <cell col-end="0" col-start="0" row-end="1" row-start="1" text="">
   </cell>
   <cell col-end="1" col-start="1" row-end="1" row-start="1" text="MALS">
   </cell>
   <cell col-end="3" col-start="2" row-end="1" row-start="1" text="ICP-MS">
   </cell>
   <cell col-end="6" col-start="4" row-end="1" row-start="1" text="mass-based PSD">
   </cell>
  </row>
  <row row="2">
   <cell col-end="0" col-start="0" row-end="2" row-start="2" text="">
   </cell>
   <cell col-end="1" col-start="1" row-end="2" row-start="2" text="r
     
      h,mode1">
   </cell>
   <cell col-end="2" col-start="2" row-end="2" row-start="2" text="r
     
      h,mode1">
   </cell>
   <cell col-end="3" col-start="3" row-end="2" row-start="2" text="r
     
      h,mode2">
   </cell>
   <cell col-end="4" col-start="4" row-end="2" row-start="2" text="d
     
      10">
   </cell>
   <cell col-end="5" col-start="5" row-end="2" row-start="2" text="d
     
      50">
   </cell>
   <cell col-end="6" col-start="6" row-end="2" row-start="2" text="d
     
      90">
   </cell>
  </row>
  <row row="3">
   <cell col-end="0" col-start="0" row-end="3" row-start="3" text="Number of replicates">
   </cell>
   <cell col-end="1" col-start="1" row-end="3" row-start="3" text="15">
   </cell>
   <cell col-end="2" col-start="2" row-end="3" row-start="3" text="15">
   </cell>
   <cell col-end="3" col-start="3" row-end="3" row-start="3" text="15">
   </cell>
   <cell col-end="4" col-start="4" row-end="3" row-start="3" text="15">
   </cell>
   <cell col-end="5" col-start="5" row-end="3" row-start="3" text="15">
   </cell>
   <cell col-end="6" col-start="6" row-end="3" row-start="3" text="15">
   </cell>
  </row>
  <row row="4">
   <cell col-end="0" col-start="0" row-end="4" row-start="4" text="Mean (nm)">
   </cell>
   <cell col-end="1" col-start="1" row-end="4" row-start="4" text="55">
   </cell>
   <cell col-end="2" col-start="2" row-end="4" row-start="4" text="45">
   </cell>
   <cell col-end="3" col-start="3" row-end="4" row-start="4" text="127">
   </cell>
   <cell col-end="4" col-start="4" row-end="4" row-start="4" text="70">
   </cell>
   <cell col-end="5" col-start="5" row-end="4" row-start="4" text="143">
   </cell>
   <cell col-end="6" col-start="6" row-end="4" row-start="4" text="268">
   </cell>
  </row>
  <row row="5">
   <cell col-end="0" col-start="0" row-end="5" row-start="5" text="sd">
   </cell>
   <cell col-end="1" col-start="1" row-end="5" row-start="5" text="2.1">
   </cell>
   <cell col-end="2" col-start="2" row-end="5" row-start="5" text="1.9">
   </cell>
   <cell col-end="3" col-start="3" row-end="5" row-start="5" text="6.6">
   </cell>
   <cell col-end="4" col-start="4" row-end="5" row-start="5" text="5.8">
   </cell>
   <cell col-end="5" col-start="5" row-end="5" row-start="5" text="10">
   </cell>
   <cell col-end="6" col-start="6" row-end="5" row-start="5" text="13">
   </cell>
  </row>
  <row row="6">
   <cell col-end="0" col-start="0" row-end="6" row-start="6" text="Min (nm)">
   </cell>
   <cell col-end="1" col-start="1" row-end="6" row-start="6" text="52">
   </cell>
   <cell col-end="2" col-start="2" row-end="6" row-start="6" text="43">
   </cell>
   <cell col-end="3" col-start="3" row-end="6" row-start="6" text="117">
   </cell>
   <cell col-end="4" col-start="4" row-end="6" row-start="6" text="62">
   </cell>
   <cell col-end="5" col-start="5" row-end="6" row-start="6" text="127">
   </cell>
   <cell col-end="6" col-start="6" row-end="6" row-start="6" text="251">
   </cell>
  </row>
  <row row="7">
   <cell col-end="0" col-start="0" row-end="7" row-start="7" text="Max (nm)">
   </cell>
   <cell col-end="1" col-start="1" row-end="7" row-start="7" text="59">
   </cell>
   <cell col-end="2" col-start="2" row-end="7" row-start="7" text="50">
   </cell>
   <cell col-end="3" col-start="3" row-end="7" row-start="7" text="138">
   </cell>
   <cell col-end="4" col-start="4" row-end="7" row-start="7" text="80">
   </cell>
   <cell col-end="5" col-start="5" row-end="7" row-start="7" text="159">
   </cell>
   <cell col-end="6" col-start="6" row-end="7" row-start="7" text="287">
   </cell>
  </row>
  <row row="8">
   <cell col-end="0" col-start="0" row-end="8" row-start="8" text="s
     


       r">
   </cell>
   <cell col-end="1" col-start="1" row-end="8" row-start="8" text="1.5">
   </cell>
   <cell col-end="2" col-start="2" row-end="8" row-start="8" text="1.4">
   </cell>
   <cell col-end="3" col-start="3" row-end="8" row-start="8" text="4.2">
   </cell>
   <cell col-end="4" col-start="4" row-end="8" row-start="8" text="3.5">
   </cell>
   <cell col-end="5" col-start="5" row-end="8" row-start="8" text="7.9">
   </cell>
   <cell col-end="6" col-start="6" row-end="8" row-start="8" text="10.2">
   </cell>
  </row>
  <row row="9">
   <cell col-end="0" col-start="0" row-end="9" row-start="9" text="s
     


       day">
   </cell>
   <cell col-end="1" col-start="1" row-end="9" row-start="9" text="1.5">
   </cell>
   <cell col-end="2" col-start="2" row-end="9" row-start="9" text="1.4">
   </cell>
   <cell col-end="3" col-start="3" row-end="9" row-start="9" text="5.5">
   </cell>
   <cell col-end="4" col-start="4" row-end="9" row-start="9" text="5.0">
   </cell>
   <cell col-end="5" col-start="5" row-end="9" row-start="9" text="7.2">
   </cell>
   <cell col-end="6" col-start="6" row-end="9" row-start="9" text="9.1">
   </cell>
  </row>
  <row row="10">
   <cell col-end="0" col-start="0" row-end="10" row-start="10" text="s
     


       IP">
   </cell>
   <cell col-end="1" col-start="1" row-end="10" row-start="10" text="2.1">
   </cell>
   <cell col-end="2" col-start="2" row-end="10" row-start="10" text="2.0">
   </cell>
   <cell col-end="3" col-start="3" row-end="10" row-start="10" text="6.9">
   </cell>
   <cell col-end="4" col-start="4" row-end="10" row-start="10" text="6.1">
   </cell>
   <cell col-end="5" col-start="5" row-end="10" row-start="10" text="10.6">
   </cell>
   <cell col-end="6" col-start="6" row-end="10" row-start="10" text="13.6">
   </cell>
  </row>
  <row row="11">
   <cell col-end="0" col-start="0" row-end="11" row-start="11" text="u
     


       r
      

     (%)">
   </cell>
   <cell col-end="1" col-start="1" row-end="11" row-start="11" text="2.7">
   </cell>
   <cell col-end="2" col-start="2" row-end="11" row-start="11" text="3.2">
   </cell>
   <cell col-end="3" col-start="3" row-end="11" row-start="11" text="3.3">
   </cell>
   <cell col-end="4" col-start="4" row-end="11" row-start="11" text="5.1">
   </cell>
   <cell col-end="5" col-start="5" row-end="11" row-start="11" text="5.5">
   </cell>
   <cell col-end="6" col-start="6" row-end="11" row-start="11" text="3.8">
   </cell>
  </row>
  <row row="12">
   <cell col-end="0" col-start="0" row-end="12" row-start="12" text="u
     


       day
      

     (%)">
   </cell>
   <cell col-end="1" col-start="1" row-end="12" row-start="12" text="2.8">
   </cell>
   <cell col-end="2" col-start="2" row-end="12" row-start="12" text="3.1">
   </cell>
   <cell col-end="3" col-start="3" row-end="12" row-start="12" text="4.4">
   </cell>
   <cell col-end="4" col-start="4" row-end="12" row-start="12" text="7.1">
   </cell>
   <cell col-end="5" col-start="5" row-end="12" row-start="12" text="5.0">
   </cell>
   <cell col-end="6" col-start="6" row-end="12" row-start="12" text="3.4">
   </cell>
  </row>
  <row row="13">
   <cell col-end="0" col-start="0" row-end="13" row-start="13" text="u
     


       IP
      

     (%)">
   </cell>
   <cell col-end="1" col-start="1" row-end="13" row-start="13" text="3.9">
   </cell>
   <cell col-end="2" col-start="2" row-end="13" row-start="13" text="4.4">
   </cell>
   <cell col-end="3" col-start="3" row-end="13" row-start="13" text="5.8">
   </cell>
   <cell col-end="4" col-start="4" row-end="13" row-start="13" text="8.8">
   </cell>
   <cell col-end="5" col-start="5" row-end="13" row-start="13" text="7.4">
   </cell>
   <cell col-end="6" col-start="6" row-end="13" row-start="13" text="5.1">
   </cell>
  </row>
  <statements>
   <statement id="2" text="In Mass - based PSD they have d100, d250." type="">
   </statement>
   <statement id="3" text="In Number of replicates MALS r h, mode 1 is 10.6." type="">
   </statement>
   <statement id="4" text="The average difference between the mass-based TiO 2 PSD after introducing the different cleaning agent in the sample preparation method compared to the initial ( Table 2 ) was 23%  10% underlying that the consistent use of the proposed cleaning agent is crucial for obtaining good data between different laboratories." type="">
   </statement>
   <statement id="5" text="The Highest MALS r h , mode 1 is 5.1 in Max (nm)." type="">
   </statement>
   <statement id="6" text="The Highest MALS r h , mode 1 is 59 in Max (nm)." type="">
   </statement>
  </statements>
 </table>
 <table id="Table 3">
  <caption text="

   Summary table of the r
   
    h,mode
   
   (MALS), r
   
    h,mode
   
   (ICP-MS), and mass-based PSD (d
   
    10
   
   , d
   
    50
   
   , d
   
    90
   
   ) for NM104 dispersion and the blank sunscreen matrix spiked with NM104 (presented in bold) and its contribution to the uncertainty associated with the bias.
  
">
  </caption>
  <legend text="

   Uncertainty due to bias (
   
    u
   


     b
    

   ), expanded uncertainty of the bias (
   
    U
   


     b
    

   ), and uncertainty associated with trueness (
   
    u
   


     t
    

   ).
  
">
  </legend>
  <row row="0">
   <cell col-end="0" col-start="0" row-end="0" row-start="0" text="">
   </cell>
   <cell col-end="1" col-start="1" row-end="0" row-start="0" text="MALS">
   </cell>
   <cell col-end="2" col-start="2" row-end="0" row-start="0" text="ICP-MS">
   </cell>
   <cell col-end="5" col-start="3" row-end="0" row-start="0" text="Mass-based PSD">
   </cell>
  </row>
  <row row="1">
   <cell col-end="0" col-start="0" row-end="1" row-start="1" text="">
   </cell>
   <cell col-end="1" col-start="1" row-end="1" row-start="1" text="r
     
      h,mode">
   </cell>
   <cell col-end="2" col-start="2" row-end="1" row-start="1" text="r
     
      h,mode">
   </cell>
   <cell col-end="3" col-start="3" row-end="1" row-start="1" text="d
     
      10">
   </cell>
   <cell col-end="4" col-start="4" row-end="1" row-start="1" text="d
     
      50">
   </cell>
   <cell col-end="5" col-start="5" row-end="1" row-start="1" text="d
     
      90">
   </cell>
  </row>
  <row row="2">
   <cell col-end="0" col-start="0" row-end="2" row-start="2" text="NM104 dispersion (nm)">
   </cell>
   <cell col-end="1" col-start="1" row-end="2" row-start="2" text="56">
   </cell>
   <cell col-end="2" col-start="2" row-end="2" row-start="2" text="42">
   </cell>
   <cell col-end="3" col-start="3" row-end="2" row-start="2" text="57">
   </cell>
   <cell col-end="4" col-start="4" row-end="2" row-start="2" text="97">
   </cell>
   <cell col-end="5" col-start="5" row-end="2" row-start="2" text="175">
   </cell>
  </row>
  <row row="3">
   <cell col-end="0" col-start="0" row-end="3" row-start="3" text="sd">
   </cell>
   <cell col-end="1" col-start="1" row-end="3" row-start="3" text="1.8">
   </cell>
   <cell col-end="2" col-start="2" row-end="3" row-start="3" text="0.6">
   </cell>
   <cell col-end="3" col-start="3" row-end="3" row-start="3" text="0.5">
   </cell>
   <cell col-end="4" col-start="4" row-end="3" row-start="3" text="0.5">
   </cell>
   <cell col-end="5" col-start="5" row-end="3" row-start="3" text="0.5">
   </cell>
  </row>
  <row row="4">
   <cell col-end="0" col-start="0" row-end="4" row-start="4" text="Blank + NM104 (nm)">
   </cell>
   <cell col-end="1" col-start="1" row-end="4" row-start="4" text="68">
   </cell>
   <cell col-end="2" col-start="2" row-end="4" row-start="4" text="50">
   </cell>
   <cell col-end="3" col-start="3" row-end="4" row-start="4" text="52">
   </cell>
   <cell col-end="4" col-start="4" row-end="4" row-start="4" text="132">
   </cell>
   <cell col-end="5" col-start="5" row-end="4" row-start="4" text="227">
   </cell>
  </row>
  <row row="5">
   <cell col-end="0" col-start="0" row-end="5" row-start="5" text="sd">
   </cell>
   <cell col-end="1" col-start="1" row-end="5" row-start="5" text="3.0">
   </cell>
   <cell col-end="2" col-start="2" row-end="5" row-start="5" text="1.5">
   </cell>
   <cell col-end="3" col-start="3" row-end="5" row-start="5" text="0.9">
   </cell>
   <cell col-end="4" col-start="4" row-end="5" row-start="5" text="1.0">
   </cell>
   <cell col-end="5" col-start="5" row-end="5" row-start="5" text="1.0">
   </cell>
  </row>
  <row row="6">
   <cell col-end="0" col-start="0" row-end="6" row-start="6" text="Bias = | C2 – C1|">
   </cell>
   <cell col-end="1" col-start="1" row-end="6" row-start="6" text="12.0">
   </cell>
   <cell col-end="2" col-start="2" row-end="6" row-start="6" text="7.3">
   </cell>
   <cell col-end="3" col-start="3" row-end="6" row-start="6" text="5.5">
   </cell>
   <cell col-end="4" col-start="4" row-end="6" row-start="6" text="35.0">
   </cell>
   <cell col-end="5" col-start="5" row-end="6" row-start="6" text="52.0">
   </cell>
  </row>
  <row row="7">
   <cell col-end="0" col-start="0" row-end="7" row-start="7" text="u
     


       b
      

     (%)">
   </cell>
   <cell col-end="1" col-start="1" row-end="7" row-start="7" text="2.0">
   </cell>
   <cell col-end="2" col-start="2" row-end="7" row-start="7" text="0.9">
   </cell>
   <cell col-end="3" col-start="3" row-end="7" row-start="7" text="0.6">
   </cell>
   <cell col-end="4" col-start="4" row-end="7" row-start="7" text="0.7">
   </cell>
   <cell col-end="5" col-start="5" row-end="7" row-start="7" text="0.7">
   </cell>
  </row>
  <row row="8">
   <cell col-end="0" col-start="0" row-end="8" row-start="8" text="U
     


       b
      

     (%)">
   </cell>
   <cell col-end="1" col-start="1" row-end="8" row-start="8" text="4.0">
   </cell>
   <cell col-end="2" col-start="2" row-end="8" row-start="8" text="1.8">
   </cell>
   <cell col-end="3" col-start="3" row-end="8" row-start="8" text="1.2">
   </cell>
   <cell col-end="4" col-start="4" row-end="8" row-start="8" text="1.4">
   </cell>
   <cell col-end="5" col-start="5" row-end="8" row-start="8" text="1.4">
   </cell>
  </row>
  <row row="9">
   <cell col-end="0" col-start="0" row-end="9" row-start="9" text="u
     


       t
      

     (%)">
   </cell>
   <cell col-end="1" col-start="1" row-end="9" row-start="9" text="12.0">
   </cell>
   <cell col-end="2" col-start="2" row-end="9" row-start="9" text="7.3">
   </cell>
   <cell col-end="3" col-start="3" row-end="9" row-start="9" text="5.5">
   </cell>
   <cell col-end="4" col-start="4" row-end="9" row-start="9" text="35.0">
   </cell>
   <cell col-end="5" col-start="5" row-end="9" row-start="9" text="52.0">
   </cell>
  </row>
  <statements>
   <statement id="0" text="Blank + NM104 (nm) is having high average values are observed in Mass-based PSD." type="">
   </statement>
   <statement id="2" text="In the table ICP-M, r h,mode ranges from 0.6 to 50." type="">
   </statement>
  </statements>
 </table>
</document>