<document>
 <table id="Table 3">
  <caption text="

   Breast cancer surgery types recorded in the studies.
  
">
  </caption>
  <row row="0">
   <cell col-end="0" col-start="0" row-end="0" row-start="0" text="Type of Surgery">
   </cell>
   <cell col-end="1" col-start="1" row-end="0" row-start="0" text="Participants (n)">
   </cell>
  </row>
  <row row="1">
   <cell col-end="0" col-start="0" row-end="1" row-start="1" text="Varied">
   </cell>
   <cell col-end="1" col-start="1" row-end="1" row-start="1" text="287051">
   </cell>
  </row>
  <row row="2">
   <cell col-end="0" col-start="0" row-end="2" row-start="2" text="Mastectomy">
   </cell>
   <cell col-end="1" col-start="1" row-end="2" row-start="2" text="175711">
   </cell>
  </row>
  <row row="3">
   <cell col-end="0" col-start="0" row-end="3" row-start="3" text="Breast Conserving Surgery">
   </cell>
   <cell col-end="1" col-start="1" row-end="3" row-start="3" text="19600">
   </cell>
  </row>
  <row row="4">
   <cell col-end="0" col-start="0" row-end="4" row-start="4" text="Reconstruction">
   </cell>
   <cell col-end="1" col-start="1" row-end="4" row-start="4" text="1796">
   </cell>
  </row>
  <row row="5">
   <cell col-end="0" col-start="0" row-end="5" row-start="5" text="Axillary Dissection">
   </cell>
   <cell col-end="1" col-start="1" row-end="5" row-start="5" text="447">
   </cell>
  </row>
  <statements>
   <statement id="0" text="The smallest participants in the Axillary Dissection" type="">
   </statement>
   <statement id="1" text="The Varied Surgery has the smallest number of participants" type="">
   </statement>
   <statement id="2" text="There are 19600 participants in Breast Conserving Surgery" type="">
   </statement>
   <statement id="6" text="As well as this potential dissemination of tumour cells, surgery results in an increased immune response with increased release of growth factors that may stimulate residual cancer cells, influencing their behaviour and morphology, encouraging increased proliferation, invasion, migration and result in distant recurrence [ 179 ]." type="">
   </statement>
   <statement id="8" text="The largest participants is in the Varied Surgery" type="">
   </statement>
  </statements>
 </table>
 <table id="Table 2">
  <caption text="

   Study designs reported in papers included in the review.
  
">
  </caption>
  <row row="0">
   <cell col-end="0" col-start="0" row-end="0" row-start="0" text="">
   </cell>
   <cell col-end="2" col-start="1" row-end="0" row-start="0" text="SSI">
   </cell>
   <cell col-end="4" col-start="3" row-end="0" row-start="0" text="Recurrence">
   </cell>
  </row>
  <row row="1">
   <cell col-end="0" col-start="0" row-end="1" row-start="1" text="Type of Study">
   </cell>
   <cell col-end="1" col-start="1" row-end="1" row-start="1" text="Studies (n)">
   </cell>
   <cell col-end="2" col-start="2" row-end="1" row-start="1" text="Participants (n)">
   </cell>
   <cell col-end="3" col-start="3" row-end="1" row-start="1" text="Studies (n)">
   </cell>
   <cell col-end="4" col-start="4" row-end="1" row-start="1" text="Participants (n)">
   </cell>
  </row>
  <row row="2">
   <cell col-end="0" col-start="0" row-end="2" row-start="2" text="Retrospective">
   </cell>
   <cell col-end="1" col-start="1" row-end="2" row-start="2" text="53">
   </cell>
   <cell col-end="2" col-start="2" row-end="2" row-start="2" text="331379">
   </cell>
   <cell col-end="3" col-start="3" row-end="2" row-start="2" text="39">
   </cell>
   <cell col-end="4" col-start="4" row-end="2" row-start="2" text="9931">
   </cell>
  </row>
  <row row="3">
   <cell col-end="0" col-start="0" row-end="3" row-start="3" text="Prospective">
   </cell>
   <cell col-end="1" col-start="1" row-end="3" row-start="3" text="26">
   </cell>
   <cell col-end="2" col-start="2" row-end="3" row-start="3" text="147067">
   </cell>
   <cell col-end="3" col-start="3" row-end="3" row-start="3" text="7">
   </cell>
   <cell col-end="4" col-start="4" row-end="3" row-start="3" text="706">
   </cell>
  </row>
  <row row="4">
   <cell col-end="0" col-start="0" row-end="4" row-start="4" text="Crossover/Controlled Trials">
   </cell>
   <cell col-end="1" col-start="1" row-end="4" row-start="4" text="11">
   </cell>
   <cell col-end="2" col-start="2" row-end="4" row-start="4" text="2556">
   </cell>
   <cell col-end="3" col-start="3" row-end="4" row-start="4" text="6">
   </cell>
   <cell col-end="4" col-start="4" row-end="4" row-start="4" text="6803">
   </cell>
  </row>
  <row row="5">
   <cell col-end="0" col-start="0" row-end="5" row-start="5" text="Phase 2 trial">
   </cell>
   <cell col-end="1" col-start="1" row-end="5" row-start="5" text="3">
   </cell>
   <cell col-end="2" col-start="2" row-end="5" row-start="5" text="375">
   </cell>
   <cell col-end="3" col-start="3" row-end="5" row-start="5" text="1">
   </cell>
   <cell col-end="4" col-start="4" row-end="5" row-start="5" text="129">
   </cell>
  </row>
  <row row="6">
   <cell col-end="0" col-start="0" row-end="6" row-start="6" text="Case Control">
   </cell>
   <cell col-end="1" col-start="1" row-end="6" row-start="6" text="4">
   </cell>
   <cell col-end="2" col-start="2" row-end="6" row-start="6" text="3226">
   </cell>
   <cell col-end="3" col-start="3" row-end="6" row-start="6" text="-">
   </cell>
   <cell col-end="4" col-start="4" row-end="6" row-start="6" text="-">
   </cell>
  </row>
  <row row="7">
   <cell col-end="0" col-start="0" row-end="7" row-start="7" text="Case Study">
   </cell>
   <cell col-end="1" col-start="1" row-end="7" row-start="7" text="2">
   </cell>
   <cell col-end="2" col-start="2" row-end="7" row-start="7" text="2">
   </cell>
   <cell col-end="3" col-start="3" row-end="7" row-start="7" text="-">
   </cell>
   <cell col-end="4" col-start="4" row-end="7" row-start="7" text="-">
   </cell>
  </row>
  <row row="8">
   <cell col-end="0" col-start="0" row-end="8" row-start="8" text="Total">
   </cell>
   <cell col-end="1" col-start="1" row-end="8" row-start="8" text="99">
   </cell>
   <cell col-end="2" col-start="2" row-end="8" row-start="8" text="484605">
   </cell>
   <cell col-end="3" col-start="3" row-end="8" row-start="8" text="53">
   </cell>
   <cell col-end="4" col-start="4" row-end="8" row-start="8" text="17569">
   </cell>
  </row>
  <statements>
   <statement id="0" text="Case Study will have High Participants." type="">
   </statement>
   <statement id="1" text="Case Study will have Low Participants." type="">
   </statement>
   <statement id="2" text="Over 50% of the studies in the SSI arm of this review and over 65% of the recurrence studies used a retrospective study design, as demonstrated in Table 2 ." type="">
   </statement>
   <statement id="3" text="Retrospective will have High Studies in SSI." type="">
   </statement>
   <statement id="7" text="There are 2 Types such as SSI and Recurrence." type="">
   </statement>
   <statement id="8" text="There are 2 Types such as TSI and Occurrence." type="">
   </statement>
   <statement id="9" text="There is no Case Control and Case Study for Phase 2 trial." type="">
   </statement>
  </statements>
 </table>
 <table id="Table 4">
  <caption text="

   Definitions used to classify whether a SSI occurred in the included studies.
  
">
  </caption>
  <legend text="

   Note: CDC: Centres for Disease Control and preventions; NSQIP: National Surgical Quality Improvement Program.
  
">
  </legend>
  <row row="0">
   <cell col-end="0" col-start="0" row-end="0" row-start="0" text="">
   </cell>
   <cell col-end="2" col-start="1" row-end="0" row-start="0" text="SSI">
   </cell>
   <cell col-end="4" col-start="3" row-end="0" row-start="0" text="Recurrence">
   </cell>
  </row>
  <row row="1">
   <cell col-end="0" col-start="0" row-end="1" row-start="1" text="Definition of SSI">
   </cell>
   <cell col-end="1" col-start="1" row-end="1" row-start="1" text="n">
   </cell>
   <cell col-end="2" col-start="2" row-end="1" row-start="1" text="Percent (%)">
   </cell>
   <cell col-end="3" col-start="3" row-end="1" row-start="1" text="n">
   </cell>
   <cell col-end="4" col-start="4" row-end="1" row-start="1" text="Percent (%)">
   </cell>
  </row>
  <row row="2">
   <cell col-end="0" col-start="0" row-end="2" row-start="2" text="Not Defined">
   </cell>
   <cell col-end="1" col-start="1" row-end="2" row-start="2" text="45">
   </cell>
   <cell col-end="2" col-start="2" row-end="2" row-start="2" text="45">
   </cell>
   <cell col-end="3" col-start="3" row-end="2" row-start="2" text="49">
   </cell>
   <cell col-end="4" col-start="4" row-end="2" row-start="2" text="92">
   </cell>
  </row>
  <row row="3">
   <cell col-end="0" col-start="0" row-end="3" row-start="3" text="Own Criteria">
   </cell>
   <cell col-end="1" col-start="1" row-end="3" row-start="3" text="18">
   </cell>
   <cell col-end="2" col-start="2" row-end="3" row-start="3" text="18">
   </cell>
   <cell col-end="3" col-start="3" row-end="3" row-start="3" text="2">
   </cell>
   <cell col-end="4" col-start="4" row-end="3" row-start="3" text="4">
   </cell>
  </row>
  <row row="4">
   <cell col-end="0" col-start="0" row-end="4" row-start="4" text="CDC">
   </cell>
   <cell col-end="1" col-start="1" row-end="4" row-start="4" text="24">
   </cell>
   <cell col-end="2" col-start="2" row-end="4" row-start="4" text="24">
   </cell>
   <cell col-end="3" col-start="3" row-end="4" row-start="4" text="1">
   </cell>
   <cell col-end="4" col-start="4" row-end="4" row-start="4" text="2">
   </cell>
  </row>
  <row row="5">
   <cell col-end="0" col-start="0" row-end="5" row-start="5" text="NSQIP">
   </cell>
   <cell col-end="1" col-start="1" row-end="5" row-start="5" text="1">
   </cell>
   <cell col-end="2" col-start="2" row-end="5" row-start="5" text="1">
   </cell>
   <cell col-end="3" col-start="3" row-end="5" row-start="5" text="1">
   </cell>
   <cell col-end="4" col-start="4" row-end="5" row-start="5" text="2">
   </cell>
  </row>
  <row row="6">
   <cell col-end="0" col-start="0" row-end="6" row-start="6" text="Asepsis Score">
   </cell>
   <cell col-end="1" col-start="1" row-end="6" row-start="6" text="1">
   </cell>
   <cell col-end="2" col-start="2" row-end="6" row-start="6" text="1">
   </cell>
   <cell col-end="3" col-start="3" row-end="6" row-start="6" text="-">
   </cell>
   <cell col-end="4" col-start="4" row-end="6" row-start="6" text="-">
   </cell>
  </row>
  <row row="7">
   <cell col-end="0" col-start="0" row-end="7" row-start="7" text="Culture Positive">
   </cell>
   <cell col-end="1" col-start="1" row-end="7" row-start="7" text="10">
   </cell>
   <cell col-end="2" col-start="2" row-end="7" row-start="7" text="10">
   </cell>
   <cell col-end="3" col-start="3" row-end="7" row-start="7" text="-">
   </cell>
   <cell col-end="4" col-start="4" row-end="7" row-start="7" text="-">
   </cell>
  </row>
  <statements>
   <statement id="1" text="CDC and NSQIP for Recurrence of n has same value of 1." type="">
   </statement>
   <statement id="5" text="Own Criteria for Recurrence of n has the value of 2." type="">
   </statement>
   <statement id="6" text="Table 4 demonstrates how four different definitions of SSI were used, but nearly 50% of studies did not mention whether they employed a specific definition." type="">
   </statement>
   <statement id="7" text="There are six categories of Definition of SSI." type="">
   </statement>
   <statement id="9" text="There was considerable variation in criteria used to define SSIs throughout the studies included in this review." type="">
   </statement>
  </statements>
 </table>
</document>