<document>
 <table id="Table 8">
  <caption text="

   Summary of overall geometric mean potency estimates of study samples relative to IS 16/138 in the VaccZyme and Vi poly-
   
    l
   
   -lysine ELISAs.
  
">
  </caption>
  <row row="0">
   <cell col-end="0" col-start="0" row-end="1" row-start="0" text="Data From">
   </cell>
   <cell col-end="6" col-start="1" row-end="0" row-start="0" text="Vi poly-
     
      l
     
     -lysine ELISA">
   </cell>
   <cell col-end="9" col-start="7" row-end="0" row-start="0" text="VaccZyme ELISA">
   </cell>
  </row>
  <row row="1">
   <cell col-end="3" col-start="1" row-end="1" row-start="1" text="Laboratories 1, 3, 5, 6, 8, 9 and 10">
   </cell>
   <cell col-end="6" col-start="4" row-end="1" row-start="1" text="Laboratories 1, 3 and 8">
   </cell>
   <cell col-end="9" col-start="7" row-end="1" row-start="1" text="Laboratories 1 and 6">
   </cell>
  </row>
  <row row="2">
   <cell col-end="0" col-start="0" row-end="2" row-start="2" text="Study sample">
   </cell>
   <cell col-end="1" col-start="1" row-end="2" row-start="2" text="GM">
   </cell>
   <cell col-end="2" col-start="2" row-end="2" row-start="2" text="GCV (%)">
   </cell>
   <cell col-end="3" col-start="3" row-end="2" row-start="2" text="N">
   </cell>
   <cell col-end="4" col-start="4" row-end="2" row-start="2" text="GM">
   </cell>
   <cell col-end="5" col-start="5" row-end="2" row-start="2" text="GCV (%)">
   </cell>
   <cell col-end="6" col-start="6" row-end="2" row-start="2" text="n">
   </cell>
   <cell col-end="7" col-start="7" row-end="2" row-start="2" text="GM">
   </cell>
   <cell col-end="8" col-start="8" row-end="2" row-start="2" text="GCV (%)">
   </cell>
   <cell col-end="9" col-start="9" row-end="2" row-start="2" text="n">
   </cell>
  </row>
  <row row="3">
   <cell col-end="0" col-start="0" row-end="3" row-start="3" text="10/126">
   </cell>
   <cell col-end="1" col-start="1" row-end="3" row-start="3" text="118">
   </cell>
   <cell col-end="2" col-start="2" row-end="3" row-start="3" text="17">
   </cell>
   <cell col-end="3" col-start="3" row-end="3" row-start="3" text="7">
   </cell>
   <cell col-end="4" col-start="4" row-end="3" row-start="3" text="100">
   </cell>
   <cell col-end="5" col-start="5" row-end="3" row-start="3" text="7">
   </cell>
   <cell col-end="6" col-start="6" row-end="3" row-start="3" text="3">
   </cell>
   <cell col-end="7" col-start="7" row-end="3" row-start="3" text="99">
   </cell>
   <cell col-end="8" col-start="8" row-end="3" row-start="3" text="17">
   </cell>
   <cell col-end="9" col-start="9" row-end="3" row-start="3" text="2">
   </cell>
  </row>
  <row row="4">
   <cell col-end="0" col-start="0" row-end="4" row-start="4" text="G">
   </cell>
   <cell col-end="1" col-start="1" row-end="4" row-start="4" text="56">
   </cell>
   <cell col-end="2" col-start="2" row-end="4" row-start="4" text="26">
   </cell>
   <cell col-end="3" col-start="3" row-end="4" row-start="4" text="7">
   </cell>
   <cell col-end="4" col-start="4" row-end="4" row-start="4" text="47">
   </cell>
   <cell col-end="5" col-start="5" row-end="4" row-start="4" text="&lt;1">
   </cell>
   <cell col-end="6" col-start="6" row-end="4" row-start="4" text="3">
   </cell>
   <cell col-end="7" col-start="7" row-end="4" row-start="4" text="37">
   </cell>
   <cell col-end="8" col-start="8" row-end="4" row-start="4" text="18">
   </cell>
   <cell col-end="9" col-start="9" row-end="4" row-start="4" text="2">
   </cell>
  </row>
  <row row="5">
   <cell col-end="0" col-start="0" row-end="5" row-start="5" text="H">
   </cell>
   <cell col-end="1" col-start="1" row-end="5" row-start="5" text="111">
   </cell>
   <cell col-end="2" col-start="2" row-end="5" row-start="5" text="8">
   </cell>
   <cell col-end="3" col-start="3" row-end="5" row-start="5" text="6">
   </cell>
   <cell col-end="4" col-start="4" row-end="5" row-start="5" text="101">
   </cell>
   <cell col-end="5" col-start="5" row-end="5" row-start="5" text="3">
   </cell>
   <cell col-end="6" col-start="6" row-end="5" row-start="5" text="2">
   </cell>
   <cell col-end="7" col-start="7" row-end="5" row-start="5" text="92">
   </cell>
   <cell col-end="8" col-start="8" row-end="5" row-start="5" text="12">
   </cell>
   <cell col-end="9" col-start="9" row-end="5" row-start="5" text="2">
   </cell>
  </row>
  <row row="6">
   <cell col-end="0" col-start="0" row-end="6" row-start="6" text="I">
   </cell>
   <cell col-end="1" col-start="1" row-end="6" row-start="6" text="28">
   </cell>
   <cell col-end="2" col-start="2" row-end="6" row-start="6" text="22">
   </cell>
   <cell col-end="3" col-start="3" row-end="6" row-start="6" text="7">
   </cell>
   <cell col-end="4" col-start="4" row-end="6" row-start="6" text="28">
   </cell>
   <cell col-end="5" col-start="5" row-end="6" row-start="6" text="22">
   </cell>
   <cell col-end="6" col-start="6" row-end="6" row-start="6" text="3">
   </cell>
   <cell col-end="7" col-start="7" row-end="6" row-start="6" text="25">
   </cell>
   <cell col-end="8" col-start="8" row-end="6" row-start="6" text="14">
   </cell>
   <cell col-end="9" col-start="9" row-end="6" row-start="6" text="2">
   </cell>
  </row>
  <row row="7">
   <cell col-end="0" col-start="0" row-end="7" row-start="7" text="J">
   </cell>
   <cell col-end="1" col-start="1" row-end="7" row-start="7" text="69">
   </cell>
   <cell col-end="2" col-start="2" row-end="7" row-start="7" text="22">
   </cell>
   <cell col-end="3" col-start="3" row-end="7" row-start="7" text="7">
   </cell>
   <cell col-end="4" col-start="4" row-end="7" row-start="7" text="70">
   </cell>
   <cell col-end="5" col-start="5" row-end="7" row-start="7" text="&lt;1">
   </cell>
   <cell col-end="6" col-start="6" row-end="7" row-start="7" text="3">
   </cell>
   <cell col-end="7" col-start="7" row-end="7" row-start="7" text="63">
   </cell>
   <cell col-end="8" col-start="8" row-end="7" row-start="7" text="15">
   </cell>
   <cell col-end="9" col-start="9" row-end="7" row-start="7" text="2">
   </cell>
  </row>
  <row row="8">
   <cell col-end="0" col-start="0" row-end="8" row-start="8" text="K">
   </cell>
   <cell col-end="1" col-start="1" row-end="8" row-start="8" text="15">
   </cell>
   <cell col-end="2" col-start="2" row-end="8" row-start="8" text="48">
   </cell>
   <cell col-end="3" col-start="3" row-end="8" row-start="8" text="4">
   </cell>
   <cell col-end="4" col-start="4" row-end="8" row-start="8" text="12">
   </cell>
   <cell col-end="5" col-start="5" row-end="8" row-start="8" text="23">
   </cell>
   <cell col-end="6" col-start="6" row-end="8" row-start="8" text="2">
   </cell>
   <cell col-end="7" col-start="7" row-end="8" row-start="8" text="10">
   </cell>
   <cell col-end="8" col-start="8" row-end="8" row-start="8" text="16">
   </cell>
   <cell col-end="9" col-start="9" row-end="8" row-start="8" text="2">
   </cell>
  </row>
  <row row="9">
   <cell col-end="0" col-start="0" row-end="9" row-start="9" text="L">
   </cell>
   <cell col-end="1" col-start="1" row-end="9" row-start="9" text="318">
   </cell>
   <cell col-end="2" col-start="2" row-end="9" row-start="9" text="40">
   </cell>
   <cell col-end="3" col-start="3" row-end="9" row-start="9" text="7">
   </cell>
   <cell col-end="4" col-start="4" row-end="9" row-start="9" text="361">
   </cell>
   <cell col-end="5" col-start="5" row-end="9" row-start="9" text="8">
   </cell>
   <cell col-end="6" col-start="6" row-end="9" row-start="9" text="3">
   </cell>
   <cell col-end="7" col-start="7" row-end="9" row-start="9" text="335">
   </cell>
   <cell col-end="8" col-start="8" row-end="9" row-start="9" text="13">
   </cell>
   <cell col-end="9" col-start="9" row-end="9" row-start="9" text="2">
   </cell>
  </row>
  <row row="10">
   <cell col-end="0" col-start="0" row-end="10" row-start="10" text="M">
   </cell>
   <cell col-end="1" col-start="1" row-end="10" row-start="10" text="16">
   </cell>
   <cell col-end="2" col-start="2" row-end="10" row-start="10" text="14">
   </cell>
   <cell col-end="3" col-start="3" row-end="10" row-start="10" text="7">
   </cell>
   <cell col-end="4" col-start="4" row-end="10" row-start="10" text="15">
   </cell>
   <cell col-end="5" col-start="5" row-end="10" row-start="10" text="18">
   </cell>
   <cell col-end="6" col-start="6" row-end="10" row-start="10" text="3">
   </cell>
   <cell col-end="7" col-start="7" row-end="10" row-start="10" text="13">
   </cell>
   <cell col-end="8" col-start="8" row-end="10" row-start="10" text="21">
   </cell>
   <cell col-end="9" col-start="9" row-end="10" row-start="10" text="2">
   </cell>
  </row>
  <statements>
   <statement id="0" text="The GCV(%) from 8 to 48." type="">
   </statement>
   <statement id="1" text="The GM of Vi poly- l -lysine ELISA ranges from 15 to 318." type="">
   </statement>
   <statement id="6" text="The Laboratories 1, 3 and 8 is having &lt; 1 GCV (%) for G and H." type="">
   </statement>
   <statement id="8" text="There are 8 data form observed." type="">
   </statement>
  </statements>
 </table>
 <table id="Table 1">
  <caption text="

   Characterisation of samples used in this study.
  
">
  </caption>
  <row row="0">
   <cell col-end="0" col-start="0" row-end="1" row-start="0" text="Approximate activity in VaccZyme ELISA">
   </cell>
   <cell col-end="1" col-start="1" row-end="1" row-start="0" text="NIBSC code">
   </cell>
   <cell col-end="2" col-start="2" row-end="1" row-start="0" text="Description">
   </cell>
   <cell col-end="4" col-start="3" row-end="0" row-start="0" text="">
   </cell>
  </row>
  <row row="1">
   <cell col-end="3" col-start="3" row-end="1" row-start="1" text="Kit control
     

       a">
   </cell>
   <cell col-end="4" col-start="4" row-end="1" row-start="1" text="IS 16/138">
   </cell>
  </row>
  <row row="2">
   <cell col-end="0" col-start="0" row-end="2" row-start="2" text="IS 16/138">
   </cell>
   <cell col-end="1" col-start="1" row-end="2" row-start="2" text="NIBSC 16/138">
   </cell>
   <cell col-end="2" col-start="2" row-end="2" row-start="2" text="Pooled anti-Vi IgG sera from 16 volunteers">
   </cell>
   <cell col-end="3" col-start="3" row-end="2" row-start="2" text="631 EU mL
     
      −1
     


       b">
   </cell>
   <cell col-end="4" col-start="4" row-end="2" row-start="2" text="100 IU mL
     
      −1
     


       b">
   </cell>
  </row>
  <row row="3">
   <cell col-end="0" col-start="0" row-end="3" row-start="3" text="10/126">
   </cell>
   <cell col-end="1" col-start="1" row-end="3" row-start="3" text="NIBSC 10/126">
   </cell>
   <cell col-end="2" col-start="2" row-end="3" row-start="3" text="Pooled anti-Vi IgG sera from 9 volunteers">
   </cell>
   <cell col-end="3" col-start="3" row-end="3" row-start="3" text="842 EU mL
     
      −1
     


       b">
   </cell>
   <cell col-end="4" col-start="4" row-end="3" row-start="3" text="109 IU mL
     
      −1
     


       b">
   </cell>
  </row>
  <row row="4">
   <cell col-end="0" col-start="0" row-end="4" row-start="4" text="G">
   </cell>
   <cell col-end="1" col-start="1" row-end="4" row-start="4" text="NIBSC 16/150">
   </cell>
   <cell col-end="2" col-start="2" row-end="4" row-start="4" text="Post-Typbar TCV vaccination serum">
   </cell>
   <cell col-end="3" col-start="3" row-end="4" row-start="4" text="350 EU mL
     
      −1
     


       b">
   </cell>
   <cell col-end="4" col-start="4" row-end="4" row-start="4" text="38 IU mL
     
      −1
     


       b">
   </cell>
  </row>
  <row row="5">
   <cell col-end="0" col-start="0" row-end="5" row-start="5" text="H">
   </cell>
   <cell col-end="1" col-start="1" row-end="5" row-start="5" text="NIBSC 16/138">
   </cell>
   <cell col-end="2" col-start="2" row-end="5" row-start="5" text="Pooled anti-Vi IgG sera from 16 volunteers">
   </cell>
   <cell col-end="3" col-start="3" row-end="5" row-start="5" text="631 EU mL
     
      −1
     


       b">
   </cell>
   <cell col-end="4" col-start="4" row-end="5" row-start="5" text="97 IU mL
     
      −1
     


       b">
   </cell>
  </row>
  <row row="6">
   <cell col-end="0" col-start="0" row-end="6" row-start="6" text="I">
   </cell>
   <cell col-end="1" col-start="1" row-end="6" row-start="6" text="NIBSC 16/144">
   </cell>
   <cell col-end="2" col-start="2" row-end="6" row-start="6" text="Post-Typbar TCV vaccination serum">
   </cell>
   <cell col-end="3" col-start="3" row-end="6" row-start="6" text="345 EU mL
     
      −1
     


       b">
   </cell>
   <cell col-end="4" col-start="4" row-end="6" row-start="6" text="25 IU mL
     
      −1
     


       b">
   </cell>
  </row>
  <row row="7">
   <cell col-end="0" col-start="0" row-end="7" row-start="7" text="J">
   </cell>
   <cell col-end="1" col-start="1" row-end="7" row-start="7" text="NIBSC 16/146">
   </cell>
   <cell col-end="2" col-start="2" row-end="7" row-start="7" text="Post-Typhim vaccination serum">
   </cell>
   <cell col-end="3" col-start="3" row-end="7" row-start="7" text="524 EU mL
     
      −1
     


       b">
   </cell>
   <cell col-end="4" col-start="4" row-end="7" row-start="7" text="62 IU mL
     
      −1
     


       b">
   </cell>
  </row>
  <row row="8">
   <cell col-end="0" col-start="0" row-end="8" row-start="8" text="K">
   </cell>
   <cell col-end="1" col-start="1" row-end="8" row-start="8" text="NIBSC 16/148">
   </cell>
   <cell col-end="2" col-start="2" row-end="8" row-start="8" text="Post-Typhim vaccination serum">
   </cell>
   <cell col-end="3" col-start="3" row-end="8" row-start="8" text="150 EU mL
     
      −1
     


       c">
   </cell>
   <cell col-end="4" col-start="4" row-end="8" row-start="8" text="–">
   </cell>
  </row>
  <row row="9">
   <cell col-end="0" col-start="0" row-end="9" row-start="9" text="L">
   </cell>
   <cell col-end="1" col-start="1" row-end="9" row-start="9" text="NIBSC 16/168">
   </cell>
   <cell col-end="2" col-start="2" row-end="9" row-start="9" text="Post-Typbar TCV vaccination serum">
   </cell>
   <cell col-end="3" col-start="3" row-end="9" row-start="9" text="3876 EU mL
     
      −1
     


       c">
   </cell>
   <cell col-end="4" col-start="4" row-end="9" row-start="9" text="–">
   </cell>
  </row>
  <row row="10">
   <cell col-end="0" col-start="0" row-end="10" row-start="10" text="M">
   </cell>
   <cell col-end="1" col-start="1" row-end="10" row-start="10" text="NIBSC 16/180">
   </cell>
   <cell col-end="2" col-start="2" row-end="10" row-start="10" text="Post-Typhim vaccination serum">
   </cell>
   <cell col-end="3" col-start="3" row-end="10" row-start="10" text="61 EU mL
     
      −1
     


       c">
   </cell>
   <cell col-end="4" col-start="4" row-end="10" row-start="10" text="–">
   </cell>
  </row>
  <statements>
   <statement id="0" text="A brief characterisation of the study samples, study codes, NIBSC codes and their reactivity in the VaccZyme ELISA based on preliminary testing is given in Table 1 ." type="">
   </statement>
   <statement id="1" text="Approximate activity has a different NIBSC code." type="">
   </statement>
   <statement id="2" text="G has a highest kit control." type="">
   </statement>
   <statement id="3" text="G has a lowest kit control." type="">
   </statement>
   <statement id="5" text="Samples IS 16/138, 10/126 and coded samples G, I and J had been used previously [ 19 ]." type="">
   </statement>
   <statement id="6" text="There are 5 different types of approximate activity in the given table." type="">
   </statement>
  </statements>
 </table>
</document>