<document>
 <table id="Table 5">
  <caption text="

   Analysis of the association of the rs9533156 polymorphism with BMD and low-energy fractures.
  
">
  </caption>
  <legend text="

   x - number of patients with fractures, y - number of patients within genotype.
  
">
  </legend>
  <row row="0">
   <cell col-end="0" col-start="0" row-end="1" row-start="0" text="BMD result">
   </cell>
   <cell col-end="1" col-start="1" row-end="1" row-start="0" text="Bone fractures">
   </cell>
   <cell col-end="4" col-start="2" row-end="0" row-start="0" text="Genotype">
   </cell>
   <cell col-end="5" col-start="5" row-end="1" row-start="0" text="p-
     
     value">
   </cell>
  </row>
  <row row="1">
   <cell col-end="2" col-start="2" row-end="1" row-start="1" text="TT">
   </cell>
   <cell col-end="3" col-start="3" row-end="1" row-start="1" text="TC">
   </cell>
   <cell col-end="4" col-start="4" row-end="1" row-start="1" text="CC">
   </cell>
  </row>
  <row row="2">
   <cell col-end="0" col-start="0" row-end="2" row-start="2" text="Osteoporosis
     
     n = 70">
   </cell>
   <cell col-end="1" col-start="1" row-end="2" row-start="2" text="Patients x/y">
   </cell>
   <cell col-end="2" col-start="2" row-end="2" row-start="2" text="16/21 (76.2%)">
   </cell>
   <cell col-end="3" col-start="3" row-end="2" row-start="2" text="31/35 (88.6%)">
   </cell>
   <cell col-end="4" col-start="4" row-end="2" row-start="2" text="11/14 (78.6%)">
   </cell>
   <cell col-end="5" col-start="5" row-end="2" row-start="2" text="p
     
     = 0.2193">
   </cell>
  </row>
  <row row="3">
   <cell col-end="0" col-start="0" row-end="3" row-start="3" text="Osteopenia
     
     n = 24">
   </cell>
   <cell col-end="1" col-start="1" row-end="3" row-start="3" text="Patients x/y">
   </cell>
   <cell col-end="2" col-start="2" row-end="3" row-start="3" text="3/4 (75.0%)">
   </cell>
   <cell col-end="3" col-start="3" row-end="3" row-start="3" text="8/13 (61.5%)">
   </cell>
   <cell col-end="4" col-start="4" row-end="3" row-start="3" text="7/7 (100.0%)">
   </cell>
   <cell col-end="5" col-start="5" row-end="3" row-start="3" text="p
     
     = 0.7687">
   </cell>
  </row>
  <row row="4">
   <cell col-end="0" col-start="0" row-end="4" row-start="4" text="Normal BMD
     
     n = 20">
   </cell>
   <cell col-end="1" col-start="1" row-end="4" row-start="4" text="Patients x/y">
   </cell>
   <cell col-end="2" col-start="2" row-end="4" row-start="4" text="1/2 (50.0%)">
   </cell>
   <cell col-end="3" col-start="3" row-end="4" row-start="4" text="9/10 (90.0%)">
   </cell>
   <cell col-end="4" col-start="4" row-end="4" row-start="4" text="6/8 (75.0%)">
   </cell>
   <cell col-end="5" col-start="5" row-end="4" row-start="4" text="p
     
     = 0.8487">
   </cell>
  </row>
  <statements>
   <statement id="1" text="Bone fractures will be calculated by using Patients x(number of patients with fractures)/y(number of patients within genotype)." type="">
   </statement>
   <statement id="2" text="Genotype TT,TC,CC has different value for all polymorphism." type="">
   </statement>
   <statement id="4" text="n value varies from n=80 to n=120 for all BMD result." type="">
   </statement>
   <statement id="5" text="p- value has same value for all polymorphism." type="">
   </statement>
   <statement id="7" text="The Genotype has 3 categories such as TT,TC,CC." type="">
   </statement>
   <statement id="8" text="The Genotype has 5 categories." type="">
   </statement>
   <statement id="10" text="We also performed an analysis of the effect of genetic variants in the TNFSF11 gene on the bone status, taking into account both, BMD results (normal BMD, osteoporosis, and osteopenia) and low-energy fracture rates." type="">
   </statement>
  </statements>
 </table>
</document>