<document>
 <table id="Table 2">
  <caption text="

   14 machine learning models applied in this study.
  
">
  </caption>
  <row row="0">
   <cell col-end="0" col-start="0" row-end="0" row-start="0" text="No.">
   </cell>
   <cell col-end="1" col-start="1" row-end="0" row-start="0" text="Algorithm categories">
   </cell>
   <cell col-end="2" col-start="2" row-end="0" row-start="0" text="Models">
   </cell>
   <cell col-end="3" col-start="3" row-end="0" row-start="0" text="Settings">
   </cell>
  </row>
  <row row="1">
   <cell col-end="0" col-start="0" row-end="1" row-start="1" text="1">
   </cell>
   <cell col-end="1" col-start="1" row-end="1" row-start="1" text="Decision trees">
   </cell>
   <cell col-end="2" col-start="2" row-end="1" row-start="1" text="Coarse tree">
   </cell>
   <cell col-end="3" col-start="3" row-end="1" row-start="1" text="Maximum number of layers = 5">
   </cell>
  </row>
  <row row="2">
   <cell col-end="0" col-start="0" row-end="2" row-start="2" text="2">
   </cell>
   <cell col-end="1" col-start="1" row-end="2" row-start="2" text="">
   </cell>
   <cell col-end="2" col-start="2" row-end="2" row-start="2" text="Medium tree">
   </cell>
   <cell col-end="3" col-start="3" row-end="2" row-start="2" text="Maximum number of layers = 20">
   </cell>
  </row>
  <row row="3">
   <cell col-end="0" col-start="0" row-end="3" row-start="3" text="3">
   </cell>
   <cell col-end="1" col-start="1" row-end="3" row-start="3" text="Discriminant analysis">
   </cell>
   <cell col-end="2" col-start="2" row-end="3" row-start="3" text="Linear discriminant">
   </cell>
   <cell col-end="3" col-start="3" row-end="3" row-start="3" text="Based on a linear classifier">
   </cell>
  </row>
  <row row="4">
   <cell col-end="0" col-start="0" row-end="4" row-start="4" text="4">
   </cell>
   <cell col-end="1" col-start="1" row-end="4" row-start="4" text="">
   </cell>
   <cell col-end="2" col-start="2" row-end="4" row-start="4" text="Quadratic discriminant">
   </cell>
   <cell col-end="3" col-start="3" row-end="4" row-start="4" text="Based on a quadratic classifier">
   </cell>
  </row>
  <row row="5">
   <cell col-end="0" col-start="0" row-end="5" row-start="5" text="5">
   </cell>
   <cell col-end="1" col-start="1" row-end="5" row-start="5" text="Support vector machine (SVM)">
   </cell>
   <cell col-end="2" col-start="2" row-end="5" row-start="5" text="Linear SVM">
   </cell>
   <cell col-end="3" col-start="3" row-end="5" row-start="5" text="Based on a linear kernel">
   </cell>
  </row>
  <row row="6">
   <cell col-end="0" col-start="0" row-end="6" row-start="6" text="6">
   </cell>
   <cell col-end="1" col-start="1" row-end="6" row-start="6" text="">
   </cell>
   <cell col-end="2" col-start="2" row-end="6" row-start="6" text="Quadratic SVM">
   </cell>
   <cell col-end="3" col-start="3" row-end="6" row-start="6" text="Based on a quadratic kernel">
   </cell>
  </row>
  <row row="7">
   <cell col-end="0" col-start="0" row-end="7" row-start="7" text="7">
   </cell>
   <cell col-end="1" col-start="1" row-end="7" row-start="7" text="">
   </cell>
   <cell col-end="2" col-start="2" row-end="7" row-start="7" text="Cubic SVM">
   </cell>
   <cell col-end="3" col-start="3" row-end="7" row-start="7" text="Based on a cubic kernel">
   </cell>
  </row>
  <row row="8">
   <cell col-end="0" col-start="0" row-end="8" row-start="8" text="8">
   </cell>
   <cell col-end="1" col-start="1" row-end="8" row-start="8" text="K nearest neighbor (KNN)">
   </cell>
   <cell col-end="2" col-start="2" row-end="8" row-start="8" text="Fine KNN">
   </cell>
   <cell col-end="3" col-start="3" row-end="8" row-start="8" text="Based on Euclidean distance, number of NN=1">
   </cell>
  </row>
  <row row="9">
   <cell col-end="0" col-start="0" row-end="9" row-start="9" text="9">
   </cell>
   <cell col-end="1" col-start="1" row-end="9" row-start="9" text="">
   </cell>
   <cell col-end="2" col-start="2" row-end="9" row-start="9" text="Medium KNN">
   </cell>
   <cell col-end="3" col-start="3" row-end="9" row-start="9" text="Based on Euclidean distance, number of NN=10">
   </cell>
  </row>
  <row row="10">
   <cell col-end="0" col-start="0" row-end="10" row-start="10" text="10">
   </cell>
   <cell col-end="1" col-start="1" row-end="10" row-start="10" text="">
   </cell>
   <cell col-end="2" col-start="2" row-end="10" row-start="10" text="Cos KNN">
   </cell>
   <cell col-end="3" col-start="3" row-end="10" row-start="10" text="Based on cosine distance, number of NN=100">
   </cell>
  </row>
  <row row="11">
   <cell col-end="0" col-start="0" row-end="11" row-start="11" text="11">
   </cell>
   <cell col-end="1" col-start="1" row-end="11" row-start="11" text="">
   </cell>
   <cell col-end="2" col-start="2" row-end="11" row-start="11" text="Cubic KNN">
   </cell>
   <cell col-end="3" col-start="3" row-end="11" row-start="11" text="Based on Euclidean distance, number of NN=10">
   </cell>
  </row>
  <row row="12">
   <cell col-end="0" col-start="0" row-end="12" row-start="12" text="12">
   </cell>
   <cell col-end="1" col-start="1" row-end="12" row-start="12" text="Ensemble algorithms">
   </cell>
   <cell col-end="2" col-start="2" row-end="12" row-start="12" text="Bagged trees">
   </cell>
   <cell col-end="3" col-start="3" row-end="12" row-start="12" text="Number of learners =50
     
     Learning rate = 0.1">
   </cell>
  </row>
  <row row="13">
   <cell col-end="0" col-start="0" row-end="13" row-start="13" text="13">
   </cell>
   <cell col-end="1" col-start="1" row-end="13" row-start="13" text="">
   </cell>
   <cell col-end="2" col-start="2" row-end="13" row-start="13" text="Subspace discriminant">
   </cell>
   <cell col-end="3" col-start="3" row-end="13" row-start="13" text="Number of learners =30
     
     Subspace dimension = (number of features)/2">
   </cell>
  </row>
  <row row="14">
   <cell col-end="0" col-start="0" row-end="14" row-start="14" text="14">
   </cell>
   <cell col-end="1" col-start="1" row-end="14" row-start="14" text="">
   </cell>
   <cell col-end="2" col-start="2" row-end="14" row-start="14" text="Subspace KNN">
   </cell>
   <cell col-end="3" col-start="3" row-end="14" row-start="14" text="Number of learners =30
     
     Subspace dimension = (number of features)/2">
   </cell>
  </row>
  <statements>
   <statement id="2" text="Decision trees have Models like Coarse tree and Medium tree." type="">
   </statement>
   <statement id="3" text="K nearest neighbor (KNN) has 4 models." type="">
   </statement>
  </statements>
 </table>
 <table id="Table 3">
  <caption text="

   Four cumulative rainfall threshold curves for the conventional method each target different performance metrics.
  
">
  </caption>
  <row row="0">
   <cell col-end="0" col-start="0" row-end="0" row-start="0" text="Threshold">
   </cell>
   <cell col-end="1" col-start="1" row-end="0" row-start="0" text="Α">
   </cell>
   <cell col-end="2" col-start="2" row-end="0" row-start="0" text="β">
   </cell>
   <cell col-end="3" col-start="3" row-end="0" row-start="0" text="µ">
   </cell>
   <cell col-end="4" col-start="4" row-end="0" row-start="0" text="TPR">
   </cell>
   <cell col-end="5" col-start="5" row-end="0" row-start="0" text="NPR">
   </cell>
   <cell col-end="6" col-start="6" row-end="0" row-start="0" text="TNR">
   </cell>
   <cell col-end="7" col-start="7" row-end="0" row-start="0" text="PPR">
   </cell>
   <cell col-end="8" col-start="8" row-end="0" row-start="0" text="ACC">
   </cell>
  </row>
  <row row="1">
   <cell col-end="0" col-start="0" row-end="1" row-start="1" text="1">
   </cell>
   <cell col-end="1" col-start="1" row-end="1" row-start="1" text="0">
   </cell>
   <cell col-end="2" col-start="2" row-end="1" row-start="1" text="1">
   </cell>
   <cell col-end="3" col-start="3" row-end="1" row-start="1" text="0">
   </cell>
   <cell col-end="4" col-start="4" row-end="1" row-start="1" text="0.46">
   </cell>
   <cell col-end="5" col-start="5" row-end="1" row-start="1" text="0.93">
   </cell>
   <cell col-end="6" col-start="6" row-end="1" row-start="1" text="0.98">
   </cell>
   <cell col-end="7" col-start="7" row-end="1" row-start="1" text="0.73">
   </cell>
   <cell col-end="8" col-start="8" row-end="1" row-start="1" text="0.91">
   </cell>
  </row>
  <row row="2">
   <cell col-end="0" col-start="0" row-end="2" row-start="2" text="2">
   </cell>
   <cell col-end="1" col-start="1" row-end="2" row-start="2" text="0">
   </cell>
   <cell col-end="2" col-start="2" row-end="2" row-start="2" text="1">
   </cell>
   <cell col-end="3" col-start="3" row-end="2" row-start="2" text="0.2">
   </cell>
   <cell col-end="4" col-start="4" row-end="2" row-start="2" text="0.5">
   </cell>
   <cell col-end="5" col-start="5" row-end="2" row-start="2" text="0.93">
   </cell>
   <cell col-end="6" col-start="6" row-end="2" row-start="2" text="0.97">
   </cell>
   <cell col-end="7" col-start="7" row-end="2" row-start="2" text="0.71">
   </cell>
   <cell col-end="8" col-start="8" row-end="2" row-start="2" text="0.91">
   </cell>
  </row>
  <row row="3">
   <cell col-end="0" col-start="0" row-end="3" row-start="3" text="3">
   </cell>
   <cell col-end="1" col-start="1" row-end="3" row-start="3" text="0.05">
   </cell>
   <cell col-end="2" col-start="2" row-end="3" row-start="3" text="0.85">
   </cell>
   <cell col-end="3" col-start="3" row-end="3" row-start="3" text="0.6">
   </cell>
   <cell col-end="4" col-start="4" row-end="3" row-start="3" text="0.92">
   </cell>
   <cell col-end="5" col-start="5" row-end="3" row-start="3" text="0.98">
   </cell>
   <cell col-end="6" col-start="6" row-end="3" row-start="3" text="0.49">
   </cell>
   <cell col-end="7" col-start="7" row-end="3" row-start="3" text="0.2">
   </cell>
   <cell col-end="8" col-start="8" row-end="3" row-start="3" text="0.54">
   </cell>
  </row>
  <row row="4">
   <cell col-end="0" col-start="0" row-end="4" row-start="4" text="4">
   </cell>
   <cell col-end="1" col-start="1" row-end="4" row-start="4" text="0.08">
   </cell>
   <cell col-end="2" col-start="2" row-end="4" row-start="4" text="0.90">
   </cell>
   <cell col-end="3" col-start="3" row-end="4" row-start="4" text="0.8">
   </cell>
   <cell col-end="4" col-start="4" row-end="4" row-start="4" text="0.96">
   </cell>
   <cell col-end="5" col-start="5" row-end="4" row-start="4" text="0.97">
   </cell>
   <cell col-end="6" col-start="6" row-end="4" row-start="4" text="0.18">
   </cell>
   <cell col-end="7" col-start="7" row-end="4" row-start="4" text="0.15">
   </cell>
   <cell col-end="8" col-start="8" row-end="4" row-start="4" text="0.27">
   </cell>
  </row>
  <row row="5">
   <cell col-end="0" col-start="0" row-end="5" row-start="5" text="Range">
   </cell>
   <cell col-end="1" col-start="1" row-end="5" row-start="5" text="[0, 0.2]">
   </cell>
   <cell col-end="2" col-start="2" row-end="5" row-start="5" text="[0.8, 1]">
   </cell>
   <cell col-end="3" col-start="3" row-end="5" row-start="5" text="[0, 1]">
   </cell>
   <cell col-end="4" col-start="4" row-end="5" row-start="5" text="[0.46, 0.96]">
   </cell>
   <cell col-end="5" col-start="5" row-end="5" row-start="5" text="[0.86, 0.98]">
   </cell>
   <cell col-end="6" col-start="6" row-end="5" row-start="5" text="[0.04, 0.98]">
   </cell>
   <cell col-end="7" col-start="7" row-end="5" row-start="5" text="[0.12, 0.73]">
   </cell>
   <cell col-end="8" col-start="8" row-end="5" row-start="5" text="[0.15, 0.91]">
   </cell>
  </row>
  <statements>
   <statement id="1" text="PPR 0.2 for 10 Threshold." type="">
   </statement>
   <statement id="2" text="Threshold Range for ACC is [0.15, 0.91]." type="">
   </statement>
   <statement id="4" text="TPR 0.92 for 5Threshold." type="">
   </statement>
  </statements>
 </table>
 <table id="Table 1">
  <caption text="

   Confusion matrix for quantifying the performance of a classification model.
  
">
  </caption>
  <row row="0">
   <cell col-end="0" col-start="0" row-end="0" row-start="0" text="">
   </cell>
   <cell col-end="4" col-start="1" row-end="0" row-start="0" text="True classes">
   </cell>
  </row>
  <row row="1">
   <cell col-end="0" col-start="0" row-end="1" row-start="1" text="">
   </cell>
   <cell col-end="1" col-start="1" row-end="1" row-start="1" text="">
   </cell>
   <cell col-end="2" col-start="2" row-end="1" row-start="1" text="Flooding">
   </cell>
   <cell col-end="3" col-start="3" row-end="1" row-start="1" text="Non-flooding">
   </cell>
   <cell col-end="4" col-start="4" row-end="1" row-start="1" text="">
   </cell>
  </row>
  <row row="2">
   <cell col-end="0" col-start="0" row-end="2" row-start="2" text="Predicted classes">
   </cell>
   <cell col-end="1" col-start="1" row-end="2" row-start="2" text="Flooding">
   </cell>
   <cell col-end="2" col-start="2" row-end="2" row-start="2" text="True positives (TP)">
   </cell>
   <cell col-end="3" col-start="3" row-end="2" row-start="2" text="False positives
     
     (FP)">
   </cell>
   <cell col-end="4" col-start="4" row-end="2" row-start="2" text="Positive predictive rate
     
     (PPR) = TP/(TP+FP)">
   </cell>
  </row>
  <row row="3">
   <cell col-end="0" col-start="0" row-end="3" row-start="3" text="">
   </cell>
   <cell col-end="1" col-start="1" row-end="3" row-start="3" text="Non-flooding">
   </cell>
   <cell col-end="2" col-start="2" row-end="3" row-start="3" text="False negatives
     
     (FN)">
   </cell>
   <cell col-end="3" col-start="3" row-end="3" row-start="3" text="True negatives
     
     (TN)">
   </cell>
   <cell col-end="4" col-start="4" row-end="3" row-start="3" text="Negative predictive rate (NPR) = TN/(TN+FN)">
   </cell>
  </row>
  <row row="4">
   <cell col-end="0" col-start="0" row-end="4" row-start="4" text="">
   </cell>
   <cell col-end="1" col-start="1" row-end="4" row-start="4" text="">
   </cell>
   <cell col-end="2" col-start="2" row-end="4" row-start="4" text="True positive rate (TPR) = TP/(TP+FN)">
   </cell>
   <cell col-end="3" col-start="3" row-end="4" row-start="4" text="True negative rate (TNR) = TN/(FP+TN)">
   </cell>
   <cell col-end="4" col-start="4" row-end="4" row-start="4" text="Accuracy (ACC) = (TN+TP)/(TP+TN+FN+FP)">
   </cell>
  </row>
  <statements>
   <statement id="0" text="FP stands for False positive." type="">
   </statement>
   <statement id="2" text="Non-flooding is only one of the predicted classes." type="">
   </statement>
   <statement id="3" text="Then we further develop multiple parametric and non-parametric ML models to classify flooding and non-flooding events based on rainfall intensities." type="">
   </statement>
   <statement id="4" text="There are 2 Predicted classes in performance of a classification model." type="">
   </statement>
   <statement id="6" text="True positive rate is calculated using TPR = TP/(TP+FN)" type="">
   </statement>
   <statement id="7" text="True Positives is one of true classes of Non-flooding." type="">
   </statement>
  </statements>
 </table>
 <table id="Table 4">
  <caption text="

   Coefficients of ten temporal resolutions of rainfall (
   
    Eq. (1)
   
   ) for two principal components.
  
">
  </caption>
  <row row="0">
   <cell col-end="0" col-start="0" row-end="0" row-start="0" text="Coefficients">
   </cell>
   <cell col-end="1" col-start="1" row-end="0" row-start="0" text="Rd
     

      1">
   </cell>
   <cell col-end="2" col-start="2" row-end="0" row-start="0" text="Rd
     

      5">
   </cell>
   <cell col-end="3" col-start="3" row-end="0" row-start="0" text="Rd
     

      10">
   </cell>
   <cell col-end="4" col-start="4" row-end="0" row-start="0" text="Rd
     

      15">
   </cell>
   <cell col-end="5" col-start="5" row-end="0" row-start="0" text="Rd
     

      30">
   </cell>
   <cell col-end="6" col-start="6" row-end="0" row-start="0" text="Rd
     

      60">
   </cell>
   <cell col-end="7" col-start="7" row-end="0" row-start="0" text="Rd
     

      120">
   </cell>
   <cell col-end="8" col-start="8" row-end="0" row-start="0" text="Rd
     

      360">
   </cell>
   <cell col-end="9" col-start="9" row-end="0" row-start="0" text="Rd
     

      720">
   </cell>
   <cell col-end="10" col-start="10" row-end="0" row-start="0" text="Rd
     

      1440">
   </cell>
   <cell col-end="11" col-start="11" row-end="0" row-start="0" text="explained">
   </cell>
  </row>
  <row row="1">
   <cell col-end="0" col-start="0" row-end="1" row-start="1" text="Feature 1">
   </cell>
   <cell col-end="1" col-start="1" row-end="1" row-start="1" text="0.02">
   </cell>
   <cell col-end="2" col-start="2" row-end="1" row-start="1" text="0.05">
   </cell>
   <cell col-end="3" col-start="3" row-end="1" row-start="1" text="0.08">
   </cell>
   <cell col-end="4" col-start="4" row-end="1" row-start="1" text="0.11">
   </cell>
   <cell col-end="5" col-start="5" row-end="1" row-start="1" text="0.15">
   </cell>
   <cell col-end="6" col-start="6" row-end="1" row-start="1" text="0.21">
   </cell>
   <cell col-end="7" col-start="7" row-end="1" row-start="1" text="0.28">
   </cell>
   <cell col-end="8" col-start="8" row-end="1" row-start="1" text="0.43">
   </cell>
   <cell col-end="9" col-start="9" row-end="1" row-start="1" text="0.53">
   </cell>
   <cell col-end="10" col-start="10" row-end="1" row-start="1" text="0.61">
   </cell>
   <cell col-end="11" col-start="11" row-end="1" row-start="1" text="97.5%">
   </cell>
  </row>
  <row row="2">
   <cell col-end="0" col-start="0" row-end="2" row-start="2" text="Feature 2">
   </cell>
   <cell col-end="1" col-start="1" row-end="2" row-start="2" text="0.05">
   </cell>
   <cell col-end="2" col-start="2" row-end="2" row-start="2" text="0.16">
   </cell>
   <cell col-end="3" col-start="3" row-end="2" row-start="2" text="0.25">
   </cell>
   <cell col-end="4" col-start="4" row-end="2" row-start="2" text="0.31">
   </cell>
   <cell col-end="5" col-start="5" row-end="2" row-start="2" text="0.40">
   </cell>
   <cell col-end="6" col-start="6" row-end="2" row-start="2" text="0.44">
   </cell>
   <cell col-end="7" col-start="7" row-end="2" row-start="2" text="0.42">
   </cell>
   <cell col-end="8" col-start="8" row-end="2" row-start="2" text="0.15">
   </cell>
   <cell col-end="9" col-start="9" row-end="2" row-start="2" text="-0.23">
   </cell>
   <cell col-end="10" col-start="10" row-end="2" row-start="2" text="-0.46">
   </cell>
   <cell col-end="11" col-start="11" row-end="2" row-start="2" text="2%">
   </cell>
  </row>
  <statements>
   <statement id="0" text="Comparing Feature 1 and Feature 2 explained value of Feature 1 is high i.e, 97.5%." type="">
   </statement>
   <statement id="2" text="In Feature 1 the highest coefficients is0.11 in Rd 1440." type="">
   </statement>
   <statement id="4" text="In Feature 2 the lowest coefficients is 8.23 in Rd 1" type="">
   </statement>
  </statements>
 </table>
</document>