<document>
 <table id="Table 1">
  <caption text="

   Three rounds of coding process
  
">
  </caption>
  <row row="0">
   <cell col-end="0" col-start="0" row-end="0" row-start="0" text="Illustrative quotes">
   </cell>
   <cell col-end="1" col-start="1" row-end="0" row-start="0" text="Second order categories">
   </cell>
   <cell col-end="2" col-start="2" row-end="0" row-start="0" text="Third order categories">
   </cell>
  </row>
  <row row="1">
   <cell col-end="0" col-start="0" row-end="1" row-start="1" text="“For example, the work leaders will assign you some related work (to the current work), this is congruent (congruent information interruption); when I am using a system for maintenance, the relevant manager may call me and tell me how to use it” (a1)">
   </cell>
   <cell col-end="1" col-start="1" row-end="1" row-start="1" text="A1 Congruent IT-mediated information interruption">
   </cell>
   <cell col-end="2" col-start="2" row-end="1" row-start="1" text="AA1 Type of IT-mediated information interruption">
   </cell>
  </row>
  <row row="2">
   <cell col-end="0" col-start="0" row-end="2" row-start="2" text="“Sometimes when I was doing something, my department leader would say that the font should be changed and more information should be added.” (a2)">
   </cell>
   <cell col-end="1" col-start="1" row-end="2" row-start="2" text="">
   </cell>
   <cell col-end="2" col-start="2" row-end="2" row-start="2" text="">
   </cell>
  </row>
  <row row="3">
   <cell col-end="0" col-start="0" row-end="3" row-start="3" text="“A WeChat message may come sometimes and tell you that current project may need to be modified. This kind of requirement (interruption) is very common.” (a3)">
   </cell>
   <cell col-end="1" col-start="1" row-end="3" row-start="3" text="">
   </cell>
   <cell col-end="2" col-start="2" row-end="3" row-start="3" text="">
   </cell>
  </row>
  <row row="4">
   <cell col-end="0" col-start="0" row-end="4" row-start="4" text="“When I'm at work, I have to use the web pages, some online ads and stuff will pop up, and even some phone calls.” (a4)">
   </cell>
   <cell col-end="1" col-start="1" row-end="4" row-start="4" text="A2 Incongruent IT-mediated information interruption">
   </cell>
   <cell col-end="2" col-start="2" row-end="4" row-start="4" text="">
   </cell>
  </row>
  <row row="5">
   <cell col-end="0" col-start="0" row-end="5" row-start="5" text="“I always hear from harassing call about loan, buying a house and so on, these came suddenly and interrupted my job.” (a5)">
   </cell>
   <cell col-end="1" col-start="1" row-end="5" row-start="5" text="">
   </cell>
   <cell col-end="2" col-start="2" row-end="5" row-start="5" text="">
   </cell>
  </row>
  <row row="6">
   <cell col-end="0" col-start="0" row-end="6" row-start="6" text="“(Interruptions) Including messages from friends, family, WeChat text messages, taobao ads and some harassing phone calls. ”(a6)">
   </cell>
   <cell col-end="1" col-start="1" row-end="6" row-start="6" text="">
   </cell>
   <cell col-end="2" col-start="2" row-end="6" row-start="6" text="">
   </cell>
  </row>
  <row row="7">
   <cell col-end="0" col-start="0" row-end="7" row-start="7" text="“Sometimes I open up a browser and then a lot of ads and push will come up. Then I have to turn it off so that I can get back on with my work.” (a7)">
   </cell>
   <cell col-end="1" col-start="1" row-end="7" row-start="7" text="">
   </cell>
   <cell col-end="2" col-start="2" row-end="7" row-start="7" text="">
   </cell>
  </row>
  <row row="8">
   <cell col-end="0" col-start="0" row-end="8" row-start="8" text="“Work must be the first thing to do, because you are in a state of work, the interruption of information should be delayed.” (a8)">
   </cell>
   <cell col-end="1" col-start="1" row-end="8" row-start="8" text="A3 Sequential processing">
   </cell>
   <cell col-end="2" col-start="2" row-end="8" row-start="8" text="AA2 Processing mechanisms">
   </cell>
  </row>
  <row row="9">
   <cell col-end="0" col-start="0" row-end="9" row-start="9" text="I will just keep doing what I was doing. (a9)">
   </cell>
   <cell col-end="1" col-start="1" row-end="9" row-start="9" text="">
   </cell>
   <cell col-end="2" col-start="2" row-end="9" row-start="9" text="">
   </cell>
  </row>
  <row row="10">
   <cell col-end="0" col-start="0" row-end="10" row-start="10" text="“I basically did what I had planned to do, except that every once in a while there was something called a distraction and I have to do that first.” (a10)">
   </cell>
   <cell col-end="1" col-start="1" row-end="10" row-start="10" text="">
   </cell>
   <cell col-end="2" col-start="2" row-end="10" row-start="10" text="">
   </cell>
  </row>
  <row row="11">
   <cell col-end="0" col-start="0" row-end="11" row-start="11" text="“I will definitely deal with work-related tasks in my worktime.” (a11)">
   </cell>
   <cell col-end="1" col-start="1" row-end="11" row-start="11" text="">
   </cell>
   <cell col-end="2" col-start="2" row-end="11" row-start="11" text="">
   </cell>
  </row>
  <row row="12">
   <cell col-end="0" col-start="0" row-end="12" row-start="12" text="“When I'm in a continuous working state such as writing a report an article, and that kind of thing (interruption) will have a large impact. In that case, I will leave away the WeChat messages and so on.” (a12)">
   </cell>
   <cell col-end="1" col-start="1" row-end="12" row-start="12" text="">
   </cell>
   <cell col-end="2" col-start="2" row-end="12" row-start="12" text="">
   </cell>
  </row>
  <row row="13">
   <cell col-end="0" col-start="0" row-end="13" row-start="13" text="“Generally I will deal with the newcomers (interruption). This is the equivalent of interrupting your work, because you can't go on working unless you solve the problem.” (a13)">
   </cell>
   <cell col-end="1" col-start="1" row-end="13" row-start="13" text="A4 Preemptive processing">
   </cell>
   <cell col-end="2" col-start="2" row-end="13" row-start="13" text="">
   </cell>
  </row>
  <row row="14">
   <cell col-end="0" col-start="0" row-end="14" row-start="14" text="“If the customer wants it right now, and sometimes I have to give it to him first, I will finish it as soon as possible, and then do what I was originally doing, and then try not to delay.” (a14)">
   </cell>
   <cell col-end="1" col-start="1" row-end="14" row-start="14" text="">
   </cell>
   <cell col-end="2" col-start="2" row-end="14" row-start="14" text="">
   </cell>
  </row>
  <row row="15">
   <cell col-end="0" col-start="0" row-end="15" row-start="15" text="“For example, if my boss tells me to do this (interruption) right away, what I have done before would be interrupted and then I will do it (interruption).” (a15)">
   </cell>
   <cell col-end="1" col-start="1" row-end="15" row-start="15" text="">
   </cell>
   <cell col-end="2" col-start="2" row-end="15" row-start="15" text="">
   </cell>
  </row>
  <row row="16">
   <cell col-end="0" col-start="0" row-end="16" row-start="16" text="“It's a lot of pressure to keep getting new information interruptions.” (a16)">
   </cell>
   <cell col-end="1" col-start="1" row-end="16" row-start="16" text="A5 Interruption overload">
   </cell>
   <cell col-end="2" col-start="2" row-end="16" row-start="16" text="AA3 Psychological outcomes">
   </cell>
  </row>
  <row row="17">
   <cell col-end="0" col-start="0" row-end="17" row-start="17" text="“There may be a lot of pressure, because some of the work needs to be done on time, and then you may have more work to do.” (a17)">
   </cell>
   <cell col-end="1" col-start="1" row-end="17" row-start="17" text="">
   </cell>
   <cell col-end="2" col-start="2" row-end="17" row-start="17" text="">
   </cell>
  </row>
  <row row="18">
   <cell col-end="0" col-start="0" row-end="18" row-start="18" text="“It (interruption) has been interrupting my progress, and I may have to work late to get my work finished, which can lead to an overload.” (a18)">
   </cell>
   <cell col-end="1" col-start="1" row-end="18" row-start="18" text="">
   </cell>
   <cell col-end="2" col-start="2" row-end="18" row-start="18" text="">
   </cell>
  </row>
  <row row="19">
   <cell col-end="0" col-start="0" row-end="19" row-start="19" text="“Sometimes it may be necessary to answer several phone calls or give him a refusal, which will have some impact on my emotion.” (a19)">
   </cell>
   <cell col-end="1" col-start="1" row-end="19" row-start="19" text="A6 Emotional exhaustion">
   </cell>
   <cell col-end="2" col-start="2" row-end="19" row-start="19" text="">
   </cell>
  </row>
  <row row="20">
   <cell col-end="0" col-start="0" row-end="20" row-start="20" text="“When there are different opinions, my mind will be confused and tired.” (a20)">
   </cell>
   <cell col-end="1" col-start="1" row-end="20" row-start="20" text="">
   </cell>
   <cell col-end="2" col-start="2" row-end="20" row-start="20" text="">
   </cell>
  </row>
  <row row="21">
   <cell col-end="0" col-start="0" row-end="21" row-start="21" text="“In a word, the interruptions in the work time are always annoying and time-wasting.” (a21)">
   </cell>
   <cell col-end="1" col-start="1" row-end="21" row-start="21" text="">
   </cell>
   <cell col-end="2" col-start="2" row-end="21" row-start="21" text="">
   </cell>
  </row>
  <row row="22">
   <cell col-end="0" col-start="0" row-end="22" row-start="22" text="“Sometimes listening to what they say is also very upset, it will affect the mood of work and some negative energy will have an effect.” (a22)">
   </cell>
   <cell col-end="1" col-start="1" row-end="22" row-start="22" text="">
   </cell>
   <cell col-end="2" col-start="2" row-end="22" row-start="22" text="">
   </cell>
  </row>
  <statements>
   <statement id="1" text="A3 Sequential processing Second order categories Illustrative quotes is When I'm at work, I have to use the web pages, some online ads and stuff will pop up, and even some phone calls. (a4)." type="">
   </statement>
   <statement id="7" text="Third order categories A1 Congruent IT-mediated information interruption Illustrative quotes is For example, the work leaders will assign you some related work (to the current work), this is congruent (congruent information interruption); when I am using a system for maintenance, the relevant manager may call me and tell me how to use it (a1)." type="">
   </statement>
   <statement id="9" text="Third order categories AA2 Processing mechanisms Illustrative quotes is Work must be the first thing to do, because you are in a state of work, the interruption of information should be delayed. (a8)." type="">
   </statement>
  </statements>
 </table>
 <table id="Table 2">
  <caption text="

   Demographics of participants (N=345).
  
">
  </caption>
  <row row="0">
   <cell col-end="0" col-start="0" row-end="0" row-start="0" text="Constructs and measurement items">
   </cell>
   <cell col-end="1" col-start="1" row-end="0" row-start="0" text="Category">
   </cell>
   <cell col-end="2" col-start="2" row-end="0" row-start="0" text="Frequency (N=345)">
   </cell>
   <cell col-end="3" col-start="3" row-end="0" row-start="0" text="%">
   </cell>
  </row>
  <row row="1">
   <cell col-end="0" col-start="0" row-end="1" row-start="1" text="Gender">
   </cell>
   <cell col-end="1" col-start="1" row-end="1" row-start="1" text="Males">
   </cell>
   <cell col-end="2" col-start="2" row-end="1" row-start="1" text="116">
   </cell>
   <cell col-end="3" col-start="3" row-end="1" row-start="1" text="33.6">
   </cell>
  </row>
  <row row="2">
   <cell col-end="0" col-start="0" row-end="2" row-start="2" text="">
   </cell>
   <cell col-end="1" col-start="1" row-end="2" row-start="2" text="Females">
   </cell>
   <cell col-end="2" col-start="2" row-end="2" row-start="2" text="229">
   </cell>
   <cell col-end="3" col-start="3" row-end="2" row-start="2" text="66.4">
   </cell>
  </row>
  <row row="3">
   <cell col-end="0" col-start="0" row-end="3" row-start="3" text="Age">
   </cell>
   <cell col-end="1" col-start="1" row-end="3" row-start="3" text="&lt;25">
   </cell>
   <cell col-end="2" col-start="2" row-end="3" row-start="3" text="160">
   </cell>
   <cell col-end="3" col-start="3" row-end="3" row-start="3" text="46.4">
   </cell>
  </row>
  <row row="4">
   <cell col-end="0" col-start="0" row-end="4" row-start="4" text="">
   </cell>
   <cell col-end="1" col-start="1" row-end="4" row-start="4" text="26-35">
   </cell>
   <cell col-end="2" col-start="2" row-end="4" row-start="4" text="104">
   </cell>
   <cell col-end="3" col-start="3" row-end="4" row-start="4" text="30.1">
   </cell>
  </row>
  <row row="5">
   <cell col-end="0" col-start="0" row-end="5" row-start="5" text="">
   </cell>
   <cell col-end="1" col-start="1" row-end="5" row-start="5" text="36-45">
   </cell>
   <cell col-end="2" col-start="2" row-end="5" row-start="5" text="34">
   </cell>
   <cell col-end="3" col-start="3" row-end="5" row-start="5" text="9.8">
   </cell>
  </row>
  <row row="6">
   <cell col-end="0" col-start="0" row-end="6" row-start="6" text="">
   </cell>
   <cell col-end="1" col-start="1" row-end="6" row-start="6" text="&gt;45">
   </cell>
   <cell col-end="2" col-start="2" row-end="6" row-start="6" text="47">
   </cell>
   <cell col-end="3" col-start="3" row-end="6" row-start="6" text="13.6">
   </cell>
  </row>
  <row row="7">
   <cell col-end="0" col-start="0" row-end="7" row-start="7" text="Education">
   </cell>
   <cell col-end="1" col-start="1" row-end="7" row-start="7" text="Senior high school">
   </cell>
   <cell col-end="2" col-start="2" row-end="7" row-start="7" text="18">
   </cell>
   <cell col-end="3" col-start="3" row-end="7" row-start="7" text="5.2">
   </cell>
  </row>
  <row row="8">
   <cell col-end="0" col-start="0" row-end="8" row-start="8" text="">
   </cell>
   <cell col-end="1" col-start="1" row-end="8" row-start="8" text="Junior college">
   </cell>
   <cell col-end="2" col-start="2" row-end="8" row-start="8" text="18">
   </cell>
   <cell col-end="3" col-start="3" row-end="8" row-start="8" text="5.2">
   </cell>
  </row>
  <row row="9">
   <cell col-end="0" col-start="0" row-end="9" row-start="9" text="">
   </cell>
   <cell col-end="1" col-start="1" row-end="9" row-start="9" text="University degree">
   </cell>
   <cell col-end="2" col-start="2" row-end="9" row-start="9" text="239">
   </cell>
   <cell col-end="3" col-start="3" row-end="9" row-start="9" text="69.3">
   </cell>
  </row>
  <row row="10">
   <cell col-end="0" col-start="0" row-end="10" row-start="10" text="">
   </cell>
   <cell col-end="1" col-start="1" row-end="10" row-start="10" text="Graduate degree">
   </cell>
   <cell col-end="2" col-start="2" row-end="10" row-start="10" text="70">
   </cell>
   <cell col-end="3" col-start="3" row-end="10" row-start="10" text="20.3">
   </cell>
  </row>
  <row row="11">
   <cell col-end="0" col-start="0" row-end="11" row-start="11" text="Tenure">
   </cell>
   <cell col-end="1" col-start="1" row-end="11" row-start="11" text="&lt;1 year">
   </cell>
   <cell col-end="2" col-start="2" row-end="11" row-start="11" text="71">
   </cell>
   <cell col-end="3" col-start="3" row-end="11" row-start="11" text="20.6">
   </cell>
  </row>
  <row row="12">
   <cell col-end="0" col-start="0" row-end="12" row-start="12" text="">
   </cell>
   <cell col-end="1" col-start="1" row-end="12" row-start="12" text="1 -5 years">
   </cell>
   <cell col-end="2" col-start="2" row-end="12" row-start="12" text="140">
   </cell>
   <cell col-end="3" col-start="3" row-end="12" row-start="12" text="40.5">
   </cell>
  </row>
  <row row="13">
   <cell col-end="0" col-start="0" row-end="13" row-start="13" text="">
   </cell>
   <cell col-end="1" col-start="1" row-end="13" row-start="13" text="6 -10 years">
   </cell>
   <cell col-end="2" col-start="2" row-end="13" row-start="13" text="50">
   </cell>
   <cell col-end="3" col-start="3" row-end="13" row-start="13" text="14.5">
   </cell>
  </row>
  <row row="14">
   <cell col-end="0" col-start="0" row-end="14" row-start="14" text="">
   </cell>
   <cell col-end="1" col-start="1" row-end="14" row-start="14" text="&gt;12 years">
   </cell>
   <cell col-end="2" col-start="2" row-end="14" row-start="14" text="84">
   </cell>
   <cell col-end="3" col-start="3" row-end="14" row-start="14" text="24.3">
   </cell>
  </row>
  <statements>
   <statement id="1" text="In table there are Males and Females Gender." type="">
   </statement>
  </statements>
 </table>
 <table id="Table 4">
  <caption text="

   Fit indices of the measurement model.
  
">
  </caption>
  <row row="0">
   <cell col-end="0" col-start="0" row-end="0" row-start="0" text="Model fit measures">
   </cell>
   <cell col-end="1" col-start="1" row-end="0" row-start="0" text="Suggestive Value">
   </cell>
   <cell col-end="2" col-start="2" row-end="0" row-start="0" text="Actual Value">
   </cell>
   <cell col-end="3" col-start="3" row-end="0" row-start="0" text="Conclusion">
   </cell>
  </row>
  <row row="1">
   <cell col-end="0" col-start="0" row-end="1" row-start="1" text="SRMR">
   </cell>
   <cell col-end="1" col-start="1" row-end="1" row-start="1" text="≤ 0.05">
   </cell>
   <cell col-end="2" col-start="2" row-end="1" row-start="1" text="0.044">
   </cell>
   <cell col-end="3" col-start="3" row-end="1" row-start="1" text="Supported">
   </cell>
  </row>
  <row row="2">
   <cell col-end="0" col-start="0" row-end="2" row-start="2" text="NFI">
   </cell>
   <cell col-end="1" col-start="1" row-end="2" row-start="2" text="≥ 0.85">
   </cell>
   <cell col-end="2" col-start="2" row-end="2" row-start="2" text="0.887">
   </cell>
   <cell col-end="3" col-start="3" row-end="2" row-start="2" text="Supported">
   </cell>
  </row>
  <statements>
   <statement id="1" text="mean squared residual (SRMR) and normed fit index (NFI)." type="">
   </statement>
   <statement id="5" text="The suggestion value both the models are constant." type="">
   </statement>
   <statement id="7" text="There are two fit indices of the measurement models are given." type="">
   </statement>
  </statements>
 </table>
 <table id="Table 5">
  <caption text="

   Mean, SD, and discriminant validity evaluation based on Fornell-Larcker criterion.
  
">
  </caption>
  <legend text="


    Note
   
   : Diagonal elements (bold) are the square root of AVE for each construct. Off-diagonal elements are the correlations between constructs.
  
">
  </legend>
  <row row="0">
   <cell col-end="0" col-start="0" row-end="0" row-start="0" text="Construct">
   </cell>
   <cell col-end="1" col-start="1" row-end="0" row-start="0" text="M">
   </cell>
   <cell col-end="2" col-start="2" row-end="0" row-start="0" text="SD">
   </cell>
   <cell col-end="3" col-start="3" row-end="0" row-start="0" text="III">
   </cell>
   <cell col-end="4" col-start="4" row-end="0" row-start="0" text="CII">
   </cell>
   <cell col-end="5" col-start="5" row-end="0" row-start="0" text="IO">
   </cell>
   <cell col-end="6" col-start="6" row-end="0" row-start="0" text="EE">
   </cell>
  </row>
  <row row="1">
   <cell col-end="0" col-start="0" row-end="1" row-start="1" text="III">
   </cell>
   <cell col-end="1" col-start="1" row-end="1" row-start="1" text="4.521">
   </cell>
   <cell col-end="2" col-start="2" row-end="1" row-start="1" text="1.592">
   </cell>
   <cell col-end="3" col-start="3" row-end="1" row-start="1" text="0.880">
   </cell>
   <cell col-end="4" col-start="4" row-end="1" row-start="1" text="">
   </cell>
   <cell col-end="5" col-start="5" row-end="1" row-start="1" text="">
   </cell>
   <cell col-end="6" col-start="6" row-end="1" row-start="1" text="">
   </cell>
  </row>
  <row row="2">
   <cell col-end="0" col-start="0" row-end="2" row-start="2" text="CII">
   </cell>
   <cell col-end="1" col-start="1" row-end="2" row-start="2" text="4.613">
   </cell>
   <cell col-end="2" col-start="2" row-end="2" row-start="2" text="1.533">
   </cell>
   <cell col-end="3" col-start="3" row-end="2" row-start="2" text="0.551">
   </cell>
   <cell col-end="4" col-start="4" row-end="2" row-start="2" text="0.935">
   </cell>
   <cell col-end="5" col-start="5" row-end="2" row-start="2" text="">
   </cell>
   <cell col-end="6" col-start="6" row-end="2" row-start="2" text="">
   </cell>
  </row>
  <row row="3">
   <cell col-end="0" col-start="0" row-end="3" row-start="3" text="IO">
   </cell>
   <cell col-end="1" col-start="1" row-end="3" row-start="3" text="4.251">
   </cell>
   <cell col-end="2" col-start="2" row-end="3" row-start="3" text="1.593">
   </cell>
   <cell col-end="3" col-start="3" row-end="3" row-start="3" text="0.663">
   </cell>
   <cell col-end="4" col-start="4" row-end="3" row-start="3" text="0.640">
   </cell>
   <cell col-end="5" col-start="5" row-end="3" row-start="3" text="0.861">
   </cell>
   <cell col-end="6" col-start="6" row-end="3" row-start="3" text="">
   </cell>
  </row>
  <row row="4">
   <cell col-end="0" col-start="0" row-end="4" row-start="4" text="EE">
   </cell>
   <cell col-end="1" col-start="1" row-end="4" row-start="4" text="4.773">
   </cell>
   <cell col-end="2" col-start="2" row-end="4" row-start="4" text="1.517">
   </cell>
   <cell col-end="3" col-start="3" row-end="4" row-start="4" text="0.382">
   </cell>
   <cell col-end="4" col-start="4" row-end="4" row-start="4" text="0.329">
   </cell>
   <cell col-end="5" col-start="5" row-end="4" row-start="4" text="0.492">
   </cell>
   <cell col-end="6" col-start="6" row-end="4" row-start="4" text="0.909">
   </cell>
  </row>
  <statements>
   <statement id="3" text="There are 4 different of construct in the given ." type="">
   </statement>
   <statement id="4" text="There are 5 different of mean in the given table." type="">
   </statement>
  </statements>
 </table>
 <table id="Table 6">
  <caption text="

   Discriminant validity based on the heterotrait–monotrait ratio of correlations (HTMT).
  
">
  </caption>
  <legend text="


    Note
   
   : All the values are the correlations of indicators.
  
">
  </legend>
  <row row="0">
   <cell col-end="0" col-start="0" row-end="0" row-start="0" text="Construct">
   </cell>
   <cell col-end="1" col-start="1" row-end="0" row-start="0" text="III">
   </cell>
   <cell col-end="2" col-start="2" row-end="0" row-start="0" text="CII">
   </cell>
   <cell col-end="3" col-start="3" row-end="0" row-start="0" text="IO">
   </cell>
   <cell col-end="4" col-start="4" row-end="0" row-start="0" text="EE">
   </cell>
  </row>
  <row row="1">
   <cell col-end="0" col-start="0" row-end="1" row-start="1" text="III">
   </cell>
   <cell col-end="1" col-start="1" row-end="1" row-start="1" text="">
   </cell>
   <cell col-end="2" col-start="2" row-end="1" row-start="1" text="">
   </cell>
   <cell col-end="3" col-start="3" row-end="1" row-start="1" text="">
   </cell>
   <cell col-end="4" col-start="4" row-end="1" row-start="1" text="">
   </cell>
  </row>
  <row row="2">
   <cell col-end="0" col-start="0" row-end="2" row-start="2" text="CII">
   </cell>
   <cell col-end="1" col-start="1" row-end="2" row-start="2" text="0.600">
   </cell>
   <cell col-end="2" col-start="2" row-end="2" row-start="2" text="">
   </cell>
   <cell col-end="3" col-start="3" row-end="2" row-start="2" text="">
   </cell>
   <cell col-end="4" col-start="4" row-end="2" row-start="2" text="">
   </cell>
  </row>
  <row row="3">
   <cell col-end="0" col-start="0" row-end="3" row-start="3" text="IO">
   </cell>
   <cell col-end="1" col-start="1" row-end="3" row-start="3" text="0.739">
   </cell>
   <cell col-end="2" col-start="2" row-end="3" row-start="3" text="0.694">
   </cell>
   <cell col-end="3" col-start="3" row-end="3" row-start="3" text="">
   </cell>
   <cell col-end="4" col-start="4" row-end="3" row-start="3" text="">
   </cell>
  </row>
  <row row="4">
   <cell col-end="0" col-start="0" row-end="4" row-start="4" text="EE">
   </cell>
   <cell col-end="1" col-start="1" row-end="4" row-start="4" text="0.417">
   </cell>
   <cell col-end="2" col-start="2" row-end="4" row-start="4" text="0.353">
   </cell>
   <cell col-end="3" col-start="3" row-end="4" row-start="4" text="0.541">
   </cell>
   <cell col-end="4" col-start="4" row-end="4" row-start="4" text="">
   </cell>
  </row>
  <statements>
   <statement id="0" text="As is shown in Table 5 , Table 6 and Table 7 , these results indicate high discriminant validity." type="">
   </statement>
   <statement id="1" text="EE has a no value ." type="">
   </statement>
   <statement id="2" text="EE has a value." type="">
   </statement>
   <statement id="3" text="IO has a highest value in CII ." type="">
   </statement>
   <statement id="4" text="There are 5 different types of construct." type="">
   </statement>
   <statement id="6" text="There is no value for III." type="">
   </statement>
  </statements>
 </table>
 <table id="Table 7">
  <caption text="

   Discriminant validity based on cross-loading evaluation.
  
">
  </caption>
  <row row="0">
   <cell col-end="0" col-start="0" row-end="0" row-start="0" text="Indicator">
   </cell>
   <cell col-end="1" col-start="1" row-end="0" row-start="0" text="III">
   </cell>
   <cell col-end="2" col-start="2" row-end="0" row-start="0" text="CII">
   </cell>
   <cell col-end="3" col-start="3" row-end="0" row-start="0" text="IO">
   </cell>
   <cell col-end="4" col-start="4" row-end="0" row-start="0" text="EE">
   </cell>
  </row>
  <row row="1">
   <cell col-end="0" col-start="0" row-end="1" row-start="1" text="III1">
   </cell>
   <cell col-end="1" col-start="1" row-end="1" row-start="1" text="0.843">
   </cell>
   <cell col-end="2" col-start="2" row-end="1" row-start="1" text="0.466">
   </cell>
   <cell col-end="3" col-start="3" row-end="1" row-start="1" text="0.552">
   </cell>
   <cell col-end="4" col-start="4" row-end="1" row-start="1" text="0.356">
   </cell>
  </row>
  <row row="2">
   <cell col-end="0" col-start="0" row-end="2" row-start="2" text="III2">
   </cell>
   <cell col-end="1" col-start="1" row-end="2" row-start="2" text="0.874">
   </cell>
   <cell col-end="2" col-start="2" row-end="2" row-start="2" text="0.400">
   </cell>
   <cell col-end="3" col-start="3" row-end="2" row-start="2" text="0.567">
   </cell>
   <cell col-end="4" col-start="4" row-end="2" row-start="2" text="0.316">
   </cell>
  </row>
  <row row="3">
   <cell col-end="0" col-start="0" row-end="3" row-start="3" text="III3">
   </cell>
   <cell col-end="1" col-start="1" row-end="3" row-start="3" text="0.913">
   </cell>
   <cell col-end="2" col-start="2" row-end="3" row-start="3" text="0.525">
   </cell>
   <cell col-end="3" col-start="3" row-end="3" row-start="3" text="0.621">
   </cell>
   <cell col-end="4" col-start="4" row-end="3" row-start="3" text="0.359">
   </cell>
  </row>
  <row row="4">
   <cell col-end="0" col-start="0" row-end="4" row-start="4" text="III4">
   </cell>
   <cell col-end="1" col-start="1" row-end="4" row-start="4" text="0.886">
   </cell>
   <cell col-end="2" col-start="2" row-end="4" row-start="4" text="0.542">
   </cell>
   <cell col-end="3" col-start="3" row-end="4" row-start="4" text="0.589">
   </cell>
   <cell col-end="4" col-start="4" row-end="4" row-start="4" text="0.312">
   </cell>
  </row>
  <row row="5">
   <cell col-end="0" col-start="0" row-end="5" row-start="5" text="CII1">
   </cell>
   <cell col-end="1" col-start="1" row-end="5" row-start="5" text="0.552">
   </cell>
   <cell col-end="2" col-start="2" row-end="5" row-start="5" text="0.938">
   </cell>
   <cell col-end="3" col-start="3" row-end="5" row-start="5" text="0.616">
   </cell>
   <cell col-end="4" col-start="4" row-end="5" row-start="5" text="0.329">
   </cell>
  </row>
  <row row="6">
   <cell col-end="0" col-start="0" row-end="6" row-start="6" text="CII2">
   </cell>
   <cell col-end="1" col-start="1" row-end="6" row-start="6" text="0.520">
   </cell>
   <cell col-end="2" col-start="2" row-end="6" row-start="6" text="0.937">
   </cell>
   <cell col-end="3" col-start="3" row-end="6" row-start="6" text="0.568">
   </cell>
   <cell col-end="4" col-start="4" row-end="6" row-start="6" text="0.267">
   </cell>
  </row>
  <row row="7">
   <cell col-end="0" col-start="0" row-end="7" row-start="7" text="CII3">
   </cell>
   <cell col-end="1" col-start="1" row-end="7" row-start="7" text="0.472">
   </cell>
   <cell col-end="2" col-start="2" row-end="7" row-start="7" text="0.930">
   </cell>
   <cell col-end="3" col-start="3" row-end="7" row-start="7" text="0.611">
   </cell>
   <cell col-end="4" col-start="4" row-end="7" row-start="7" text="0.325">
   </cell>
  </row>
  <row row="8">
   <cell col-end="0" col-start="0" row-end="8" row-start="8" text="IO1">
   </cell>
   <cell col-end="1" col-start="1" row-end="8" row-start="8" text="0.614">
   </cell>
   <cell col-end="2" col-start="2" row-end="8" row-start="8" text="0.696">
   </cell>
   <cell col-end="3" col-start="3" row-end="8" row-start="8" text="0.870">
   </cell>
   <cell col-end="4" col-start="4" row-end="8" row-start="8" text="0.442">
   </cell>
  </row>
  <row row="9">
   <cell col-end="0" col-start="0" row-end="9" row-start="9" text="IO2">
   </cell>
   <cell col-end="1" col-start="1" row-end="9" row-start="9" text="0.594">
   </cell>
   <cell col-end="2" col-start="2" row-end="9" row-start="9" text="0.595">
   </cell>
   <cell col-end="3" col-start="3" row-end="9" row-start="9" text="0.914">
   </cell>
   <cell col-end="4" col-start="4" row-end="9" row-start="9" text="0.430">
   </cell>
  </row>
  <row row="10">
   <cell col-end="0" col-start="0" row-end="10" row-start="10" text="IO3">
   </cell>
   <cell col-end="1" col-start="1" row-end="10" row-start="10" text="0.550">
   </cell>
   <cell col-end="2" col-start="2" row-end="10" row-start="10" text="0.472">
   </cell>
   <cell col-end="3" col-start="3" row-end="10" row-start="10" text="0.861">
   </cell>
   <cell col-end="4" col-start="4" row-end="10" row-start="10" text="0.407">
   </cell>
  </row>
  <row row="11">
   <cell col-end="0" col-start="0" row-end="11" row-start="11" text="IO4">
   </cell>
   <cell col-end="1" col-start="1" row-end="11" row-start="11" text="0.516">
   </cell>
   <cell col-end="2" col-start="2" row-end="11" row-start="11" text="0.404">
   </cell>
   <cell col-end="3" col-start="3" row-end="11" row-start="11" text="0.796">
   </cell>
   <cell col-end="4" col-start="4" row-end="11" row-start="11" text="0.413">
   </cell>
  </row>
  <row row="12">
   <cell col-end="0" col-start="0" row-end="12" row-start="12" text="EE1">
   </cell>
   <cell col-end="1" col-start="1" row-end="12" row-start="12" text="0.361">
   </cell>
   <cell col-end="2" col-start="2" row-end="12" row-start="12" text="0.293">
   </cell>
   <cell col-end="3" col-start="3" row-end="12" row-start="12" text="0.426">
   </cell>
   <cell col-end="4" col-start="4" row-end="12" row-start="12" text="0.867">
   </cell>
  </row>
  <row row="13">
   <cell col-end="0" col-start="0" row-end="13" row-start="13" text="EE2">
   </cell>
   <cell col-end="1" col-start="1" row-end="13" row-start="13" text="0.311">
   </cell>
   <cell col-end="2" col-start="2" row-end="13" row-start="13" text="0.282">
   </cell>
   <cell col-end="3" col-start="3" row-end="13" row-start="13" text="0.446">
   </cell>
   <cell col-end="4" col-start="4" row-end="13" row-start="13" text="0.929">
   </cell>
  </row>
  <row row="14">
   <cell col-end="0" col-start="0" row-end="14" row-start="14" text="EE3">
   </cell>
   <cell col-end="1" col-start="1" row-end="14" row-start="14" text="0.348">
   </cell>
   <cell col-end="2" col-start="2" row-end="14" row-start="14" text="0.312">
   </cell>
   <cell col-end="3" col-start="3" row-end="14" row-start="14" text="0.422">
   </cell>
   <cell col-end="4" col-start="4" row-end="14" row-start="14" text="0.922">
   </cell>
  </row>
  <row row="15">
   <cell col-end="0" col-start="0" row-end="15" row-start="15" text="EE4">
   </cell>
   <cell col-end="1" col-start="1" row-end="15" row-start="15" text="0.367">
   </cell>
   <cell col-end="2" col-start="2" row-end="15" row-start="15" text="0.310">
   </cell>
   <cell col-end="3" col-start="3" row-end="15" row-start="15" text="0.490">
   </cell>
   <cell col-end="4" col-start="4" row-end="15" row-start="15" text="0.917">
   </cell>
  </row>
  <statements>
   <statement id="2" text="The Highest value in III is 0.913." type="">
   </statement>
   <statement id="3" text="The Highest value in IO is 0.10." type="">
   </statement>
   <statement id="5" text="The lowest value in CII is 0.282." type="">
   </statement>
   <statement id="7" text="The Lowest value in EE is 0.267." type="">
   </statement>
   <statement id="8" text="The Lowest value in EE is 0.917." type="">
   </statement>
  </statements>
 </table>
 <table id="Table 8">
  <caption text="

   Common method bias assessment.
  
">
  </caption>
  <legend text="


    Note:
   
   *p&lt;0.05, **p&lt;0.01, ***p&lt;0.001.
  
">
  </legend>
  <row row="0">
   <cell col-end="0" col-start="0" row-end="0" row-start="0" text="Paths">
   </cell>
   <cell col-end="1" col-start="1" row-end="0" row-start="0" text="Research model (without marker variable)">
   </cell>
   <cell col-end="2" col-start="2" row-end="0" row-start="0" text="Research model (with marker variable)">
   </cell>
  </row>
  <row row="1">
   <cell col-end="0" col-start="0" row-end="1" row-start="1" text="Incongruent IT-mediated information interruption→ Interruption overload">
   </cell>
   <cell col-end="1" col-start="1" row-end="1" row-start="1" text="0.428***">
   </cell>
   <cell col-end="2" col-start="2" row-end="1" row-start="1" text="0.410***">
   </cell>
  </row>
  <row row="2">
   <cell col-end="0" col-start="0" row-end="2" row-start="2" text="Congruent IT-mediated information interruption→ Interruption overload">
   </cell>
   <cell col-end="1" col-start="1" row-end="2" row-start="2" text="0.442***">
   </cell>
   <cell col-end="2" col-start="2" row-end="2" row-start="2" text="0.424***">
   </cell>
  </row>
  <row row="3">
   <cell col-end="0" col-start="0" row-end="3" row-start="3" text="Interruption overload→ Emotional exhaustion">
   </cell>
   <cell col-end="1" col-start="1" row-end="3" row-start="3" text="0.483***">
   </cell>
   <cell col-end="2" col-start="2" row-end="3" row-start="3" text="0.483***">
   </cell>
  </row>
  <row row="4">
   <cell col-end="0" col-start="0" row-end="4" row-start="4" text="Preemptive processing × incongruent IT-mediated information→ Emotional exhaustion">
   </cell>
   <cell col-end="1" col-start="1" row-end="4" row-start="4" text="-0.079*">
   </cell>
   <cell col-end="2" col-start="2" row-end="4" row-start="4" text="-0.074*">
   </cell>
  </row>
  <row row="5">
   <cell col-end="0" col-start="0" row-end="5" row-start="5" text="Sequential processing × congruent IT-mediated information →Emotional exhaustion">
   </cell>
   <cell col-end="1" col-start="1" row-end="5" row-start="5" text="-0.123**">
   </cell>
   <cell col-end="2" col-start="2" row-end="5" row-start="5" text="-0.116**">
   </cell>
  </row>
  <row row="6">
   <cell col-end="0" col-start="0" row-end="6" row-start="6" text="Marker variable→ Incongruent IT-mediated information interruption">
   </cell>
   <cell col-end="1" col-start="1" row-end="6" row-start="6" text="">
   </cell>
   <cell col-end="2" col-start="2" row-end="6" row-start="6" text="-0.001">
   </cell>
  </row>
  <row row="7">
   <cell col-end="0" col-start="0" row-end="7" row-start="7" text="Marker variable→ Congruent IT-mediated information interruption">
   </cell>
   <cell col-end="1" col-start="1" row-end="7" row-start="7" text="">
   </cell>
   <cell col-end="2" col-start="2" row-end="7" row-start="7" text="-0.015">
   </cell>
  </row>
  <row row="8">
   <cell col-end="0" col-start="0" row-end="8" row-start="8" text="Marker variable→Preemptive processing">
   </cell>
   <cell col-end="1" col-start="1" row-end="8" row-start="8" text="">
   </cell>
   <cell col-end="2" col-start="2" row-end="8" row-start="8" text="-0.112">
   </cell>
  </row>
  <row row="9">
   <cell col-end="0" col-start="0" row-end="9" row-start="9" text="Marker variable→Sequential processing">
   </cell>
   <cell col-end="1" col-start="1" row-end="9" row-start="9" text="">
   </cell>
   <cell col-end="2" col-start="2" row-end="9" row-start="9" text="-0.110">
   </cell>
  </row>
  <row row="10">
   <cell col-end="0" col-start="0" row-end="10" row-start="10" text="Marker variable→ Interruption overload">
   </cell>
   <cell col-end="1" col-start="1" row-end="10" row-start="10" text="">
   </cell>
   <cell col-end="2" col-start="2" row-end="10" row-start="10" text="-0.001">
   </cell>
  </row>
  <row row="11">
   <cell col-end="0" col-start="0" row-end="11" row-start="11" text="Marker variable→ Emotional exhaustion">
   </cell>
   <cell col-end="1" col-start="1" row-end="11" row-start="11" text="">
   </cell>
   <cell col-end="2" col-start="2" row-end="11" row-start="11" text="-0.054">
   </cell>
  </row>
  <statements>
   <statement id="1" text="Common method bias assessment is observed in the table." type="">
   </statement>
   <statement id="2" text="Research model (with marker variable) are ranging from -0.001 to 0.483." type="">
   </statement>
   <statement id="3" text="The paths in the table are observed to be unique." type="">
   </statement>
   <statement id="4" text="There are eleven Paths in the observed table." type="">
   </statement>
   <statement id="5" text="There are some non filled blocks observed in the table." type="">
   </statement>
  </statements>
 </table>
</document>