<document>
 <table id="Table 4">
  <caption text="

   The central components of an RMFS.
  
">
  </caption>
  <row row="0">
   <cell col-end="0" col-start="0" row-end="0" row-start="0" text="Component">
   </cell>
   <cell col-end="1" col-start="1" row-end="0" row-start="0" text="Description">
   </cell>
  </row>
  <row row="1">
   <cell col-end="0" col-start="0" row-end="1" row-start="1" text="pods">
   </cell>
   <cell col-end="1" col-start="1" row-end="1" row-start="1" text="movable shelves, on which inventory is stored">
   </cell>
  </row>
  <row row="2">
   <cell col-end="0" col-start="0" row-end="2" row-start="2" text="storage area">
   </cell>
   <cell col-end="1" col-start="1" row-end="2" row-start="2" text="the inventory area where the pods are stored">
   </cell>
  </row>
  <row row="3">
   <cell col-end="0" col-start="0" row-end="3" row-start="3" text="workstations:">
   </cell>
   <cell col-end="1" col-start="1" row-end="3" row-start="3" text="">
   </cell>
  </row>
  <row row="4">
   <cell col-end="0" col-start="0" row-end="4" row-start="4" text="picking stations">
   </cell>
   <cell col-end="1" col-start="1" row-end="4" row-start="4" text="where pickers pick the order items">
   </cell>
  </row>
  <row row="5">
   <cell col-end="0" col-start="0" row-end="5" row-start="5" text="packing stations">
   </cell>
   <cell col-end="1" col-start="1" row-end="5" row-start="5" text="where packers pack the pick order items and">
   </cell>
  </row>
  <row row="6">
   <cell col-end="0" col-start="0" row-end="6" row-start="6" text="">
   </cell>
   <cell col-end="1" col-start="1" row-end="6" row-start="6" text="the split orders are consolidated">
   </cell>
  </row>
  <row row="7">
   <cell col-end="0" col-start="0" row-end="7" row-start="7" text="replenishment stations">
   </cell>
   <cell col-end="1" col-start="1" row-end="7" row-start="7" text="where replenishment items are stored to pods">
   </cell>
  </row>
  <row row="8">
   <cell col-end="0" col-start="0" row-end="8" row-start="8" text="robots">
   </cell>
   <cell col-end="1" col-start="1" row-end="8" row-start="8" text="moving underneath pods and carrying them to">
   </cell>
  </row>
  <row row="9">
   <cell col-end="0" col-start="0" row-end="9" row-start="9" text="">
   </cell>
   <cell col-end="1" col-start="1" row-end="9" row-start="9" text="workstations">
   </cell>
  </row>
  <row row="10">
   <cell col-end="0" col-start="0" row-end="10" row-start="10" text="conveyors">
   </cell>
   <cell col-end="1" col-start="1" row-end="10" row-start="10" text="transporting the pick orders between picking and">
   </cell>
  </row>
  <row row="11">
   <cell col-end="0" col-start="0" row-end="11" row-start="11" text="">
   </cell>
   <cell col-end="1" col-start="1" row-end="11" row-start="11" text="packing stations to finish packing">
   </cell>
  </row>
  <statements>
   <statement id="2" text="Movable shelves, on which inventory is stored is called pods." type="">
   </statement>
   <statement id="3" text="Movable shelves, on which inventory is stored is called Robots." type="">
   </statement>
   <statement id="4" text="Robots move underneath pods and carrying them to workstations." type="">
   </statement>
  </statements>
 </table>
 <table id="Table 3">
  <caption text="

   Terms related to orders.
  
">
  </caption>
  <row row="0">
   <cell col-end="0" col-start="0" row-end="0" row-start="0" text="Term">
   </cell>
   <cell col-end="1" col-start="1" row-end="0" row-start="0" text="Description">
   </cell>
  </row>
  <row row="1">
   <cell col-end="0" col-start="0" row-end="1" row-start="1" text="SKU">
   </cell>
   <cell col-end="1" col-start="1" row-end="1" row-start="1" text="stock keeping unit">
   </cell>
  </row>
  <row row="2">
   <cell col-end="0" col-start="0" row-end="2" row-start="2" text="order line">
   </cell>
   <cell col-end="1" col-start="1" row-end="2" row-start="2" text="one SKU with the ordered quantity">
   </cell>
  </row>
  <row row="3">
   <cell col-end="0" col-start="0" row-end="3" row-start="3" text="item">
   </cell>
   <cell col-end="1" col-start="1" row-end="3" row-start="3" text="a physical unit of one SKU">
   </cell>
  </row>
  <row row="4">
   <cell col-end="0" col-start="0" row-end="4" row-start="4" text="pick order">
   </cell>
   <cell col-end="1" col-start="1" row-end="4" row-start="4" text="a set of order lines from a customer’s order">
   </cell>
  </row>
  <row row="5">
   <cell col-end="0" col-start="0" row-end="5" row-start="5" text="split order">
   </cell>
   <cell col-end="1" col-start="1" row-end="5" row-start="5" text="a pick order that is separated into several parts">
   </cell>
  </row>
  <row row="6">
   <cell col-end="0" col-start="0" row-end="6" row-start="6" text="replenishment order">
   </cell>
   <cell col-end="1" col-start="1" row-end="6" row-start="6" text="a number of physical units of one SKU">
   </cell>
  </row>
  <row row="7">
   <cell col-end="0" col-start="0" row-end="7" row-start="7" text="backlog">
   </cell>
   <cell col-end="1" col-start="1" row-end="7" row-start="7" text="all unfulfilled orders">
   </cell>
  </row>
  <statements>
   <statement id="3" text="all unfulfilled orders is Description of backlog Term." type="">
   </statement>
  </statements>
 </table>
 <table id="Table 2">
  <caption text="

   The operational decision problems in an RMFS.
  
">
  </caption>
  <row row="0">
   <cell col-end="0" col-start="0" row-end="0" row-start="0" text="Decision problem">
   </cell>
   <cell col-end="1" col-start="1" row-end="0" row-start="0" text="Description">
   </cell>
  </row>
  <row row="1">
   <cell col-end="0" col-start="0" row-end="1" row-start="1" text="Order Assignment:">
   </cell>
   <cell col-end="1" col-start="1" row-end="1" row-start="1" text="">
   </cell>
  </row>
  <row row="2">
   <cell col-end="0" col-start="0" row-end="2" row-start="2" text="Replenishment Order Assignment (ROA)">
   </cell>
   <cell col-end="1" col-start="1" row-end="2" row-start="2" text="assignment of replenishment">
   </cell>
  </row>
  <row row="3">
   <cell col-end="0" col-start="0" row-end="3" row-start="3" text="">
   </cell>
   <cell col-end="1" col-start="1" row-end="3" row-start="3" text="orders to replenishment stations">
   </cell>
  </row>
  <row row="4">
   <cell col-end="0" col-start="0" row-end="4" row-start="4" text="Pick Order Assignment (POA)">
   </cell>
   <cell col-end="1" col-start="1" row-end="4" row-start="4" text="assignment of pick orders to">
   </cell>
  </row>
  <row row="5">
   <cell col-end="0" col-start="0" row-end="5" row-start="5" text="">
   </cell>
   <cell col-end="1" col-start="1" row-end="5" row-start="5" text="picking stations">
   </cell>
  </row>
  <row row="6">
   <cell col-end="0" col-start="0" row-end="6" row-start="6" text="Task Creation:">
   </cell>
   <cell col-end="1" col-start="1" row-end="6" row-start="6" text="">
   </cell>
  </row>
  <row row="7">
   <cell col-end="0" col-start="0" row-end="7" row-start="7" text="Replenishment Pod Selection (RPS)">
   </cell>
   <cell col-end="1" col-start="1" row-end="7" row-start="7" text="selection of pods that will">
   </cell>
  </row>
  <row row="8">
   <cell col-end="0" col-start="0" row-end="8" row-start="8" text="">
   </cell>
   <cell col-end="1" col-start="1" row-end="8" row-start="8" text="move to a replenishment station">
   </cell>
  </row>
  <row row="9">
   <cell col-end="0" col-start="0" row-end="9" row-start="9" text="">
   </cell>
   <cell col-end="1" col-start="1" row-end="9" row-start="9" text="to store replenishment items">
   </cell>
  </row>
  <row row="10">
   <cell col-end="0" col-start="0" row-end="10" row-start="10" text="Pick Pod Selection (PPS)">
   </cell>
   <cell col-end="1" col-start="1" row-end="10" row-start="10" text="selection of pods to use for">
   </cell>
  </row>
  <row row="11">
   <cell col-end="0" col-start="0" row-end="11" row-start="11" text="">
   </cell>
   <cell col-end="1" col-start="1" row-end="11" row-start="11" text="picking the pick orders assigned">
   </cell>
  </row>
  <row row="12">
   <cell col-end="0" col-start="0" row-end="12" row-start="12" text="">
   </cell>
   <cell col-end="1" col-start="1" row-end="12" row-start="12" text="at a picking station">
   </cell>
  </row>
  <row row="13">
   <cell col-end="0" col-start="0" row-end="13" row-start="13" text="Pod Repositioning (PR)">
   </cell>
   <cell col-end="1" col-start="1" row-end="13" row-start="13" text="assignment of an available">
   </cell>
  </row>
  <row row="14">
   <cell col-end="0" col-start="0" row-end="14" row-start="14" text="">
   </cell>
   <cell col-end="1" col-start="1" row-end="14" row-start="14" text="storage location to a pod that">
   </cell>
  </row>
  <row row="15">
   <cell col-end="0" col-start="0" row-end="15" row-start="15" text="">
   </cell>
   <cell col-end="1" col-start="1" row-end="15" row-start="15" text="is not in the inventory area">
   </cell>
  </row>
  <row row="16">
   <cell col-end="0" col-start="0" row-end="16" row-start="16" text="Task Allocation (TA)">
   </cell>
   <cell col-end="1" col-start="1" row-end="16" row-start="16" text="assignment of generated tasks for">
   </cell>
  </row>
  <row row="17">
   <cell col-end="0" col-start="0" row-end="17" row-start="17" text="">
   </cell>
   <cell col-end="1" col-start="1" row-end="17" row-start="17" text="robots in RPS, PPS, PR and">
   </cell>
  </row>
  <row row="18">
   <cell col-end="0" col-start="0" row-end="18" row-start="18" text="">
   </cell>
   <cell col-end="1" col-start="1" row-end="18" row-start="18" text="additional tasks such as idling">
   </cell>
  </row>
  <row row="19">
   <cell col-end="0" col-start="0" row-end="19" row-start="19" text="Path Planning (PP)">
   </cell>
   <cell col-end="1" col-start="1" row-end="19" row-start="19" text="planning of the paths for the">
   </cell>
  </row>
  <row row="20">
   <cell col-end="0" col-start="0" row-end="20" row-start="20" text="">
   </cell>
   <cell col-end="1" col-start="1" row-end="20" row-start="20" text="robots to execute">
   </cell>
  </row>
  <statements>
   <statement id="1" text="PP description is that planning of the paths for the robots to execute." type="">
   </statement>
   <statement id="2" text="PPS description is that planning of the paths for the robots to execute" type="">
   </statement>
   <statement id="3" text="PPS description is that selection of pods to use for picking the pick orders assigned at a picking station." type="">
   </statement>
   <statement id="4" text="PR description is that assignment of pick orders to picking stations." type="">
   </statement>
   <statement id="6" text="TA description is that assignment of pick orders to picking stations." type="">
   </statement>
  </statements>
 </table>
 <table id="Table 6">
  <caption text="

   Decision rules.
  
">
  </caption>
  <row row="0">
   <cell col-end="0" col-start="0" row-end="0" row-start="0" text="Decision Problem">
   </cell>
   <cell col-end="1" col-start="1" row-end="0" row-start="0" text="Sequential">
   </cell>
   <cell col-end="2" col-start="2" row-end="0" row-start="0" text="Integrated (without/with split orders)">
   </cell>
  </row>
  <row row="1">
   <cell col-end="0" col-start="0" row-end="1" row-start="1" text="POA">
   </cell>
   <cell col-end="1" col-start="1" row-end="1" row-start="1" text="Pod-Match">
   </cell>
   <cell col-end="2" col-start="2" row-end="1" row-start="1" text="Model">
   </cell>
  </row>
  <row row="2">
   <cell col-end="0" col-start="0" row-end="2" row-start="2" text="PPS">
   </cell>
   <cell col-end="1" col-start="1" row-end="2" row-start="2" text="Demand">
   </cell>
   <cell col-end="2" col-start="2" row-end="2" row-start="2" text="Model">
   </cell>
  </row>
  <row row="3">
   <cell col-end="0" col-start="0" row-end="3" row-start="3" text="ROA">
   </cell>
   <cell col-end="1" col-start="1" row-end="3" row-start="3" text="not relevant">
   </cell>
   <cell col-end="2" col-start="2" row-end="3" row-start="3" text="not relevant">
   </cell>
  </row>
  <row row="4">
   <cell col-end="0" col-start="0" row-end="4" row-start="4" text="RPS">
   </cell>
   <cell col-end="1" col-start="1" row-end="4" row-start="4" text="not relevant">
   </cell>
   <cell col-end="2" col-start="2" row-end="4" row-start="4" text="not relevant">
   </cell>
  </row>
  <row row="5">
   <cell col-end="0" col-start="0" row-end="5" row-start="5" text="PR">
   </cell>
   <cell col-end="1" col-start="1" row-end="5" row-start="5" text="Nearest">
   </cell>
   <cell col-end="2" col-start="2" row-end="5" row-start="5" text="Nearest">
   </cell>
  </row>
  <row row="6">
   <cell col-end="0" col-start="0" row-end="6" row-start="6" text="PP">
   </cell>
   <cell col-end="1" col-start="1" row-end="6" row-start="6" text="WHCA
     



        n
       

        *">
   </cell>
   <cell col-end="2" col-start="2" row-end="6" row-start="6" text="WHCA
     



        n
       

        *">
   </cell>
  </row>
  <statements>
   <statement id="0" text="Decision problem POA does not have sequential decision rules." type="">
   </statement>
   <statement id="1" text="Decision problem PP has same Sequential and Integrated decision rules." type="">
   </statement>
   <statement id="3" text='Decision problems POA and PPS has "Model" as Integrated decision rules.' type="">
   </statement>
   <statement id="4" text="Decision Problems ROA and RPS are not relevant for Sequential and Integrated decision rules." type="">
   </statement>
   <statement id="6" text="Sequential decision rules are not relevant only for ROA and RPS decision problems." type="">
   </statement>
  </statements>
 </table>
 <table id="Table 7">
  <caption text="

   Computing time per simulation time for
   
    t
   
   &gt; 1.
  
">
  </caption>
  <row row="0">
   <cell col-end="0" col-start="0" row-end="0" row-start="0" text="Instance set">
   </cell>
   <cell col-end="1" col-start="1" row-end="0" row-start="0" text="Sequential">
   </cell>
   <cell col-end="2" col-start="2" row-end="0" row-start="0" text="Integrated">
   </cell>
   <cell col-end="3" col-start="3" row-end="0" row-start="0" text="Split">
   </cell>
   <cell col-end="4" col-start="4" row-end="0" row-start="0" text="Timesplit">
   </cell>
  </row>
  <row row="1">
   <cell col-end="0" col-start="0" row-end="1" row-start="1" text="50">
   </cell>
   <cell col-end="1" col-start="1" row-end="1" row-start="1" text="0.07%">
   </cell>
   <cell col-end="2" col-start="2" row-end="1" row-start="1" text="0.17%">
   </cell>
   <cell col-end="3" col-start="3" row-end="1" row-start="1" text="0.24%">
   </cell>
   <cell col-end="4" col-start="4" row-end="1" row-start="1" text="0.61%">
   </cell>
  </row>
  <row row="2">
   <cell col-end="0" col-start="0" row-end="2" row-start="2" text="150">
   </cell>
   <cell col-end="1" col-start="1" row-end="2" row-start="2" text="0.07%">
   </cell>
   <cell col-end="2" col-start="2" row-end="2" row-start="2" text="1.4%">
   </cell>
   <cell col-end="3" col-start="3" row-end="2" row-start="2" text="3.46%">
   </cell>
   <cell col-end="4" col-start="4" row-end="2" row-start="2" text="6.41%">
   </cell>
  </row>
  <row row="3">
   <cell col-end="0" col-start="0" row-end="3" row-start="3" text="250">
   </cell>
   <cell col-end="1" col-start="1" row-end="3" row-start="3" text="0.07%">
   </cell>
   <cell col-end="2" col-start="2" row-end="3" row-start="3" text="3.39%">
   </cell>
   <cell col-end="3" col-start="3" row-end="3" row-start="3" text="9.67%">
   </cell>
   <cell col-end="4" col-start="4" row-end="3" row-start="3" text="14.67%">
   </cell>
  </row>
  <statements>
   <statement id="1" text="Instance set of 250 is high for Timesplit 14.67%." type="">
   </statement>
   <statement id="2" text="Instance set of 50 is having low Integrated." type="">
   </statement>
   <statement id="4" text="There are 5 Instance set in the table." type="">
   </statement>
  </statements>
 </table>
 <table id="Table 8">
  <caption text="

   Computing time
   
    t
   
   &gt; 1 per order (in seconds).
  
">
  </caption>
  <row row="0">
   <cell col-end="0" col-start="0" row-end="0" row-start="0" text="Instance set">
   </cell>
   <cell col-end="1" col-start="1" row-end="0" row-start="0" text="Sequential">
   </cell>
   <cell col-end="2" col-start="2" row-end="0" row-start="0" text="Integrated">
   </cell>
   <cell col-end="3" col-start="3" row-end="0" row-start="0" text="Split">
   </cell>
   <cell col-end="4" col-start="4" row-end="0" row-start="0" text="Timesplit">
   </cell>
  </row>
  <row row="1">
   <cell col-end="0" col-start="0" row-end="1" row-start="1" text="50">
   </cell>
   <cell col-end="1" col-start="1" row-end="1" row-start="1" text="0.01">
   </cell>
   <cell col-end="2" col-start="2" row-end="1" row-start="1" text="0.03">
   </cell>
   <cell col-end="3" col-start="3" row-end="1" row-start="1" text="0.03">
   </cell>
   <cell col-end="4" col-start="4" row-end="1" row-start="1" text="0.08">
   </cell>
  </row>
  <row row="2">
   <cell col-end="0" col-start="0" row-end="2" row-start="2" text="150">
   </cell>
   <cell col-end="1" col-start="1" row-end="2" row-start="2" text="0.01">
   </cell>
   <cell col-end="2" col-start="2" row-end="2" row-start="2" text="0.21">
   </cell>
   <cell col-end="3" col-start="3" row-end="2" row-start="2" text="0.4">
   </cell>
   <cell col-end="4" col-start="4" row-end="2" row-start="2" text="0.62">
   </cell>
  </row>
  <row row="3">
   <cell col-end="0" col-start="0" row-end="3" row-start="3" text="250">
   </cell>
   <cell col-end="1" col-start="1" row-end="3" row-start="3" text="0.01">
   </cell>
   <cell col-end="2" col-start="2" row-end="3" row-start="3" text="0.48">
   </cell>
   <cell col-end="3" col-start="3" row-end="3" row-start="3" text="1.06">
   </cell>
   <cell col-end="4" col-start="4" row-end="3" row-start="3" text="1.34">
   </cell>
  </row>
  <statements>
   <statement id="0" text="Integrated has a constant value in the given table." type="">
   </statement>
   <statement id="1" text="Sequential has a constant value in the given table." type="">
   </statement>
   <statement id="3" text="The highest Integrated is 0.48." type="">
   </statement>
   <statement id="5" text="The highest time split is 0.08." type="">
   </statement>
   <statement id="6" text="The Instance set has a range between 50 to 250." type="">
   </statement>
  </statements>
 </table>
</document>