<document>
 <table id="Table 2">
  <caption text="

   Extent of co-location between designated areas (DAs) and identified slag deposits (SSSI – Site of Special Scientific Interest, SPA = Special Protected Area, SAC = Special Area of Conservation, Ramsar = sites protected under the 1971 Convention on Wetlands, AONB = Area of Outstanding Natural Beauty (England/Wales), NSA = National Scenic Area (Scotland; equivalent to AONB), WHS = World Heritage Site, LB = Listed Buildings, * = point data).
  
">
  </caption>
  <row row="0">
   <cell col-end="0" col-start="0" row-end="1" row-start="0" text="Designation">
   </cell>
   <cell col-end="1" col-start="1" row-end="1" row-start="0" text="Type">
   </cell>
   <cell col-end="3" col-start="2" row-end="0" row-start="0" text="Total">
   </cell>
   <cell col-end="7" col-start="4" row-end="0" row-start="0" text="DAs co-located with slag">
   </cell>
   <cell col-end="9" col-start="8" row-end="0" row-start="0" text="DAs within 1 km of slag">
   </cell>
   <cell col-end="11" col-start="10" row-end="0" row-start="0" text="Slag deposits within DAs">
   </cell>
  </row>
  <row row="1">
   <cell col-end="2" col-start="2" row-end="1" row-start="1" text="Count">
   </cell>
   <cell col-end="3" col-start="3" row-end="1" row-start="1" text="Area
     
     (km
     
      2
     
     )">
   </cell>
   <cell col-end="4" col-start="4" row-end="1" row-start="1" text="Count">
   </cell>
   <cell col-end="5" col-start="5" row-end="1" row-start="1" text="%">
   </cell>
   <cell col-end="6" col-start="6" row-end="1" row-start="1" text="Area
     
     (km
     
      2
     
     )">
   </cell>
   <cell col-end="7" col-start="7" row-end="1" row-start="1" text="%">
   </cell>
   <cell col-end="8" col-start="8" row-end="1" row-start="1" text="Count">
   </cell>
   <cell col-end="9" col-start="9" row-end="1" row-start="1" text="Area
     
     (km
     
      2
     
     )">
   </cell>
   <cell col-end="10" col-start="10" row-end="1" row-start="1" text="Count">
   </cell>
   <cell col-end="11" col-start="11" row-end="1" row-start="1" text="%">
   </cell>
  </row>
  <row row="2">
   <cell col-end="0" col-start="0" row-end="2" row-start="2" text="SSSIs">
   </cell>
   <cell col-end="1" col-start="1" row-end="2" row-start="2" text="Ecological">
   </cell>
   <cell col-end="2" col-start="2" row-end="2" row-start="2" text="26,466">
   </cell>
   <cell col-end="3" col-start="3" row-end="2" row-start="2" text="23,731">
   </cell>
   <cell col-end="4" col-start="4" row-end="2" row-start="2" text="15">
   </cell>
   <cell col-end="5" col-start="5" row-end="2" row-start="2" text="0.1">
   </cell>
   <cell col-end="6" col-start="6" row-end="2" row-start="2" text="506">
   </cell>
   <cell col-end="7" col-start="7" row-end="2" row-start="2" text="2.1">
   </cell>
   <cell col-end="8" col-start="8" row-end="2" row-start="2" text="54">
   </cell>
   <cell col-end="9" col-start="9" row-end="2" row-start="2" text="681">
   </cell>
   <cell col-end="10" col-start="10" row-end="2" row-start="2" text="21">
   </cell>
   <cell col-end="11" col-start="11" row-end="2" row-start="2" text="18.8">
   </cell>
  </row>
  <row row="3">
   <cell col-end="0" col-start="0" row-end="3" row-start="3" text="SPA">
   </cell>
   <cell col-end="1" col-start="1" row-end="3" row-start="3" text="Ecological">
   </cell>
   <cell col-end="2" col-start="2" row-end="3" row-start="3" text="259">
   </cell>
   <cell col-end="3" col-start="3" row-end="3" row-start="3" text="37,388">
   </cell>
   <cell col-end="4" col-start="4" row-end="3" row-start="3" text="4">
   </cell>
   <cell col-end="5" col-start="5" row-end="3" row-start="3" text="1.5">
   </cell>
   <cell col-end="6" col-start="6" row-end="3" row-start="3" text="1069">
   </cell>
   <cell col-end="7" col-start="7" row-end="3" row-start="3" text="2.9">
   </cell>
   <cell col-end="8" col-start="8" row-end="3" row-start="3" text="5">
   </cell>
   <cell col-end="9" col-start="9" row-end="3" row-start="3" text="1136">
   </cell>
   <cell col-end="10" col-start="10" row-end="3" row-start="3" text="10">
   </cell>
   <cell col-end="11" col-start="11" row-end="3" row-start="3" text="8.9">
   </cell>
  </row>
  <row row="4">
   <cell col-end="0" col-start="0" row-end="4" row-start="4" text="SAC">
   </cell>
   <cell col-end="1" col-start="1" row-end="4" row-start="4" text="Ecological">
   </cell>
   <cell col-end="2" col-start="2" row-end="4" row-start="4" text="576">
   </cell>
   <cell col-end="3" col-start="3" row-end="4" row-start="4" text="41,938">
   </cell>
   <cell col-end="4" col-start="4" row-end="4" row-start="4" text="4">
   </cell>
   <cell col-end="5" col-start="5" row-end="4" row-start="4" text="0.7">
   </cell>
   <cell col-end="6" col-start="6" row-end="4" row-start="4" text="1510">
   </cell>
   <cell col-end="7" col-start="7" row-end="4" row-start="4" text="3.6">
   </cell>
   <cell col-end="8" col-start="8" row-end="4" row-start="4" text="8">
   </cell>
   <cell col-end="9" col-start="9" row-end="4" row-start="4" text="2215">
   </cell>
   <cell col-end="10" col-start="10" row-end="4" row-start="4" text="9">
   </cell>
   <cell col-end="11" col-start="11" row-end="4" row-start="4" text="8.0">
   </cell>
  </row>
  <row row="5">
   <cell col-end="0" col-start="0" row-end="5" row-start="5" text="Ramsar">
   </cell>
   <cell col-end="1" col-start="1" row-end="5" row-start="5" text="Ecological">
   </cell>
   <cell col-end="2" col-start="2" row-end="5" row-start="5" text="152">
   </cell>
   <cell col-end="3" col-start="3" row-end="5" row-start="5" text="7951">
   </cell>
   <cell col-end="4" col-start="4" row-end="5" row-start="5" text="4">
   </cell>
   <cell col-end="5" col-start="5" row-end="5" row-start="5" text="2.6">
   </cell>
   <cell col-end="6" col-start="6" row-end="5" row-start="5" text="589">
   </cell>
   <cell col-end="7" col-start="7" row-end="5" row-start="5" text="7.4">
   </cell>
   <cell col-end="8" col-start="8" row-end="5" row-start="5" text="5">
   </cell>
   <cell col-end="9" col-start="9" row-end="5" row-start="5" text="653">
   </cell>
   <cell col-end="10" col-start="10" row-end="5" row-start="5" text="9">
   </cell>
   <cell col-end="11" col-start="11" row-end="5" row-start="5" text="8.0">
   </cell>
  </row>
  <row row="6">
   <cell col-end="0" col-start="0" row-end="6" row-start="6" text="AONB/NSA">
   </cell>
   <cell col-end="1" col-start="1" row-end="6" row-start="6" text="Cultural">
   </cell>
   <cell col-end="2" col-start="2" row-end="6" row-start="6" text="80">
   </cell>
   <cell col-end="3" col-start="3" row-end="6" row-start="6" text="34,364">
   </cell>
   <cell col-end="4" col-start="4" row-end="6" row-start="6" text="2">
   </cell>
   <cell col-end="5" col-start="5" row-end="6" row-start="6" text="2.5">
   </cell>
   <cell col-end="6" col-start="6" row-end="6" row-start="6" text="2061">
   </cell>
   <cell col-end="7" col-start="7" row-end="6" row-start="6" text="6">
   </cell>
   <cell col-end="8" col-start="8" row-end="6" row-start="6" text="3">
   </cell>
   <cell col-end="9" col-start="9" row-end="6" row-start="6" text="2184">
   </cell>
   <cell col-end="10" col-start="10" row-end="6" row-start="6" text="3">
   </cell>
   <cell col-end="11" col-start="11" row-end="6" row-start="6" text="2.7">
   </cell>
  </row>
  <row row="7">
   <cell col-end="0" col-start="0" row-end="7" row-start="7" text="National Park">
   </cell>
   <cell col-end="1" col-start="1" row-end="7" row-start="7" text="Cultural">
   </cell>
   <cell col-end="2" col-start="2" row-end="7" row-start="7" text="15">
   </cell>
   <cell col-end="3" col-start="3" row-end="7" row-start="7" text="23,142">
   </cell>
   <cell col-end="4" col-start="4" row-end="7" row-start="7" text="0">
   </cell>
   <cell col-end="5" col-start="5" row-end="7" row-start="7" text="0">
   </cell>
   <cell col-end="6" col-start="6" row-end="7" row-start="7" text="0">
   </cell>
   <cell col-end="7" col-start="7" row-end="7" row-start="7" text="0">
   </cell>
   <cell col-end="8" col-start="8" row-end="7" row-start="7" text="0">
   </cell>
   <cell col-end="9" col-start="9" row-end="7" row-start="7" text="0">
   </cell>
   <cell col-end="10" col-start="10" row-end="7" row-start="7" text="0">
   </cell>
   <cell col-end="11" col-start="11" row-end="7" row-start="7" text="0">
   </cell>
  </row>
  <row row="8">
   <cell col-end="0" col-start="0" row-end="8" row-start="8" text="WHS">
   </cell>
   <cell col-end="1" col-start="1" row-end="8" row-start="8" text="Cultural">
   </cell>
   <cell col-end="2" col-start="2" row-end="8" row-start="8" text="24">
   </cell>
   <cell col-end="3" col-start="3" row-end="8" row-start="8" text="869">
   </cell>
   <cell col-end="4" col-start="4" row-end="8" row-start="8" text="1">
   </cell>
   <cell col-end="5" col-start="5" row-end="8" row-start="8" text="4.2">
   </cell>
   <cell col-end="6" col-start="6" row-end="8" row-start="8" text="449">
   </cell>
   <cell col-end="7" col-start="7" row-end="8" row-start="8" text="51.7">
   </cell>
   <cell col-end="8" col-start="8" row-end="8" row-start="8" text="2">
   </cell>
   <cell col-end="9" col-start="9" row-end="8" row-start="8" text="466">
   </cell>
   <cell col-end="10" col-start="10" row-end="8" row-start="8" text="1">
   </cell>
   <cell col-end="11" col-start="11" row-end="8" row-start="8" text="0.9">
   </cell>
  </row>
  <row row="9">
   <cell col-end="0" col-start="0" row-end="9" row-start="9" text="LB">
   </cell>
   <cell col-end="1" col-start="1" row-end="9" row-start="9" text="Cultural">
   </cell>
   <cell col-end="2" col-start="2" row-end="9" row-start="9" text="12,446">
   </cell>
   <cell col-end="3" col-start="3" row-end="9" row-start="9" text="NA">
   </cell>
   <cell col-end="4" col-start="4" row-end="9" row-start="9" text="5">
   </cell>
   <cell col-end="5" col-start="5" row-end="9" row-start="9" text="0.04">
   </cell>
   <cell col-end="6" col-start="6" row-end="9" row-start="9" text="NA">
   </cell>
   <cell col-end="7" col-start="7" row-end="9" row-start="9" text="NA">
   </cell>
   <cell col-end="8" col-start="8" row-end="9" row-start="9" text="26">
   </cell>
   <cell col-end="9" col-start="9" row-end="9" row-start="9" text="NA">
   </cell>
   <cell col-end="10" col-start="10" row-end="9" row-start="9" text="1">
   </cell>
   <cell col-end="11" col-start="11" row-end="9" row-start="9" text="0.9">
   </cell>
  </row>
  <statements>
   <statement id="0" text="The Count value is same as 9 in Slag deposits within DAs for both SAC and WHS." type="">
   </statement>
   <statement id="1" text="The type is differentiated into 3 sub types." type="">
   </statement>
   <statement id="2" text="The type is differentiated into Ecological and Cultural." type="">
   </statement>
   <statement id="3" text="There are 3 designated areas - DAs co-located with slag, DAs within 1 km of slag and Slag deposits within DA." type="">
   </statement>
   <statement id="4" text="There are 4 designated areas." type="">
   </statement>
   <statement id="5" text="There are 8 types of designation in the given table." type="">
   </statement>
  </statements>
 </table>
 <table id="Table 3">
  <caption text="

   Examples of natural environment conservation designations co-located with slag disposal sites in the UK. Superscripts indicate geographic importance of designations:
   
    1
   
   = local;
   
    2
   
   = national,
   
    3
   
   = European,
   
    4
   
   = international. Information from
   ;
   ;
   ,
   and unpublished data of the authors.
  
">
  </caption>
  <row row="0">
   <cell col-end="0" col-start="0" row-end="0" row-start="0" text="Site, location">
   </cell>
   <cell col-end="1" col-start="1" row-end="0" row-start="0" text="Designation">
   </cell>
   <cell col-end="2" col-start="2" row-end="0" row-start="0" text="Site description and communities/species/features of interest">
   </cell>
  </row>
  <row row="1">
   <cell col-end="0" col-start="0" row-end="1" row-start="1" text="Brymbo Fossil Forest, Wrexham">
   </cell>
   <cell col-end="1" col-start="1" row-end="1" row-start="1" text="SSSI
     
      2">
   </cell>
   <cell col-end="2" col-start="2" row-end="1" row-start="1" text="Internationally important plant fossil assemblage in 14 m bed of exposed Upper Carboniferous Coal Measures. In situ fossil lycophytes and large stands of fossilised
     
      Calimites
     
     (
     )">
   </cell>
  </row>
  <row row="2">
   <cell col-end="0" col-start="0" row-end="2" row-start="2" text="Carnforth Slag Bank, Lancashire">
   </cell>
   <cell col-end="1" col-start="1" row-end="2" row-start="2" text="Local Nature Reserve (LNR)
     
      1
     
     , SAC
     
      3
     
     , Ramsar
     
      4">
   </cell>
   <cell col-end="2" col-start="2" row-end="2" row-start="2" text="Calcareous grassland on slag heaps which form a protective barrier to partially reclaimed landward saltmarsh. Lapwing (
     
      Vanellus vanellus
     
     ), ringed plover (
     
      Charadrius hiaticula
     
     ), oystercatcher (
     
      Haematopus ostralegus
     
     ), marsh harrier (
     
      Circus aeruginosus
     
     ).">
   </cell>
  </row>
  <row row="3">
   <cell col-end="0" col-start="0" row-end="3" row-start="3" text="Coatham Marsh, North Yorkshire">
   </cell>
   <cell col-end="1" col-start="1" row-end="3" row-start="3" text="LNR
     
      1
     
     , National Nature Reserve
     
      2
     
     , SPA
     
      3
     
     , Ramsar
     
      4
     
     .">
   </cell>
   <cell col-end="2" col-start="2" row-end="3" row-start="3" text="Reedbeds, open water and grassland on complex of slag heaps and medieval salt diggings. Northern marsh orchid (
     
      Dactylorhiza purpurella
     
     ), bee orchid (
     
      Ophyrs apifera
     
     ). Redshank (
     
      Tringa tetanus
     
     ), reed warbler (
     
      Acrocephalus scirpaceus
     
     ), reed bunting (
     
      Emberiza schoeniclus
     
     ), water rail (
     
      Rallus aquaticus
     
     ).">
   </cell>
  </row>
  <row row="4">
   <cell col-end="0" col-start="0" row-end="4" row-start="4" text="Kirkless Nature Reserve, Wigan, Lancashire">
   </cell>
   <cell col-end="1" col-start="1" row-end="4" row-start="4" text="LNR
     
      1">
   </cell>
   <cell col-end="2" col-start="2" row-end="4" row-start="4" text="Locally important calcareous grassland similar to coastal dune communities on former iron and steel slag (
     ). Common broomrape (
     
      Orobanche minor
     
     ); southern marsh orchid (
     
      Dactylorhiza praetemissa
     
     ).">
   </cell>
  </row>
  <row row="5">
   <cell col-end="0" col-start="0" row-end="5" row-start="5" text="Maryport Harbour, Cumbria">
   </cell>
   <cell col-end="1" col-start="1" row-end="5" row-start="5" text="SSSI
     
      2">
   </cell>
   <cell col-end="2" col-start="2" row-end="5" row-start="5" text="Ruderal plant communities on coal washings, spoil, and iron slag. Northerly most site in UK for purple or yarrow broomrape (
     
      Orobanche purpurea
     
     ); pyramidal orchid (
     
      Anacamptis pyramidalis
     
     ).">
   </cell>
  </row>
  <row row="6">
   <cell col-end="0" col-start="0" row-end="6" row-start="6" text="Millom Ironworks, Borwick Rails and Askham Slag Banks, Cumbria">
   </cell>
   <cell col-end="1" col-start="1" row-end="6" row-start="6" text="LNR
     
      1
     
     , SSSI
     
      2
     
     , SPA
     
      3
     
     , SAC
     
      3
     
     , Ramsar
     
      4
     
     .">
   </cell>
   <cell col-end="2" col-start="2" row-end="6" row-start="6" text="Extensive slag banks on estuarine margin with calcareous grassland and ponds. Natterjack toad (
     
      Epidalea calamita
     
     ). Orchid-rich grassland with northern marsh orchid (
     
      Dactylorhiza purpurella
     
     ) and bee orchid (
     
      Ophyrs apifera
     
     ). Skylark (
     
      Alauda arvensis
     
     ).">
   </cell>
  </row>
  <row row="7">
   <cell col-end="0" col-start="0" row-end="7" row-start="7" text="Sawcliffe Hill / Crosby Warren, Lincolnshire">
   </cell>
   <cell col-end="1" col-start="1" row-end="7" row-start="7" text="LNR
     
      1">
   </cell>
   <cell col-end="2" col-start="2" row-end="7" row-start="7" text="Community woodland and calcareous grassland on steel slag. Common lizard (
     
      Zootoca vivipara
     
     ). Grayling (
     
      Hipparchia semele
     
     ).">
   </cell>
  </row>
  <row row="8">
   <cell col-end="0" col-start="0" row-end="8" row-start="8" text="Shotton Lagoons and Reedbeds, Flintshire, Wales">
   </cell>
   <cell col-end="1" col-start="1" row-end="8" row-start="8" text="SSSI
     
      2">
   </cell>
   <cell col-end="2" col-start="2" row-end="8" row-start="8" text="Reedbeds and lagoons formed in part by land reclamation for adjacent steel and industrial plants. Nationally scarce white mullein (
     
      Verbascum lychnitis
     
     ) grows on slag heaps; variegated horsetail (
     
      Equisetum variegatum
     
     ) present in swamp. Breeding population of common tern (
     
      Sterna hirundo
     
     ).">
   </cell>
  </row>
  <statements>
   <statement id="3" text="The Designation for Brymbo Fossil Forest, Wrexham is LNR 1" type="">
   </statement>
   <statement id="4" text="The Designation for Coatham Marsh, North Yorkshire location is LNR 1 , National Nature Reserve 2 , SPA 3 , Ramsar." type="">
   </statement>
  </statements>
 </table>
</document>