<document>
 <table id="Table 4">
  <caption text="

   Correlates of TB attitude, using one-way ANOVA.
  
">
  </caption>
  <legend text="

   TST: Tuberculin skin test, CI: Confidence interval, KUSMS: Kathmandu University School of Medical Sciences, CMS: College of Medical Sciences, NMC: Nepal Medical College.
  
">
  </legend>
  <row row="0">
   <cell col-end="0" col-start="0" row-end="0" row-start="0" text="">
   </cell>
   <cell col-end="1" col-start="1" row-end="0" row-start="0" text="Variable">
   </cell>
   <cell col-end="2" col-start="2" row-end="0" row-start="0" text="Estimate (95% CI)">
   </cell>
   <cell col-end="3" col-start="3" row-end="0" row-start="0" text="P-value">
   </cell>
  </row>
  <row row="1">
   <cell col-end="0" col-start="0" row-end="1" row-start="1" text="Gender">
   </cell>
   <cell col-end="1" col-start="1" row-end="1" row-start="1" text="Female vs. Male">
   </cell>
   <cell col-end="2" col-start="2" row-end="1" row-start="1" text="0.2 (-0.4 to 0.7)">
   </cell>
   <cell col-end="3" col-start="3" row-end="1" row-start="1" text="0.533">
   </cell>
  </row>
  <row row="2">
   <cell col-end="0" col-start="0" row-end="2" row-start="2" text="Age">
   </cell>
   <cell col-end="1" col-start="1" row-end="2" row-start="2" text="≥25 vs. &lt;25">
   </cell>
   <cell col-end="2" col-start="2" row-end="2" row-start="2" text="0.7 (0.1 to 1.3)">
   </cell>
   <cell col-end="3" col-start="3" row-end="2" row-start="2" text="0.015">
   </cell>
  </row>
  <row row="3">
   <cell col-end="0" col-start="0" row-end="3" row-start="3" text="Medical college">
   </cell>
   <cell col-end="1" col-start="1" row-end="3" row-start="3" text="Overall">
   </cell>
   <cell col-end="2" col-start="2" row-end="3" row-start="3" text="">
   </cell>
   <cell col-end="3" col-start="3" row-end="3" row-start="3" text="0.001">
   </cell>
  </row>
  <row row="4">
   <cell col-end="0" col-start="0" row-end="4" row-start="4" text="">
   </cell>
   <cell col-end="1" col-start="1" row-end="4" row-start="4" text="CMS vs. KUSMS">
   </cell>
   <cell col-end="2" col-start="2" row-end="4" row-start="4" text="1.2 (0.4 to 2.1)">
   </cell>
   <cell col-end="3" col-start="3" row-end="4" row-start="4" text="0.002">
   </cell>
  </row>
  <row row="5">
   <cell col-end="0" col-start="0" row-end="5" row-start="5" text="">
   </cell>
   <cell col-end="1" col-start="1" row-end="5" row-start="5" text="CMS vs. NMC">
   </cell>
   <cell col-end="2" col-start="2" row-end="5" row-start="5" text="0.3 (-0.5 to 1.2)">
   </cell>
   <cell col-end="3" col-start="3" row-end="5" row-start="5" text="1.000">
   </cell>
  </row>
  <row row="6">
   <cell col-end="0" col-start="0" row-end="6" row-start="6" text="">
   </cell>
   <cell col-end="1" col-start="1" row-end="6" row-start="6" text="NMC vs. KUSMS">
   </cell>
   <cell col-end="2" col-start="2" row-end="6" row-start="6" text="0.9 (0.1 to 1.6)">
   </cell>
   <cell col-end="3" col-start="3" row-end="6" row-start="6" text="0.017">
   </cell>
  </row>
  <row row="7">
   <cell col-end="0" col-start="0" row-end="7" row-start="7" text="Tuberculin skin test">
   </cell>
   <cell col-end="1" col-start="1" row-end="7" row-start="7" text="≤5 yrs vs. &gt;5 yrs/never">
   </cell>
   <cell col-end="2" col-start="2" row-end="7" row-start="7" text="0.3 (-0.4 to 1.0)">
   </cell>
   <cell col-end="3" col-start="3" row-end="7" row-start="7" text="0.406">
   </cell>
  </row>
  <row row="8">
   <cell col-end="0" col-start="0" row-end="8" row-start="8" text="No. TB patients seen">
   </cell>
   <cell col-end="1" col-start="1" row-end="8" row-start="8" text="≥10 vs. &lt;10">
   </cell>
   <cell col-end="2" col-start="2" row-end="8" row-start="8" text="0.3 (-0.4 to 0.9)">
   </cell>
   <cell col-end="3" col-start="3" row-end="8" row-start="8" text="0.410">
   </cell>
  </row>
  <row row="9">
   <cell col-end="0" col-start="0" row-end="9" row-start="9" text="Friends or family with TB">
   </cell>
   <cell col-end="1" col-start="1" row-end="9" row-start="9" text="No vs. Yes">
   </cell>
   <cell col-end="2" col-start="2" row-end="9" row-start="9" text="0.1 (-0.5 to 0.7)">
   </cell>
   <cell col-end="3" col-start="3" row-end="9" row-start="9" text="0.743">
   </cell>
  </row>
  <row row="10">
   <cell col-end="0" col-start="0" row-end="10" row-start="10" text="Knowledge score">
   </cell>
   <cell col-end="1" col-start="1" row-end="10" row-start="10" text="Overall">
   </cell>
   <cell col-end="2" col-start="2" row-end="10" row-start="10" text="0.3 (0.1 to 0.4)">
   </cell>
   <cell col-end="3" col-start="3" row-end="10" row-start="10" text="&lt;0.001">
   </cell>
  </row>
  <statements>
   <statement id="1" text="Being 25 years or older were found to have a positive association with the attitude score ( Table 4 )." type="">
   </statement>
   <statement id="3" text="The mean attitude score was 9.4 (SD:1.89) and CMS and NMC had a higher score than KUSMS" type="">
   </statement>
  </statements>
 </table>
 <table id="Table 3">
  <caption text="

   Correlates of TB knowledge, using one-way ANOVA.
  
">
  </caption>
  <legend text="

   TST: Tuberculin skin test, CI: Confidence interval, KUSMS: Kathmandu University School of Medical Sciences, CMS: College of Medical Sciences, NMC: Nepal Medical College.
  
">
  </legend>
  <row row="0">
   <cell col-end="0" col-start="0" row-end="0" row-start="0" text="">
   </cell>
   <cell col-end="1" col-start="1" row-end="0" row-start="0" text="Variable">
   </cell>
   <cell col-end="2" col-start="2" row-end="0" row-start="0" text="Estimate (95% CI)">
   </cell>
   <cell col-end="3" col-start="3" row-end="0" row-start="0" text="P-value">
   </cell>
  </row>
  <row row="1">
   <cell col-end="0" col-start="0" row-end="1" row-start="1" text="Gender">
   </cell>
   <cell col-end="1" col-start="1" row-end="1" row-start="1" text="Female vs. Male">
   </cell>
   <cell col-end="2" col-start="2" row-end="1" row-start="1" text="0.9 (0.2 to 1.5)">
   </cell>
   <cell col-end="3" col-start="3" row-end="1" row-start="1" text="0.010">
   </cell>
  </row>
  <row row="2">
   <cell col-end="0" col-start="0" row-end="2" row-start="2" text="Age">
   </cell>
   <cell col-end="1" col-start="1" row-end="2" row-start="2" text="&lt;25 vs. ≥25">
   </cell>
   <cell col-end="2" col-start="2" row-end="2" row-start="2" text="0.1 (-0.7 to 0.6)">
   </cell>
   <cell col-end="3" col-start="3" row-end="2" row-start="2" text="0.887">
   </cell>
  </row>
  <row row="3">
   <cell col-end="0" col-start="0" row-end="3" row-start="3" text="Medical college">
   </cell>
   <cell col-end="1" col-start="1" row-end="3" row-start="3" text="Overall">
   </cell>
   <cell col-end="2" col-start="2" row-end="3" row-start="3" text="">
   </cell>
   <cell col-end="3" col-start="3" row-end="3" row-start="3" text="0.584">
   </cell>
  </row>
  <row row="4">
   <cell col-end="0" col-start="0" row-end="4" row-start="4" text="">
   </cell>
   <cell col-end="1" col-start="1" row-end="4" row-start="4" text="CMS vs. KUSMS">
   </cell>
   <cell col-end="2" col-start="2" row-end="4" row-start="4" text="0.4 (-0.6 to 1.4)">
   </cell>
   <cell col-end="3" col-start="3" row-end="4" row-start="4" text="1.000">
   </cell>
  </row>
  <row row="5">
   <cell col-end="0" col-start="0" row-end="5" row-start="5" text="">
   </cell>
   <cell col-end="1" col-start="1" row-end="5" row-start="5" text="CMS vs. NMC">
   </cell>
   <cell col-end="2" col-start="2" row-end="5" row-start="5" text="0.4 (-0.6 to 1.4)">
   </cell>
   <cell col-end="3" col-start="3" row-end="5" row-start="5" text="1.000">
   </cell>
  </row>
  <row row="6">
   <cell col-end="0" col-start="0" row-end="6" row-start="6" text="">
   </cell>
   <cell col-end="1" col-start="1" row-end="6" row-start="6" text="NMC vs. KUSMS">
   </cell>
   <cell col-end="2" col-start="2" row-end="6" row-start="6" text="0.0 (-0.9 to 0.9)">
   </cell>
   <cell col-end="3" col-start="3" row-end="6" row-start="6" text="1.000">
   </cell>
  </row>
  <row row="7">
   <cell col-end="0" col-start="0" row-end="7" row-start="7" text="Tuberculin skin test">
   </cell>
   <cell col-end="1" col-start="1" row-end="7" row-start="7" text="≤5 yrs vs. &gt;5 yrs/never">
   </cell>
   <cell col-end="2" col-start="2" row-end="7" row-start="7" text="1.1 (0.3 to 1.9)">
   </cell>
   <cell col-end="3" col-start="3" row-end="7" row-start="7" text="0.006">
   </cell>
  </row>
  <row row="8">
   <cell col-end="0" col-start="0" row-end="8" row-start="8" text="No. TB patients seen">
   </cell>
   <cell col-end="1" col-start="1" row-end="8" row-start="8" text="≥10 vs. &lt;10">
   </cell>
   <cell col-end="2" col-start="2" row-end="8" row-start="8" text="0.8 (0.1 to 1.5)">
   </cell>
   <cell col-end="3" col-start="3" row-end="8" row-start="8" text="0.022">
   </cell>
  </row>
  <row row="9">
   <cell col-end="0" col-start="0" row-end="9" row-start="9" text="Friends or family with TB">
   </cell>
   <cell col-end="1" col-start="1" row-end="9" row-start="9" text="Yes vs. No">
   </cell>
   <cell col-end="2" col-start="2" row-end="9" row-start="9" text="0.4 (-0.3 to 1.1)">
   </cell>
   <cell col-end="3" col-start="3" row-end="9" row-start="9" text="0.235">
   </cell>
  </row>
  <statements>
   <statement id="0" text="0.010 is the p value of variable gender." type="">
   </statement>
   <statement id="1" text="0.887 is the p value of variable gender." type="">
   </statement>
   <statement id="2" text="However, there was a positive association between being female, having seen more than 10 patients, and having taken a TST within the last five years, and the knowledge score ( Table 3 )." type="">
   </statement>
   <statement id="3" text="The interns who considered themselves not at risk for TB, or who would tell no one or just one person if they contracted TB, had a lower knowledge score." type="">
   </statement>
   <statement id="4" text="There are 7 different types of P-value." type="">
   </statement>
   <statement id="5" text="TST is the short form of Tuberculin skin test." type="">
   </statement>
  </statements>
 </table>
</document>