<document>
 <table id="Table 1">
  <caption text="

   Number of participants per country.
  
">
  </caption>
  <row row="0">
   <cell col-end="0" col-start="0" row-end="0" row-start="0" text="Country Total">
   </cell>
   <cell col-end="1" col-start="1" row-end="0" row-start="0" text="Participants">
   </cell>
   <cell col-end="2" col-start="2" row-end="0" row-start="0" text="Speakers">
   </cell>
   <cell col-end="3" col-start="3" row-end="0" row-start="0" text="Helpers/admin">
   </cell>
   <cell col-end="4" col-start="4" row-end="0" row-start="0" text="Total">
   </cell>
  </row>
  <row row="1">
   <cell col-end="0" col-start="0" row-end="1" row-start="1" text="Australia">
   </cell>
   <cell col-end="1" col-start="1" row-end="1" row-start="1" text="2">
   </cell>
   <cell col-end="2" col-start="2" row-end="1" row-start="1" text="">
   </cell>
   <cell col-end="3" col-start="3" row-end="1" row-start="1" text="">
   </cell>
   <cell col-end="4" col-start="4" row-end="1" row-start="1" text="2">
   </cell>
  </row>
  <row row="2">
   <cell col-end="0" col-start="0" row-end="2" row-start="2" text="Belgium">
   </cell>
   <cell col-end="1" col-start="1" row-end="2" row-start="2" text="1">
   </cell>
   <cell col-end="2" col-start="2" row-end="2" row-start="2" text="">
   </cell>
   <cell col-end="3" col-start="3" row-end="2" row-start="2" text="">
   </cell>
   <cell col-end="4" col-start="4" row-end="2" row-start="2" text="1">
   </cell>
  </row>
  <row row="3">
   <cell col-end="0" col-start="0" row-end="3" row-start="3" text="Canada">
   </cell>
   <cell col-end="1" col-start="1" row-end="3" row-start="3" text="1">
   </cell>
   <cell col-end="2" col-start="2" row-end="3" row-start="3" text="">
   </cell>
   <cell col-end="3" col-start="3" row-end="3" row-start="3" text="">
   </cell>
   <cell col-end="4" col-start="4" row-end="3" row-start="3" text="1">
   </cell>
  </row>
  <row row="4">
   <cell col-end="0" col-start="0" row-end="4" row-start="4" text="China">
   </cell>
   <cell col-end="1" col-start="1" row-end="4" row-start="4" text="1">
   </cell>
   <cell col-end="2" col-start="2" row-end="4" row-start="4" text="">
   </cell>
   <cell col-end="3" col-start="3" row-end="4" row-start="4" text="">
   </cell>
   <cell col-end="4" col-start="4" row-end="4" row-start="4" text="1">
   </cell>
  </row>
  <row row="5">
   <cell col-end="0" col-start="0" row-end="5" row-start="5" text="France">
   </cell>
   <cell col-end="1" col-start="1" row-end="5" row-start="5" text="3">
   </cell>
   <cell col-end="2" col-start="2" row-end="5" row-start="5" text="1">
   </cell>
   <cell col-end="3" col-start="3" row-end="5" row-start="5" text="">
   </cell>
   <cell col-end="4" col-start="4" row-end="5" row-start="5" text="4">
   </cell>
  </row>
  <row row="6">
   <cell col-end="0" col-start="0" row-end="6" row-start="6" text="Germany">
   </cell>
   <cell col-end="1" col-start="1" row-end="6" row-start="6" text="2">
   </cell>
   <cell col-end="2" col-start="2" row-end="6" row-start="6" text="1">
   </cell>
   <cell col-end="3" col-start="3" row-end="6" row-start="6" text="">
   </cell>
   <cell col-end="4" col-start="4" row-end="6" row-start="6" text="3">
   </cell>
  </row>
  <row row="7">
   <cell col-end="0" col-start="0" row-end="7" row-start="7" text="Hong Kong">
   </cell>
   <cell col-end="1" col-start="1" row-end="7" row-start="7" text="1">
   </cell>
   <cell col-end="2" col-start="2" row-end="7" row-start="7" text="">
   </cell>
   <cell col-end="3" col-start="3" row-end="7" row-start="7" text="">
   </cell>
   <cell col-end="4" col-start="4" row-end="7" row-start="7" text="1">
   </cell>
  </row>
  <row row="8">
   <cell col-end="0" col-start="0" row-end="8" row-start="8" text="Ireland">
   </cell>
   <cell col-end="1" col-start="1" row-end="8" row-start="8" text="1">
   </cell>
   <cell col-end="2" col-start="2" row-end="8" row-start="8" text="">
   </cell>
   <cell col-end="3" col-start="3" row-end="8" row-start="8" text="">
   </cell>
   <cell col-end="4" col-start="4" row-end="8" row-start="8" text="1">
   </cell>
  </row>
  <row row="9">
   <cell col-end="0" col-start="0" row-end="9" row-start="9" text="Italy">
   </cell>
   <cell col-end="1" col-start="1" row-end="9" row-start="9" text="3">
   </cell>
   <cell col-end="2" col-start="2" row-end="9" row-start="9" text="1">
   </cell>
   <cell col-end="3" col-start="3" row-end="9" row-start="9" text="">
   </cell>
   <cell col-end="4" col-start="4" row-end="9" row-start="9" text="4">
   </cell>
  </row>
  <row row="10">
   <cell col-end="0" col-start="0" row-end="10" row-start="10" text="Luxembourg">
   </cell>
   <cell col-end="1" col-start="1" row-end="10" row-start="10" text="1">
   </cell>
   <cell col-end="2" col-start="2" row-end="10" row-start="10" text="">
   </cell>
   <cell col-end="3" col-start="3" row-end="10" row-start="10" text="">
   </cell>
   <cell col-end="4" col-start="4" row-end="10" row-start="10" text="1">
   </cell>
  </row>
  <row row="11">
   <cell col-end="0" col-start="0" row-end="11" row-start="11" text="Netherlands">
   </cell>
   <cell col-end="1" col-start="1" row-end="11" row-start="11" text="2">
   </cell>
   <cell col-end="2" col-start="2" row-end="11" row-start="11" text="2">
   </cell>
   <cell col-end="3" col-start="3" row-end="11" row-start="11" text="">
   </cell>
   <cell col-end="4" col-start="4" row-end="11" row-start="11" text="4">
   </cell>
  </row>
  <row row="12">
   <cell col-end="0" col-start="0" row-end="12" row-start="12" text="Saudi Arabia">
   </cell>
   <cell col-end="1" col-start="1" row-end="12" row-start="12" text="4">
   </cell>
   <cell col-end="2" col-start="2" row-end="12" row-start="12" text="">
   </cell>
   <cell col-end="3" col-start="3" row-end="12" row-start="12" text="">
   </cell>
   <cell col-end="4" col-start="4" row-end="12" row-start="12" text="4">
   </cell>
  </row>
  <row row="13">
   <cell col-end="0" col-start="0" row-end="13" row-start="13" text="Singapore">
   </cell>
   <cell col-end="1" col-start="1" row-end="13" row-start="13" text="2">
   </cell>
   <cell col-end="2" col-start="2" row-end="13" row-start="13" text="">
   </cell>
   <cell col-end="3" col-start="3" row-end="13" row-start="13" text="">
   </cell>
   <cell col-end="4" col-start="4" row-end="13" row-start="13" text="2">
   </cell>
  </row>
  <row row="14">
   <cell col-end="0" col-start="0" row-end="14" row-start="14" text="South Africa">
   </cell>
   <cell col-end="1" col-start="1" row-end="14" row-start="14" text="1">
   </cell>
   <cell col-end="2" col-start="2" row-end="14" row-start="14" text="">
   </cell>
   <cell col-end="3" col-start="3" row-end="14" row-start="14" text="">
   </cell>
   <cell col-end="4" col-start="4" row-end="14" row-start="14" text="1">
   </cell>
  </row>
  <row row="15">
   <cell col-end="0" col-start="0" row-end="15" row-start="15" text="Spain">
   </cell>
   <cell col-end="1" col-start="1" row-end="15" row-start="15" text="6">
   </cell>
   <cell col-end="2" col-start="2" row-end="15" row-start="15" text="">
   </cell>
   <cell col-end="3" col-start="3" row-end="15" row-start="15" text="">
   </cell>
   <cell col-end="4" col-start="4" row-end="15" row-start="15" text="6">
   </cell>
  </row>
  <row row="16">
   <cell col-end="0" col-start="0" row-end="16" row-start="16" text="Sudan">
   </cell>
   <cell col-end="1" col-start="1" row-end="16" row-start="16" text="1">
   </cell>
   <cell col-end="2" col-start="2" row-end="16" row-start="16" text="">
   </cell>
   <cell col-end="3" col-start="3" row-end="16" row-start="16" text="">
   </cell>
   <cell col-end="4" col-start="4" row-end="16" row-start="16" text="1">
   </cell>
  </row>
  <row row="17">
   <cell col-end="0" col-start="0" row-end="17" row-start="17" text="Sweden">
   </cell>
   <cell col-end="1" col-start="1" row-end="17" row-start="17" text="2">
   </cell>
   <cell col-end="2" col-start="2" row-end="17" row-start="17" text="">
   </cell>
   <cell col-end="3" col-start="3" row-end="17" row-start="17" text="">
   </cell>
   <cell col-end="4" col-start="4" row-end="17" row-start="17" text="2">
   </cell>
  </row>
  <row row="18">
   <cell col-end="0" col-start="0" row-end="18" row-start="18" text="Switzerland">
   </cell>
   <cell col-end="1" col-start="1" row-end="18" row-start="18" text="14">
   </cell>
   <cell col-end="2" col-start="2" row-end="18" row-start="18" text="8">
   </cell>
   <cell col-end="3" col-start="3" row-end="18" row-start="18" text="3">
   </cell>
   <cell col-end="4" col-start="4" row-end="18" row-start="18" text="24">
   </cell>
  </row>
  <row row="19">
   <cell col-end="0" col-start="0" row-end="19" row-start="19" text="United Kingdom">
   </cell>
   <cell col-end="1" col-start="1" row-end="19" row-start="19" text="2">
   </cell>
   <cell col-end="2" col-start="2" row-end="19" row-start="19" text="2">
   </cell>
   <cell col-end="3" col-start="3" row-end="19" row-start="19" text="">
   </cell>
   <cell col-end="4" col-start="4" row-end="19" row-start="19" text="4">
   </cell>
  </row>
  <row row="20">
   <cell col-end="0" col-start="0" row-end="20" row-start="20" text="United States">
   </cell>
   <cell col-end="1" col-start="1" row-end="20" row-start="20" text="3">
   </cell>
   <cell col-end="2" col-start="2" row-end="20" row-start="20" text="">
   </cell>
   <cell col-end="3" col-start="3" row-end="20" row-start="20" text="">
   </cell>
   <cell col-end="4" col-start="4" row-end="20" row-start="20" text="3">
   </cell>
  </row>
  <statements>
   <statement id="0" text="All the countries will not have Helpers/admin except Switzerland." type="">
   </statement>
   <statement id="1" text="Australia will have 2nd highest number of participants compare to others." type="">
   </statement>
   <statement id="2" text="France, Germany and Italy will have 4 Speakers." type="">
   </statement>
   <statement id="4" text="South Africa will have highest Participants compare to others." type="">
   </statement>
   <statement id="5" text="Spain will have 2nd highest number of participants compare to others." type="">
   </statement>
   <statement id="7" text="The Table contain 20 different Countries." type="">
   </statement>
   <statement id="8" text="The Table contain 35 different Countries." type="">
   </statement>
  </statements>
 </table>
 <table id="Table 2">
  <caption text="

   Alignment score versus mapping quality score.
  
">
  </caption>
  <row row="0">
   <cell col-end="0" col-start="0" row-end="0" row-start="0" text="Alignment score
     

       a">
   </cell>
   <cell col-end="1" col-start="1" row-end="0" row-start="0" text="Mapping quality score
     

       b">
   </cell>
   <cell col-end="2" col-start="2" row-end="0" row-start="0" text="Interpretation">
   </cell>
  </row>
  <row row="1">
   <cell col-end="0" col-start="0" row-end="1" row-start="1" text="HIGH">
   </cell>
   <cell col-end="1" col-start="1" row-end="1" row-start="1" text="HIGH">
   </cell>
   <cell col-end="2" col-start="2" row-end="1" row-start="1" text="Read maps unambiguously and is very similar to reference sequence at that position
     

       c">
   </cell>
  </row>
  <row row="2">
   <cell col-end="0" col-start="0" row-end="2" row-start="2" text="HIGH">
   </cell>
   <cell col-end="1" col-start="1" row-end="2" row-start="2" text="LOW">
   </cell>
   <cell col-end="2" col-start="2" row-end="2" row-start="2" text="Read is very similar to reference sequence at that position, but maps at several positions">
   </cell>
  </row>
  <row row="3">
   <cell col-end="0" col-start="0" row-end="3" row-start="3" text="LOW">
   </cell>
   <cell col-end="1" col-start="1" row-end="3" row-start="3" text="HIGH">
   </cell>
   <cell col-end="2" col-start="2" row-end="3" row-start="3" text="Read maps unambiguously, but aligns with several mismatches to reference sequence at that position
     

       c">
   </cell>
  </row>
  <row row="4">
   <cell col-end="0" col-start="0" row-end="4" row-start="4" text="LOW">
   </cell>
   <cell col-end="1" col-start="1" row-end="4" row-start="4" text="LOW">
   </cell>
   <cell col-end="2" col-start="2" row-end="4" row-start="4" text="Reads aligns with several mismatches at this and several other positions in the reference sequences">
   </cell>
  </row>
  <statements>
   <statement id="1" text="Alignment score and mapping quality score are two types of scores given in the table." type="">
   </statement>
   <statement id="4" text="Read maps unambiguously interpretation is common in High-High and Low-High mapping scores." type="">
   </statement>
   <statement id="5" text="There are four possibility of mapping scores are given." type="">
   </statement>
   <statement id="6" text="There are three scores of alignment scores given." type="">
   </statement>
  </statements>
 </table>
</document>