<document>
 <table id="Table 1">
  <caption text="

   Chemical composition of OPC cement.
  
">
  </caption>
  <row row="0">
   <cell col-end="0" col-start="0" row-end="0" row-start="0" text="Chemical component">
   </cell>
   <cell col-end="1" col-start="1" row-end="0" row-start="0" text="Percentage">
   </cell>
  </row>
  <row row="1">
   <cell col-end="0" col-start="0" row-end="1" row-start="1" text="Al
     
      2
     
     O
     
      3">
   </cell>
   <cell col-end="1" col-start="1" row-end="1" row-start="1" text="4.42">
   </cell>
  </row>
  <row row="2">
   <cell col-end="0" col-start="0" row-end="2" row-start="2" text="Fe
     
      2
     
     O
     
      3">
   </cell>
   <cell col-end="1" col-start="1" row-end="2" row-start="2" text="3.71">
   </cell>
  </row>
  <row row="3">
   <cell col-end="0" col-start="0" row-end="3" row-start="3" text="SiO
     
      2">
   </cell>
   <cell col-end="1" col-start="1" row-end="3" row-start="3" text="21.08">
   </cell>
  </row>
  <row row="4">
   <cell col-end="0" col-start="0" row-end="4" row-start="4" text="MgO">
   </cell>
   <cell col-end="1" col-start="1" row-end="4" row-start="4" text="1.60">
   </cell>
  </row>
  <row row="5">
   <cell col-end="0" col-start="0" row-end="5" row-start="5" text="CaO">
   </cell>
   <cell col-end="1" col-start="1" row-end="5" row-start="5" text="63.78">
   </cell>
  </row>
  <row row="6">
   <cell col-end="0" col-start="0" row-end="6" row-start="6" text="SO
     
      3">
   </cell>
   <cell col-end="1" col-start="1" row-end="6" row-start="6" text="2.43">
   </cell>
  </row>
  <row row="7">
   <cell col-end="0" col-start="0" row-end="7" row-start="7" text="LOI">
   </cell>
   <cell col-end="1" col-start="1" row-end="7" row-start="7" text="2.20">
   </cell>
  </row>
  <row row="8">
   <cell col-end="0" col-start="0" row-end="8" row-start="8" text="IR">
   </cell>
   <cell col-end="1" col-start="1" row-end="8" row-start="8" text="1.44">
   </cell>
  </row>
  <statements>
   <statement id="0" text="2.43 Percentage for SO 3 Chemical component." type="">
   </statement>
   <statement id="1" text="Fe 2 O 3 Chemical component Percentage is 1.60." type="">
   </statement>
   <statement id="3" text="LOI Percentage is 2.20." type="">
   </statement>
   <statement id="4" text="SO 3 Percentage is 2.20." type="">
   </statement>
  </statements>
 </table>
 <table id="Table 4">
  <caption text="

   Experimental results of cement in the laboratory.
  
">
  </caption>
  <row row="0">
   <cell col-end="0" col-start="0" row-end="0" row-start="0" text="Sl no.">
   </cell>
   <cell col-end="1" col-start="1" row-end="0" row-start="0" text="Name of the test">
   </cell>
   <cell col-end="2" col-start="2" row-end="0" row-start="0" text="Relevant code">
   </cell>
   <cell col-end="3" col-start="3" row-end="0" row-start="0" text="Test result">
   </cell>
  </row>
  <row row="1">
   <cell col-end="0" col-start="0" row-end="1" row-start="1" text="1.">
   </cell>
   <cell col-end="1" col-start="1" row-end="1" row-start="1" text="Consistency test">
   </cell>
   <cell col-end="2" col-start="2" row-end="1" row-start="1" text="IS:4031(Part4)-1988">
   </cell>
   <cell col-end="3" col-start="3" row-end="1" row-start="1" text="30%">
   </cell>
  </row>
  <row row="2">
   <cell col-end="0" col-start="0" row-end="2" row-start="2" text="2.">
   </cell>
   <cell col-end="1" col-start="1" row-end="2" row-start="2" text="Initial setting time">
   </cell>
   <cell col-end="2" col-start="2" row-end="2" row-start="2" text="IS:4031(Part 5)-1988">
   </cell>
   <cell col-end="3" col-start="3" row-end="2" row-start="2" text="1hr 5mins">
   </cell>
  </row>
  <row row="3">
   <cell col-end="0" col-start="0" row-end="3" row-start="3" text="3.">
   </cell>
   <cell col-end="1" col-start="1" row-end="3" row-start="3" text="Final setting time">
   </cell>
   <cell col-end="2" col-start="2" row-end="3" row-start="3" text="IS:4031(Part 5)-1988">
   </cell>
   <cell col-end="3" col-start="3" row-end="3" row-start="3" text="5hr 15mins">
   </cell>
  </row>
  <statements>
   <statement id="2" text="Potable water used for production of concrete as well as performed the curing respectively." type="">
   </statement>
   <statement id="3" text="The Relevant code for Consistency test is IS:4031(Part4)-1988." type="">
   </statement>
   <statement id="5" text="The Relevant code for Initial setting time and Final setting time is same of IS:4031(Part 5)-1988." type="">
   </statement>
   <statement id="6" text="The test result of Consistency test is 30%." type="">
   </statement>
   <statement id="7" text="The test result of Final setting time is 5hr 15mins." type="">
   </statement>
  </statements>
 </table>
 <table id="Table 5">
  <caption text="

   Compressive Strength results of cement experimentally conducted in the laboratory.
  
">
  </caption>
  <row row="0">
   <cell col-end="0" col-start="0" row-end="1" row-start="0" text="days">
   </cell>
   <cell col-end="2" col-start="1" row-end="0" row-start="0" text="Compressive strength (MPa)">
   </cell>
  </row>
  <row row="1">
   <cell col-end="1" col-start="1" row-end="1" row-start="1" text="As per IS:8112-1989">
   </cell>
   <cell col-end="2" col-start="2" row-end="1" row-start="1" text="Result">
   </cell>
  </row>
  <row row="2">
   <cell col-end="0" col-start="0" row-end="2" row-start="2" text="3">
   </cell>
   <cell col-end="1" col-start="1" row-end="2" row-start="2" text="23">
   </cell>
   <cell col-end="2" col-start="2" row-end="2" row-start="2" text="22.8">
   </cell>
  </row>
  <row row="3">
   <cell col-end="0" col-start="0" row-end="3" row-start="3" text="7">
   </cell>
   <cell col-end="1" col-start="1" row-end="3" row-start="3" text="33">
   </cell>
   <cell col-end="2" col-start="2" row-end="3" row-start="3" text="34.7">
   </cell>
  </row>
  <row row="4">
   <cell col-end="0" col-start="0" row-end="4" row-start="4" text="28">
   </cell>
   <cell col-end="1" col-start="1" row-end="4" row-start="4" text="43">
   </cell>
   <cell col-end="2" col-start="2" row-end="4" row-start="4" text="43.47">
   </cell>
  </row>
  <statements>
   <statement id="1" text="43.47 MPa is the compressive strength of cement on day 3." type="">
   </statement>
   <statement id="2" text="As per the IS:8112-1989 Compressive strength of cement on day 3 is 22.8 MPa." type="">
   </statement>
   <statement id="3" text="As per the IS:8112-1989 Compressive strength of cement on day 3 is 23 MPa." type="">
   </statement>
   <statement id="4" text="Experiment is carried out for 28 days for the final results." type="">
   </statement>
   <statement id="8" text="Results are checked only in 3 particular days according to table." type="">
   </statement>
  </statements>
 </table>
 <table id="Table 6">
  <caption text="

   Physical properties of coarse aggregate.
  
">
  </caption>
  <row row="0">
   <cell col-end="0" col-start="0" row-end="0" row-start="0" text="Sl no.">
   </cell>
   <cell col-end="1" col-start="1" row-end="0" row-start="0" text="Name of the test">
   </cell>
   <cell col-end="2" col-start="2" row-end="0" row-start="0" text="Details of the relevant code">
   </cell>
   <cell col-end="3" col-start="3" row-end="0" row-start="0" text="Test result">
   </cell>
  </row>
  <row row="1">
   <cell col-end="0" col-start="0" row-end="1" row-start="1" text="1">
   </cell>
   <cell col-end="1" col-start="1" row-end="1" row-start="1" text="Aggregate Crushing value">
   </cell>
   <cell col-end="2" col-start="2" row-end="1" row-start="1" text="IS:2386(Part 4) 1963 (Reaffirmed 2002)">
   </cell>
   <cell col-end="3" col-start="3" row-end="1" row-start="1" text="17.48%">
   </cell>
  </row>
  <row row="2">
   <cell col-end="0" col-start="0" row-end="2" row-start="2" text="2">
   </cell>
   <cell col-end="1" col-start="1" row-end="2" row-start="2" text="Aggregate impact value">
   </cell>
   <cell col-end="2" col-start="2" row-end="2" row-start="2" text="IS:2386(Part 4) 1963 (Reaffirmed 2002)">
   </cell>
   <cell col-end="3" col-start="3" row-end="2" row-start="2" text="24.12%">
   </cell>
  </row>
  <row row="3">
   <cell col-end="0" col-start="0" row-end="3" row-start="3" text="3">
   </cell>
   <cell col-end="1" col-start="1" row-end="3" row-start="3" text="Specific gravity">
   </cell>
   <cell col-end="2" col-start="2" row-end="3" row-start="3" text="IS:2386(Part 3) 1963">
   </cell>
   <cell col-end="3" col-start="3" row-end="3" row-start="3" text="2.47">
   </cell>
  </row>
  <statements>
   <statement id="0" text="However, the experimental results such as consistency, initial and final setting time of cement material observed as per the laboratory condition conducted and presented in Table 4 ." type="">
   </statement>
   <statement id="3" text="The highest Test result of 24.12% is for Aggregate impact value." type="">
   </statement>
   <statement id="5" text="The test Aggregate Crushing value and Aggregate impact value has different Details of the relevant code of IS:2386(Part 3) 1963." type="">
   </statement>
   <statement id="6" text="The test Specific gravity has Details of the relevant code of IS:2386(Part 3) 1963." type="">
   </statement>
   <statement id="7" text="The test Specific gravity has Details of the relevant code of IS:2386(Part 4) 1963 (Reaffirmed 2002)." type="">
   </statement>
   <statement id="8" text="There are eight types of Physical properties of coarse aggregate." type="">
   </statement>
  </statements>
 </table>
 <table id="Table 8">
  <caption text="

   Mix proportion of concrete.
  
">
  </caption>
  <row row="0">
   <cell col-end="0" col-start="0" row-end="0" row-start="0" text="Mixture">
   </cell>
   <cell col-end="1" col-start="1" row-end="0" row-start="0" text="FA concrete">
   </cell>
  </row>
  <row row="1">
   <cell col-end="0" col-start="0" row-end="1" row-start="1" text="w/b">
   </cell>
   <cell col-end="1" col-start="1" row-end="1" row-start="1" text="0.4">
   </cell>
  </row>
  <row row="2">
   <cell col-end="0" col-start="0" row-end="2" row-start="2" text="water(kg/m
     
      3
     
     )">
   </cell>
   <cell col-end="1" col-start="1" row-end="2" row-start="2" text="197">
   </cell>
  </row>
  <row row="3">
   <cell col-end="0" col-start="0" row-end="3" row-start="3" text="Cement(kg/m
     
      3
     
     )">
   </cell>
   <cell col-end="1" col-start="1" row-end="3" row-start="3" text="385">
   </cell>
  </row>
  <row row="4">
   <cell col-end="0" col-start="0" row-end="4" row-start="4" text="FA(20%)(kg/m
     
      3
     
     )">
   </cell>
   <cell col-end="1" col-start="1" row-end="4" row-start="4" text="77">
   </cell>
  </row>
  <row row="5">
   <cell col-end="0" col-start="0" row-end="5" row-start="5" text="FA(30%)(kg/m
     
      3
     
     )">
   </cell>
   <cell col-end="1" col-start="1" row-end="5" row-start="5" text="115">
   </cell>
  </row>
  <row row="6">
   <cell col-end="0" col-start="0" row-end="6" row-start="6" text="Coarse aggregate (10-16 mm)(kg/m
     
      3
     
     )">
   </cell>
   <cell col-end="1" col-start="1" row-end="6" row-start="6" text="989">
   </cell>
  </row>
  <row row="7">
   <cell col-end="0" col-start="0" row-end="7" row-start="7" text="Fine aggregate(kg/m
     
      3
     
     )">
   </cell>
   <cell col-end="1" col-start="1" row-end="7" row-start="7" text="765">
   </cell>
  </row>
  <row row="8">
   <cell col-end="0" col-start="0" row-end="8" row-start="8" text="Superplasticizer (%)">
   </cell>
   <cell col-end="1" col-start="1" row-end="8" row-start="8" text="2">
   </cell>
  </row>
  <statements>
   <statement id="0" text="385 kg/m^3 is the cement proportion in mixture of concrete." type="">
   </statement>
   <statement id="3" text="Element Water is measured in kg/m^2." type="">
   </statement>
   <statement id="5" text="However, the specific gravities of fine and coarse aggregates are 2.43 and 2.47 indicating suitable qualities for preparation of concrete." type="">
   </statement>
   <statement id="7" text="Mixture has 18 type of elements in it." type="">
   </statement>
   <statement id="8" text="The Table 8 shows the design mix proportions of various ingredients present in concrete preparation to achieve M25 grade in the present study." type="">
   </statement>
  </statements>
 </table>
 <table id="Table 9">
  <caption text="

   Description of BCJ sample.
  
">
  </caption>
  <row row="0">
   <cell col-end="0" col-start="0" row-end="0" row-start="0" text="Description">
   </cell>
   <cell col-end="1" col-start="1" row-end="0" row-start="0" text="Specifications">
   </cell>
  </row>
  <row row="1">
   <cell col-end="0" col-start="0" row-end="1" row-start="1" text="Flexural strength ratio">
   </cell>
   <cell col-end="1" col-start="1" row-end="1" row-start="1" text="2.0">
   </cell>
  </row>
  <row row="2">
   <cell col-end="0" col-start="0" row-end="2" row-start="2" text="Beam size,b
     
      ˟
     
     d (mm)">
   </cell>
   <cell col-end="1" col-start="1" row-end="2" row-start="2" text="120 × 150">
   </cell>
  </row>
  <row row="3">
   <cell col-end="0" col-start="0" row-end="3" row-start="3" text="Column size,b
     
      ˟
     
     d (mm)">
   </cell>
   <cell col-end="1" col-start="1" row-end="3" row-start="3" text="120 x 150">
   </cell>
  </row>
  <row row="4">
   <cell col-end="0" col-start="0" row-end="4" row-start="4" text="Beam main Reinforcement(top + bottom)">
   </cell>
   <cell col-end="1" col-start="1" row-end="4" row-start="4" text="2-8φ + 2-8φ">
   </cell>
  </row>
  <row row="5">
   <cell col-end="0" col-start="0" row-end="5" row-start="5" text="Column longitudinal reinforcement">
   </cell>
   <cell col-end="1" col-start="1" row-end="5" row-start="5" text="4-8φ">
   </cell>
  </row>
  <row row="6">
   <cell col-end="0" col-start="0" row-end="6" row-start="6" text="Stirrups &amp; Links">
   </cell>
   <cell col-end="1" col-start="1" row-end="6" row-start="6" text="6mm mild steel @ 50 mmc/c">
   </cell>
  </row>
  <row row="7">
   <cell col-end="0" col-start="0" row-end="7" row-start="7" text="Ratio of shear capacity to shear demand">
   </cell>
   <cell col-end="1" col-start="1" row-end="7" row-start="7" text="1.08">
   </cell>
  </row>
  <row row="8">
   <cell col-end="0" col-start="0" row-end="8" row-start="8" text="Development length(mm)">
   </cell>
   <cell col-end="1" col-start="1" row-end="8" row-start="8" text="755">
   </cell>
  </row>
  <statements>
   <statement id="1" text="The Beam main Reinforcement is 2-8U + 2-8U" type="">
   </statement>
   <statement id="2" text="The Flexural strength ratio is 0.1" type="">
   </statement>
   <statement id="3" text="The Flexural strength ratio is 2.0" type="">
   </statement>
   <statement id="4" text="The prototype sample specimens having both beam and column dimensions of 120 mm X 150 mm used for the investigation purpose." type="">
   </statement>
  </statements>
 </table>
 <table id="Table 10">
  <caption text="

   Observed Failure modes of test samples.
  
">
  </caption>
  <row row="0">
   <cell col-end="0" col-start="0" row-end="0" row-start="0" text="Mix ID">
   </cell>
   <cell col-end="1" col-start="1" row-end="0" row-start="0" text="Beam Hinge">
   </cell>
  </row>
  <row row="1">
   <cell col-end="0" col-start="0" row-end="1" row-start="1" text="Control28">
   </cell>
   <cell col-end="1" col-start="1" row-end="1" row-start="1" text="Present">
   </cell>
  </row>
  <row row="2">
   <cell col-end="0" col-start="0" row-end="2" row-start="2" text="20FAS28">
   </cell>
   <cell col-end="1" col-start="1" row-end="2" row-start="2" text="Present">
   </cell>
  </row>
  <row row="3">
   <cell col-end="0" col-start="0" row-end="3" row-start="3" text="20FA28">
   </cell>
   <cell col-end="1" col-start="1" row-end="3" row-start="3" text="Present">
   </cell>
  </row>
  <row row="4">
   <cell col-end="0" col-start="0" row-end="4" row-start="4" text="30FAS28">
   </cell>
   <cell col-end="1" col-start="1" row-end="4" row-start="4" text="Present">
   </cell>
  </row>
  <row row="5">
   <cell col-end="0" col-start="0" row-end="5" row-start="5" text="30FA28">
   </cell>
   <cell col-end="1" col-start="1" row-end="5" row-start="5" text="Present">
   </cell>
  </row>
  <statements>
   <statement id="0" text="5 shows the typical cracked sample after failure." type="">
   </statement>
   <statement id="2" text="All the test samples are unique from each other." type="">
   </statement>
   <statement id="3" text="Beam Hinge is not present in all the test samples." type="">
   </statement>
   <statement id="4" text="Control28 is not a mode of test samples." type="">
   </statement>
   <statement id="5" text="Control28 is one of the modes of test samples." type="">
   </statement>
   <statement id="7" text="Table consists of 2 columns - Mix ID and Beam Hinge." type="">
   </statement>
   <statement id="8" text="Table consists of 3 columns." type="">
   </statement>
   <statement id="9" text="There are 5 different types of Mix ID." type="">
   </statement>
   <statement id="10" text="There are 6 different types of Mix ID." type="">
   </statement>
  </statements>
 </table>
 <table id="Table 11">
  <caption text="

   Peak load of each sample tested in cyclic loading apparatus (Actuator).
  
">
  </caption>
  <row row="0">
   <cell col-end="0" col-start="0" row-end="0" row-start="0" text="Sample">
   </cell>
   <cell col-end="1" col-start="1" row-end="0" row-start="0" text="Peak load(kN)">
   </cell>
  </row>
  <row row="1">
   <cell col-end="0" col-start="0" row-end="1" row-start="1" text="Control28">
   </cell>
   <cell col-end="1" col-start="1" row-end="1" row-start="1" text="11.01">
   </cell>
  </row>
  <row row="2">
   <cell col-end="0" col-start="0" row-end="2" row-start="2" text="20FAS28">
   </cell>
   <cell col-end="1" col-start="1" row-end="2" row-start="2" text="9.71">
   </cell>
  </row>
  <row row="3">
   <cell col-end="0" col-start="0" row-end="3" row-start="3" text="20FA28">
   </cell>
   <cell col-end="1" col-start="1" row-end="3" row-start="3" text="10.46">
   </cell>
  </row>
  <row row="4">
   <cell col-end="0" col-start="0" row-end="4" row-start="4" text="30FAS28">
   </cell>
   <cell col-end="1" col-start="1" row-end="4" row-start="4" text="10.55">
   </cell>
  </row>
  <row row="5">
   <cell col-end="0" col-start="0" row-end="5" row-start="5" text="30FA28">
   </cell>
   <cell col-end="1" col-start="1" row-end="5" row-start="5" text="8.83">
   </cell>
  </row>
  <statements>
   <statement id="0" text=", however, it becomes perceived that pinching thickness showing higher for 20FAS28 sample while comparing with a control28 as well as other samples." type="">
   </statement>
   <statement id="1" text="It may be due to the fatigue load becomes higher for 20FAS28 and lower for 30FA28 samples than the others." type="">
   </statement>
   <statement id="2" text="the highest value for sample 20FA28 is 50.46" type="">
   </statement>
   <statement id="7" text="There are six samples." type="">
   </statement>
  </statements>
 </table>
 <table id="Table 13">
  <caption text="

   Initial stiffness of each sample tested in Cyclic loading apparatus (Actuator).
  
">
  </caption>
  <row row="0">
   <cell col-end="0" col-start="0" row-end="0" row-start="0" text="Sample">
   </cell>
   <cell col-end="1" col-start="1" row-end="0" row-start="0" text="Initial displacement level (mm)">
   </cell>
  </row>
  <row row="1">
   <cell col-end="0" col-start="0" row-end="1" row-start="1" text="20FAS28">
   </cell>
   <cell col-end="1" col-start="1" row-end="1" row-start="1" text="37">
   </cell>
  </row>
  <row row="2">
   <cell col-end="0" col-start="0" row-end="2" row-start="2" text="20FA28">
   </cell>
   <cell col-end="1" col-start="1" row-end="2" row-start="2" text="32">
   </cell>
  </row>
  <row row="3">
   <cell col-end="0" col-start="0" row-end="3" row-start="3" text="30FAS28">
   </cell>
   <cell col-end="1" col-start="1" row-end="3" row-start="3" text="31">
   </cell>
  </row>
  <row row="4">
   <cell col-end="0" col-start="0" row-end="4" row-start="4" text="30FA28">
   </cell>
   <cell col-end="1" col-start="1" row-end="4" row-start="4" text="27">
   </cell>
  </row>
  <row row="5">
   <cell col-end="0" col-start="0" row-end="5" row-start="5" text="Control28">
   </cell>
   <cell col-end="1" col-start="1" row-end="5" row-start="5" text="32">
   </cell>
  </row>
  <statements>
   <statement id="3" text="30FA28 has a lowest value in Initial displacement level." type="">
   </statement>
   <statement id="4" text="30FA28 has no value in Initial displacement level ." type="">
   </statement>
   <statement id="6" text="Initial displacement level has a range between 27 to 37 ." type="">
   </statement>
  </statements>
 </table>
 <table id="Table 14">
  <caption text="

   Shows BI of each sample tested in Cyclic loading apparatus (Actuator).
  
">
  </caption>
  <row row="0">
   <cell col-end="0" col-start="0" row-end="0" row-start="0" text="Sample">
   </cell>
   <cell col-end="1" col-start="1" row-end="0" row-start="0" text="BI">
   </cell>
  </row>
  <row row="1">
   <cell col-end="0" col-start="0" row-end="1" row-start="1" text="Control28">
   </cell>
   <cell col-end="1" col-start="1" row-end="1" row-start="1" text="0.043">
   </cell>
  </row>
  <row row="2">
   <cell col-end="0" col-start="0" row-end="2" row-start="2" text="20FAS28">
   </cell>
   <cell col-end="1" col-start="1" row-end="2" row-start="2" text="0.042">
   </cell>
  </row>
  <row row="3">
   <cell col-end="0" col-start="0" row-end="3" row-start="3" text="20FA28">
   </cell>
   <cell col-end="1" col-start="1" row-end="3" row-start="3" text="0.056">
   </cell>
  </row>
  <row row="4">
   <cell col-end="0" col-start="0" row-end="4" row-start="4" text="30FAS28">
   </cell>
   <cell col-end="1" col-start="1" row-end="4" row-start="4" text="0.05">
   </cell>
  </row>
  <row row="5">
   <cell col-end="0" col-start="0" row-end="5" row-start="5" text="30FA28">
   </cell>
   <cell col-end="1" col-start="1" row-end="5" row-start="5" text="0.062">
   </cell>
  </row>
  <statements>
   <statement id="1" text="20FAS28 sample has got the least value of 0.042." type="">
   </statement>
   <statement id="2" text="20FAS28 sample has got the least value of 0.942." type="">
   </statement>
   <statement id="3" text="30FA28 sample has got highest value of BI 0.062." type="">
   </statement>
   <statement id="5" text="The BI value of 30FAS28 is 0.05" type="">
   </statement>
   <statement id="6" text="The BI value of 30FAS28 is 0.95" type="">
   </statement>
   <statement id="7" text="There are nine samples." type="">
   </statement>
   <statement id="8" text="There are two heads -Sample and BI in the given table ." type="">
   </statement>
   <statement id="9" text="There is only one head as Sample." type="">
   </statement>
  </statements>
 </table>
</document>