<document>
 <table id="Table 1">
  <caption text="

   Methods used for the [
   
    11
   
   C]CO
   
    2
   
   -reduction in published studies on
   
    11
   
   C‑carbonylations.
  
">
  </caption>
  <row row="0">
   <cell col-end="0" col-start="0" row-end="0" row-start="0" text="Reduction method">
   </cell>
   <cell col-end="1" col-start="1" row-end="0" row-start="0" text="Research articles (total 119)">
   </cell>
  </row>
  <row row="1">
   <cell col-end="0" col-start="0" row-end="1" row-start="1" text="Zn (400 °C)">
   </cell>
   <cell col-end="1" col-start="1" row-end="1" row-start="1" text="68">
   </cell>
  </row>
  <row row="2">
   <cell col-end="0" col-start="0" row-end="2" row-start="2" text="Mo (850 °C)">
   </cell>
   <cell col-end="1" col-start="1" row-end="2" row-start="2" text="38">
   </cell>
  </row>
  <row row="3">
   <cell col-end="0" col-start="0" row-end="3" row-start="3" text="Activated charcoal (800–900 °C)">
   </cell>
   <cell col-end="1" col-start="1" row-end="3" row-start="3" text="3">
   </cell>
  </row>
  <row row="4">
   <cell col-end="0" col-start="0" row-end="4" row-start="4" text="Organosilanes">
   </cell>
   <cell col-end="1" col-start="1" row-end="4" row-start="4" text="3">
   </cell>
  </row>
  <row row="5">
   <cell col-end="0" col-start="0" row-end="5" row-start="5" text="Zn + silica (485 °C)">
   </cell>
   <cell col-end="1" col-start="1" row-end="5" row-start="5" text="3">
   </cell>
  </row>
  <statements>
   <statement id="1" text="Activated charcoal (800900 C) Research article is 3." type="">
   </statement>
   <statement id="3" text="Target holders with relatively small volumes, operated under high target pressures, are typical for more recently developed systems and the oxygen content in the target gas has been increased to optimize recovery of [ 11 C]CO 2 ." type="">
   </statement>
   <statement id="5" text="The highest research articles is 68." type="">
   </statement>
   <statement id="7" text="They have ten kinds of Reduction method." type="">
   </statement>
   <statement id="8" text="Zn + silica (485 C) Research article is 38." type="">
   </statement>
   <statement id="9" text="Zn(400 C) Research article is 68." type="">
   </statement>
  </statements>
 </table>
</document>