<document>
 <table id="Table 1">
  <caption text="

   Parameters of excitatory interaction.
  
">
  </caption>
  <row row="0">
   <cell col-end="0" col-start="0" row-end="0" row-start="0" text="Parameter">
   </cell>
   <cell col-end="1" col-start="1" row-end="0" row-start="0" text="Value">
   </cell>
   <cell col-end="2" col-start="2" row-end="0" row-start="0" text="Annotation">
   </cell>
  </row>
  <row row="1">
   <cell col-end="0" col-start="0" row-end="1" row-start="1" text="n">
   </cell>
   <cell col-end="1" col-start="1" row-end="1" row-start="1" text="4096*2">
   </cell>
   <cell col-end="2" col-start="2" row-end="1" row-start="1" text="The number of pyramidal neurons in whole network">
   </cell>
  </row>
  <row row="2">
   <cell col-end="0" col-start="0" row-end="2" row-start="2" text="Cm">
   </cell>
   <cell col-end="1" col-start="1" row-end="2" row-start="2" text="0.5">
   </cell>
   <cell col-end="2" col-start="2" row-end="2" row-start="2" text="Membrane capacitance (nF)">
   </cell>
  </row>
  <row row="3">
   <cell col-end="0" col-start="0" row-end="3" row-start="3" text="g_L">
   </cell>
   <cell col-end="1" col-start="1" row-end="3" row-start="3" text="0.025">
   </cell>
   <cell col-end="2" col-start="2" row-end="3" row-start="3" text="Leak conductance (mS)">
   </cell>
  </row>
  <row row="4">
   <cell col-end="0" col-start="0" row-end="4" row-start="4" text="V_L">
   </cell>
   <cell col-end="1" col-start="1" row-end="4" row-start="4" text="−70">
   </cell>
   <cell col-end="2" col-start="2" row-end="4" row-start="4" text="Resting potential (mV)">
   </cell>
  </row>
  <row row="5">
   <cell col-end="0" col-start="0" row-end="5" row-start="5" text="Vm_thre">
   </cell>
   <cell col-end="1" col-start="1" row-end="5" row-start="5" text="−50">
   </cell>
   <cell col-end="2" col-start="2" row-end="5" row-start="5" text="Threshold potential (mV)">
   </cell>
  </row>
  <row row="6">
   <cell col-end="0" col-start="0" row-end="6" row-start="6" text="Vm_reset">
   </cell>
   <cell col-end="1" col-start="1" row-end="6" row-start="6" text="−60">
   </cell>
   <cell col-end="2" col-start="2" row-end="6" row-start="6" text="Reset potential after an action potential (mV)">
   </cell>
  </row>
  <row row="7">
   <cell col-end="0" col-start="0" row-end="7" row-start="7" text="τ">
   </cell>
   <cell col-end="1" col-start="1" row-end="7" row-start="7" text="2">
   </cell>
   <cell col-end="2" col-start="2" row-end="7" row-start="7" text="Refractory period (ms)">
   </cell>
  </row>
  <row row="8">
   <cell col-end="0" col-start="0" row-end="8" row-start="8" text="f_ext">
   </cell>
   <cell col-end="1" col-start="1" row-end="8" row-start="8" text="1">
   </cell>
   <cell col-end="2" col-start="2" row-end="8" row-start="8" text="Frequency of external Poisson noise (kHz)">
   </cell>
  </row>
  <row row="9">
   <cell col-end="0" col-start="0" row-end="9" row-start="9" text="g_ext">
   </cell>
   <cell col-end="1" col-start="1" row-end="9" row-start="9" text="0.00248">
   </cell>
   <cell col-end="2" col-start="2" row-end="9" row-start="9" text="Synaptic conductance of external Poisson noise (mS)">
   </cell>
  </row>
  <row row="10">
   <cell col-end="0" col-start="0" row-end="10" row-start="10" text="σ">
   </cell>
   <cell col-end="1" col-start="1" row-end="10" row-start="10" text="11.25">
   </cell>
   <cell col-end="2" col-start="2" row-end="10" row-start="10" text="Gaussian parameter of selective weight in TPN">
   </cell>
  </row>
  <row row="11">
   <cell col-end="0" col-start="0" row-end="11" row-start="11" text="J+">
   </cell>
   <cell col-end="1" col-start="1" row-end="11" row-start="11" text="3.62">
   </cell>
   <cell col-end="2" col-start="2" row-end="11" row-start="11" text="Gaussian parameter of selective weight in TPN">
   </cell>
  </row>
  <statements>
   <statement id="0" text=" and J+ Parameter both will use Gaussian parameter of selective weight in TPN Annotation." type="">
   </statement>
   <statement id="2" text="f_ext and T Parameter both will use Gaussian parameter of selective weight in TPN Annotation." type="">
   </statement>
   <statement id="4" text="Parameter n will have High value." type="">
   </statement>
   <statement id="9" text="Variables needed to adjust for different condition simulations are: the gaussian parameters determining the direction selective weight of pyramidal population in TPN (i.e.  and J + in Table 1 ), and the synaptic conductance (i.e. parameters with k5 in Table 6 )." type="">
   </statement>
  </statements>
 </table>
 <table id="Table 6">
  <caption text="

   Synaptic conductance (g) between pyramidal and interneuron population.
  
">
  </caption>
  <row row="0">
   <cell col-end="0" col-start="0" row-end="0" row-start="0" text="Neuronal signal transmission direction">
   </cell>
   <cell col-end="1" col-start="1" row-end="0" row-start="0" text="NMDA">
   </cell>
   <cell col-end="2" col-start="2" row-end="0" row-start="0" text="GABA">
   </cell>
  </row>
  <row row="1">
   <cell col-end="0" col-start="0" row-end="1" row-start="1" text="TPN pyramidal → TPN pyramidal">
   </cell>
   <cell col-end="1" col-start="1" row-end="1" row-start="1" text="0.0001905">
   </cell>
   <cell col-end="2" col-start="2" row-end="1" row-start="1" text="/">
   </cell>
  </row>
  <row row="2">
   <cell col-end="0" col-start="0" row-end="2" row-start="2" text="TPN pyramidal → TPN interneuron">
   </cell>
   <cell col-end="1" col-start="1" row-end="2" row-start="2" text="0.0001460">
   </cell>
   <cell col-end="2" col-start="2" row-end="2" row-start="2" text="/">
   </cell>
  </row>
  <row row="3">
   <cell col-end="0" col-start="0" row-end="3" row-start="3" text="TPN interneuron → TPN pyramidal">
   </cell>
   <cell col-end="1" col-start="1" row-end="3" row-start="3" text="/">
   </cell>
   <cell col-end="2" col-start="2" row-end="3" row-start="3" text="0.0006681">
   </cell>
  </row>
  <row row="4">
   <cell col-end="0" col-start="0" row-end="4" row-start="4" text="TPN interneuron → TPN interneuron">
   </cell>
   <cell col-end="1" col-start="1" row-end="4" row-start="4" text="/">
   </cell>
   <cell col-end="2" col-start="2" row-end="4" row-start="4" text="0.0005120">
   </cell>
  </row>
  <row row="5">
   <cell col-end="0" col-start="0" row-end="5" row-start="5" text="TNN pyramidal → TNN pyramidal">
   </cell>
   <cell col-end="1" col-start="1" row-end="5" row-start="5" text="0.0001905*4">
   </cell>
   <cell col-end="2" col-start="2" row-end="5" row-start="5" text="/">
   </cell>
  </row>
  <row row="6">
   <cell col-end="0" col-start="0" row-end="6" row-start="6" text="TNN pyramidal → TNN interneuron">
   </cell>
   <cell col-end="1" col-start="1" row-end="6" row-start="6" text="0.000146*4">
   </cell>
   <cell col-end="2" col-start="2" row-end="6" row-start="6" text="/">
   </cell>
  </row>
  <row row="7">
   <cell col-end="0" col-start="0" row-end="7" row-start="7" text="TNN interneuron → TNN pyramidal">
   </cell>
   <cell col-end="1" col-start="1" row-end="7" row-start="7" text="/">
   </cell>
   <cell col-end="2" col-start="2" row-end="7" row-start="7" text="0.0006681*1.5">
   </cell>
  </row>
  <row row="8">
   <cell col-end="0" col-start="0" row-end="8" row-start="8" text="TNN interneuron → TNN interneuron">
   </cell>
   <cell col-end="1" col-start="1" row-end="8" row-start="8" text="/">
   </cell>
   <cell col-end="2" col-start="2" row-end="8" row-start="8" text="0.000512*1.5">
   </cell>
  </row>
  <row row="9">
   <cell col-end="0" col-start="0" row-end="9" row-start="9" text="TPN pyramidal → TNN pyramidal">
   </cell>
   <cell col-end="1" col-start="1" row-end="9" row-start="9" text="k5/4096*0.001">
   </cell>
   <cell col-end="2" col-start="2" row-end="9" row-start="9" text="/">
   </cell>
  </row>
  <row row="10">
   <cell col-end="0" col-start="0" row-end="10" row-start="10" text="TPN pyramidal → TNN interneuron">
   </cell>
   <cell col-end="1" col-start="1" row-end="10" row-start="10" text="k5/4096*0.001">
   </cell>
   <cell col-end="2" col-start="2" row-end="10" row-start="10" text="/">
   </cell>
  </row>
  <row row="11">
   <cell col-end="0" col-start="0" row-end="11" row-start="11" text="TNN pyramidal → TPN pyramidal">
   </cell>
   <cell col-end="1" col-start="1" row-end="11" row-start="11" text="60/4096*0.001">
   </cell>
   <cell col-end="2" col-start="2" row-end="11" row-start="11" text="/">
   </cell>
  </row>
  <row row="12">
   <cell col-end="0" col-start="0" row-end="12" row-start="12" text="TNN pyramidal → TPN interneuron">
   </cell>
   <cell col-end="1" col-start="1" row-end="12" row-start="12" text="60/4096*0.001">
   </cell>
   <cell col-end="2" col-start="2" row-end="12" row-start="12" text="/">
   </cell>
  </row>
  <statements>
   <statement id="0" text="60/4096*0.001 NMDA is TNN pyramidal  TPN interneuron." type="">
   </statement>
   <statement id="1" text="60/4096*0.001 NMDA is TPN pyramidal  TPN interneuron." type="">
   </statement>
   <statement id="3" text="GABA 0.000512*1.5 is TNN interneuron  TNN interneuron." type="">
   </statement>
   <statement id="8" text="NMDA 0.000512*1.5 is TNN interneuron  TNN interneuron." type="">
   </statement>
   <statement id="10" text="TPN pyramidal  TNN pyramidal NMDA is k5/4096*0.001." type="">
   </statement>
  </statements>
 </table>
</document>