<document>
 <table id="Table 1">
  <caption text="

   Chemical composition of the substrate and the wire in weight percent.
  
">
  </caption>
  <row row="0">
   <cell col-end="0" col-start="0" row-end="0" row-start="0" text="">
   </cell>
   <cell col-end="1" col-start="1" row-end="0" row-start="0" text="Grade">
   </cell>
   <cell col-end="2" col-start="2" row-end="0" row-start="0" text="Al, wt%">
   </cell>
   <cell col-end="3" col-start="3" row-end="0" row-start="0" text="Cr, wt%">
   </cell>
   <cell col-end="4" col-start="4" row-end="0" row-start="0" text="Cu, wt%">
   </cell>
   <cell col-end="5" col-start="5" row-end="0" row-start="0" text="Fe, wt%">
   </cell>
   <cell col-end="6" col-start="6" row-end="0" row-start="0" text="Mg, wt%">
   </cell>
   <cell col-end="7" col-start="7" row-end="0" row-start="0" text="Mn, wt%">
   </cell>
   <cell col-end="8" col-start="8" row-end="0" row-start="0" text="Si, wt%">
   </cell>
   <cell col-end="9" col-start="9" row-end="0" row-start="0" text="Zn, wt%">
   </cell>
   <cell col-end="10" col-start="10" row-end="0" row-start="0" text="Ti, wt%">
   </cell>
   <cell col-end="11" col-start="11" row-end="0" row-start="0" text="Zr, wt%">
   </cell>
  </row>
  <row row="1">
   <cell col-end="0" col-start="0" row-end="1" row-start="1" text="Substrate">
   </cell>
   <cell col-end="1" col-start="1" row-end="1" row-start="1" text="5056">
   </cell>
   <cell col-end="2" col-start="2" row-end="1" row-start="1" text="92.9–95.4">
   </cell>
   <cell col-end="3" col-start="3" row-end="1" row-start="1" text="0.05–0.20">
   </cell>
   <cell col-end="4" col-start="4" row-end="1" row-start="1" text="≤ 0.10">
   </cell>
   <cell col-end="5" col-start="5" row-end="1" row-start="1" text="≤ 0.40">
   </cell>
   <cell col-end="6" col-start="6" row-end="1" row-start="1" text="4.5–5.6">
   </cell>
   <cell col-end="7" col-start="7" row-end="1" row-start="1" text="0.05–0.20">
   </cell>
   <cell col-end="8" col-start="8" row-end="1" row-start="1" text="≤ 0.30">
   </cell>
   <cell col-end="9" col-start="9" row-end="1" row-start="1" text="≤ 0.10">
   </cell>
   <cell col-end="10" col-start="10" row-end="1" row-start="1" text="≤ 0.05">
   </cell>
   <cell col-end="11" col-start="11" row-end="1" row-start="1" text="≤ 0.05">
   </cell>
  </row>
  <row row="2">
   <cell col-end="0" col-start="0" row-end="2" row-start="2" text="Wire">
   </cell>
   <cell col-end="1" col-start="1" row-end="2" row-start="2" text="OK Autrod 18.22 (ESAB)">
   </cell>
   <cell col-end="2" col-start="2" row-end="2" row-start="2" text="92.93">
   </cell>
   <cell col-end="3" col-start="3" row-end="2" row-start="2" text="–">
   </cell>
   <cell col-end="4" col-start="4" row-end="2" row-start="2" text="0.03">
   </cell>
   <cell col-end="5" col-start="5" row-end="2" row-start="2" text="–">
   </cell>
   <cell col-end="6" col-start="6" row-end="2" row-start="2" text="5.8">
   </cell>
   <cell col-end="7" col-start="7" row-end="2" row-start="2" text="0.8">
   </cell>
   <cell col-end="8" col-start="8" row-end="2" row-start="2" text="0.06">
   </cell>
   <cell col-end="9" col-start="9" row-end="2" row-start="2" text="–">
   </cell>
   <cell col-end="10" col-start="10" row-end="2" row-start="2" text="0.03">
   </cell>
   <cell col-end="11" col-start="11" row-end="2" row-start="2" text="0.1">
   </cell>
  </row>
  <statements>
   <statement id="2" text="Substrate Cr, wt% is 4.55.6 ." type="">
   </statement>
   <statement id="3" text="Substrate grade is 5056." type="">
   </statement>
   <statement id="4" text="The chemical compositions of the substrate and the wire are given in Table 1 ." type="">
   </statement>
   <statement id="7" text="They have two chemical composition i.e, Substrate and Wire." type="">
   </statement>
   <statement id="8" text="Wire Cu, wt% is 0.03." type="">
   </statement>
  </statements>
 </table>
 <table id="Table 2">
  <caption text="

   List of measured parameters.
  
">
  </caption>
  <row row="0">
   <cell col-end="0" col-start="0" row-end="0" row-start="0" text="Parameter">
   </cell>
   <cell col-end="1" col-start="1" row-end="0" row-start="0" text="Units">
   </cell>
   <cell col-end="2" col-start="2" row-end="0" row-start="0" text="Description">
   </cell>
  </row>
  <row row="1">
   <cell col-end="0" col-start="0" row-end="1" row-start="1" text="I
     
      SC max">
   </cell>
   <cell col-end="1" col-start="1" row-end="1" row-start="1" text="A">
   </cell>
   <cell col-end="2" col-start="2" row-end="1" row-start="1" text="Maximum current of a short circuit stage">
   </cell>
  </row>
  <row row="2">
   <cell col-end="0" col-start="0" row-end="2" row-start="2" text="I
     
      SC mean">
   </cell>
   <cell col-end="1" col-start="1" row-end="2" row-start="2" text="A">
   </cell>
   <cell col-end="2" col-start="2" row-end="2" row-start="2" text="Mean current of a short circuit stage">
   </cell>
  </row>
  <row row="3">
   <cell col-end="0" col-start="0" row-end="3" row-start="3" text="I
     
      arc mean">
   </cell>
   <cell col-end="1" col-start="1" row-end="3" row-start="3" text="A">
   </cell>
   <cell col-end="2" col-start="2" row-end="3" row-start="3" text="Mean current of an arcing stage">
   </cell>
  </row>
  <row row="4">
   <cell col-end="0" col-start="0" row-end="4" row-start="4" text="I
     
      cycle mean">
   </cell>
   <cell col-end="1" col-start="1" row-end="4" row-start="4" text="A">
   </cell>
   <cell col-end="2" col-start="2" row-end="4" row-start="4" text="Mean current of the cycle">
   </cell>
  </row>
  <row row="5">
   <cell col-end="0" col-start="0" row-end="5" row-start="5" text="E
     
      SC">
   </cell>
   <cell col-end="1" col-start="1" row-end="5" row-start="5" text="J">
   </cell>
   <cell col-end="2" col-start="2" row-end="5" row-start="5" text="Total energy of a short circuit stage">
   </cell>
  </row>
  <row row="6">
   <cell col-end="0" col-start="0" row-end="6" row-start="6" text="E
     
      arc">
   </cell>
   <cell col-end="1" col-start="1" row-end="6" row-start="6" text="J">
   </cell>
   <cell col-end="2" col-start="2" row-end="6" row-start="6" text="Total energy of an arcing stage">
   </cell>
  </row>
  <row row="7">
   <cell col-end="0" col-start="0" row-end="7" row-start="7" text="E
     
      SC
     
     / E
     
      arc">
   </cell>
   <cell col-end="1" col-start="1" row-end="7" row-start="7" text="–">
   </cell>
   <cell col-end="2" col-start="2" row-end="7" row-start="7" text="Ratio of short circuit energy to arcing energy">
   </cell>
  </row>
  <statements>
   <statement id="0" text="A C R H and J are the five Units given." type="">
   </statement>
   <statement id="1" text="A set of current and energy parameters was measured for each cycle ( Table 2 )." type="">
   </statement>
   <statement id="3" text="I SC max Parameter has Maximum current of a short circuit stage as Description." type="">
   </statement>
   <statement id="6" text="The measured parameters were stored in corresponding arrays." type="">
   </statement>
   <statement id="7" text="The table has been divided into 3 columns - Parameter , Units and Description." type="">
   </statement>
   <statement id="8" text="There are five different types of Parameter." type="">
   </statement>
   <statement id="9" text="There are seven different types of Parameter." type="">
   </statement>
  </statements>
 </table>
</document>