<document>
 <table id="Table 1">
  <caption text="

   miRNAs involved in CRC development.
  
">
  </caption>
  <row row="0">
   <cell col-end="0" col-start="0" row-end="0" row-start="0" text="miRNAs">
   </cell>
   <cell col-end="1" col-start="1" row-end="0" row-start="0" text="Targets">
   </cell>
   <cell col-end="2" col-start="2" row-end="0" row-start="0" text="Functions">
   </cell>
   <cell col-end="3" col-start="3" row-end="0" row-start="0" text="References">
   </cell>
  </row>
  <row row="1">
   <cell col-end="0" col-start="0" row-end="1" row-start="1" text="miR-21">
   </cell>
   <cell col-end="1" col-start="1" row-end="1" row-start="1" text="PDCD4">
   </cell>
   <cell col-end="2" col-start="2" row-end="1" row-start="1" text="Invasion and metastasis promotion">
   </cell>
   <cell col-end="3" col-start="3" row-end="1" row-start="1" text="[
     
      45
     
     ]">
   </cell>
  </row>
  <row row="2">
   <cell col-end="0" col-start="0" row-end="2" row-start="2" text="miR-194">
   </cell>
   <cell col-end="1" col-start="1" row-end="2" row-start="2" text="MAP4K4, AKT2">
   </cell>
   <cell col-end="2" col-start="2" row-end="2" row-start="2" text="Proliferation, apoptosis, invasion, migration, cell cycle">
   </cell>
   <cell col-end="3" col-start="3" row-end="2" row-start="2" text="[
     
      72
     
     ,
     
      73
     
     ]">
   </cell>
  </row>
  <row row="3">
   <cell col-end="0" col-start="0" row-end="3" row-start="3" text="miR-497">
   </cell>
   <cell col-end="1" col-start="1" row-end="3" row-start="3" text="VEGFA">
   </cell>
   <cell col-end="2" col-start="2" row-end="3" row-start="3" text="Inhibition of invasion and metastasis">
   </cell>
   <cell col-end="3" col-start="3" row-end="3" row-start="3" text="[
     
      74
     
     ]">
   </cell>
  </row>
  <row row="4">
   <cell col-end="0" col-start="0" row-end="4" row-start="4" text="miR-148b">
   </cell>
   <cell col-end="1" col-start="1" row-end="4" row-start="4" text="CCK2R">
   </cell>
   <cell col-end="2" col-start="2" row-end="4" row-start="4" text="Induction of cell proliferation">
   </cell>
   <cell col-end="3" col-start="3" row-end="4" row-start="4" text="[
     
      75
     
     ]">
   </cell>
  </row>
  <row row="5">
   <cell col-end="0" col-start="0" row-end="5" row-start="5" text="miR-409-3p">
   </cell>
   <cell col-end="1" col-start="1" row-end="5" row-start="5" text="GAB1">
   </cell>
   <cell col-end="2" col-start="2" row-end="5" row-start="5" text="Inhibition of tumor progression and metastasis">
   </cell>
   <cell col-end="3" col-start="3" row-end="5" row-start="5" text="[
     
      76
     
     ]">
   </cell>
  </row>
  <row row="6">
   <cell col-end="0" col-start="0" row-end="6" row-start="6" text="miR-92a">
   </cell>
   <cell col-end="1" col-start="1" row-end="6" row-start="6" text="KLF4">
   </cell>
   <cell col-end="2" col-start="2" row-end="6" row-start="6" text="Promotion of cell growth and migration">
   </cell>
   <cell col-end="3" col-start="3" row-end="6" row-start="6" text="[
     
      77
     
     ]">
   </cell>
  </row>
  <row row="7">
   <cell col-end="0" col-start="0" row-end="7" row-start="7" text="miR-100">
   </cell>
   <cell col-end="1" col-start="1" row-end="7" row-start="7" text="RAP1B">
   </cell>
   <cell col-end="2" col-start="2" row-end="7" row-start="7" text="Cell proliferation, invasion, apoptosis">
   </cell>
   <cell col-end="3" col-start="3" row-end="7" row-start="7" text="[
     
      78
     
     ]">
   </cell>
  </row>
  <row row="8">
   <cell col-end="0" col-start="0" row-end="8" row-start="8" text="miR-34a">
   </cell>
   <cell col-end="1" col-start="1" row-end="8" row-start="8" text="E2F1, SIRT1, FMNL2, E2F5, SNHG7">
   </cell>
   <cell col-end="2" col-start="2" row-end="8" row-start="8" text="Proliferation, invasiveness, metastasis, apoptosis,chemo-resistance">
   </cell>
   <cell col-end="3" col-start="3" row-end="8" row-start="8" text="[
     
      79–81
     
     ]">
   </cell>
  </row>
  <row row="9">
   <cell col-end="0" col-start="0" row-end="9" row-start="9" text="miR-638">
   </cell>
   <cell col-end="1" col-start="1" row-end="9" row-start="9" text="SOX2">
   </cell>
   <cell col-end="2" col-start="2" row-end="9" row-start="9" text="Cell invasion, migration, EMT">
   </cell>
   <cell col-end="3" col-start="3" row-end="9" row-start="9" text="[
     
      82
     
     ]">
   </cell>
  </row>
  <row row="10">
   <cell col-end="0" col-start="0" row-end="10" row-start="10" text="miR-320">
   </cell>
   <cell col-end="1" col-start="1" row-end="10" row-start="10" text="FOXO4 and PDCD4">
   </cell>
   <cell col-end="2" col-start="2" row-end="10" row-start="10" text="Inhibition of cell proliferation">
   </cell>
   <cell col-end="3" col-start="3" row-end="10" row-start="10" text="[
     
      83
     
     ]">
   </cell>
  </row>
  <row row="11">
   <cell col-end="0" col-start="0" row-end="11" row-start="11" text="miR-126">
   </cell>
   <cell col-end="1" col-start="1" row-end="11" row-start="11" text="PI3K, VCAM-1, CXCR4, VEGFA,IRS1, RhoA">
   </cell>
   <cell col-end="2" col-start="2" row-end="11" row-start="11" text="Proliferation, invasion, migration, cell cycle, angiogenesis, hematopoiesis">
   </cell>
   <cell col-end="3" col-start="3" row-end="11" row-start="11" text="[
     
      84
     
     ,
     
      85
     
     ]">
   </cell>
  </row>
  <row row="12">
   <cell col-end="0" col-start="0" row-end="12" row-start="12" text="Let-7c">
   </cell>
   <cell col-end="1" col-start="1" row-end="12" row-start="12" text="KRAS, MMP11 and PBX3">
   </cell>
   <cell col-end="2" col-start="2" row-end="12" row-start="12" text="Metastasis induction">
   </cell>
   <cell col-end="3" col-start="3" row-end="12" row-start="12" text="[
     
      86
     
     ]">
   </cell>
  </row>
  <row row="13">
   <cell col-end="0" col-start="0" row-end="13" row-start="13" text="miR-503">
   </cell>
   <cell col-end="1" col-start="1" row-end="13" row-start="13" text="calcium-sensing receptor">
   </cell>
   <cell col-end="2" col-start="2" row-end="13" row-start="13" text="Induction of proliferation migration and invasion">
   </cell>
   <cell col-end="3" col-start="3" row-end="13" row-start="13" text="[
     
      87
     
     ]">
   </cell>
  </row>
  <row row="14">
   <cell col-end="0" col-start="0" row-end="14" row-start="14" text="miR-206">
   </cell>
   <cell col-end="1" col-start="1" row-end="14" row-start="14" text="NOTCH3">
   </cell>
   <cell col-end="2" col-start="2" row-end="14" row-start="14" text="Cell proliferation, migration, apoptosis, cell cycle arrest">
   </cell>
   <cell col-end="3" col-start="3" row-end="14" row-start="14" text="[
     
      88
     
     ]">
   </cell>
  </row>
  <row row="15">
   <cell col-end="0" col-start="0" row-end="15" row-start="15" text="miR-375">
   </cell>
   <cell col-end="1" col-start="1" row-end="15" row-start="15" text="Bcl-2">
   </cell>
   <cell col-end="2" col-start="2" row-end="15" row-start="15" text="Inhibition of tumor progression">
   </cell>
   <cell col-end="3" col-start="3" row-end="15" row-start="15" text="[
     
      89
     
     ]">
   </cell>
  </row>
  <row row="16">
   <cell col-end="0" col-start="0" row-end="16" row-start="16" text="miR-18a">
   </cell>
   <cell col-end="1" col-start="1" row-end="16" row-start="16" text="K-Ras">
   </cell>
   <cell col-end="2" col-start="2" row-end="16" row-start="16" text="Cell proliferation, anchorage-independent growth">
   </cell>
   <cell col-end="3" col-start="3" row-end="16" row-start="16" text="[
     
      90
     
     ]">
   </cell>
  </row>
  <row row="17">
   <cell col-end="0" col-start="0" row-end="17" row-start="17" text="miR-133a">
   </cell>
   <cell col-end="1" col-start="1" row-end="17" row-start="17" text="FSCN1,LASP1">
   </cell>
   <cell col-end="2" col-start="2" row-end="17" row-start="17" text="Cell proliferation, invasion, migration, tumor growth, intrahepatic and pulmonary metastasis, phosphorylation of ERK/MEK">
   </cell>
   <cell col-end="3" col-start="3" row-end="17" row-start="17" text="[
     
      91
     
     ,
     
      92
     
     ]">
   </cell>
  </row>
  <row row="18">
   <cell col-end="0" col-start="0" row-end="18" row-start="18" text="miR-1246">
   </cell>
   <cell col-end="1" col-start="1" row-end="18" row-start="18" text="CCNG2">
   </cell>
   <cell col-end="2" col-start="2" row-end="18" row-start="18" text="Induction of cell growth and metastasis">
   </cell>
   <cell col-end="3" col-start="3" row-end="18" row-start="18" text="[
     
      93
     
     ]">
   </cell>
  </row>
  <row row="19">
   <cell col-end="0" col-start="0" row-end="19" row-start="19" text="MiR-330">
   </cell>
   <cell col-end="1" col-start="1" row-end="19" row-start="19" text="CDC42">
   </cell>
   <cell col-end="2" col-start="2" row-end="19" row-start="19" text="Proliferation">
   </cell>
   <cell col-end="3" col-start="3" row-end="19" row-start="19" text="[
     
      94
     
     ]">
   </cell>
  </row>
  <row row="20">
   <cell col-end="0" col-start="0" row-end="20" row-start="20" text="miR-320a">
   </cell>
   <cell col-end="1" col-start="1" row-end="20" row-start="20" text="β-catenin,Rac1">
   </cell>
   <cell col-end="2" col-start="2" row-end="20" row-start="20" text="Cell proliferation, migration, invasion, cell cycle arrest">
   </cell>
   <cell col-end="3" col-start="3" row-end="20" row-start="20" text="[
     
      95
     
     ]">
   </cell>
  </row>
  <row row="21">
   <cell col-end="0" col-start="0" row-end="21" row-start="21" text="miR-181b">
   </cell>
   <cell col-end="1" col-start="1" row-end="21" row-start="21" text="RASSF1A">
   </cell>
   <cell col-end="2" col-start="2" row-end="21" row-start="21" text="Proliferation and enhance cell survival">
   </cell>
   <cell col-end="3" col-start="3" row-end="21" row-start="21" text="[
     
      96
     
     ]">
   </cell>
  </row>
  <row row="22">
   <cell col-end="0" col-start="0" row-end="22" row-start="22" text="miR-124">
   </cell>
   <cell col-end="1" col-start="1" row-end="22" row-start="22" text="STAT3">
   </cell>
   <cell col-end="2" col-start="2" row-end="22" row-start="22" text="Cell proliferation, apoptosis, tumor growth, differentiation, prognosis">
   </cell>
   <cell col-end="3" col-start="3" row-end="22" row-start="22" text="[
     
      97
     
     ]">
   </cell>
  </row>
  <row row="23">
   <cell col-end="0" col-start="0" row-end="23" row-start="23" text="miR-144">
   </cell>
   <cell col-end="1" col-start="1" row-end="23" row-start="23" text="GSPT1">
   </cell>
   <cell col-end="2" col-start="2" row-end="23" row-start="23" text="Inhibition of proliferation and migration">
   </cell>
   <cell col-end="3" col-start="3" row-end="23" row-start="23" text="[
     
      98
     
     ]">
   </cell>
  </row>
  <row row="24">
   <cell col-end="0" col-start="0" row-end="24" row-start="24" text="miR-145">
   </cell>
   <cell col-end="1" col-start="1" row-end="24" row-start="24" text="Fascin-1">
   </cell>
   <cell col-end="2" col-start="2" row-end="24" row-start="24" text="Cell proliferation, invasion, tumor growth, pulmonary metastasis">
   </cell>
   <cell col-end="3" col-start="3" row-end="24" row-start="24" text="[
     
      99
     
     ]">
   </cell>
  </row>
  <row row="25">
   <cell col-end="0" col-start="0" row-end="25" row-start="25" text="miR-218">
   </cell>
   <cell col-end="1" col-start="1" row-end="25" row-start="25" text="BMI-1">
   </cell>
   <cell col-end="2" col-start="2" row-end="25" row-start="25" text="Cell proliferation, apoptosis, cell cycle arrest">
   </cell>
   <cell col-end="3" col-start="3" row-end="25" row-start="25" text="[
     
      100
     
     ]">
   </cell>
  </row>
  <row row="26">
   <cell col-end="0" col-start="0" row-end="26" row-start="26" text="miR-99b-5p">
   </cell>
   <cell col-end="1" col-start="1" row-end="26" row-start="26" text="mTOR">
   </cell>
   <cell col-end="2" col-start="2" row-end="26" row-start="26" text="Inhibition of metastasis formation">
   </cell>
   <cell col-end="3" col-start="3" row-end="26" row-start="26" text="[
     
      101
     
     ]">
   </cell>
  </row>
  <row row="27">
   <cell col-end="0" col-start="0" row-end="27" row-start="27" text="miR-429">
   </cell>
   <cell col-end="1" col-start="1" row-end="27" row-start="27" text="Onecut2">
   </cell>
   <cell col-end="2" col-start="2" row-end="27" row-start="27" text="Cell migration, invasion, EMT">
   </cell>
   <cell col-end="3" col-start="3" row-end="27" row-start="27" text="[
     
      102
     
     ]">
   </cell>
  </row>
  <row row="28">
   <cell col-end="0" col-start="0" row-end="28" row-start="28" text="miR-139">
   </cell>
   <cell col-end="1" col-start="1" row-end="28" row-start="28" text="IGF-IR,
     
     NOTCH1">
   </cell>
   <cell col-end="2" col-start="2" row-end="28" row-start="28" text="Cell proliferation, migration, invasion, apoptosis, tumor growth, cell cycle arrest">
   </cell>
   <cell col-end="3" col-start="3" row-end="28" row-start="28" text="[
     
      103
     
     ]">
   </cell>
  </row>
  <statements>
   <statement id="1" text="All the values are unique." type="">
   </statement>
   <statement id="3" text="RAP1B is having the function of Cell invasion, migration, EMT." type="">
   </statement>
  </statements>
 </table>
 <table id="Table 5">
  <caption text="

   miRNAs and their expression pattern in response to drugs in CRC.
  
">
  </caption>
  <row row="0">
   <cell col-end="0" col-start="0" row-end="0" row-start="0" text="miRNAs">
   </cell>
   <cell col-end="1" col-start="1" row-end="0" row-start="0" text="Treatment regimen">
   </cell>
   <cell col-end="2" col-start="2" row-end="0" row-start="0" text="Expression">
   </cell>
   <cell col-end="3" col-start="3" row-end="0" row-start="0" text="Ref.">
   </cell>
  </row>
  <row row="1">
   <cell col-end="0" col-start="0" row-end="1" row-start="1" text="miR-21">
   </cell>
   <cell col-end="1" col-start="1" row-end="1" row-start="1" text="5-FU">
   </cell>
   <cell col-end="2" col-start="2" row-end="1" row-start="1" text="High">
   </cell>
   <cell col-end="3" col-start="3" row-end="1" row-start="1" text="[
     
      46
     
     ]">
   </cell>
  </row>
  <row row="2">
   <cell col-end="0" col-start="0" row-end="2" row-start="2" text="miR-214">
   </cell>
   <cell col-end="1" col-start="1" row-end="2" row-start="2" text="5-Fu">
   </cell>
   <cell col-end="2" col-start="2" row-end="2" row-start="2" text="Low">
   </cell>
   <cell col-end="3" col-start="3" row-end="2" row-start="2" text="[
     
      148
     
     ]">
   </cell>
  </row>
  <row row="3">
   <cell col-end="0" col-start="0" row-end="3" row-start="3" text="miR-143">
   </cell>
   <cell col-end="1" col-start="1" row-end="3" row-start="3" text="Oxaliplatin">
   </cell>
   <cell col-end="2" col-start="2" row-end="3" row-start="3" text="Low">
   </cell>
   <cell col-end="3" col-start="3" row-end="3" row-start="3" text="[
     
      149
     
     ]">
   </cell>
  </row>
  <row row="4">
   <cell col-end="0" col-start="0" row-end="4" row-start="4" text="miR-126">
   </cell>
   <cell col-end="1" col-start="1" row-end="4" row-start="4" text="oxaliplatin">
   </cell>
   <cell col-end="2" col-start="2" row-end="4" row-start="4" text="Low">
   </cell>
   <cell col-end="3" col-start="3" row-end="4" row-start="4" text="[
     
      150
     
     ]">
   </cell>
  </row>
  <row row="5">
   <cell col-end="0" col-start="0" row-end="5" row-start="5" text="miR-10b">
   </cell>
   <cell col-end="1" col-start="1" row-end="5" row-start="5" text="5-Fu">
   </cell>
   <cell col-end="2" col-start="2" row-end="5" row-start="5" text="High">
   </cell>
   <cell col-end="3" col-start="3" row-end="5" row-start="5" text="[
     
      151
     
     ]">
   </cell>
  </row>
  <row row="6">
   <cell col-end="0" col-start="0" row-end="6" row-start="6" text="miR-519c">
   </cell>
   <cell col-end="1" col-start="1" row-end="6" row-start="6" text="5-FU">
   </cell>
   <cell col-end="2" col-start="2" row-end="6" row-start="6" text="Low">
   </cell>
   <cell col-end="3" col-start="3" row-end="6" row-start="6" text="[
     
      152
     
     ]">
   </cell>
  </row>
  <row row="7">
   <cell col-end="0" col-start="0" row-end="7" row-start="7" text="miR-129">
   </cell>
   <cell col-end="1" col-start="1" row-end="7" row-start="7" text="5-Fu">
   </cell>
   <cell col-end="2" col-start="2" row-end="7" row-start="7" text="High">
   </cell>
   <cell col-end="3" col-start="3" row-end="7" row-start="7" text="[
     
      153
     
     ]">
   </cell>
  </row>
  <row row="8">
   <cell col-end="0" col-start="0" row-end="8" row-start="8" text="miR-625-3p">
   </cell>
   <cell col-end="1" col-start="1" row-end="8" row-start="8" text="oxaliplatin">
   </cell>
   <cell col-end="2" col-start="2" row-end="8" row-start="8" text="High">
   </cell>
   <cell col-end="3" col-start="3" row-end="8" row-start="8" text="[
     
      154
     
     ]">
   </cell>
  </row>
  <row row="9">
   <cell col-end="0" col-start="0" row-end="9" row-start="9" text="miR-148a">
   </cell>
   <cell col-end="1" col-start="1" row-end="9" row-start="9" text="5-FU">
   </cell>
   <cell col-end="2" col-start="2" row-end="9" row-start="9" text="Low">
   </cell>
   <cell col-end="3" col-start="3" row-end="9" row-start="9" text="[
     
      155
     
     ]">
   </cell>
  </row>
  <row row="10">
   <cell col-end="0" col-start="0" row-end="10" row-start="10" text="miR-106a, miR-130b, miR-484">
   </cell>
   <cell col-end="1" col-start="1" row-end="10" row-start="10" text="5-FU, oxaliplatin">
   </cell>
   <cell col-end="2" col-start="2" row-end="10" row-start="10" text="High">
   </cell>
   <cell col-end="3" col-start="3" row-end="10" row-start="10" text="[
     
      156
     
     ]">
   </cell>
  </row>
  <row row="11">
   <cell col-end="0" col-start="0" row-end="11" row-start="11" text="miR-143">
   </cell>
   <cell col-end="1" col-start="1" row-end="11" row-start="11" text="Oxaliplatin">
   </cell>
   <cell col-end="2" col-start="2" row-end="11" row-start="11" text="Low">
   </cell>
   <cell col-end="3" col-start="3" row-end="11" row-start="11" text="[
     
      157
     
     ]">
   </cell>
  </row>
  <row row="12">
   <cell col-end="0" col-start="0" row-end="12" row-start="12" text="miR-215, miR-190b, miR-29b-2">
   </cell>
   <cell col-end="1" col-start="1" row-end="12" row-start="12" text="5-FU">
   </cell>
   <cell col-end="2" col-start="2" row-end="12" row-start="12" text="High">
   </cell>
   <cell col-end="3" col-start="3" row-end="12" row-start="12" text="[
     
      158
     
     ]">
   </cell>
  </row>
  <row row="13">
   <cell col-end="0" col-start="0" row-end="13" row-start="13" text="miR-625-3p">
   </cell>
   <cell col-end="1" col-start="1" row-end="13" row-start="13" text="Oxaliplatin">
   </cell>
   <cell col-end="2" col-start="2" row-end="13" row-start="13" text="High">
   </cell>
   <cell col-end="3" col-start="3" row-end="13" row-start="13" text="[
     
      154
     
     ]">
   </cell>
  </row>
  <row row="14">
   <cell col-end="0" col-start="0" row-end="14" row-start="14" text="miR-320e">
   </cell>
   <cell col-end="1" col-start="1" row-end="14" row-start="14" text="5-FU, oxaliplatin">
   </cell>
   <cell col-end="2" col-start="2" row-end="14" row-start="14" text="High">
   </cell>
   <cell col-end="3" col-start="3" row-end="14" row-start="14" text="[
     
      159
     
     ]">
   </cell>
  </row>
  <row row="15">
   <cell col-end="0" col-start="0" row-end="15" row-start="15" text="miR-150">
   </cell>
   <cell col-end="1" col-start="1" row-end="15" row-start="15" text="5-FU">
   </cell>
   <cell col-end="2" col-start="2" row-end="15" row-start="15" text="Low">
   </cell>
   <cell col-end="3" col-start="3" row-end="15" row-start="15" text="[
     
      68
     
     ]">
   </cell>
  </row>
  <row row="16">
   <cell col-end="0" col-start="0" row-end="16" row-start="16" text="miR-143">
   </cell>
   <cell col-end="1" col-start="1" row-end="16" row-start="16" text="5-Fu">
   </cell>
   <cell col-end="2" col-start="2" row-end="16" row-start="16" text="Low">
   </cell>
   <cell col-end="3" col-start="3" row-end="16" row-start="16" text="[
     
      160
     
     ]">
   </cell>
  </row>
  <row row="17">
   <cell col-end="0" col-start="0" row-end="17" row-start="17" text="miR-203">
   </cell>
   <cell col-end="1" col-start="1" row-end="17" row-start="17" text="Oxaliplatin">
   </cell>
   <cell col-end="2" col-start="2" row-end="17" row-start="17" text="High">
   </cell>
   <cell col-end="3" col-start="3" row-end="17" row-start="17" text="[
     
      161
     
     ]">
   </cell>
  </row>
  <row row="18">
   <cell col-end="0" col-start="0" row-end="18" row-start="18" text="miR-494">
   </cell>
   <cell col-end="1" col-start="1" row-end="18" row-start="18" text="5-Fu">
   </cell>
   <cell col-end="2" col-start="2" row-end="18" row-start="18" text="Low">
   </cell>
   <cell col-end="3" col-start="3" row-end="18" row-start="18" text="[
     
      68
     
     ]">
   </cell>
  </row>
  <row row="19">
   <cell col-end="0" col-start="0" row-end="19" row-start="19" text="miR-1914">
   </cell>
   <cell col-end="1" col-start="1" row-end="19" row-start="19" text="oxaliplatin">
   </cell>
   <cell col-end="2" col-start="2" row-end="19" row-start="19" text="Low">
   </cell>
   <cell col-end="3" col-start="3" row-end="19" row-start="19" text="[
     
      162
     
     ]">
   </cell>
  </row>
  <row row="20">
   <cell col-end="0" col-start="0" row-end="20" row-start="20" text="miR-34a">
   </cell>
   <cell col-end="1" col-start="1" row-end="20" row-start="20" text="5-Fu">
   </cell>
   <cell col-end="2" col-start="2" row-end="20" row-start="20" text="Low">
   </cell>
   <cell col-end="3" col-start="3" row-end="20" row-start="20" text="[
     
      69
     
     ]">
   </cell>
  </row>
  <statements>
   <statement id="1" text="miR-126 has oxaliplatin as Treatment regimen ." type="">
   </statement>
   <statement id="2" text="miR-203 has High Expression." type="">
   </statement>
   <statement id="3" text="miR-21 has 15-FU as Treatment regimen." type="">
   </statement>
  </statements>
 </table>
</document>