<document>
 <table id="Table 2">
  <caption text="

   Statistics descriptive for the full sample (1029 observations).
  
">
  </caption>
  <row row="0">
   <cell col-end="0" col-start="0" row-end="0" row-start="0" text="Variable">
   </cell>
   <cell col-end="1" col-start="1" row-end="0" row-start="0" text="Mean">
   </cell>
   <cell col-end="2" col-start="2" row-end="0" row-start="0" text="Median">
   </cell>
   <cell col-end="3" col-start="3" row-end="0" row-start="0" text="STD">
   </cell>
   <cell col-end="4" col-start="4" row-end="0" row-start="0" text="Min">
   </cell>
   <cell col-end="5" col-start="5" row-end="0" row-start="0" text="Max">
   </cell>
   <cell col-end="6" col-start="6" row-end="0" row-start="0" text="25 Percentile">
   </cell>
   <cell col-end="7" col-start="7" row-end="0" row-start="0" text="75 Percentile">
   </cell>
  </row>
  <row row="1">
   <cell col-end="0" col-start="0" row-end="1" row-start="1" text="CGQ">
   </cell>
   <cell col-end="1" col-start="1" row-end="1" row-start="1" text="3.71">
   </cell>
   <cell col-end="2" col-start="2" row-end="1" row-start="1" text="4.00">
   </cell>
   <cell col-end="3" col-start="3" row-end="1" row-start="1" text="1.65">
   </cell>
   <cell col-end="4" col-start="4" row-end="1" row-start="1" text="0.00">
   </cell>
   <cell col-end="5" col-start="5" row-end="1" row-start="1" text="7.00">
   </cell>
   <cell col-end="6" col-start="6" row-end="1" row-start="1" text="3.00">
   </cell>
   <cell col-end="7" col-start="7" row-end="1" row-start="1" text="5.00">
   </cell>
  </row>
  <row row="2">
   <cell col-end="0" col-start="0" row-end="2" row-start="2" text="BQ">
   </cell>
   <cell col-end="1" col-start="1" row-end="2" row-start="2" text="1.91">
   </cell>
   <cell col-end="2" col-start="2" row-end="2" row-start="2" text="2.00">
   </cell>
   <cell col-end="3" col-start="3" row-end="2" row-start="2" text="0.91">
   </cell>
   <cell col-end="4" col-start="4" row-end="2" row-start="2" text="0.00">
   </cell>
   <cell col-end="5" col-start="5" row-end="2" row-start="2" text="4.00">
   </cell>
   <cell col-end="6" col-start="6" row-end="2" row-start="2" text="1.00">
   </cell>
   <cell col-end="7" col-start="7" row-end="2" row-start="2" text="3.00">
   </cell>
  </row>
  <row row="3">
   <cell col-end="0" col-start="0" row-end="3" row-start="3" text="ACQ">
   </cell>
   <cell col-end="1" col-start="1" row-end="3" row-start="3" text="1.80">
   </cell>
   <cell col-end="2" col-start="2" row-end="3" row-start="3" text="2.00">
   </cell>
   <cell col-end="3" col-start="3" row-end="3" row-start="3" text="0.98">
   </cell>
   <cell col-end="4" col-start="4" row-end="3" row-start="3" text="0.00">
   </cell>
   <cell col-end="5" col-start="5" row-end="3" row-start="3" text="4.00">
   </cell>
   <cell col-end="6" col-start="6" row-end="3" row-start="3" text="1.00">
   </cell>
   <cell col-end="7" col-start="7" row-end="3" row-start="3" text="2.00">
   </cell>
  </row>
  <row row="4">
   <cell col-end="0" col-start="0" row-end="4" row-start="4" text="BIND">
   </cell>
   <cell col-end="1" col-start="1" row-end="4" row-start="4" text="0.80">
   </cell>
   <cell col-end="2" col-start="2" row-end="4" row-start="4" text="0.86">
   </cell>
   <cell col-end="3" col-start="3" row-end="4" row-start="4" text="0.24">
   </cell>
   <cell col-end="4" col-start="4" row-end="4" row-start="4" text="0.00">
   </cell>
   <cell col-end="5" col-start="5" row-end="4" row-start="4" text="1.00">
   </cell>
   <cell col-end="6" col-start="6" row-end="4" row-start="4" text="0.67">
   </cell>
   <cell col-end="7" col-start="7" row-end="4" row-start="4" text="1.00">
   </cell>
  </row>
  <row row="5">
   <cell col-end="0" col-start="0" row-end="5" row-start="5" text="BEXP">
   </cell>
   <cell col-end="1" col-start="1" row-end="5" row-start="5" text="0.33">
   </cell>
   <cell col-end="2" col-start="2" row-end="5" row-start="5" text="0.30">
   </cell>
   <cell col-end="3" col-start="3" row-end="5" row-start="5" text="0.27">
   </cell>
   <cell col-end="4" col-start="4" row-end="5" row-start="5" text="0.00">
   </cell>
   <cell col-end="5" col-start="5" row-end="5" row-start="5" text="1.00">
   </cell>
   <cell col-end="6" col-start="6" row-end="5" row-start="5" text="0.13">
   </cell>
   <cell col-end="7" col-start="7" row-end="5" row-start="5" text="0.50">
   </cell>
  </row>
  <row row="6">
   <cell col-end="0" col-start="0" row-end="6" row-start="6" text="BSZ">
   </cell>
   <cell col-end="1" col-start="1" row-end="6" row-start="6" text="7.05">
   </cell>
   <cell col-end="2" col-start="2" row-end="6" row-start="6" text="7.00">
   </cell>
   <cell col-end="3" col-start="3" row-end="6" row-start="6" text="1.59">
   </cell>
   <cell col-end="4" col-start="4" row-end="6" row-start="6" text="3.00">
   </cell>
   <cell col-end="5" col-start="5" row-end="6" row-start="6" text="13.00">
   </cell>
   <cell col-end="6" col-start="6" row-end="6" row-start="6" text="6.00">
   </cell>
   <cell col-end="7" col-start="7" row-end="6" row-start="6" text="8.00">
   </cell>
  </row>
  <row row="7">
   <cell col-end="0" col-start="0" row-end="7" row-start="7" text="BMT">
   </cell>
   <cell col-end="1" col-start="1" row-end="7" row-start="7" text="5.68">
   </cell>
   <cell col-end="2" col-start="2" row-end="7" row-start="7" text="5.00">
   </cell>
   <cell col-end="3" col-start="3" row-end="7" row-start="7" text="1.95">
   </cell>
   <cell col-end="4" col-start="4" row-end="7" row-start="7" text="0.00">
   </cell>
   <cell col-end="5" col-start="5" row-end="7" row-start="7" text="17.00">
   </cell>
   <cell col-end="6" col-start="6" row-end="7" row-start="7" text="5.00">
   </cell>
   <cell col-end="7" col-start="7" row-end="7" row-start="7" text="6.00">
   </cell>
  </row>
  <row row="8">
   <cell col-end="0" col-start="0" row-end="8" row-start="8" text="ACIND">
   </cell>
   <cell col-end="1" col-start="1" row-end="8" row-start="8" text="0.88">
   </cell>
   <cell col-end="2" col-start="2" row-end="8" row-start="8" text="1.00">
   </cell>
   <cell col-end="3" col-start="3" row-end="8" row-start="8" text="0.23">
   </cell>
   <cell col-end="4" col-start="4" row-end="8" row-start="8" text="0.00">
   </cell>
   <cell col-end="5" col-start="5" row-end="8" row-start="8" text="1.00">
   </cell>
   <cell col-end="6" col-start="6" row-end="8" row-start="8" text="0.75">
   </cell>
   <cell col-end="7" col-start="7" row-end="8" row-start="8" text="1.00">
   </cell>
  </row>
  <row row="9">
   <cell col-end="0" col-start="0" row-end="9" row-start="9" text="ACACEXP">
   </cell>
   <cell col-end="1" col-start="1" row-end="9" row-start="9" text="0.22">
   </cell>
   <cell col-end="2" col-start="2" row-end="9" row-start="9" text="0.25">
   </cell>
   <cell col-end="3" col-start="3" row-end="9" row-start="9" text="0.23">
   </cell>
   <cell col-end="4" col-start="4" row-end="9" row-start="9" text="0.00">
   </cell>
   <cell col-end="5" col-start="5" row-end="9" row-start="9" text="1.00">
   </cell>
   <cell col-end="6" col-start="6" row-end="9" row-start="9" text="0.00">
   </cell>
   <cell col-end="7" col-start="7" row-end="9" row-start="9" text="0.33">
   </cell>
  </row>
  <row row="10">
   <cell col-end="0" col-start="0" row-end="10" row-start="10" text="ACSZ">
   </cell>
   <cell col-end="1" col-start="1" row-end="10" row-start="10" text="3.34">
   </cell>
   <cell col-end="2" col-start="2" row-end="10" row-start="10" text="3.00">
   </cell>
   <cell col-end="3" col-start="3" row-end="10" row-start="10" text="0.68">
   </cell>
   <cell col-end="4" col-start="4" row-end="10" row-start="10" text="0.00">
   </cell>
   <cell col-end="5" col-start="5" row-end="10" row-start="10" text="6.00">
   </cell>
   <cell col-end="6" col-start="6" row-end="10" row-start="10" text="3.00">
   </cell>
   <cell col-end="7" col-start="7" row-end="10" row-start="10" text="4.00">
   </cell>
  </row>
  <row row="11">
   <cell col-end="0" col-start="0" row-end="11" row-start="11" text="ACMT">
   </cell>
   <cell col-end="1" col-start="1" row-end="11" row-start="11" text="4.77">
   </cell>
   <cell col-end="2" col-start="2" row-end="11" row-start="11" text="5.00">
   </cell>
   <cell col-end="3" col-start="3" row-end="11" row-start="11" text="1.47">
   </cell>
   <cell col-end="4" col-start="4" row-end="11" row-start="11" text="0.00">
   </cell>
   <cell col-end="5" col-start="5" row-end="11" row-start="11" text="11.00">
   </cell>
   <cell col-end="6" col-start="6" row-end="11" row-start="11" text="4.00">
   </cell>
   <cell col-end="7" col-start="7" row-end="11" row-start="11" text="5.00">
   </cell>
  </row>
  <statements>
   <statement id="0" text="ACACEXP will have 0 for 25 Percentile." type="">
   </statement>
   <statement id="3" text="Mean value ranges from 0.22 to 7.05." type="">
   </statement>
  </statements>
 </table>
</document>