<document>
 <table id="Table 1">
  <caption text="

   Peptide match of ARIP- A.
  
">
  </caption>
  <row row="0">
   <cell col-end="0" col-start="0" row-end="0" row-start="0" text="S. No">
   </cell>
   <cell col-end="1" col-start="1" row-end="0" row-start="0" text="Plant description">
   </cell>
   <cell col-end="2" col-start="2" row-end="0" row-start="0" text="Match Coverage (%)">
   </cell>
   <cell col-end="3" col-start="3" row-end="0" row-start="0" text="Total Coverage (%)">
   </cell>
   <cell col-end="4" col-start="4" row-end="0" row-start="0" text="RIP activity reported">
   </cell>
   <cell col-end="5" col-start="5" row-end="0" row-start="0" text="RIP gene identified">
   </cell>
   <cell col-end="6" col-start="6" row-end="0" row-start="0" text="Type of RIP">
   </cell>
   <cell col-end="7" col-start="7" row-end="0" row-start="0" text="References">
   </cell>
  </row>
  <row row="1">
   <cell col-end="0" col-start="0" row-end="1" row-start="1" text="1">
   </cell>
   <cell col-end="1" col-start="1" row-end="1" row-start="1" text="Populus trichocarpa">
   </cell>
   <cell col-end="2" col-start="2" row-end="1" row-start="1" text="2 + 3 + 3 + 5">
   </cell>
   <cell col-end="3" col-start="3" row-end="1" row-start="1" text="13">
   </cell>
   <cell col-end="4" col-start="4" row-end="1" row-start="1" text="Yes">
   </cell>
   <cell col-end="5" col-start="5" row-end="1" row-start="1" text="Yes">
   </cell>
   <cell col-end="6" col-start="6" row-end="1" row-start="1" text="Type 2 (B domain only)">
   </cell>
   <cell col-end="7" col-start="7" row-end="1" row-start="1" text="Peumans and Vandamme (2010)">
   </cell>
  </row>
  <row row="2">
   <cell col-end="0" col-start="0" row-end="2" row-start="2" text="2">
   </cell>
   <cell col-end="1" col-start="1" row-end="2" row-start="2" text="Brachypodiumdistachyon">
   </cell>
   <cell col-end="2" col-start="2" row-end="2" row-start="2" text="1">
   </cell>
   <cell col-end="3" col-start="3" row-end="2" row-start="2" text="1">
   </cell>
   <cell col-end="4" col-start="4" row-end="2" row-start="2" text="Yes">
   </cell>
   <cell col-end="5" col-start="5" row-end="2" row-start="2" text="Yes">
   </cell>
   <cell col-end="6" col-start="6" row-end="2" row-start="2" text="Type 3">
   </cell>
   <cell col-end="7" col-start="7" row-end="2" row-start="2" text="Peumans and Vandamme (2010)">
   </cell>
  </row>
  <row row="3">
   <cell col-end="0" col-start="0" row-end="3" row-start="3" text="3">
   </cell>
   <cell col-end="1" col-start="1" row-end="3" row-start="3" text="Morusnatabilis">
   </cell>
   <cell col-end="2" col-start="2" row-end="3" row-start="3" text="2">
   </cell>
   <cell col-end="3" col-start="3" row-end="3" row-start="3" text="2">
   </cell>
   <cell col-end="4" col-start="4" row-end="3" row-start="3" text="No">
   </cell>
   <cell col-end="5" col-start="5" row-end="3" row-start="3" text="No">
   </cell>
   <cell col-end="6" col-start="6" row-end="3" row-start="3" text="–">
   </cell>
   <cell col-end="7" col-start="7" row-end="3" row-start="3" text="–">
   </cell>
  </row>
  <row row="4">
   <cell col-end="0" col-start="0" row-end="4" row-start="4" text="4">
   </cell>
   <cell col-end="1" col-start="1" row-end="4" row-start="4" text="Solanum lycopersicum">
   </cell>
   <cell col-end="2" col-start="2" row-end="4" row-start="4" text="4">
   </cell>
   <cell col-end="3" col-start="3" row-end="4" row-start="4" text="4">
   </cell>
   <cell col-end="4" col-start="4" row-end="4" row-start="4" text="Yes">
   </cell>
   <cell col-end="5" col-start="5" row-end="4" row-start="4" text="No">
   </cell>
   <cell col-end="6" col-start="6" row-end="4" row-start="4" text="–">
   </cell>
   <cell col-end="7" col-start="7" row-end="4" row-start="4" text="Barbieri et al. (2006)">
   </cell>
  </row>
  <row row="5">
   <cell col-end="0" col-start="0" row-end="5" row-start="5" text="5">
   </cell>
   <cell col-end="1" col-start="1" row-end="5" row-start="5" text="Arabidopsis thaliana">
   </cell>
   <cell col-end="2" col-start="2" row-end="5" row-start="5" text="2 + 2">
   </cell>
   <cell col-end="3" col-start="3" row-end="5" row-start="5" text="4">
   </cell>
   <cell col-end="4" col-start="4" row-end="5" row-start="5" text="Yes">
   </cell>
   <cell col-end="5" col-start="5" row-end="5" row-start="5" text="No">
   </cell>
   <cell col-end="6" col-start="6" row-end="5" row-start="5" text="–">
   </cell>
   <cell col-end="7" col-start="7" row-end="5" row-start="5" text="Pena et al. (2008)">
   </cell>
  </row>
  <row row="6">
   <cell col-end="0" col-start="0" row-end="6" row-start="6" text="6">
   </cell>
   <cell col-end="1" col-start="1" row-end="6" row-start="6" text="Arabidopsis lyrata sub
     
     sp.">
   </cell>
   <cell col-end="2" col-start="2" row-end="6" row-start="6" text="2">
   </cell>
   <cell col-end="3" col-start="3" row-end="6" row-start="6" text="2">
   </cell>
   <cell col-end="4" col-start="4" row-end="6" row-start="6" text="Yes">
   </cell>
   <cell col-end="5" col-start="5" row-end="6" row-start="6" text="No">
   </cell>
   <cell col-end="6" col-start="6" row-end="6" row-start="6" text="–">
   </cell>
   <cell col-end="7" col-start="7" row-end="6" row-start="6" text="–">
   </cell>
  </row>
  <row row="7">
   <cell col-end="0" col-start="0" row-end="7" row-start="7" text="7">
   </cell>
   <cell col-end="1" col-start="1" row-end="7" row-start="7" text="Canavalia ensiformis">
   </cell>
   <cell col-end="2" col-start="2" row-end="7" row-start="7" text="4">
   </cell>
   <cell col-end="3" col-start="3" row-end="7" row-start="7" text="4">
   </cell>
   <cell col-end="4" col-start="4" row-end="7" row-start="7" text="Yes">
   </cell>
   <cell col-end="5" col-start="5" row-end="7" row-start="7" text="No">
   </cell>
   <cell col-end="6" col-start="6" row-end="7" row-start="7" text="–">
   </cell>
   <cell col-end="7" col-start="7" row-end="7" row-start="7" text="Carlini and Guimarães (1991)">
   </cell>
  </row>
  <row row="8">
   <cell col-end="0" col-start="0" row-end="8" row-start="8" text="8">
   </cell>
   <cell col-end="1" col-start="1" row-end="8" row-start="8" text="Amborella trichopoda">
   </cell>
   <cell col-end="2" col-start="2" row-end="8" row-start="8" text="15">
   </cell>
   <cell col-end="3" col-start="3" row-end="8" row-start="8" text="15">
   </cell>
   <cell col-end="4" col-start="4" row-end="8" row-start="8" text="No">
   </cell>
   <cell col-end="5" col-start="5" row-end="8" row-start="8" text="No">
   </cell>
   <cell col-end="6" col-start="6" row-end="8" row-start="8" text="–">
   </cell>
   <cell col-end="7" col-start="7" row-end="8" row-start="8" text="–">
   </cell>
  </row>
  <row row="9">
   <cell col-end="0" col-start="0" row-end="9" row-start="9" text="9">
   </cell>
   <cell col-end="1" col-start="1" row-end="9" row-start="9" text="Mimulus guttatus">
   </cell>
   <cell col-end="2" col-start="2" row-end="9" row-start="9" text="2">
   </cell>
   <cell col-end="3" col-start="3" row-end="9" row-start="9" text="2">
   </cell>
   <cell col-end="4" col-start="4" row-end="9" row-start="9" text="No">
   </cell>
   <cell col-end="5" col-start="5" row-end="9" row-start="9" text="No">
   </cell>
   <cell col-end="6" col-start="6" row-end="9" row-start="9" text="–">
   </cell>
   <cell col-end="7" col-start="7" row-end="9" row-start="9" text="–">
   </cell>
  </row>
  <row row="10">
   <cell col-end="0" col-start="0" row-end="10" row-start="10" text="10">
   </cell>
   <cell col-end="1" col-start="1" row-end="10" row-start="10" text="Triticum urartu">
   </cell>
   <cell col-end="2" col-start="2" row-end="10" row-start="10" text="5">
   </cell>
   <cell col-end="3" col-start="3" row-end="10" row-start="10" text="5">
   </cell>
   <cell col-end="4" col-start="4" row-end="10" row-start="10" text="Yes">
   </cell>
   <cell col-end="5" col-start="5" row-end="10" row-start="10" text="No">
   </cell>
   <cell col-end="6" col-start="6" row-end="10" row-start="10" text="–">
   </cell>
   <cell col-end="7" col-start="7" row-end="10" row-start="10" text="–">
   </cell>
  </row>
  <row row="11">
   <cell col-end="0" col-start="0" row-end="11" row-start="11" text="11">
   </cell>
   <cell col-end="1" col-start="1" row-end="11" row-start="11" text="Seteria italica">
   </cell>
   <cell col-end="2" col-start="2" row-end="11" row-start="11" text="1">
   </cell>
   <cell col-end="3" col-start="3" row-end="11" row-start="11" text="1">
   </cell>
   <cell col-end="4" col-start="4" row-end="11" row-start="11" text="Yes">
   </cell>
   <cell col-end="5" col-start="5" row-end="11" row-start="11" text="Yes">
   </cell>
   <cell col-end="6" col-start="6" row-end="11" row-start="11" text="–">
   </cell>
   <cell col-end="7" col-start="7" row-end="11" row-start="11" text="Uniprot">
   </cell>
  </row>
  <row row="12">
   <cell col-end="0" col-start="0" row-end="12" row-start="12" text="12">
   </cell>
   <cell col-end="1" col-start="1" row-end="12" row-start="12" text="Fagopyrum esculentum">
   </cell>
   <cell col-end="2" col-start="2" row-end="12" row-start="12" text="3">
   </cell>
   <cell col-end="3" col-start="3" row-end="12" row-start="12" text="3">
   </cell>
   <cell col-end="4" col-start="4" row-end="12" row-start="12" text="No">
   </cell>
   <cell col-end="5" col-start="5" row-end="12" row-start="12" text="No">
   </cell>
   <cell col-end="6" col-start="6" row-end="12" row-start="12" text="–">
   </cell>
   <cell col-end="7" col-start="7" row-end="12" row-start="12" text="–">
   </cell>
  </row>
  <row row="13">
   <cell col-end="0" col-start="0" row-end="13" row-start="13" text="13">
   </cell>
   <cell col-end="1" col-start="1" row-end="13" row-start="13" text="Lotus japonicus">
   </cell>
   <cell col-end="2" col-start="2" row-end="13" row-start="13" text="5 + 5">
   </cell>
   <cell col-end="3" col-start="3" row-end="13" row-start="13" text="10">
   </cell>
   <cell col-end="4" col-start="4" row-end="13" row-start="13" text="No">
   </cell>
   <cell col-end="5" col-start="5" row-end="13" row-start="13" text="No">
   </cell>
   <cell col-end="6" col-start="6" row-end="13" row-start="13" text="–">
   </cell>
   <cell col-end="7" col-start="7" row-end="13" row-start="13" text="–">
   </cell>
  </row>
  <row row="14">
   <cell col-end="0" col-start="0" row-end="14" row-start="14" text="14">
   </cell>
   <cell col-end="1" col-start="1" row-end="14" row-start="14" text="Volvox carteri">
   </cell>
   <cell col-end="2" col-start="2" row-end="14" row-start="14" text="1">
   </cell>
   <cell col-end="3" col-start="3" row-end="14" row-start="14" text="1">
   </cell>
   <cell col-end="4" col-start="4" row-end="14" row-start="14" text="No">
   </cell>
   <cell col-end="5" col-start="5" row-end="14" row-start="14" text="No">
   </cell>
   <cell col-end="6" col-start="6" row-end="14" row-start="14" text="">
   </cell>
   <cell col-end="7" col-start="7" row-end="14" row-start="14" text="Peumans and Vandamme (2010)">
   </cell>
  </row>
  <statements>
   <statement id="0" text="All Plant descriptions except Seteria italica does not have references." type="">
   </statement>
   <statement id="2" text="Only plant descriptions Populus trichocarpa and Brachypodiumdistachyon has type of RIP." type="">
   </statement>
   <statement id="4" text="Total coverage percent of plant descriptions Solanum lycopersicum and Arabidopsis thaliana is constant." type="">
   </statement>
   <statement id="6" text="All plant descriptions have the same total coverage percent." type="">
   </statement>
   <statement id="7" text="Brachypodiumdistachyon has the same percent in Match coverage and total coverage." type="">
   </statement>
  </statements>
 </table>
 <table id="Table 2">
  <caption text="

   Peptide match of ARIP-B.
  
">
  </caption>
  <row row="0">
   <cell col-end="0" col-start="0" row-end="0" row-start="0" text="S. No">
   </cell>
   <cell col-end="1" col-start="1" row-end="0" row-start="0" text="Plant description">
   </cell>
   <cell col-end="2" col-start="2" row-end="0" row-start="0" text="Match Coverage (%)">
   </cell>
   <cell col-end="3" col-start="3" row-end="0" row-start="0" text="Total Coverage (%)">
   </cell>
   <cell col-end="4" col-start="4" row-end="0" row-start="0" text="RIP activity reported">
   </cell>
   <cell col-end="5" col-start="5" row-end="0" row-start="0" text="RIP gene identified">
   </cell>
   <cell col-end="6" col-start="6" row-end="0" row-start="0" text="Type of RIP">
   </cell>
   <cell col-end="7" col-start="7" row-end="0" row-start="0" text="References">
   </cell>
  </row>
  <row row="1">
   <cell col-end="0" col-start="0" row-end="1" row-start="1" text="1">
   </cell>
   <cell col-end="1" col-start="1" row-end="1" row-start="1" text="Populus trichocarpa">
   </cell>
   <cell col-end="2" col-start="2" row-end="1" row-start="1" text="2 + 1 + 1 + 3 + 3">
   </cell>
   <cell col-end="3" col-start="3" row-end="1" row-start="1" text="10">
   </cell>
   <cell col-end="4" col-start="4" row-end="1" row-start="1" text="Yes">
   </cell>
   <cell col-end="5" col-start="5" row-end="1" row-start="1" text="Yes">
   </cell>
   <cell col-end="6" col-start="6" row-end="1" row-start="1" text="Type 2 (B domain only)">
   </cell>
   <cell col-end="7" col-start="7" row-end="1" row-start="1" text="Peumans and Vandamme (2010)">
   </cell>
  </row>
  <row row="2">
   <cell col-end="0" col-start="0" row-end="2" row-start="2" text="2">
   </cell>
   <cell col-end="1" col-start="1" row-end="2" row-start="2" text="Astragalus membranaceus">
   </cell>
   <cell col-end="2" col-start="2" row-end="2" row-start="2" text="10">
   </cell>
   <cell col-end="3" col-start="3" row-end="2" row-start="2" text="10">
   </cell>
   <cell col-end="4" col-start="4" row-end="2" row-start="2" text="No">
   </cell>
   <cell col-end="5" col-start="5" row-end="2" row-start="2" text="No">
   </cell>
   <cell col-end="6" col-start="6" row-end="2" row-start="2" text="–">
   </cell>
   <cell col-end="7" col-start="7" row-end="2" row-start="2" text="–">
   </cell>
  </row>
  <row row="3">
   <cell col-end="0" col-start="0" row-end="3" row-start="3" text="3">
   </cell>
   <cell col-end="1" col-start="1" row-end="3" row-start="3" text="Polygala tenuifolia">
   </cell>
   <cell col-end="2" col-start="2" row-end="3" row-start="3" text="1">
   </cell>
   <cell col-end="3" col-start="3" row-end="3" row-start="3" text="1">
   </cell>
   <cell col-end="4" col-start="4" row-end="3" row-start="3" text="No">
   </cell>
   <cell col-end="5" col-start="5" row-end="3" row-start="3" text="No">
   </cell>
   <cell col-end="6" col-start="6" row-end="3" row-start="3" text="–">
   </cell>
   <cell col-end="7" col-start="7" row-end="3" row-start="3" text="–">
   </cell>
  </row>
  <row row="4">
   <cell col-end="0" col-start="0" row-end="4" row-start="4" text="4">
   </cell>
   <cell col-end="1" col-start="1" row-end="4" row-start="4" text="Vitis vinifera">
   </cell>
   <cell col-end="2" col-start="2" row-end="4" row-start="4" text="0 + 2">
   </cell>
   <cell col-end="3" col-start="3" row-end="4" row-start="4" text="2">
   </cell>
   <cell col-end="4" col-start="4" row-end="4" row-start="4" text="Yes">
   </cell>
   <cell col-end="5" col-start="5" row-end="4" row-start="4" text="No">
   </cell>
   <cell col-end="6" col-start="6" row-end="4" row-start="4" text="–">
   </cell>
   <cell col-end="7" col-start="7" row-end="4" row-start="4" text="Peumans and Vandamme (2010)">
   </cell>
  </row>
  <row row="5">
   <cell col-end="0" col-start="0" row-end="5" row-start="5" text="5">
   </cell>
   <cell col-end="1" col-start="1" row-end="5" row-start="5" text="Triticum aestivum">
   </cell>
   <cell col-end="2" col-start="2" row-end="5" row-start="5" text="2">
   </cell>
   <cell col-end="3" col-start="3" row-end="5" row-start="5" text="2">
   </cell>
   <cell col-end="4" col-start="4" row-end="5" row-start="5" text="Yes">
   </cell>
   <cell col-end="5" col-start="5" row-end="5" row-start="5" text="Yes">
   </cell>
   <cell col-end="6" col-start="6" row-end="5" row-start="5" text="Type 1">
   </cell>
   <cell col-end="7" col-start="7" row-end="5" row-start="5" text="Raj and Vennila (2013)">
   </cell>
  </row>
  <row row="6">
   <cell col-end="0" col-start="0" row-end="6" row-start="6" text="6">
   </cell>
   <cell col-end="1" col-start="1" row-end="6" row-start="6" text="Glycine
     
     max">
   </cell>
   <cell col-end="2" col-start="2" row-end="6" row-start="6" text="2 + 1">
   </cell>
   <cell col-end="3" col-start="3" row-end="6" row-start="6" text="3">
   </cell>
   <cell col-end="4" col-start="4" row-end="6" row-start="6" text="Yes">
   </cell>
   <cell col-end="5" col-start="5" row-end="6" row-start="6" text="No">
   </cell>
   <cell col-end="6" col-start="6" row-end="6" row-start="6" text="–">
   </cell>
   <cell col-end="7" col-start="7" row-end="6" row-start="6" text="Peumans and Vandamme (2010)">
   </cell>
  </row>
  <row row="7">
   <cell col-end="0" col-start="0" row-end="7" row-start="7" text="7">
   </cell>
   <cell col-end="1" col-start="1" row-end="7" row-start="7" text="Brachypodiumdistachyon">
   </cell>
   <cell col-end="2" col-start="2" row-end="7" row-start="7" text="1">
   </cell>
   <cell col-end="3" col-start="3" row-end="7" row-start="7" text="1">
   </cell>
   <cell col-end="4" col-start="4" row-end="7" row-start="7" text="Yes">
   </cell>
   <cell col-end="5" col-start="5" row-end="7" row-start="7" text="Yes">
   </cell>
   <cell col-end="6" col-start="6" row-end="7" row-start="7" text="Type 3">
   </cell>
   <cell col-end="7" col-start="7" row-end="7" row-start="7" text="Peumans and Vandamme (2010)">
   </cell>
  </row>
  <row row="8">
   <cell col-end="0" col-start="0" row-end="8" row-start="8" text="8">
   </cell>
   <cell col-end="1" col-start="1" row-end="8" row-start="8" text="Hordeum vulgare">
   </cell>
   <cell col-end="2" col-start="2" row-end="8" row-start="8" text="3">
   </cell>
   <cell col-end="3" col-start="3" row-end="8" row-start="8" text="3">
   </cell>
   <cell col-end="4" col-start="4" row-end="8" row-start="8" text="Yes">
   </cell>
   <cell col-end="5" col-start="5" row-end="8" row-start="8" text="Yes">
   </cell>
   <cell col-end="6" col-start="6" row-end="8" row-start="8" text="Type 1">
   </cell>
   <cell col-end="7" col-start="7" row-end="8" row-start="8" text="Raj and Vennila (2013)">
   </cell>
  </row>
  <row row="9">
   <cell col-end="0" col-start="0" row-end="9" row-start="9" text="9">
   </cell>
   <cell col-end="1" col-start="1" row-end="9" row-start="9" text="Ricinus communis">
   </cell>
   <cell col-end="2" col-start="2" row-end="9" row-start="9" text="2">
   </cell>
   <cell col-end="3" col-start="3" row-end="9" row-start="9" text="2">
   </cell>
   <cell col-end="4" col-start="4" row-end="9" row-start="9" text="Yes">
   </cell>
   <cell col-end="5" col-start="5" row-end="9" row-start="9" text="Yes">
   </cell>
   <cell col-end="6" col-start="6" row-end="9" row-start="9" text="Type 2">
   </cell>
   <cell col-end="7" col-start="7" row-end="9" row-start="9" text="–">
   </cell>
  </row>
  <row row="10">
   <cell col-end="0" col-start="0" row-end="10" row-start="10" text="10">
   </cell>
   <cell col-end="1" col-start="1" row-end="10" row-start="10" text="Micromonaspusilla">
   </cell>
   <cell col-end="2" col-start="2" row-end="10" row-start="10" text="1">
   </cell>
   <cell col-end="3" col-start="3" row-end="10" row-start="10" text="1">
   </cell>
   <cell col-end="4" col-start="4" row-end="10" row-start="10" text="Yes">
   </cell>
   <cell col-end="5" col-start="5" row-end="10" row-start="10" text="No">
   </cell>
   <cell col-end="6" col-start="6" row-end="10" row-start="10" text="–">
   </cell>
   <cell col-end="7" col-start="7" row-end="10" row-start="10" text="Peumans and Vandamme (2010)">
   </cell>
  </row>
  <row row="11">
   <cell col-end="0" col-start="0" row-end="11" row-start="11" text="11">
   </cell>
   <cell col-end="1" col-start="1" row-end="11" row-start="11" text="Musa acuminata
     
     subsp.">
   </cell>
   <cell col-end="2" col-start="2" row-end="11" row-start="11" text="11">
   </cell>
   <cell col-end="3" col-start="3" row-end="11" row-start="11" text="11">
   </cell>
   <cell col-end="4" col-start="4" row-end="11" row-start="11" text="No">
   </cell>
   <cell col-end="5" col-start="5" row-end="11" row-start="11" text="No">
   </cell>
   <cell col-end="6" col-start="6" row-end="11" row-start="11" text="–">
   </cell>
   <cell col-end="7" col-start="7" row-end="11" row-start="11" text="–">
   </cell>
  </row>
  <row row="12">
   <cell col-end="0" col-start="0" row-end="12" row-start="12" text="12">
   </cell>
   <cell col-end="1" col-start="1" row-end="12" row-start="12" text="Arabidopsis lyrata
     
     subsp.">
   </cell>
   <cell col-end="2" col-start="2" row-end="12" row-start="12" text="3">
   </cell>
   <cell col-end="3" col-start="3" row-end="12" row-start="12" text="3">
   </cell>
   <cell col-end="4" col-start="4" row-end="12" row-start="12" text="No">
   </cell>
   <cell col-end="5" col-start="5" row-end="12" row-start="12" text="No">
   </cell>
   <cell col-end="6" col-start="6" row-end="12" row-start="12" text="–">
   </cell>
   <cell col-end="7" col-start="7" row-end="12" row-start="12" text="Peumans and Vandamme (2010)">
   </cell>
  </row>
  <statements>
   <statement id="2" text="Match Coverage (%) for Populus trichocarpa is 2 + 1 + 1." type="">
   </statement>
   <statement id="3" text="Match Coverage (%) for Vitis vinifera is 0 + 2 + 3 + 4." type="">
   </statement>
   <statement id="4" text="There are four categories of Plant description." type="">
   </statement>
   <statement id="5" text="There are twelve categories of Plant description." type="">
   </statement>
   <statement id="7" text="Total Coverage (%) is different for Populus trichocarpa and Astragalus membranaceus of 11." type="">
   </statement>
   <statement id="8" text="Total Coverage (%) is lowest for Musa acuminata subsp of 15." type="">
   </statement>
   <statement id="9" text="Total Coverage (%) is same for Populus trichocarpa and Astragalus membranaceus of 10." type="">
   </statement>
  </statements>
 </table>
</document>