<document>
 <table id="Table 2">
  <caption text="

   HPLC pigments (chlorophylls and carotenoids) quantification (mg g
   
    −1
   
   of dry biomass) of
   
    D. salina
   
   at the end of the cultivation period
   .
  
">
  </caption>
  <row row="0">
   <cell col-end="0" col-start="0" row-end="1" row-start="0" text="Pigments (mg g
     
      −1
     
     )">
   </cell>
   <cell col-end="3" col-start="1" row-end="0" row-start="0" text="">
   </cell>
  </row>
  <row row="1">
   <cell col-end="1" col-start="1" row-end="1" row-start="1" text="F/2">
   </cell>
   <cell col-end="2" col-start="2" row-end="1" row-start="1" text="Conway">
   </cell>
   <cell col-end="3" col-start="3" row-end="1" row-start="1" text="Johnson">
   </cell>
  </row>
  <row row="2">
   <cell col-end="0" col-start="0" row-end="2" row-start="2" text="Neoxanthin">
   </cell>
   <cell col-end="1" col-start="1" row-end="2" row-start="2" text="0.497">
   </cell>
   <cell col-end="2" col-start="2" row-end="2" row-start="2" text="0.668">
   </cell>
   <cell col-end="3" col-start="3" row-end="2" row-start="2" text="0.671">
   </cell>
  </row>
  <row row="3">
   <cell col-end="0" col-start="0" row-end="3" row-start="3" text="Violaxanthin">
   </cell>
   <cell col-end="1" col-start="1" row-end="3" row-start="3" text="0.454">
   </cell>
   <cell col-end="2" col-start="2" row-end="3" row-start="3" text="0.568">
   </cell>
   <cell col-end="3" col-start="3" row-end="3" row-start="3" text="0.855">
   </cell>
  </row>
  <row row="4">
   <cell col-end="0" col-start="0" row-end="4" row-start="4" text="Zeaxanthin">
   </cell>
   <cell col-end="1" col-start="1" row-end="4" row-start="4" text="0.159">
   </cell>
   <cell col-end="2" col-start="2" row-end="4" row-start="4" text="0.115">
   </cell>
   <cell col-end="3" col-start="3" row-end="4" row-start="4" text="0.007">
   </cell>
  </row>
  <row row="5">
   <cell col-end="0" col-start="0" row-end="5" row-start="5" text="Lutein">
   </cell>
   <cell col-end="1" col-start="1" row-end="5" row-start="5" text="2.123">
   </cell>
   <cell col-end="2" col-start="2" row-end="5" row-start="5" text="2.596">
   </cell>
   <cell col-end="3" col-start="3" row-end="5" row-start="5" text="1.252">
   </cell>
  </row>
  <row row="6">
   <cell col-end="0" col-start="0" row-end="6" row-start="6" text="Chlorophyll
     
      b">
   </cell>
   <cell col-end="1" col-start="1" row-end="6" row-start="6" text="3.284">
   </cell>
   <cell col-end="2" col-start="2" row-end="6" row-start="6" text="4.247">
   </cell>
   <cell col-end="3" col-start="3" row-end="6" row-start="6" text="5.974">
   </cell>
  </row>
  <row row="7">
   <cell col-end="0" col-start="0" row-end="7" row-start="7" text="Chlorophyll
     
      a">
   </cell>
   <cell col-end="1" col-start="1" row-end="7" row-start="7" text="8.304">
   </cell>
   <cell col-end="2" col-start="2" row-end="7" row-start="7" text="10.267">
   </cell>
   <cell col-end="3" col-start="3" row-end="7" row-start="7" text="14.255">
   </cell>
  </row>
  <row row="8">
   <cell col-end="0" col-start="0" row-end="8" row-start="8" text="β-carotene">
   </cell>
   <cell col-end="1" col-start="1" row-end="8" row-start="8" text="n/d">
   </cell>
   <cell col-end="2" col-start="2" row-end="8" row-start="8" text="n/d">
   </cell>
   <cell col-end="3" col-start="3" row-end="8" row-start="8" text="n/d">
   </cell>
  </row>
  <statements>
   <statement id="1" text="Chlorophyll a presented the lower cost among all pigment comparison since it was the most abundant molecule showed in all biomass" type="">
   </statement>
   <statement id="2" text="F/2 of Chlorophyll a is 8.304 which is highest." type="">
   </statement>
   <statement id="3" text="Johnson ranges from 0.671 to 14.255." type="">
   </statement>
   <statement id="4" text="Lutein has no values in any of the column." type="">
   </statement>
   <statement id="6" text="The observed table is having similar values of F/2 ." type="">
   </statement>
  </statements>
 </table>
 <table id="Table 4">
  <caption text="

   Media economical evaluation (in US$ dollars)
   
    *
   
   .
  
">
  </caption>
  <row row="0">
   <cell col-end="0" col-start="0" row-end="1" row-start="0" text="Cost">
   </cell>
   <cell col-end="3" col-start="1" row-end="0" row-start="0" text="">
   </cell>
  </row>
  <row row="1">
   <cell col-end="1" col-start="1" row-end="1" row-start="1" text="F/2">
   </cell>
   <cell col-end="2" col-start="2" row-end="1" row-start="1" text="Conway">
   </cell>
   <cell col-end="3" col-start="3" row-end="1" row-start="1" text="Johnson">
   </cell>
  </row>
  <row row="2">
   <cell col-end="0" col-start="0" row-end="2" row-start="2" text="10
     
      3
     
     L medium">
   </cell>
   <cell col-end="1" col-start="1" row-end="2" row-start="2" text="1.17">
   </cell>
   <cell col-end="2" col-start="2" row-end="2" row-start="2" text="4.33">
   </cell>
   <cell col-end="3" col-start="3" row-end="2" row-start="2" text="49.62">
   </cell>
  </row>
  <row row="3">
   <cell col-end="0" col-start="0" row-end="3" row-start="3" text="kg of dry biomass">
   </cell>
   <cell col-end="1" col-start="1" row-end="3" row-start="3" text="4.64">
   </cell>
   <cell col-end="2" col-start="2" row-end="3" row-start="3" text="16.24">
   </cell>
   <cell col-end="3" col-start="3" row-end="3" row-start="3" text="301.62">
   </cell>
  </row>
  <statements>
   <statement id="3" text="Compare to all Johnson had the greatest value of 901.60 for dry biomass." type="">
   </statement>
   <statement id="4" text="Conway has 96.24 kg of dry biomass." type="">
   </statement>
   <statement id="5" text="Cost , F/2 ,Conway and Johnson are the table heads." type="">
   </statement>
   <statement id="6" text="Johnson had 59.62 for 18 3 L medium." type="">
   </statement>
   <statement id="8" text="To further compare culture media, we performed an economic analysis of each medium ( Table 4 )." type="">
   </statement>
  </statements>
 </table>
 <table id="Table 5">
  <caption text="

   Estimated pigment economical evaluation based on laboratory production scale (1 kg basis of powdered pigment, US$ dollars).
  
">
  </caption>
  <row row="0">
   <cell col-end="0" col-start="0" row-end="1" row-start="0" text="Pigments">
   </cell>
   <cell col-end="3" col-start="1" row-end="0" row-start="0" text="">
   </cell>
  </row>
  <row row="1">
   <cell col-end="1" col-start="1" row-end="1" row-start="1" text="F/2">
   </cell>
   <cell col-end="2" col-start="2" row-end="1" row-start="1" text="Conway">
   </cell>
   <cell col-end="3" col-start="3" row-end="1" row-start="1" text="Johnson">
   </cell>
  </row>
  <row row="2">
   <cell col-end="0" col-start="0" row-end="2" row-start="2" text="Neoxanthin">
   </cell>
   <cell col-end="1" col-start="1" row-end="2" row-start="2" text="9,336.01">
   </cell>
   <cell col-end="2" col-start="2" row-end="2" row-start="2" text="24,311.37">
   </cell>
   <cell col-end="3" col-start="3" row-end="2" row-start="2" text="449,508.19">
   </cell>
  </row>
  <row row="3">
   <cell col-end="0" col-start="0" row-end="3" row-start="3" text="Violaxanthin">
   </cell>
   <cell col-end="1" col-start="1" row-end="3" row-start="3" text="10,220.26">
   </cell>
   <cell col-end="2" col-start="2" row-end="3" row-start="3" text="28,591.54">
   </cell>
   <cell col-end="3" col-start="3" row-end="3" row-start="3" text="352,771.92">
   </cell>
  </row>
  <row row="4">
   <cell col-end="0" col-start="0" row-end="4" row-start="4" text="Lutein">
   </cell>
   <cell col-end="1" col-start="1" row-end="4" row-start="4" text="2,185.58">
   </cell>
   <cell col-end="2" col-start="2" row-end="4" row-start="4" text="6,255.77">
   </cell>
   <cell col-end="3" col-start="3" row-end="4" row-start="4" text="240,910.54">
   </cell>
  </row>
  <row row="5">
   <cell col-end="0" col-start="0" row-end="5" row-start="5" text="Chlorophyll
     
      b">
   </cell>
   <cell col-end="1" col-start="1" row-end="5" row-start="5" text="1,412.91">
   </cell>
   <cell col-end="2" col-start="2" row-end="5" row-start="5" text="3,823.87">
   </cell>
   <cell col-end="3" col-start="3" row-end="5" row-start="5" text="50,488.78">
   </cell>
  </row>
  <row row="6">
   <cell col-end="0" col-start="0" row-end="6" row-start="6" text="Chlorophyll
     
      a">
   </cell>
   <cell col-end="1" col-start="1" row-end="6" row-start="6" text="558.76">
   </cell>
   <cell col-end="2" col-start="2" row-end="6" row-start="6" text="1,581.76">
   </cell>
   <cell col-end="3" col-start="3" row-end="6" row-start="6" text="21,158.89">
   </cell>
  </row>
  <statements>
   <statement id="0" text="Conway 1,581.76 Pigments is Chlorophyll a." type="">
   </statement>
   <statement id="2" text="Pigments Chlorophyll b Conway is 3,823.87." type="">
   </statement>
   <statement id="4" text="Table 5 presents the estimation of pigment cost production derived from F/2, Conway and Johnson biomass in 1 kg basis of powdered pigment." type="">
   </statement>
  </statements>
 </table>
</document>