<document>
 <table id="Table 2">
  <caption text="

   Agreement and reliability indices
  
">
  </caption>
  <legend text="


    Note. r
   

    wg(j)
   
   = within-group rater agreement (&gt; 0.70 is considered acceptable);
   
    AD
   

    M
   
   = average deviation from the mean (
   
    M
   
   range 1–5); ICC(1) = between-group variance to total variance; ICC(2) = group-mean reliability (&gt; 0.70 is considered acceptable).
  
">
  </legend>
  <row row="0">
   <cell col-end="0" col-start="0" row-end="1" row-start="0" text="">
   </cell>
   <cell col-end="4" col-start="1" row-end="0" row-start="0" text="Unit">
   </cell>
   <cell col-end="8" col-start="5" row-end="0" row-start="0" text="Prison">
   </cell>
  </row>
  <row row="1">
   <cell col-end="1" col-start="1" row-end="1" row-start="1" text="r
     

      wg(j)">
   </cell>
   <cell col-end="2" col-start="2" row-end="1" row-start="1" text="AD
     

      M">
   </cell>
   <cell col-end="3" col-start="3" row-end="1" row-start="1" text="ICC(1)">
   </cell>
   <cell col-end="4" col-start="4" row-end="1" row-start="1" text="ICC(2)">
   </cell>
   <cell col-end="5" col-start="5" row-end="1" row-start="1" text="r
     

      wg(j)">
   </cell>
   <cell col-end="6" col-start="6" row-end="1" row-start="1" text="AD
     

      M">
   </cell>
   <cell col-end="7" col-start="7" row-end="1" row-start="1" text="ICC(1)">
   </cell>
   <cell col-end="8" col-start="8" row-end="1" row-start="1" text="ICC(2)">
   </cell>
  </row>
  <row row="2">
   <cell col-end="0" col-start="0" row-end="2" row-start="2" text="Safety">
   </cell>
   <cell col-end="1" col-start="1" row-end="2" row-start="2" text="0.81">
   </cell>
   <cell col-end="2" col-start="2" row-end="2" row-start="2" text="0.73">
   </cell>
   <cell col-end="3" col-start="3" row-end="2" row-start="2" text="0.03">
   </cell>
   <cell col-end="4" col-start="4" row-end="2" row-start="2" text="0.37">
   </cell>
   <cell col-end="5" col-start="5" row-end="2" row-start="2" text="0.84">
   </cell>
   <cell col-end="6" col-start="6" row-end="2" row-start="2" text="0.73">
   </cell>
   <cell col-end="7" col-start="7" row-end="2" row-start="2" text="0.01">
   </cell>
   <cell col-end="8" col-start="8" row-end="2" row-start="2" text="0.60">
   </cell>
  </row>
  <row row="3">
   <cell col-end="0" col-start="0" row-end="3" row-start="3" text="Staff-prisoner relationships">
   </cell>
   <cell col-end="1" col-start="1" row-end="3" row-start="3" text="0.85">
   </cell>
   <cell col-end="2" col-start="2" row-end="3" row-start="3" text="0.76">
   </cell>
   <cell col-end="3" col-start="3" row-end="3" row-start="3" text="0.12">
   </cell>
   <cell col-end="4" col-start="4" row-end="3" row-start="3" text="0.71">
   </cell>
   <cell col-end="5" col-start="5" row-end="3" row-start="3" text="0.86">
   </cell>
   <cell col-end="6" col-start="6" row-end="3" row-start="3" text="0.84">
   </cell>
   <cell col-end="7" col-start="7" row-end="3" row-start="3" text="0.02">
   </cell>
   <cell col-end="8" col-start="8" row-end="3" row-start="3" text="0.73">
   </cell>
  </row>
  <row row="4">
   <cell col-end="0" col-start="0" row-end="4" row-start="4" text="Peer relationships">
   </cell>
   <cell col-end="1" col-start="1" row-end="4" row-start="4" text="0.88">
   </cell>
   <cell col-end="2" col-start="2" row-end="4" row-start="4" text="0.66">
   </cell>
   <cell col-end="3" col-start="3" row-end="4" row-start="4" text="0.07">
   </cell>
   <cell col-end="4" col-start="4" row-end="4" row-start="4" text="0.59">
   </cell>
   <cell col-end="5" col-start="5" row-end="4" row-start="4" text="0.89">
   </cell>
   <cell col-end="6" col-start="6" row-end="4" row-start="4" text="0.71">
   </cell>
   <cell col-end="7" col-start="7" row-end="4" row-start="4" text="0.02">
   </cell>
   <cell col-end="8" col-start="8" row-end="4" row-start="4" text="0.75">
   </cell>
  </row>
  <row row="5">
   <cell col-end="0" col-start="0" row-end="5" row-start="5" text="Meaningful activities">
   </cell>
   <cell col-end="1" col-start="1" row-end="5" row-start="5" text="0.74">
   </cell>
   <cell col-end="2" col-start="2" row-end="5" row-start="5" text="0.82">
   </cell>
   <cell col-end="3" col-start="3" row-end="5" row-start="5" text="0.10">
   </cell>
   <cell col-end="4" col-start="4" row-end="5" row-start="5" text="0.66">
   </cell>
   <cell col-end="5" col-start="5" row-end="5" row-start="5" text="0.75">
   </cell>
   <cell col-end="6" col-start="6" row-end="5" row-start="5" text="0.88">
   </cell>
   <cell col-end="7" col-start="7" row-end="5" row-start="5" text="0.04">
   </cell>
   <cell col-end="8" col-start="8" row-end="5" row-start="5" text="0.86">
   </cell>
  </row>
  <row row="6">
   <cell col-end="0" col-start="0" row-end="6" row-start="6" text="Autonomy">
   </cell>
   <cell col-end="1" col-start="1" row-end="6" row-start="6" text="0.72">
   </cell>
   <cell col-end="2" col-start="2" row-end="6" row-start="6" text="0.84">
   </cell>
   <cell col-end="3" col-start="3" row-end="6" row-start="6" text="0.13">
   </cell>
   <cell col-end="4" col-start="4" row-end="6" row-start="6" text="0.74">
   </cell>
   <cell col-end="5" col-start="5" row-end="6" row-start="6" text="0.70">
   </cell>
   <cell col-end="6" col-start="6" row-end="6" row-start="6" text="0.93">
   </cell>
   <cell col-end="7" col-start="7" row-end="6" row-start="6" text="0.05">
   </cell>
   <cell col-end="8" col-start="8" row-end="6" row-start="6" text="0.88">
   </cell>
  </row>
  <row row="7">
   <cell col-end="0" col-start="0" row-end="7" row-start="7" text="Overall institution rating">
   </cell>
   <cell col-end="1" col-start="1" row-end="7" row-start="7" text="0.48">
   </cell>
   <cell col-end="2" col-start="2" row-end="7" row-start="7" text="0.80">
   </cell>
   <cell col-end="3" col-start="3" row-end="7" row-start="7" text="0.15">
   </cell>
   <cell col-end="4" col-start="4" row-end="7" row-start="7" text="0.76">
   </cell>
   <cell col-end="5" col-start="5" row-end="7" row-start="7" text="0.43">
   </cell>
   <cell col-end="6" col-start="6" row-end="7" row-start="7" text="0.86">
   </cell>
   <cell col-end="7" col-start="7" row-end="7" row-start="7" text="0.08">
   </cell>
   <cell col-end="8" col-start="8" row-end="7" row-start="7" text="0.93">
   </cell>
  </row>
  <statements>
   <statement id="1" text="The highest Prison AD M is 0.88." type="">
   </statement>
   <statement id="2" text="The highest Prison AD M is 0.93." type="">
   </statement>
   <statement id="3" text="There are 2 different types of indices in the given table." type="">
   </statement>
  </statements>
 </table>
 <table id="Table 3">
  <caption text="

   Relationships between the aggregated prison climate variables and various dependent variables
  
">
  </caption>
  <legend text="


    Note.
   
   All prison climate variables (unit and individual-level) are grand mean centered. All prison climate variables were entered in separate regression analyses (model 1: aggregated variables only, model 2: aggregated + individual variables).
  
">
  </legend>
  <row row="0">
   <cell col-end="0" col-start="0" row-end="1" row-start="0" text="">
   </cell>
   <cell col-end="8" col-start="1" row-end="0" row-start="0" text="Model 1">
   </cell>
   <cell col-end="16" col-start="9" row-end="0" row-start="0" text="Model 2">
   </cell>
  </row>
  <row row="1">
   <cell col-end="2" col-start="1" row-end="1" row-start="1" text="Psychological well-being">
   </cell>
   <cell col-end="4" col-start="3" row-end="1" row-start="1" text="Subjective well-being">
   </cell>
   <cell col-end="6" col-start="5" row-end="1" row-start="1" text="Victimization">
   </cell>
   <cell col-end="8" col-start="7" row-end="1" row-start="1" text="Misconduct">
   </cell>
   <cell col-end="10" col-start="9" row-end="1" row-start="1" text="Psychological well-being">
   </cell>
   <cell col-end="12" col-start="11" row-end="1" row-start="1" text="Subjective well-being">
   </cell>
   <cell col-end="14" col-start="13" row-end="1" row-start="1" text="Victimization">
   </cell>
   <cell col-end="16" col-start="15" row-end="1" row-start="1" text="Misconduct">
   </cell>
  </row>
  <row row="2">
   <cell col-end="0" col-start="0" row-end="2" row-start="2" text="Unit level">
   </cell>
   <cell col-end="1" col-start="1" row-end="2" row-start="2" text="B">
   </cell>
   <cell col-end="2" col-start="2" row-end="2" row-start="2" text="SE">
   </cell>
   <cell col-end="3" col-start="3" row-end="2" row-start="2" text="B">
   </cell>
   <cell col-end="4" col-start="4" row-end="2" row-start="2" text="SE">
   </cell>
   <cell col-end="5" col-start="5" row-end="2" row-start="2" text="B">
   </cell>
   <cell col-end="6" col-start="6" row-end="2" row-start="2" text="SE">
   </cell>
   <cell col-end="7" col-start="7" row-end="2" row-start="2" text="B">
   </cell>
   <cell col-end="8" col-start="8" row-end="2" row-start="2" text="SE">
   </cell>
   <cell col-end="9" col-start="9" row-end="2" row-start="2" text="B">
   </cell>
   <cell col-end="10" col-start="10" row-end="2" row-start="2" text="SE">
   </cell>
   <cell col-end="11" col-start="11" row-end="2" row-start="2" text="B">
   </cell>
   <cell col-end="12" col-start="12" row-end="2" row-start="2" text="SE">
   </cell>
   <cell col-end="13" col-start="13" row-end="2" row-start="2" text="B">
   </cell>
   <cell col-end="14" col-start="14" row-end="2" row-start="2" text="SE">
   </cell>
   <cell col-end="15" col-start="15" row-end="2" row-start="2" text="B">
   </cell>
   <cell col-end="16" col-start="16" row-end="2" row-start="2" text="SE">
   </cell>
  </row>
  <row row="3">
   <cell col-end="0" col-start="0" row-end="3" row-start="3" text="Safety">
   </cell>
   <cell col-end="1" col-start="1" row-end="3" row-start="3" text="0.70
     

       ⁎⁎⁎">
   </cell>
   <cell col-end="2" col-start="2" row-end="3" row-start="3" text="0.07">
   </cell>
   <cell col-end="3" col-start="3" row-end="3" row-start="3" text="0.58
     

       ⁎⁎⁎">
   </cell>
   <cell col-end="4" col-start="4" row-end="3" row-start="3" text="0.08">
   </cell>
   <cell col-end="5" col-start="5" row-end="3" row-start="3" text="−0.91
     

       ⁎⁎⁎">
   </cell>
   <cell col-end="6" col-start="6" row-end="3" row-start="3" text="0.17">
   </cell>
   <cell col-end="7" col-start="7" row-end="3" row-start="3" text="−1.10
     

       ⁎⁎⁎">
   </cell>
   <cell col-end="8" col-start="8" row-end="3" row-start="3" text="0.21">
   </cell>
   <cell col-end="9" col-start="9" row-end="3" row-start="3" text="0.30
     

       ⁎⁎⁎">
   </cell>
   <cell col-end="10" col-start="10" row-end="3" row-start="3" text="0.07">
   </cell>
   <cell col-end="11" col-start="11" row-end="3" row-start="3" text="0.23
     

       ⁎⁎">
   </cell>
   <cell col-end="12" col-start="12" row-end="3" row-start="3" text="0.08">
   </cell>
   <cell col-end="13" col-start="13" row-end="3" row-start="3" text="−0.22">
   </cell>
   <cell col-end="14" col-start="14" row-end="3" row-start="3" text="0.18">
   </cell>
   <cell col-end="15" col-start="15" row-end="3" row-start="3" text="−0.90
     

       ⁎⁎⁎">
   </cell>
   <cell col-end="16" col-start="16" row-end="3" row-start="3" text="0.22">
   </cell>
  </row>
  <row row="4">
   <cell col-end="0" col-start="0" row-end="4" row-start="4" text="Relationships with staff">
   </cell>
   <cell col-end="1" col-start="1" row-end="4" row-start="4" text="0.10">
   </cell>
   <cell col-end="2" col-start="2" row-end="4" row-start="4" text="0.05">
   </cell>
   <cell col-end="3" col-start="3" row-end="4" row-start="4" text="0.20
     

       ⁎⁎⁎">
   </cell>
   <cell col-end="4" col-start="4" row-end="4" row-start="4" text="0.06">
   </cell>
   <cell col-end="5" col-start="5" row-end="4" row-start="4" text="−0.56
     

       ⁎⁎⁎">
   </cell>
   <cell col-end="6" col-start="6" row-end="4" row-start="4" text="0.11">
   </cell>
   <cell col-end="7" col-start="7" row-end="4" row-start="4" text="−0.75
     

       ⁎⁎⁎">
   </cell>
   <cell col-end="8" col-start="8" row-end="4" row-start="4" text="0.15">
   </cell>
   <cell col-end="9" col-start="9" row-end="4" row-start="4" text="−0.11
     

       ⁎">
   </cell>
   <cell col-end="10" col-start="10" row-end="4" row-start="4" text="0.06">
   </cell>
   <cell col-end="11" col-start="11" row-end="4" row-start="4" text="−0.06">
   </cell>
   <cell col-end="12" col-start="12" row-end="4" row-start="4" text="0.06">
   </cell>
   <cell col-end="13" col-start="13" row-end="4" row-start="4" text="0.00">
   </cell>
   <cell col-end="14" col-start="14" row-end="4" row-start="4" text="0.13">
   </cell>
   <cell col-end="15" col-start="15" row-end="4" row-start="4" text="−0.35
     

       ⁎">
   </cell>
   <cell col-end="16" col-start="16" row-end="4" row-start="4" text="0.16">
   </cell>
  </row>
  <row row="5">
   <cell col-end="0" col-start="0" row-end="5" row-start="5" text="Peer relationships">
   </cell>
   <cell col-end="1" col-start="1" row-end="5" row-start="5" text="0.33
     

       ⁎⁎⁎">
   </cell>
   <cell col-end="2" col-start="2" row-end="5" row-start="5" text="0.08">
   </cell>
   <cell col-end="3" col-start="3" row-end="5" row-start="5" text="0.33
     

       ⁎⁎⁎">
   </cell>
   <cell col-end="4" col-start="4" row-end="5" row-start="5" text="0.08">
   </cell>
   <cell col-end="5" col-start="5" row-end="5" row-start="5" text="−0.84
     

       ⁎⁎⁎">
   </cell>
   <cell col-end="6" col-start="6" row-end="5" row-start="5" text="0.16">
   </cell>
   <cell col-end="7" col-start="7" row-end="5" row-start="5" text="−1.26
     

       ⁎⁎⁎">
   </cell>
   <cell col-end="8" col-start="8" row-end="5" row-start="5" text="0.21">
   </cell>
   <cell col-end="9" col-start="9" row-end="5" row-start="5" text="0.20
     

       ⁎">
   </cell>
   <cell col-end="10" col-start="10" row-end="5" row-start="5" text="0.08">
   </cell>
   <cell col-end="11" col-start="11" row-end="5" row-start="5" text="0.06">
   </cell>
   <cell col-end="12" col-start="12" row-end="5" row-start="5" text="0.08">
   </cell>
   <cell col-end="13" col-start="13" row-end="5" row-start="5" text="−0.31">
   </cell>
   <cell col-end="14" col-start="14" row-end="5" row-start="5" text="0.18">
   </cell>
   <cell col-end="15" col-start="15" row-end="5" row-start="5" text="−0.93
     

       ⁎⁎⁎">
   </cell>
   <cell col-end="16" col-start="16" row-end="5" row-start="5" text="0.22">
   </cell>
  </row>
  <row row="6">
   <cell col-end="0" col-start="0" row-end="6" row-start="6" text="Meaningful activities">
   </cell>
   <cell col-end="1" col-start="1" row-end="6" row-start="6" text="0.22
     

       ⁎⁎⁎">
   </cell>
   <cell col-end="2" col-start="2" row-end="6" row-start="6" text="0.05">
   </cell>
   <cell col-end="3" col-start="3" row-end="6" row-start="6" text="0.31
     

       ⁎⁎⁎">
   </cell>
   <cell col-end="4" col-start="4" row-end="6" row-start="6" text="0.05">
   </cell>
   <cell col-end="5" col-start="5" row-end="6" row-start="6" text="−0.43
     

       ⁎⁎⁎">
   </cell>
   <cell col-end="6" col-start="6" row-end="6" row-start="6" text="0.12">
   </cell>
   <cell col-end="7" col-start="7" row-end="6" row-start="6" text="−0.57
     

       ⁎⁎⁎">
   </cell>
   <cell col-end="8" col-start="8" row-end="6" row-start="6" text="0.15">
   </cell>
   <cell col-end="9" col-start="9" row-end="6" row-start="6" text="0.05">
   </cell>
   <cell col-end="10" col-start="10" row-end="6" row-start="6" text="0.05">
   </cell>
   <cell col-end="11" col-start="11" row-end="6" row-start="6" text="0.11
     

       ⁎">
   </cell>
   <cell col-end="12" col-start="12" row-end="6" row-start="6" text="0.05">
   </cell>
   <cell col-end="13" col-start="13" row-end="6" row-start="6" text="−0.08">
   </cell>
   <cell col-end="14" col-start="14" row-end="6" row-start="6" text="0.13">
   </cell>
   <cell col-end="15" col-start="15" row-end="6" row-start="6" text="−0.27">
   </cell>
   <cell col-end="16" col-start="16" row-end="6" row-start="6" text="0.16">
   </cell>
  </row>
  <row row="7">
   <cell col-end="0" col-start="0" row-end="7" row-start="7" text="Autonomy">
   </cell>
   <cell col-end="1" col-start="1" row-end="7" row-start="7" text="0.30
     

       ⁎⁎⁎">
   </cell>
   <cell col-end="2" col-start="2" row-end="7" row-start="7" text="0.05">
   </cell>
   <cell col-end="3" col-start="3" row-end="7" row-start="7" text="0.35
     

       ⁎⁎⁎">
   </cell>
   <cell col-end="4" col-start="4" row-end="7" row-start="7" text="0.05">
   </cell>
   <cell col-end="5" col-start="5" row-end="7" row-start="7" text="−0.35
     

       ⁎⁎⁎">
   </cell>
   <cell col-end="6" col-start="6" row-end="7" row-start="7" text="0.11">
   </cell>
   <cell col-end="7" col-start="7" row-end="7" row-start="7" text="−0.44
     

       ⁎⁎">
   </cell>
   <cell col-end="8" col-start="8" row-end="7" row-start="7" text="0.14">
   </cell>
   <cell col-end="9" col-start="9" row-end="7" row-start="7" text="0.03">
   </cell>
   <cell col-end="10" col-start="10" row-end="7" row-start="7" text="0.05">
   </cell>
   <cell col-end="11" col-start="11" row-end="7" row-start="7" text="0.04">
   </cell>
   <cell col-end="12" col-start="12" row-end="7" row-start="7" text="0.05">
   </cell>
   <cell col-end="13" col-start="13" row-end="7" row-start="7" text="0.06">
   </cell>
   <cell col-end="14" col-start="14" row-end="7" row-start="7" text="0.12">
   </cell>
   <cell col-end="15" col-start="15" row-end="7" row-start="7" text="−0.22">
   </cell>
   <cell col-end="16" col-start="16" row-end="7" row-start="7" text="0.15">
   </cell>
  </row>
  <row row="8">
   <cell col-end="0" col-start="0" row-end="8" row-start="8" text="Overall institution rating">
   </cell>
   <cell col-end="1" col-start="1" row-end="8" row-start="8" text="0.21
     

       ⁎⁎⁎">
   </cell>
   <cell col-end="2" col-start="2" row-end="8" row-start="8" text="0.04">
   </cell>
   <cell col-end="3" col-start="3" row-end="8" row-start="8" text="0.23
     

       ⁎⁎⁎">
   </cell>
   <cell col-end="4" col-start="4" row-end="8" row-start="8" text="0.04">
   </cell>
   <cell col-end="5" col-start="5" row-end="8" row-start="8" text="−0.36
     

       ⁎⁎⁎">
   </cell>
   <cell col-end="6" col-start="6" row-end="8" row-start="8" text="0.09">
   </cell>
   <cell col-end="7" col-start="7" row-end="8" row-start="8" text="−0.46
     

       ⁎⁎⁎">
   </cell>
   <cell col-end="8" col-start="8" row-end="8" row-start="8" text="0.11">
   </cell>
   <cell col-end="9" col-start="9" row-end="8" row-start="8" text="0.02">
   </cell>
   <cell col-end="10" col-start="10" row-end="8" row-start="8" text="0.04">
   </cell>
   <cell col-end="11" col-start="11" row-end="8" row-start="8" text="0.01">
   </cell>
   <cell col-end="12" col-start="12" row-end="8" row-start="8" text="0.04">
   </cell>
   <cell col-end="13" col-start="13" row-end="8" row-start="8" text="0.09">
   </cell>
   <cell col-end="14" col-start="14" row-end="8" row-start="8" text="0.00">
   </cell>
   <cell col-end="15" col-start="15" row-end="8" row-start="8" text="−0.17">
   </cell>
   <cell col-end="16" col-start="16" row-end="8" row-start="8" text="0.12">
   </cell>
  </row>
  <row row="9">
   <cell col-end="0" col-start="0" row-end="9" row-start="9" text="Individual level">
   </cell>
   <cell col-end="1" col-start="1" row-end="9" row-start="9" text="">
   </cell>
   <cell col-end="2" col-start="2" row-end="9" row-start="9" text="">
   </cell>
   <cell col-end="3" col-start="3" row-end="9" row-start="9" text="">
   </cell>
   <cell col-end="4" col-start="4" row-end="9" row-start="9" text="">
   </cell>
   <cell col-end="5" col-start="5" row-end="9" row-start="9" text="">
   </cell>
   <cell col-end="6" col-start="6" row-end="9" row-start="9" text="">
   </cell>
   <cell col-end="7" col-start="7" row-end="9" row-start="9" text="">
   </cell>
   <cell col-end="8" col-start="8" row-end="9" row-start="9" text="">
   </cell>
   <cell col-end="9" col-start="9" row-end="9" row-start="9" text="">
   </cell>
   <cell col-end="10" col-start="10" row-end="9" row-start="9" text="">
   </cell>
   <cell col-end="11" col-start="11" row-end="9" row-start="9" text="">
   </cell>
   <cell col-end="12" col-start="12" row-end="9" row-start="9" text="">
   </cell>
   <cell col-end="13" col-start="13" row-end="9" row-start="9" text="">
   </cell>
   <cell col-end="14" col-start="14" row-end="9" row-start="9" text="">
   </cell>
   <cell col-end="15" col-start="15" row-end="9" row-start="9" text="">
   </cell>
   <cell col-end="16" col-start="16" row-end="9" row-start="9" text="">
   </cell>
  </row>
  <row row="10">
   <cell col-end="0" col-start="0" row-end="10" row-start="10" text="Safety">
   </cell>
   <cell col-end="1" col-start="1" row-end="10" row-start="10" text="">
   </cell>
   <cell col-end="2" col-start="2" row-end="10" row-start="10" text="">
   </cell>
   <cell col-end="3" col-start="3" row-end="10" row-start="10" text="">
   </cell>
   <cell col-end="4" col-start="4" row-end="10" row-start="10" text="">
   </cell>
   <cell col-end="5" col-start="5" row-end="10" row-start="10" text="">
   </cell>
   <cell col-end="6" col-start="6" row-end="10" row-start="10" text="">
   </cell>
   <cell col-end="7" col-start="7" row-end="10" row-start="10" text="">
   </cell>
   <cell col-end="8" col-start="8" row-end="10" row-start="10" text="">
   </cell>
   <cell col-end="9" col-start="9" row-end="10" row-start="10" text="0.40
     

       ⁎⁎⁎">
   </cell>
   <cell col-end="10" col-start="10" row-end="10" row-start="10" text="0.02">
   </cell>
   <cell col-end="11" col-start="11" row-end="10" row-start="10" text="0.35
     

       ⁎⁎⁎">
   </cell>
   <cell col-end="12" col-start="12" row-end="10" row-start="10" text="0.02">
   </cell>
   <cell col-end="13" col-start="13" row-end="10" row-start="10" text="−0.70
     

       ⁎⁎⁎">
   </cell>
   <cell col-end="14" col-start="14" row-end="10" row-start="10" text="0.05">
   </cell>
   <cell col-end="15" col-start="15" row-end="10" row-start="10" text="−0.15
     

       ⁎⁎">
   </cell>
   <cell col-end="16" col-start="16" row-end="10" row-start="10" text="0.05">
   </cell>
  </row>
  <row row="11">
   <cell col-end="0" col-start="0" row-end="11" row-start="11" text="Relationships with staff">
   </cell>
   <cell col-end="1" col-start="1" row-end="11" row-start="11" text="">
   </cell>
   <cell col-end="2" col-start="2" row-end="11" row-start="11" text="">
   </cell>
   <cell col-end="3" col-start="3" row-end="11" row-start="11" text="">
   </cell>
   <cell col-end="4" col-start="4" row-end="11" row-start="11" text="">
   </cell>
   <cell col-end="5" col-start="5" row-end="11" row-start="11" text="">
   </cell>
   <cell col-end="6" col-start="6" row-end="11" row-start="11" text="">
   </cell>
   <cell col-end="7" col-start="7" row-end="11" row-start="11" text="">
   </cell>
   <cell col-end="8" col-start="8" row-end="11" row-start="11" text="">
   </cell>
   <cell col-end="9" col-start="9" row-end="11" row-start="11" text="0.22
     

       ⁎⁎⁎">
   </cell>
   <cell col-end="10" col-start="10" row-end="11" row-start="11" text="0.02">
   </cell>
   <cell col-end="11" col-start="11" row-end="11" row-start="11" text="0.27
     

       ⁎⁎⁎">
   </cell>
   <cell col-end="12" col-start="12" row-end="11" row-start="11" text="0.02">
   </cell>
   <cell col-end="13" col-start="13" row-end="11" row-start="11" text="−0.57
     

       ⁎⁎⁎">
   </cell>
   <cell col-end="14" col-start="14" row-end="11" row-start="11" text="0.05">
   </cell>
   <cell col-end="15" col-start="15" row-end="11" row-start="11" text="−0.41
     

       ⁎⁎⁎">
   </cell>
   <cell col-end="16" col-start="16" row-end="11" row-start="11" text="0.05">
   </cell>
  </row>
  <row row="12">
   <cell col-end="0" col-start="0" row-end="12" row-start="12" text="Peer relationships">
   </cell>
   <cell col-end="1" col-start="1" row-end="12" row-start="12" text="">
   </cell>
   <cell col-end="2" col-start="2" row-end="12" row-start="12" text="">
   </cell>
   <cell col-end="3" col-start="3" row-end="12" row-start="12" text="">
   </cell>
   <cell col-end="4" col-start="4" row-end="12" row-start="12" text="">
   </cell>
   <cell col-end="5" col-start="5" row-end="12" row-start="12" text="">
   </cell>
   <cell col-end="6" col-start="6" row-end="12" row-start="12" text="">
   </cell>
   <cell col-end="7" col-start="7" row-end="12" row-start="12" text="">
   </cell>
   <cell col-end="8" col-start="8" row-end="12" row-start="12" text="">
   </cell>
   <cell col-end="9" col-start="9" row-end="12" row-start="12" text="0.22
     

       ⁎⁎⁎">
   </cell>
   <cell col-end="10" col-start="10" row-end="12" row-start="12" text="0.02">
   </cell>
   <cell col-end="11" col-start="11" row-end="12" row-start="12" text="0.29
     

       ⁎⁎⁎">
   </cell>
   <cell col-end="12" col-start="12" row-end="12" row-start="12" text="0.02">
   </cell>
   <cell col-end="13" col-start="13" row-end="12" row-start="12" text="−0.57
     

       ⁎⁎⁎">
   </cell>
   <cell col-end="14" col-start="14" row-end="12" row-start="12" text="0.05">
   </cell>
   <cell col-end="15" col-start="15" row-end="12" row-start="12" text="−0.34
     

       ⁎⁎⁎">
   </cell>
   <cell col-end="16" col-start="16" row-end="12" row-start="12" text="0.07">
   </cell>
  </row>
  <row row="13">
   <cell col-end="0" col-start="0" row-end="13" row-start="13" text="Meaningful activities">
   </cell>
   <cell col-end="1" col-start="1" row-end="13" row-start="13" text="">
   </cell>
   <cell col-end="2" col-start="2" row-end="13" row-start="13" text="">
   </cell>
   <cell col-end="3" col-start="3" row-end="13" row-start="13" text="">
   </cell>
   <cell col-end="4" col-start="4" row-end="13" row-start="13" text="">
   </cell>
   <cell col-end="5" col-start="5" row-end="13" row-start="13" text="">
   </cell>
   <cell col-end="6" col-start="6" row-end="13" row-start="13" text="">
   </cell>
   <cell col-end="7" col-start="7" row-end="13" row-start="13" text="">
   </cell>
   <cell col-end="8" col-start="8" row-end="13" row-start="13" text="">
   </cell>
   <cell col-end="9" col-start="9" row-end="13" row-start="13" text="0.18
     

       ⁎⁎⁎">
   </cell>
   <cell col-end="10" col-start="10" row-end="13" row-start="13" text="0.02">
   </cell>
   <cell col-end="11" col-start="11" row-end="13" row-start="13" text="0.19
     

       ⁎⁎⁎">
   </cell>
   <cell col-end="12" col-start="12" row-end="13" row-start="13" text="0.02">
   </cell>
   <cell col-end="13" col-start="13" row-end="13" row-start="13" text="−0.34
     

       ⁎⁎⁎">
   </cell>
   <cell col-end="14" col-start="14" row-end="13" row-start="13" text="0.04">
   </cell>
   <cell col-end="15" col-start="15" row-end="13" row-start="13" text="−0.30
     

       ⁎⁎⁎">
   </cell>
   <cell col-end="16" col-start="16" row-end="13" row-start="13" text="0.05">
   </cell>
  </row>
  <row row="14">
   <cell col-end="0" col-start="0" row-end="14" row-start="14" text="Autonomy">
   </cell>
   <cell col-end="1" col-start="1" row-end="14" row-start="14" text="">
   </cell>
   <cell col-end="2" col-start="2" row-end="14" row-start="14" text="">
   </cell>
   <cell col-end="3" col-start="3" row-end="14" row-start="14" text="">
   </cell>
   <cell col-end="4" col-start="4" row-end="14" row-start="14" text="">
   </cell>
   <cell col-end="5" col-start="5" row-end="14" row-start="14" text="">
   </cell>
   <cell col-end="6" col-start="6" row-end="14" row-start="14" text="">
   </cell>
   <cell col-end="7" col-start="7" row-end="14" row-start="14" text="">
   </cell>
   <cell col-end="8" col-start="8" row-end="14" row-start="14" text="">
   </cell>
   <cell col-end="9" col-start="9" row-end="14" row-start="14" text="0.26
     

       ⁎⁎⁎">
   </cell>
   <cell col-end="10" col-start="10" row-end="14" row-start="14" text="0.02">
   </cell>
   <cell col-end="11" col-start="11" row-end="14" row-start="14" text="0.30
     

       ⁎⁎⁎">
   </cell>
   <cell col-end="12" col-start="12" row-end="14" row-start="14" text="0.02">
   </cell>
   <cell col-end="13" col-start="13" row-end="14" row-start="14" text="−0.41
     

       ⁎⁎⁎">
   </cell>
   <cell col-end="14" col-start="14" row-end="14" row-start="14" text="0.04">
   </cell>
   <cell col-end="15" col-start="15" row-end="14" row-start="14" text="−0.22
     

       ⁎⁎⁎">
   </cell>
   <cell col-end="16" col-start="16" row-end="14" row-start="14" text="0.05">
   </cell>
  </row>
  <row row="15">
   <cell col-end="0" col-start="0" row-end="15" row-start="15" text="Overall institution rating">
   </cell>
   <cell col-end="1" col-start="1" row-end="15" row-start="15" text="">
   </cell>
   <cell col-end="2" col-start="2" row-end="15" row-start="15" text="">
   </cell>
   <cell col-end="3" col-start="3" row-end="15" row-start="15" text="">
   </cell>
   <cell col-end="4" col-start="4" row-end="15" row-start="15" text="">
   </cell>
   <cell col-end="5" col-start="5" row-end="15" row-start="15" text="">
   </cell>
   <cell col-end="6" col-start="6" row-end="15" row-start="15" text="">
   </cell>
   <cell col-end="7" col-start="7" row-end="15" row-start="15" text="">
   </cell>
   <cell col-end="8" col-start="8" row-end="15" row-start="15" text="">
   </cell>
   <cell col-end="9" col-start="9" row-end="15" row-start="15" text="0.19
     

       ⁎⁎⁎">
   </cell>
   <cell col-end="10" col-start="10" row-end="15" row-start="15" text="0.01">
   </cell>
   <cell col-end="11" col-start="11" row-end="15" row-start="15" text="0.22
     

       ⁎⁎⁎">
   </cell>
   <cell col-end="12" col-start="12" row-end="15" row-start="15" text="0.02">
   </cell>
   <cell col-end="13" col-start="13" row-end="15" row-start="15" text="−0.37
     

       ⁎⁎⁎">
   </cell>
   <cell col-end="14" col-start="14" row-end="15" row-start="15" text="0.04">
   </cell>
   <cell col-end="15" col-start="15" row-end="15" row-start="15" text="−0.46
     

       ⁎⁎⁎">
   </cell>
   <cell col-end="16" col-start="16" row-end="15" row-start="15" text="0.11">
   </cell>
  </row>
  <statements>
   <statement id="0" text="All prison climate variables were entered in separate regression analyses." type="">
   </statement>
   <statement id="2" text="Misconduct of Model 1 and Model 2 are same." type="">
   </statement>
   <statement id="3" text="Peer relationships under Model 1 has no values." type="">
   </statement>
   <statement id="4" text="Relationships with staff under Model 1 has no values." type="">
   </statement>
   <statement id="5" text="the aggregated prison climate variables and various dependent variables are similar." type="">
   </statement>
   <statement id="6" text="The observed table is having unique values." type="">
   </statement>
   <statement id="9" text="Victimization of Model 1 and Model 2 are same." type="">
   </statement>
  </statements>
 </table>
</document>