<document>
 <table id="Table 1">
  <caption text="

   Summary of supply chain design models.
  
">
  </caption>
  <row row="0">
   <cell col-end="0" col-start="0" row-end="1" row-start="0" text="Authors">
   </cell>
   <cell col-end="1" col-start="1" row-end="1" row-start="0" text="Method">
   </cell>
   <cell col-end="7" col-start="2" row-end="0" row-start="0" text="SC Drivers">
   </cell>
  </row>
  <row row="1">
   <cell col-end="2" col-start="2" row-end="1" row-start="1" text="Facility">
   </cell>
   <cell col-end="3" col-start="3" row-end="1" row-start="1" text="Inventory">
   </cell>
   <cell col-end="4" col-start="4" row-end="1" row-start="1" text="Transportation">
   </cell>
   <cell col-end="5" col-start="5" row-end="1" row-start="1" text="Information">
   </cell>
   <cell col-end="6" col-start="6" row-end="1" row-start="1" text="Sourcing">
   </cell>
   <cell col-end="7" col-start="7" row-end="1" row-start="1" text="Pricing">
   </cell>
  </row>
  <row row="2">
   <cell col-end="0" col-start="0" row-end="2" row-start="2" text="Sabri and Beamon
     
      [40]">
   </cell>
   <cell col-end="1" col-start="1" row-end="2" row-start="2" text="Multi-objective mixed-integer programming model">
   </cell>
   <cell col-end="2" col-start="2" row-end="2" row-start="2" text="√">
   </cell>
   <cell col-end="3" col-start="3" row-end="2" row-start="2" text="">
   </cell>
   <cell col-end="4" col-start="4" row-end="2" row-start="2" text="√">
   </cell>
   <cell col-end="5" col-start="5" row-end="2" row-start="2" text="">
   </cell>
   <cell col-end="6" col-start="6" row-end="2" row-start="2" text="">
   </cell>
   <cell col-end="7" col-start="7" row-end="2" row-start="2" text="">
   </cell>
  </row>
  <row row="3">
   <cell col-end="0" col-start="0" row-end="3" row-start="3" text="Korpela et al.
     
      [23]">
   </cell>
   <cell col-end="1" col-start="1" row-end="3" row-start="3" text="Analytical hierarchy process and mixed-integer programming">
   </cell>
   <cell col-end="2" col-start="2" row-end="3" row-start="3" text="√">
   </cell>
   <cell col-end="3" col-start="3" row-end="3" row-start="3" text="">
   </cell>
   <cell col-end="4" col-start="4" row-end="3" row-start="3" text="">
   </cell>
   <cell col-end="5" col-start="5" row-end="3" row-start="3" text="">
   </cell>
   <cell col-end="6" col-start="6" row-end="3" row-start="3" text="√">
   </cell>
   <cell col-end="7" col-start="7" row-end="3" row-start="3" text="">
   </cell>
  </row>
  <row row="4">
   <cell col-end="0" col-start="0" row-end="4" row-start="4" text="Koops et al.
     
      [22]">
   </cell>
   <cell col-end="1" col-start="1" row-end="4" row-start="4" text="Structural equation modeling">
   </cell>
   <cell col-end="2" col-start="2" row-end="4" row-start="4" text="√">
   </cell>
   <cell col-end="3" col-start="3" row-end="4" row-start="4" text="">
   </cell>
   <cell col-end="4" col-start="4" row-end="4" row-start="4" text="">
   </cell>
   <cell col-end="5" col-start="5" row-end="4" row-start="4" text="">
   </cell>
   <cell col-end="6" col-start="6" row-end="4" row-start="4" text="√">
   </cell>
   <cell col-end="7" col-start="7" row-end="4" row-start="4" text="">
   </cell>
  </row>
  <row row="5">
   <cell col-end="0" col-start="0" row-end="5" row-start="5" text="Stratton and Warburton
     
      [46]">
   </cell>
   <cell col-end="1" col-start="1" row-end="5" row-start="5" text="Case-based theory of concept and The theory of inventive problem-solving—TRIZ">
   </cell>
   <cell col-end="2" col-start="2" row-end="5" row-start="5" text="√">
   </cell>
   <cell col-end="3" col-start="3" row-end="5" row-start="5" text="√">
   </cell>
   <cell col-end="4" col-start="4" row-end="5" row-start="5" text="">
   </cell>
   <cell col-end="5" col-start="5" row-end="5" row-start="5" text="">
   </cell>
   <cell col-end="6" col-start="6" row-end="5" row-start="5" text="">
   </cell>
   <cell col-end="7" col-start="7" row-end="5" row-start="5" text="">
   </cell>
  </row>
  <row row="6">
   <cell col-end="0" col-start="0" row-end="6" row-start="6" text="Holweg
     
      [19]">
   </cell>
   <cell col-end="1" col-start="1" row-end="6" row-start="6" text="Case-based conceptual model">
   </cell>
   <cell col-end="2" col-start="2" row-end="6" row-start="6" text="√">
   </cell>
   <cell col-end="3" col-start="3" row-end="6" row-start="6" text="">
   </cell>
   <cell col-end="4" col-start="4" row-end="6" row-start="6" text="">
   </cell>
   <cell col-end="5" col-start="5" row-end="6" row-start="6" text="">
   </cell>
   <cell col-end="6" col-start="6" row-end="6" row-start="6" text="">
   </cell>
   <cell col-end="7" col-start="7" row-end="6" row-start="6" text="">
   </cell>
  </row>
  <row row="7">
   <cell col-end="0" col-start="0" row-end="7" row-start="7" text="Minnich
     
      [30]">
   </cell>
   <cell col-end="1" col-start="1" row-end="7" row-start="7" text="Simulation">
   </cell>
   <cell col-end="2" col-start="2" row-end="7" row-start="7" text="√">
   </cell>
   <cell col-end="3" col-start="3" row-end="7" row-start="7" text="">
   </cell>
   <cell col-end="4" col-start="4" row-end="7" row-start="7" text="">
   </cell>
   <cell col-end="5" col-start="5" row-end="7" row-start="7" text="">
   </cell>
   <cell col-end="6" col-start="6" row-end="7" row-start="7" text="">
   </cell>
   <cell col-end="7" col-start="7" row-end="7" row-start="7" text="">
   </cell>
  </row>
  <row row="8">
   <cell col-end="0" col-start="0" row-end="8" row-start="8" text="Baghalian et al.
     
      [3]">
   </cell>
   <cell col-end="1" col-start="1" row-end="8" row-start="8" text="Mixed integer non-linear model">
   </cell>
   <cell col-end="2" col-start="2" row-end="8" row-start="8" text="√">
   </cell>
   <cell col-end="3" col-start="3" row-end="8" row-start="8" text="√">
   </cell>
   <cell col-end="4" col-start="4" row-end="8" row-start="8" text="√">
   </cell>
   <cell col-end="5" col-start="5" row-end="8" row-start="8" text="">
   </cell>
   <cell col-end="6" col-start="6" row-end="8" row-start="8" text="">
   </cell>
   <cell col-end="7" col-start="7" row-end="8" row-start="8" text="">
   </cell>
  </row>
  <row row="9">
   <cell col-end="0" col-start="0" row-end="9" row-start="9" text="Songsong and Papageorgiou
     
      [45]">
   </cell>
   <cell col-end="1" col-start="1" row-end="9" row-start="9" text="Multi-objective mixed-integer programming model">
   </cell>
   <cell col-end="2" col-start="2" row-end="9" row-start="9" text="√">
   </cell>
   <cell col-end="3" col-start="3" row-end="9" row-start="9" text="">
   </cell>
   <cell col-end="4" col-start="4" row-end="9" row-start="9" text="">
   </cell>
   <cell col-end="5" col-start="5" row-end="9" row-start="9" text="">
   </cell>
   <cell col-end="6" col-start="6" row-end="9" row-start="9" text="">
   </cell>
   <cell col-end="7" col-start="7" row-end="9" row-start="9" text="">
   </cell>
  </row>
  <row row="10">
   <cell col-end="0" col-start="0" row-end="10" row-start="10" text="Wei et al.
     
      [52]">
   </cell>
   <cell col-end="1" col-start="1" row-end="10" row-start="10" text="Game theory model">
   </cell>
   <cell col-end="2" col-start="2" row-end="10" row-start="10" text="√">
   </cell>
   <cell col-end="3" col-start="3" row-end="10" row-start="10" text="">
   </cell>
   <cell col-end="4" col-start="4" row-end="10" row-start="10" text="">
   </cell>
   <cell col-end="5" col-start="5" row-end="10" row-start="10" text="">
   </cell>
   <cell col-end="6" col-start="6" row-end="10" row-start="10" text="">
   </cell>
   <cell col-end="7" col-start="7" row-end="10" row-start="10" text="√">
   </cell>
  </row>
  <row row="11">
   <cell col-end="0" col-start="0" row-end="11" row-start="11" text="Rahimi et al.
     
      [37]">
   </cell>
   <cell col-end="1" col-start="1" row-end="11" row-start="11" text="Mixed integer linear programming model">
   </cell>
   <cell col-end="2" col-start="2" row-end="11" row-start="11" text="√">
   </cell>
   <cell col-end="3" col-start="3" row-end="11" row-start="11" text="">
   </cell>
   <cell col-end="4" col-start="4" row-end="11" row-start="11" text="√">
   </cell>
   <cell col-end="5" col-start="5" row-end="11" row-start="11" text="">
   </cell>
   <cell col-end="6" col-start="6" row-end="11" row-start="11" text="√">
   </cell>
   <cell col-end="7" col-start="7" row-end="11" row-start="11" text="">
   </cell>
  </row>
  <row row="12">
   <cell col-end="0" col-start="0" row-end="12" row-start="12" text="Zhang et al.
     
      [55]">
   </cell>
   <cell col-end="1" col-start="1" row-end="12" row-start="12" text="Mixed integer non-linear programming">
   </cell>
   <cell col-end="2" col-start="2" row-end="12" row-start="12" text="√">
   </cell>
   <cell col-end="3" col-start="3" row-end="12" row-start="12" text="">
   </cell>
   <cell col-end="4" col-start="4" row-end="12" row-start="12" text="√">
   </cell>
   <cell col-end="5" col-start="5" row-end="12" row-start="12" text="">
   </cell>
   <cell col-end="6" col-start="6" row-end="12" row-start="12" text="√">
   </cell>
   <cell col-end="7" col-start="7" row-end="12" row-start="12" text="">
   </cell>
  </row>
  <row row="13">
   <cell col-end="0" col-start="0" row-end="13" row-start="13" text="Bilir et al.
     
      [6]">
   </cell>
   <cell col-end="1" col-start="1" row-end="13" row-start="13" text="Multi-objective mixed integer programming model">
   </cell>
   <cell col-end="2" col-start="2" row-end="13" row-start="13" text="√">
   </cell>
   <cell col-end="3" col-start="3" row-end="13" row-start="13" text="">
   </cell>
   <cell col-end="4" col-start="4" row-end="13" row-start="13" text="√">
   </cell>
   <cell col-end="5" col-start="5" row-end="13" row-start="13" text="">
   </cell>
   <cell col-end="6" col-start="6" row-end="13" row-start="13" text="">
   </cell>
   <cell col-end="7" col-start="7" row-end="13" row-start="13" text="√">
   </cell>
  </row>
  <row row="14">
   <cell col-end="0" col-start="0" row-end="14" row-start="14" text="Alhusain and Khorramshahgol
     
      [1]">
   </cell>
   <cell col-end="1" col-start="1" row-end="14" row-start="14" text="Multi-objective binary integer programming model">
   </cell>
   <cell col-end="2" col-start="2" row-end="14" row-start="14" text="√">
   </cell>
   <cell col-end="3" col-start="3" row-end="14" row-start="14" text="√">
   </cell>
   <cell col-end="4" col-start="4" row-end="14" row-start="14" text="√">
   </cell>
   <cell col-end="5" col-start="5" row-end="14" row-start="14" text="√">
   </cell>
   <cell col-end="6" col-start="6" row-end="14" row-start="14" text="√">
   </cell>
   <cell col-end="7" col-start="7" row-end="14" row-start="14" text="√">
   </cell>
  </row>
  <row row="15">
   <cell col-end="0" col-start="0" row-end="15" row-start="15" text="Gholami et al.
     
      [16]">
   </cell>
   <cell col-end="1" col-start="1" row-end="15" row-start="15" text="Multi-objective mixed-integer programming model">
   </cell>
   <cell col-end="2" col-start="2" row-end="15" row-start="15" text="√">
   </cell>
   <cell col-end="3" col-start="3" row-end="15" row-start="15" text="">
   </cell>
   <cell col-end="4" col-start="4" row-end="15" row-start="15" text="√">
   </cell>
   <cell col-end="5" col-start="5" row-end="15" row-start="15" text="">
   </cell>
   <cell col-end="6" col-start="6" row-end="15" row-start="15" text="√">
   </cell>
   <cell col-end="7" col-start="7" row-end="15" row-start="15" text="">
   </cell>
  </row>
  <row row="16">
   <cell col-end="0" col-start="0" row-end="16" row-start="16" text="Sun and Wang
     
      [47]">
   </cell>
   <cell col-end="1" col-start="1" row-end="16" row-start="16" text="Hybrid evolutionary algorithm">
   </cell>
   <cell col-end="2" col-start="2" row-end="16" row-start="16" text="√">
   </cell>
   <cell col-end="3" col-start="3" row-end="16" row-start="16" text="">
   </cell>
   <cell col-end="4" col-start="4" row-end="16" row-start="16" text="√">
   </cell>
   <cell col-end="5" col-start="5" row-end="16" row-start="16" text="">
   </cell>
   <cell col-end="6" col-start="6" row-end="16" row-start="16" text="">
   </cell>
   <cell col-end="7" col-start="7" row-end="16" row-start="16" text="">
   </cell>
  </row>
  <row row="17">
   <cell col-end="0" col-start="0" row-end="17" row-start="17" text="Yang et al.
     
      [53]">
   </cell>
   <cell col-end="1" col-start="1" row-end="17" row-start="17" text="Multi-objective optimization model">
   </cell>
   <cell col-end="2" col-start="2" row-end="17" row-start="17" text="√">
   </cell>
   <cell col-end="3" col-start="3" row-end="17" row-start="17" text="">
   </cell>
   <cell col-end="4" col-start="4" row-end="17" row-start="17" text="">
   </cell>
   <cell col-end="5" col-start="5" row-end="17" row-start="17" text="">
   </cell>
   <cell col-end="6" col-start="6" row-end="17" row-start="17" text="√">
   </cell>
   <cell col-end="7" col-start="7" row-end="17" row-start="17" text="">
   </cell>
  </row>
  <statements>
   <statement id="0" text="Inventory is present for all methods." type="">
   </statement>
   <statement id="1" text="Pricing is given only of method 'Multi-objective binary integer programming model'." type="">
   </statement>
   <statement id="4" text="There are total sixteen methods are given in the table." type="">
   </statement>
  </statements>
 </table>
 <table id="Table 3">
  <caption text="

   Pair-wise comparison scale.
  
">
  </caption>
  <row row="0">
   <cell col-end="0" col-start="0" row-end="0" row-start="0" text="Intensity of Importance">
   </cell>
   <cell col-end="1" col-start="1" row-end="0" row-start="0" text="Definition">
   </cell>
  </row>
  <row row="1">
   <cell col-end="0" col-start="0" row-end="1" row-start="1" text="1">
   </cell>
   <cell col-end="1" col-start="1" row-end="1" row-start="1" text="Equal importance of both elements">
   </cell>
  </row>
  <row row="2">
   <cell col-end="0" col-start="0" row-end="2" row-start="2" text="3">
   </cell>
   <cell col-end="1" col-start="1" row-end="2" row-start="2" text="Weak importance of one element over another">
   </cell>
  </row>
  <row row="3">
   <cell col-end="0" col-start="0" row-end="3" row-start="3" text="5">
   </cell>
   <cell col-end="1" col-start="1" row-end="3" row-start="3" text="Essential or strong importance of one element over another">
   </cell>
  </row>
  <row row="4">
   <cell col-end="0" col-start="0" row-end="4" row-start="4" text="7">
   </cell>
   <cell col-end="1" col-start="1" row-end="4" row-start="4" text="Demonstrated importance of one element over another">
   </cell>
  </row>
  <row row="5">
   <cell col-end="0" col-start="0" row-end="5" row-start="5" text="9">
   </cell>
   <cell col-end="1" col-start="1" row-end="5" row-start="5" text="Absolute importance of one element over another">
   </cell>
  </row>
  <row row="6">
   <cell col-end="0" col-start="0" row-end="6" row-start="6" text="2,4,6,8">
   </cell>
   <cell col-end="1" col-start="1" row-end="6" row-start="6" text="Intermediate values between two adjacent judgments">
   </cell>
  </row>
  <statements>
   <statement id="0" text="Intensity of Importance of 1 definition is Equal importance of both elements." type="">
   </statement>
   <statement id="2" text="Intensity of Importance of 3 definition is Intermediate values between two adjacent judgments." type="">
   </statement>
   <statement id="3" text="Intensity of Importance of 5 definition is Demonstrated importance of one element over another." type="">
   </statement>
   <statement id="4" text="Intensity of Importance of 7 definition is Demonstrated importance of one element over another." type="">
   </statement>
   <statement id="5" text="Intensity of Importance of 8 definition is Equal importance of both elements." type="">
   </statement>
   <statement id="6" text="Intensity of Importance of 9 definition is Absolute importance of one element over another." type="">
   </statement>
   <statement id="9" text="The PWC matrices, containing weights for the sub-criteria, are given in Tables 7 and 8 along with the CR for each." type="">
   </statement>
  </statements>
 </table>
 <table id="Table 6">
  <caption text="

   Pair-wise comparisons of criteria.
  
">
  </caption>
  <row row="0">
   <cell col-end="0" col-start="0" row-end="0" row-start="0" text="Criteria of Evaluation">
   </cell>
   <cell col-end="1" col-start="1" row-end="0" row-start="0" text="Eff">
   </cell>
   <cell col-end="2" col-start="2" row-end="0" row-start="0" text="Res">
   </cell>
   <cell col-end="3" col-start="3" row-end="0" row-start="0" text="Weight">
   </cell>
   <cell col-end="4" col-start="4" row-end="0" row-start="0" text="CR">
   </cell>
  </row>
  <row row="1">
   <cell col-end="0" col-start="0" row-end="1" row-start="1" text="Eff">
   </cell>
   <cell col-end="1" col-start="1" row-end="1" row-start="1" text="1">
   </cell>
   <cell col-end="2" col-start="2" row-end="1" row-start="1" text="7">
   </cell>
   <cell col-end="3" col-start="3" row-end="1" row-start="1" text="0.875">
   </cell>
   <cell col-end="4" col-start="4" row-end="1" row-start="1" text="0%">
   </cell>
  </row>
  <row row="2">
   <cell col-end="0" col-start="0" row-end="2" row-start="2" text="Res">
   </cell>
   <cell col-end="1" col-start="1" row-end="2" row-start="2" text="1/7">
   </cell>
   <cell col-end="2" col-start="2" row-end="2" row-start="2" text="1">
   </cell>
   <cell col-end="3" col-start="3" row-end="2" row-start="2" text="0.125">
   </cell>
   <cell col-end="4" col-start="4" row-end="2" row-start="2" text="">
   </cell>
  </row>
  <statements>
   <statement id="1" text="Eff is 8 in Res." type="">
   </statement>
   <statement id="2" text="Eff weight is 0.875." type="">
   </statement>
   <statement id="3" text="res is 7 in Eff." type="">
   </statement>
   <statement id="4" text="Res weight is 0.125." type="">
   </statement>
  </statements>
 </table>
 <table id="Table 9">
  <caption text="

   Pair-wise comparison of efficiency of production (Ep).
  
">
  </caption>
  <row row="0">
   <cell col-end="0" col-start="0" row-end="0" row-start="0" text="Efficiency of Production (Ep)">
   </cell>
   <cell col-end="1" col-start="1" row-end="0" row-start="0" text="D1">
   </cell>
   <cell col-end="2" col-start="2" row-end="0" row-start="0" text="D2">
   </cell>
   <cell col-end="3" col-start="3" row-end="0" row-start="0" text="D3">
   </cell>
   <cell col-end="4" col-start="4" row-end="0" row-start="0" text="D4">
   </cell>
   <cell col-end="5" col-start="5" row-end="0" row-start="0" text="D5">
   </cell>
   <cell col-end="6" col-start="6" row-end="0" row-start="0" text="D6">
   </cell>
   <cell col-end="7" col-start="7" row-end="0" row-start="0" text="Weight">
   </cell>
   <cell col-end="8" col-start="8" row-end="0" row-start="0" text="CR">
   </cell>
  </row>
  <row row="1">
   <cell col-end="0" col-start="0" row-end="1" row-start="1" text="D1">
   </cell>
   <cell col-end="1" col-start="1" row-end="1" row-start="1" text="1">
   </cell>
   <cell col-end="2" col-start="2" row-end="1" row-start="1" text="1/8">
   </cell>
   <cell col-end="3" col-start="3" row-end="1" row-start="1" text="1/6">
   </cell>
   <cell col-end="4" col-start="4" row-end="1" row-start="1" text="1/7">
   </cell>
   <cell col-end="5" col-start="5" row-end="1" row-start="1" text="1/8">
   </cell>
   <cell col-end="6" col-start="6" row-end="1" row-start="1" text="4">
   </cell>
   <cell col-end="7" col-start="7" row-end="1" row-start="1" text="0.041">
   </cell>
   <cell col-end="8" col-start="8" row-end="1" row-start="1" text="4.40%">
   </cell>
  </row>
  <row row="2">
   <cell col-end="0" col-start="0" row-end="2" row-start="2" text="D2">
   </cell>
   <cell col-end="1" col-start="1" row-end="2" row-start="2" text="8">
   </cell>
   <cell col-end="2" col-start="2" row-end="2" row-start="2" text="1">
   </cell>
   <cell col-end="3" col-start="3" row-end="2" row-start="2" text="2">
   </cell>
   <cell col-end="4" col-start="4" row-end="2" row-start="2" text="1">
   </cell>
   <cell col-end="5" col-start="5" row-end="2" row-start="2" text="1">
   </cell>
   <cell col-end="6" col-start="6" row-end="2" row-start="2" text="9">
   </cell>
   <cell col-end="7" col-start="7" row-end="2" row-start="2" text="0.258">
   </cell>
   <cell col-end="8" col-start="8" row-end="2" row-start="2" text="">
   </cell>
  </row>
  <row row="3">
   <cell col-end="0" col-start="0" row-end="3" row-start="3" text="D3">
   </cell>
   <cell col-end="1" col-start="1" row-end="3" row-start="3" text="6">
   </cell>
   <cell col-end="2" col-start="2" row-end="3" row-start="3" text="1/2">
   </cell>
   <cell col-end="3" col-start="3" row-end="3" row-start="3" text="1">
   </cell>
   <cell col-end="4" col-start="4" row-end="3" row-start="3" text="1/2">
   </cell>
   <cell col-end="5" col-start="5" row-end="3" row-start="3" text="1/3">
   </cell>
   <cell col-end="6" col-start="6" row-end="3" row-start="3" text="8">
   </cell>
   <cell col-end="7" col-start="7" row-end="3" row-start="3" text="0.148">
   </cell>
   <cell col-end="8" col-start="8" row-end="3" row-start="3" text="">
   </cell>
  </row>
  <row row="4">
   <cell col-end="0" col-start="0" row-end="4" row-start="4" text="D4">
   </cell>
   <cell col-end="1" col-start="1" row-end="4" row-start="4" text="7">
   </cell>
   <cell col-end="2" col-start="2" row-end="4" row-start="4" text="1">
   </cell>
   <cell col-end="3" col-start="3" row-end="4" row-start="4" text="2">
   </cell>
   <cell col-end="4" col-start="4" row-end="4" row-start="4" text="1">
   </cell>
   <cell col-end="5" col-start="5" row-end="4" row-start="4" text="1">
   </cell>
   <cell col-end="6" col-start="6" row-end="4" row-start="4" text="9">
   </cell>
   <cell col-end="7" col-start="7" row-end="4" row-start="4" text="0.252">
   </cell>
   <cell col-end="8" col-start="8" row-end="4" row-start="4" text="">
   </cell>
  </row>
  <row row="5">
   <cell col-end="0" col-start="0" row-end="5" row-start="5" text="D5">
   </cell>
   <cell col-end="1" col-start="1" row-end="5" row-start="5" text="8">
   </cell>
   <cell col-end="2" col-start="2" row-end="5" row-start="5" text="1">
   </cell>
   <cell col-end="3" col-start="3" row-end="5" row-start="5" text="3">
   </cell>
   <cell col-end="4" col-start="4" row-end="5" row-start="5" text="1">
   </cell>
   <cell col-end="5" col-start="5" row-end="5" row-start="5" text="1">
   </cell>
   <cell col-end="6" col-start="6" row-end="5" row-start="5" text="8">
   </cell>
   <cell col-end="7" col-start="7" row-end="5" row-start="5" text="0.278">
   </cell>
   <cell col-end="8" col-start="8" row-end="5" row-start="5" text="">
   </cell>
  </row>
  <row row="6">
   <cell col-end="0" col-start="0" row-end="6" row-start="6" text="D6">
   </cell>
   <cell col-end="1" col-start="1" row-end="6" row-start="6" text="1/4">
   </cell>
   <cell col-end="2" col-start="2" row-end="6" row-start="6" text="1/9">
   </cell>
   <cell col-end="3" col-start="3" row-end="6" row-start="6" text="1/8">
   </cell>
   <cell col-end="4" col-start="4" row-end="6" row-start="6" text="1/9">
   </cell>
   <cell col-end="5" col-start="5" row-end="6" row-start="6" text="1/8">
   </cell>
   <cell col-end="6" col-start="6" row-end="6" row-start="6" text="1">
   </cell>
   <cell col-end="7" col-start="7" row-end="6" row-start="6" text="0.023">
   </cell>
   <cell col-end="8" col-start="8" row-end="6" row-start="6" text="">
   </cell>
  </row>
  <statements>
   <statement id="0" text="CR 4.40% Efficiency of Production (Ep) is D1." type="">
   </statement>
   <statement id="1" text="Efficiency of Production (Ep) D1 is 1." type="">
   </statement>
   <statement id="3" text="Since CR = 4.4%, there are no inconsistencies in the judgments." type="">
   </statement>
  </statements>
 </table>
 <table id="Table 10">
  <caption text="

   Weights of criteria, sub-criteria, and alternatives.
  
">
  </caption>
  <row row="0">
   <cell col-end="0" col-start="0" row-end="0" row-start="0" text="">
   </cell>
   <cell col-end="3" col-start="1" row-end="0" row-start="0" text="Efficiency">
   </cell>
   <cell col-end="9" col-start="4" row-end="0" row-start="0" text="Responsiveness">
   </cell>
  </row>
  <row row="1">
   <cell col-end="0" col-start="0" row-end="1" row-start="1" text="">
   </cell>
   <cell col-end="3" col-start="1" row-end="1" row-start="1" text="0.875">
   </cell>
   <cell col-end="9" col-start="4" row-end="1" row-start="1" text="0.125">
   </cell>
  </row>
  <row row="2">
   <cell col-end="0" col-start="0" row-end="2" row-start="2" text="">
   </cell>
   <cell col-end="1" col-start="1" row-end="2" row-start="2" text="Ep">
   </cell>
   <cell col-end="2" col-start="2" row-end="2" row-start="2" text="Ei">
   </cell>
   <cell col-end="3" col-start="3" row-end="2" row-start="2" text="Et">
   </cell>
   <cell col-end="4" col-start="4" row-end="2" row-start="2" text="Rs">
   </cell>
   <cell col-end="5" col-start="5" row-end="2" row-start="2" text="Rva">
   </cell>
   <cell col-end="6" col-start="6" row-end="2" row-start="2" text="Rvo">
   </cell>
   <cell col-end="7" col-start="7" row-end="3" row-start="2" text="Eff Weights">
   </cell>
   <cell col-end="8" col-start="8" row-end="3" row-start="2" text="Res Weights">
   </cell>
   <cell col-end="9" col-start="9" row-end="3" row-start="2" text="Overall Weights">
   </cell>
  </row>
  <row row="3">
   <cell col-end="0" col-start="0" row-end="3" row-start="3" text="Driver">
   </cell>
   <cell col-end="1" col-start="1" row-end="3" row-start="3" text="0.109">
   </cell>
   <cell col-end="2" col-start="2" row-end="3" row-start="3" text="0.582">
   </cell>
   <cell col-end="3" col-start="3" row-end="3" row-start="3" text="0.309">
   </cell>
   <cell col-end="4" col-start="4" row-end="3" row-start="3" text="0.687">
   </cell>
   <cell col-end="5" col-start="5" row-end="3" row-start="3" text="0.186">
   </cell>
   <cell col-end="6" col-start="6" row-end="3" row-start="3" text="0.127">
   </cell>
  </row>
  <row row="4">
   <cell col-end="0" col-start="0" row-end="4" row-start="4" text="1">
   </cell>
   <cell col-end="1" col-start="1" row-end="4" row-start="4" text="0.041">
   </cell>
   <cell col-end="2" col-start="2" row-end="4" row-start="4" text="0.046">
   </cell>
   <cell col-end="3" col-start="3" row-end="4" row-start="4" text="0.052">
   </cell>
   <cell col-end="4" col-start="4" row-end="4" row-start="4" text="0.086">
   </cell>
   <cell col-end="5" col-start="5" row-end="4" row-start="4" text="0.213">
   </cell>
   <cell col-end="6" col-start="6" row-end="4" row-start="4" text="0.129">
   </cell>
   <cell col-end="7" col-start="7" row-end="4" row-start="4" text="0.0414">
   </cell>
   <cell col-end="8" col-start="8" row-end="4" row-start="4" text="0.01439">
   </cell>
   <cell col-end="9" col-start="9" row-end="4" row-start="4" text="0.05578">
   </cell>
  </row>
  <row row="5">
   <cell col-end="0" col-start="0" row-end="5" row-start="5" text="2">
   </cell>
   <cell col-end="1" col-start="1" row-end="5" row-start="5" text="0.258">
   </cell>
   <cell col-end="2" col-start="2" row-end="5" row-start="5" text="0.106">
   </cell>
   <cell col-end="3" col-start="3" row-end="5" row-start="5" text="0.211">
   </cell>
   <cell col-end="4" col-start="4" row-end="5" row-start="5" text="0.166">
   </cell>
   <cell col-end="5" col-start="5" row-end="5" row-start="5" text="0.072">
   </cell>
   <cell col-end="6" col-start="6" row-end="5" row-start="5" text="0.084">
   </cell>
   <cell col-end="7" col-start="7" row-end="5" row-start="5" text="0.13564">
   </cell>
   <cell col-end="8" col-start="8" row-end="5" row-start="5" text="0.01726">
   </cell>
   <cell col-end="9" col-start="9" row-end="5" row-start="5" text="0.1529">
   </cell>
  </row>
  <row row="6">
   <cell col-end="0" col-start="0" row-end="6" row-start="6" text="3">
   </cell>
   <cell col-end="1" col-start="1" row-end="6" row-start="6" text="0.148">
   </cell>
   <cell col-end="2" col-start="2" row-end="6" row-start="6" text="0.369">
   </cell>
   <cell col-end="3" col-start="3" row-end="6" row-start="6" text="0.196">
   </cell>
   <cell col-end="4" col-start="4" row-end="6" row-start="6" text="0.229">
   </cell>
   <cell col-end="5" col-start="5" row-end="6" row-start="6" text="0.073">
   </cell>
   <cell col-end="6" col-start="6" row-end="6" row-start="6" text="0.163">
   </cell>
   <cell col-end="7" col-start="7" row-end="6" row-start="6" text="0.25502">
   </cell>
   <cell col-end="8" col-start="8" row-end="6" row-start="6" text="0.02395">
   </cell>
   <cell col-end="9" col-start="9" row-end="6" row-start="6" text="0.27897">
   </cell>
  </row>
  <row row="7">
   <cell col-end="0" col-start="0" row-end="7" row-start="7" text="4">
   </cell>
   <cell col-end="1" col-start="1" row-end="7" row-start="7" text="0.252">
   </cell>
   <cell col-end="2" col-start="2" row-end="7" row-start="7" text="0.151">
   </cell>
   <cell col-end="3" col-start="3" row-end="7" row-start="7" text="0.104">
   </cell>
   <cell col-end="4" col-start="4" row-end="7" row-start="7" text="0.033">
   </cell>
   <cell col-end="5" col-start="5" row-end="7" row-start="7" text="0.064">
   </cell>
   <cell col-end="6" col-start="6" row-end="7" row-start="7" text="0.212">
   </cell>
   <cell col-end="7" col-start="7" row-end="7" row-start="7" text="0.12905">
   </cell>
   <cell col-end="8" col-start="8" row-end="7" row-start="7" text="0.00769">
   </cell>
   <cell col-end="9" col-start="9" row-end="7" row-start="7" text="0.13674">
   </cell>
  </row>
  <row row="8">
   <cell col-end="0" col-start="0" row-end="8" row-start="8" text="5">
   </cell>
   <cell col-end="1" col-start="1" row-end="8" row-start="8" text="0.278">
   </cell>
   <cell col-end="2" col-start="2" row-end="8" row-start="8" text="0.205">
   </cell>
   <cell col-end="3" col-start="3" row-end="8" row-start="8" text="0.411">
   </cell>
   <cell col-end="4" col-start="4" row-end="8" row-start="8" text="0.46">
   </cell>
   <cell col-end="5" col-start="5" row-end="8" row-start="8" text="0.548">
   </cell>
   <cell col-end="6" col-start="6" row-end="8" row-start="8" text="0.389">
   </cell>
   <cell col-end="7" col-start="7" row-end="8" row-start="8" text="0.24203">
   </cell>
   <cell col-end="8" col-start="8" row-end="8" row-start="8" text="0.05842">
   </cell>
   <cell col-end="9" col-start="9" row-end="8" row-start="8" text="0.30045">
   </cell>
  </row>
  <row row="9">
   <cell col-end="0" col-start="0" row-end="9" row-start="9" text="6">
   </cell>
   <cell col-end="1" col-start="1" row-end="9" row-start="9" text="0.023">
   </cell>
   <cell col-end="2" col-start="2" row-end="9" row-start="9" text="0.123">
   </cell>
   <cell col-end="3" col-start="3" row-end="9" row-start="9" text="0.026">
   </cell>
   <cell col-end="4" col-start="4" row-end="9" row-start="9" text="0.026">
   </cell>
   <cell col-end="5" col-start="5" row-end="9" row-start="9" text="0.03">
   </cell>
   <cell col-end="6" col-start="6" row-end="9" row-start="9" text="0.024">
   </cell>
   <cell col-end="7" col-start="7" row-end="9" row-start="9" text="0.07186">
   </cell>
   <cell col-end="8" col-start="8" row-end="9" row-start="9" text="0.00331">
   </cell>
   <cell col-end="9" col-start="9" row-end="9" row-start="9" text="0.07517">
   </cell>
  </row>
  <statements>
   <statement id="0" text="All the values given in the table is &lt;0." type="">
   </statement>
   <statement id="1" text="All the values given in the table is &gt;0." type="">
   </statement>
   <statement id="2" text="The highest Rs value is 0.687 of driver row." type="">
   </statement>
   <statement id="3" text="The lowest Et value is 0.026." type="">
   </statement>
   <statement id="5" text="The overall weights is for all the rows." type="">
   </statement>
  </statements>
 </table>
 <table id="Table 11">
  <caption text="

   Efficiency and responsiveness scores of the likert scale.
  
">
  </caption>
  <row row="0">
   <cell col-end="0" col-start="0" row-end="1" row-start="0" text="Score">
   </cell>
   <cell col-end="2" col-start="1" row-end="0" row-start="0" text="Interpretation">
   </cell>
  </row>
  <row row="1">
   <cell col-end="1" col-start="1" row-end="1" row-start="1" text="Efficiency">
   </cell>
   <cell col-end="2" col-start="2" row-end="1" row-start="1" text="Responsiveness">
   </cell>
  </row>
  <row row="2">
   <cell col-end="0" col-start="0" row-end="2" row-start="2" text="1">
   </cell>
   <cell col-end="1" col-start="1" row-end="2" row-start="2" text="Strongly inefficient">
   </cell>
   <cell col-end="2" col-start="2" row-end="2" row-start="2" text="Very poorly responsive">
   </cell>
  </row>
  <row row="3">
   <cell col-end="0" col-start="0" row-end="3" row-start="3" text="2">
   </cell>
   <cell col-end="1" col-start="1" row-end="3" row-start="3" text="Somewhat inefficient">
   </cell>
   <cell col-end="2" col-start="2" row-end="3" row-start="3" text="Poorly responsive">
   </cell>
  </row>
  <row row="4">
   <cell col-end="0" col-start="0" row-end="4" row-start="4" text="3">
   </cell>
   <cell col-end="1" col-start="1" row-end="4" row-start="4" text="Moderately efficient">
   </cell>
   <cell col-end="2" col-start="2" row-end="4" row-start="4" text="Moderately Responsive">
   </cell>
  </row>
  <row row="5">
   <cell col-end="0" col-start="0" row-end="5" row-start="5" text="4">
   </cell>
   <cell col-end="1" col-start="1" row-end="5" row-start="5" text="Efficient">
   </cell>
   <cell col-end="2" col-start="2" row-end="5" row-start="5" text="Responsive">
   </cell>
  </row>
  <row row="6">
   <cell col-end="0" col-start="0" row-end="6" row-start="6" text="5">
   </cell>
   <cell col-end="1" col-start="1" row-end="6" row-start="6" text="Strongly efficient">
   </cell>
   <cell col-end="2" col-start="2" row-end="6" row-start="6" text="Strongly responsive">
   </cell>
  </row>
  <statements>
   <statement id="0" text="For example, for the decision variable representing flexible manufacturing in the facility driver, a decision-maker should input a score from 1 to 5 for both its efficiency and responsiveness effect on the overall SC design." type="">
   </statement>
   <statement id="3" text="The Efficiency of Somewhat inefficient have Responsiveness Poorly responsive." type="">
   </statement>
   <statement id="4" text="The Efficiency of Strongly inefficient have Responsiveness Responsive." type="">
   </statement>
   <statement id="6" text="The same procedure is carried out for all decision components for all drivers." type="">
   </statement>
  </statements>
 </table>
 <table id="Table 15">
  <caption text="

   Summary of the results for all scenarios.
  
">
  </caption>
  <row row="0">
   <cell col-end="0" col-start="0" row-end="0" row-start="0" text="Scenario">
   </cell>
   <cell col-end="1" col-start="1" row-end="0" row-start="0" text="Efficiency">
   </cell>
   <cell col-end="2" col-start="2" row-end="0" row-start="0" text="Responsiveness">
   </cell>
  </row>
  <row row="1">
   <cell col-end="0" col-start="0" row-end="1" row-start="1" text="S1">
   </cell>
   <cell col-end="1" col-start="1" row-end="1" row-start="1" text="95">
   </cell>
   <cell col-end="2" col-start="2" row-end="1" row-start="1" text="57">
   </cell>
  </row>
  <row row="2">
   <cell col-end="0" col-start="0" row-end="2" row-start="2" text="S2">
   </cell>
   <cell col-end="1" col-start="1" row-end="2" row-start="2" text="50">
   </cell>
   <cell col-end="2" col-start="2" row-end="2" row-start="2" text="105">
   </cell>
  </row>
  <row row="3">
   <cell col-end="0" col-start="0" row-end="3" row-start="3" text="S3">
   </cell>
   <cell col-end="1" col-start="1" row-end="3" row-start="3" text="78">
   </cell>
   <cell col-end="2" col-start="2" row-end="3" row-start="3" text="81">
   </cell>
  </row>
  <row row="4">
   <cell col-end="0" col-start="0" row-end="4" row-start="4" text="S4">
   </cell>
   <cell col-end="1" col-start="1" row-end="4" row-start="4" text="83">
   </cell>
   <cell col-end="2" col-start="2" row-end="4" row-start="4" text="75">
   </cell>
  </row>
  <row row="5">
   <cell col-end="0" col-start="0" row-end="5" row-start="5" text="S5">
   </cell>
   <cell col-end="1" col-start="1" row-end="5" row-start="5" text="71">
   </cell>
   <cell col-end="2" col-start="2" row-end="5" row-start="5" text="89">
   </cell>
  </row>
  <statements>
   <statement id="1" text="Scenario S1 has highest Efficiency of 95." type="">
   </statement>
   <statement id="4" text="There are five different Summary of the results for all scenarios." type="">
   </statement>
  </statements>
 </table>
</document>