<document>
 <table id="Table 1">
  <caption text="

   Terminologies used in data analysis.
  
">
  </caption>
  <row row="0">
   <cell col-end="0" col-start="0" row-end="0" row-start="0" text="Terms">
   </cell>
   <cell col-end="1" col-start="1" row-end="0" row-start="0" text="Descriptions">
   </cell>
  </row>
  <row row="1">
   <cell col-end="0" col-start="0" row-end="1" row-start="1" text="Inoculum">
   </cell>
   <cell col-end="1" col-start="1" row-end="1" row-start="1" text="The organic material containing bacteria used for setting up anaerobic digestion environment.">
   </cell>
  </row>
  <row row="2">
   <cell col-end="0" col-start="0" row-end="2" row-start="2" text="Substrates">
   </cell>
   <cell col-end="1" col-start="1" row-end="2" row-start="2" text="The organic materials used as raw-materials for anaerobic digestion.">
   </cell>
  </row>
  <row row="3">
   <cell col-end="0" col-start="0" row-end="3" row-start="3" text="Total solids">
   </cell>
   <cell col-end="1" col-start="1" row-end="3" row-start="3" text="The total solid component of the substrates and inoculum left after drying.">
   </cell>
  </row>
  <row row="4">
   <cell col-end="0" col-start="0" row-end="4" row-start="4" text="Volatile solids">
   </cell>
   <cell col-end="1" col-start="1" row-end="4" row-start="4" text="The total organic component of the dried substrates and inoculum lost after combustion.">
   </cell>
  </row>
  <row row="5">
   <cell col-end="0" col-start="0" row-end="5" row-start="5" text="Ash">
   </cell>
   <cell col-end="1" col-start="1" row-end="5" row-start="5" text="The inorganic component of the total solids left after combustion.">
   </cell>
  </row>
  <row row="6">
   <cell col-end="0" col-start="0" row-end="6" row-start="6" text="S:I ratio">
   </cell>
   <cell col-end="1" col-start="1" row-end="6" row-start="6" text="The weight ratio between substrate and inoculum.">
   </cell>
  </row>
  <row row="7">
   <cell col-end="0" col-start="0" row-end="7" row-start="7" text="Anaerobic digestion">
   </cell>
   <cell col-end="1" col-start="1" row-end="7" row-start="7" text="The biological degradation of organic substrates at temperature regime suitable to anaerobic microbes' metabolic reactions.">
   </cell>
  </row>
  <row row="8">
   <cell col-end="0" col-start="0" row-end="8" row-start="8" text="Biogas">
   </cell>
   <cell col-end="1" col-start="1" row-end="8" row-start="8" text="The gas produced after series of complex biochemical reactions during anaerobic degradation of substrates.">
   </cell>
  </row>
  <row row="9">
   <cell col-end="0" col-start="0" row-end="9" row-start="9" text="Cumulative biogas yield">
   </cell>
   <cell col-end="1" col-start="1" row-end="9" row-start="9" text="The accumulated total of daily volumetric biogas yield.">
   </cell>
  </row>
  <row row="10">
   <cell col-end="0" col-start="0" row-end="10" row-start="10" text="Specific biogas yield">
   </cell>
   <cell col-end="1" col-start="1" row-end="10" row-start="10" text="The daily volumetric biogas yield per unit mass of total solids or volatile solids.">
   </cell>
  </row>
  <statements>
   <statement id="1" text="Ash inorganic component of the total solids left after combustion." type="">
   </statement>
   <statement id="2" text="Cumulative biogas yield ccumulated total of daily volumetric biogas yield." type="">
   </statement>
   <statement id="4" text="Substrates used as raw materials for anaerobic digestion." type="">
   </statement>
   <statement id="6" text="The set anaerobic temperature was mesophilic ( Table 1 ) at 39  1 C, which was constantly maintained by a sealed incubator ( Fig. 1 b) inside which the reactors were kept throughout." type="">
   </statement>
  </statements>
 </table>
 <table id="Table 2">
  <caption text="

   Designed input parameters during experimental set-up.
  
">
  </caption>
  <row row="0">
   <cell col-end="0" col-start="0" row-end="1" row-start="0" text="Experimental bottle ID">
   </cell>
   <cell col-end="1" col-start="1" row-end="1" row-start="0" text="Material type">
   </cell>
   <cell col-end="4" col-start="2" row-end="0" row-start="0" text="Material amount, g">
   </cell>
   <cell col-end="5" col-start="5" row-end="1" row-start="0" text="S:I">
   </cell>
  </row>
  <row row="1">
   <cell col-end="2" col-start="2" row-end="1" row-start="1" text="Inoculum">
   </cell>
   <cell col-end="3" col-start="3" row-end="1" row-start="1" text="CM">
   </cell>
   <cell col-end="4" col-start="4" row-end="1" row-start="1" text="Olive cake">
   </cell>
  </row>
  <row row="2">
   <cell col-end="0" col-start="0" row-end="2" row-start="2" text="A">
   </cell>
   <cell col-end="1" col-start="1" row-end="2" row-start="2" text="Inoculum">
   </cell>
   <cell col-end="2" col-start="2" row-end="2" row-start="2" text="200.2">
   </cell>
   <cell col-end="3" col-start="3" row-end="2" row-start="2" text="0">
   </cell>
   <cell col-end="4" col-start="4" row-end="2" row-start="2" text="0">
   </cell>
   <cell col-end="5" col-start="5" row-end="2" row-start="2" text="0">
   </cell>
  </row>
  <row row="3">
   <cell col-end="0" col-start="0" row-end="3" row-start="3" text="B">
   </cell>
   <cell col-end="1" col-start="1" row-end="3" row-start="3" text="Inoculum">
   </cell>
   <cell col-end="2" col-start="2" row-end="3" row-start="3" text="200.4">
   </cell>
   <cell col-end="3" col-start="3" row-end="3" row-start="3" text="0">
   </cell>
   <cell col-end="4" col-start="4" row-end="3" row-start="3" text="0">
   </cell>
   <cell col-end="5" col-start="5" row-end="3" row-start="3" text="0">
   </cell>
  </row>
  <row row="4">
   <cell col-end="0" col-start="0" row-end="4" row-start="4" text="1A">
   </cell>
   <cell col-end="1" col-start="1" row-end="4" row-start="4" text="Inoculum + Olive cake">
   </cell>
   <cell col-end="2" col-start="2" row-end="4" row-start="4" text="200.4">
   </cell>
   <cell col-end="3" col-start="3" row-end="4" row-start="4" text="0">
   </cell>
   <cell col-end="4" col-start="4" row-end="4" row-start="4" text="2.1">
   </cell>
   <cell col-end="5" col-start="5" row-end="4" row-start="4" text="0.32">
   </cell>
  </row>
  <row row="5">
   <cell col-end="0" col-start="0" row-end="5" row-start="5" text="1B">
   </cell>
   <cell col-end="1" col-start="1" row-end="5" row-start="5" text="Inoculum + Olive cake">
   </cell>
   <cell col-end="2" col-start="2" row-end="5" row-start="5" text="199.7">
   </cell>
   <cell col-end="3" col-start="3" row-end="5" row-start="5" text="0">
   </cell>
   <cell col-end="4" col-start="4" row-end="5" row-start="5" text="2.1">
   </cell>
   <cell col-end="5" col-start="5" row-end="5" row-start="5" text="0.32">
   </cell>
  </row>
  <row row="6">
   <cell col-end="0" col-start="0" row-end="6" row-start="6" text="2A">
   </cell>
   <cell col-end="1" col-start="1" row-end="6" row-start="6" text="Inoculum + Olive cake">
   </cell>
   <cell col-end="2" col-start="2" row-end="6" row-start="6" text="200.1">
   </cell>
   <cell col-end="3" col-start="3" row-end="6" row-start="6" text="0">
   </cell>
   <cell col-end="4" col-start="4" row-end="6" row-start="6" text="4.3">
   </cell>
   <cell col-end="5" col-start="5" row-end="6" row-start="6" text="0.65">
   </cell>
  </row>
  <row row="7">
   <cell col-end="0" col-start="0" row-end="7" row-start="7" text="2B">
   </cell>
   <cell col-end="1" col-start="1" row-end="7" row-start="7" text="Inoculum + Olive cake">
   </cell>
   <cell col-end="2" col-start="2" row-end="7" row-start="7" text="200.2">
   </cell>
   <cell col-end="3" col-start="3" row-end="7" row-start="7" text="0">
   </cell>
   <cell col-end="4" col-start="4" row-end="7" row-start="7" text="4.2">
   </cell>
   <cell col-end="5" col-start="5" row-end="7" row-start="7" text="0.64">
   </cell>
  </row>
  <row row="8">
   <cell col-end="0" col-start="0" row-end="8" row-start="8" text="3A1">
   </cell>
   <cell col-end="1" col-start="1" row-end="8" row-start="8" text="Inoculum + CM">
   </cell>
   <cell col-end="2" col-start="2" row-end="8" row-start="8" text="200.1">
   </cell>
   <cell col-end="3" col-start="3" row-end="8" row-start="8" text="4.48">
   </cell>
   <cell col-end="4" col-start="4" row-end="8" row-start="8" text="0">
   </cell>
   <cell col-end="5" col-start="5" row-end="8" row-start="8" text="0.25">
   </cell>
  </row>
  <row row="9">
   <cell col-end="0" col-start="0" row-end="9" row-start="9" text="3A2">
   </cell>
   <cell col-end="1" col-start="1" row-end="9" row-start="9" text="Inoculum + CM">
   </cell>
   <cell col-end="2" col-start="2" row-end="9" row-start="9" text="200.0">
   </cell>
   <cell col-end="3" col-start="3" row-end="9" row-start="9" text="4.45">
   </cell>
   <cell col-end="4" col-start="4" row-end="9" row-start="9" text="0">
   </cell>
   <cell col-end="5" col-start="5" row-end="9" row-start="9" text="0.25">
   </cell>
  </row>
  <row row="10">
   <cell col-end="0" col-start="0" row-end="10" row-start="10" text="3B1">
   </cell>
   <cell col-end="1" col-start="1" row-end="10" row-start="10" text="Inoculum + CM">
   </cell>
   <cell col-end="2" col-start="2" row-end="10" row-start="10" text="200.3">
   </cell>
   <cell col-end="3" col-start="3" row-end="10" row-start="10" text="4.41">
   </cell>
   <cell col-end="4" col-start="4" row-end="10" row-start="10" text="0">
   </cell>
   <cell col-end="5" col-start="5" row-end="10" row-start="10" text="0.25">
   </cell>
  </row>
  <row row="11">
   <cell col-end="0" col-start="0" row-end="11" row-start="11" text="3B2">
   </cell>
   <cell col-end="1" col-start="1" row-end="11" row-start="11" text="Inoculum + CM">
   </cell>
   <cell col-end="2" col-start="2" row-end="11" row-start="11" text="200.1">
   </cell>
   <cell col-end="3" col-start="3" row-end="11" row-start="11" text="4.42">
   </cell>
   <cell col-end="4" col-start="4" row-end="11" row-start="11" text="0">
   </cell>
   <cell col-end="5" col-start="5" row-end="11" row-start="11" text="0.25">
   </cell>
  </row>
  <row row="12">
   <cell col-end="0" col-start="0" row-end="12" row-start="12" text="4A1">
   </cell>
   <cell col-end="1" col-start="1" row-end="12" row-start="12" text="Inoculum + CM">
   </cell>
   <cell col-end="2" col-start="2" row-end="12" row-start="12" text="200.2">
   </cell>
   <cell col-end="3" col-start="3" row-end="12" row-start="12" text="8.95">
   </cell>
   <cell col-end="4" col-start="4" row-end="12" row-start="12" text="0">
   </cell>
   <cell col-end="5" col-start="5" row-end="12" row-start="12" text="0.50">
   </cell>
  </row>
  <row row="13">
   <cell col-end="0" col-start="0" row-end="13" row-start="13" text="4A2">
   </cell>
   <cell col-end="1" col-start="1" row-end="13" row-start="13" text="Inoculum + CM">
   </cell>
   <cell col-end="2" col-start="2" row-end="13" row-start="13" text="200.3">
   </cell>
   <cell col-end="3" col-start="3" row-end="13" row-start="13" text="8.95">
   </cell>
   <cell col-end="4" col-start="4" row-end="13" row-start="13" text="0">
   </cell>
   <cell col-end="5" col-start="5" row-end="13" row-start="13" text="0.50">
   </cell>
  </row>
  <row row="14">
   <cell col-end="0" col-start="0" row-end="14" row-start="14" text="4B1">
   </cell>
   <cell col-end="1" col-start="1" row-end="14" row-start="14" text="Inoculum + CM">
   </cell>
   <cell col-end="2" col-start="2" row-end="14" row-start="14" text="199.8">
   </cell>
   <cell col-end="3" col-start="3" row-end="14" row-start="14" text="8.95">
   </cell>
   <cell col-end="4" col-start="4" row-end="14" row-start="14" text="0">
   </cell>
   <cell col-end="5" col-start="5" row-end="14" row-start="14" text="0.50">
   </cell>
  </row>
  <row row="15">
   <cell col-end="0" col-start="0" row-end="15" row-start="15" text="4B2">
   </cell>
   <cell col-end="1" col-start="1" row-end="15" row-start="15" text="Inoculum + CM">
   </cell>
   <cell col-end="2" col-start="2" row-end="15" row-start="15" text="200.1">
   </cell>
   <cell col-end="3" col-start="3" row-end="15" row-start="15" text="8.97">
   </cell>
   <cell col-end="4" col-start="4" row-end="15" row-start="15" text="0">
   </cell>
   <cell col-end="5" col-start="5" row-end="15" row-start="15" text="0.50">
   </cell>
  </row>
  <statements>
   <statement id="2" text="0.65 is the highest S:I value ." type="">
   </statement>
   <statement id="3" text="199.7 is the lowest Inoculum compare to all others." type="">
   </statement>
   <statement id="6" text="499.7 is the lowest Inoculum compare to all others." type="">
   </statement>
   <statement id="7" text="4B2 has Inoculum + CM as Material type." type="">
   </statement>
   <statement id="10" text="There are two types of Material type - Inoculum + Olive cake and Inoculum + CM" type="">
   </statement>
  </statements>
 </table>
 <table id="Table 6">
  <caption text="

   Methane and carbon di-oxide content in biogas composition.
  
">
  </caption>
  <row row="0">
   <cell col-end="0" col-start="0" row-end="1" row-start="0" text="Sampling week">
   </cell>
   <cell col-end="4" col-start="1" row-end="0" row-start="0" text="Cattle manure">
   </cell>
   <cell col-end="8" col-start="5" row-end="0" row-start="0" text="Olive cake">
   </cell>
  </row>
  <row row="1">
   <cell col-end="2" col-start="1" row-end="1" row-start="1" text="S:I
     

      =
     

      0.25">
   </cell>
   <cell col-end="4" col-start="3" row-end="1" row-start="1" text="S:I
     

      =
     

      0.51">
   </cell>
   <cell col-end="6" col-start="5" row-end="1" row-start="1" text="S:I
     

      =
     

      0.32">
   </cell>
   <cell col-end="8" col-start="7" row-end="1" row-start="1" text="S:I
     

      =
     

      0.64">
   </cell>
  </row>
  <row row="2">
   <cell col-end="0" col-start="0" row-end="2" row-start="2" text="">
   </cell>
   <cell col-end="1" col-start="1" row-end="2" row-start="2" text="CH
     
      4">
   </cell>
   <cell col-end="2" col-start="2" row-end="2" row-start="2" text="CO
     
      2">
   </cell>
   <cell col-end="3" col-start="3" row-end="2" row-start="2" text="CH
     
      4">
   </cell>
   <cell col-end="4" col-start="4" row-end="2" row-start="2" text="CO
     
      2">
   </cell>
   <cell col-end="5" col-start="5" row-end="2" row-start="2" text="CH
     
      4">
   </cell>
   <cell col-end="6" col-start="6" row-end="2" row-start="2" text="CO
     
      2">
   </cell>
   <cell col-end="7" col-start="7" row-end="2" row-start="2" text="CH
     
      4">
   </cell>
   <cell col-end="8" col-start="8" row-end="2" row-start="2" text="CO
     
      2">
   </cell>
  </row>
  <row row="3">
   <cell col-end="0" col-start="0" row-end="3" row-start="3" text="Week 1">
   </cell>
   <cell col-end="1" col-start="1" row-end="3" row-start="3" text="58.1">
   </cell>
   <cell col-end="2" col-start="2" row-end="3" row-start="3" text="42.0">
   </cell>
   <cell col-end="3" col-start="3" row-end="3" row-start="3" text="58.6">
   </cell>
   <cell col-end="4" col-start="4" row-end="3" row-start="3" text="41.5">
   </cell>
   <cell col-end="5" col-start="5" row-end="3" row-start="3" text="60.3">
   </cell>
   <cell col-end="6" col-start="6" row-end="3" row-start="3" text="39.7">
   </cell>
   <cell col-end="7" col-start="7" row-end="3" row-start="3" text="59.8">
   </cell>
   <cell col-end="8" col-start="8" row-end="3" row-start="3" text="40.2">
   </cell>
  </row>
  <row row="4">
   <cell col-end="0" col-start="0" row-end="4" row-start="4" text="Week 2">
   </cell>
   <cell col-end="1" col-start="1" row-end="4" row-start="4" text="61.7">
   </cell>
   <cell col-end="2" col-start="2" row-end="4" row-start="4" text="38.4">
   </cell>
   <cell col-end="3" col-start="3" row-end="4" row-start="4" text="60.4">
   </cell>
   <cell col-end="4" col-start="4" row-end="4" row-start="4" text="39.6">
   </cell>
   <cell col-end="5" col-start="5" row-end="4" row-start="4" text="60.8">
   </cell>
   <cell col-end="6" col-start="6" row-end="4" row-start="4" text="39.2">
   </cell>
   <cell col-end="7" col-start="7" row-end="4" row-start="4" text="61.1">
   </cell>
   <cell col-end="8" col-start="8" row-end="4" row-start="4" text="38.9">
   </cell>
  </row>
  <row row="5">
   <cell col-end="0" col-start="0" row-end="5" row-start="5" text="Week 3">
   </cell>
   <cell col-end="1" col-start="1" row-end="5" row-start="5" text="63.4">
   </cell>
   <cell col-end="2" col-start="2" row-end="5" row-start="5" text="36.7">
   </cell>
   <cell col-end="3" col-start="3" row-end="5" row-start="5" text="62.2">
   </cell>
   <cell col-end="4" col-start="4" row-end="5" row-start="5" text="37.9">
   </cell>
   <cell col-end="5" col-start="5" row-end="5" row-start="5" text="62.5">
   </cell>
   <cell col-end="6" col-start="6" row-end="5" row-start="5" text="37.5">
   </cell>
   <cell col-end="7" col-start="7" row-end="5" row-start="5" text="63.2">
   </cell>
   <cell col-end="8" col-start="8" row-end="5" row-start="5" text="36.8">
   </cell>
  </row>
  <row row="6">
   <cell col-end="0" col-start="0" row-end="6" row-start="6" text="Week 4">
   </cell>
   <cell col-end="1" col-start="1" row-end="6" row-start="6" text="66.2">
   </cell>
   <cell col-end="2" col-start="2" row-end="6" row-start="6" text="33.9">
   </cell>
   <cell col-end="3" col-start="3" row-end="6" row-start="6" text="63.3">
   </cell>
   <cell col-end="4" col-start="4" row-end="6" row-start="6" text="36.8">
   </cell>
   <cell col-end="5" col-start="5" row-end="6" row-start="6" text="63.1">
   </cell>
   <cell col-end="6" col-start="6" row-end="6" row-start="6" text="36.9">
   </cell>
   <cell col-end="7" col-start="7" row-end="6" row-start="6" text="64.8">
   </cell>
   <cell col-end="8" col-start="8" row-end="6" row-start="6" text="35.2">
   </cell>
  </row>
  <row row="7">
   <cell col-end="0" col-start="0" row-end="7" row-start="7" text="Week 5">
   </cell>
   <cell col-end="1" col-start="1" row-end="7" row-start="7" text="68.5">
   </cell>
   <cell col-end="2" col-start="2" row-end="7" row-start="7" text="31.5">
   </cell>
   <cell col-end="3" col-start="3" row-end="7" row-start="7" text="66.1">
   </cell>
   <cell col-end="4" col-start="4" row-end="7" row-start="7" text="33.9">
   </cell>
   <cell col-end="5" col-start="5" row-end="7" row-start="7" text="65.5">
   </cell>
   <cell col-end="6" col-start="6" row-end="7" row-start="7" text="34.5">
   </cell>
   <cell col-end="7" col-start="7" row-end="7" row-start="7" text="65.2">
   </cell>
   <cell col-end="8" col-start="8" row-end="7" row-start="7" text="34.8">
   </cell>
  </row>
  <row row="8">
   <cell col-end="0" col-start="0" row-end="8" row-start="8" text="Week 6">
   </cell>
   <cell col-end="1" col-start="1" row-end="8" row-start="8" text="68.2">
   </cell>
   <cell col-end="2" col-start="2" row-end="8" row-start="8" text="31.8">
   </cell>
   <cell col-end="3" col-start="3" row-end="8" row-start="8" text="67.4">
   </cell>
   <cell col-end="4" col-start="4" row-end="8" row-start="8" text="32.6">
   </cell>
   <cell col-end="5" col-start="5" row-end="8" row-start="8" text="69.2">
   </cell>
   <cell col-end="6" col-start="6" row-end="8" row-start="8" text="30.8">
   </cell>
   <cell col-end="7" col-start="7" row-end="8" row-start="8" text="66.5">
   </cell>
   <cell col-end="8" col-start="8" row-end="8" row-start="8" text="33.5">
   </cell>
  </row>
  <row row="9">
   <cell col-end="0" col-start="0" row-end="9" row-start="9" text="Week 7">
   </cell>
   <cell col-end="1" col-start="1" row-end="9" row-start="9" text="67.7">
   </cell>
   <cell col-end="2" col-start="2" row-end="9" row-start="9" text="32.4">
   </cell>
   <cell col-end="3" col-start="3" row-end="9" row-start="9" text="68.3">
   </cell>
   <cell col-end="4" col-start="4" row-end="9" row-start="9" text="31.8">
   </cell>
   <cell col-end="5" col-start="5" row-end="9" row-start="9" text="68.2">
   </cell>
   <cell col-end="6" col-start="6" row-end="9" row-start="9" text="31.8">
   </cell>
   <cell col-end="7" col-start="7" row-end="9" row-start="9" text="68.1">
   </cell>
   <cell col-end="8" col-start="8" row-end="9" row-start="9" text="31.9">
   </cell>
  </row>
  <row row="10">
   <cell col-end="0" col-start="0" row-end="10" row-start="10" text="Week 8">
   </cell>
   <cell col-end="1" col-start="1" row-end="10" row-start="10" text="65.7">
   </cell>
   <cell col-end="2" col-start="2" row-end="10" row-start="10" text="34.3">
   </cell>
   <cell col-end="3" col-start="3" row-end="10" row-start="10" text="65.9">
   </cell>
   <cell col-end="4" col-start="4" row-end="10" row-start="10" text="34.2">
   </cell>
   <cell col-end="5" col-start="5" row-end="10" row-start="10" text="63.4">
   </cell>
   <cell col-end="6" col-start="6" row-end="10" row-start="10" text="36.6">
   </cell>
   <cell col-end="7" col-start="7" row-end="10" row-start="10" text="66.2">
   </cell>
   <cell col-end="8" col-start="8" row-end="10" row-start="10" text="33.8">
   </cell>
  </row>
  <row row="11">
   <cell col-end="0" col-start="0" row-end="11" row-start="11" text="Week 9">
   </cell>
   <cell col-end="1" col-start="1" row-end="11" row-start="11" text="65.6">
   </cell>
   <cell col-end="2" col-start="2" row-end="11" row-start="11" text="34.5">
   </cell>
   <cell col-end="3" col-start="3" row-end="11" row-start="11" text="63.5">
   </cell>
   <cell col-end="4" col-start="4" row-end="11" row-start="11" text="36.6">
   </cell>
   <cell col-end="5" col-start="5" row-end="11" row-start="11" text="61.4">
   </cell>
   <cell col-end="6" col-start="6" row-end="11" row-start="11" text="38.6">
   </cell>
   <cell col-end="7" col-start="7" row-end="11" row-start="11" text="63.5">
   </cell>
   <cell col-end="8" col-start="8" row-end="11" row-start="11" text="36.5">
   </cell>
  </row>
  <statements>
   <statement id="0" text="In week 1 the Cattle manure under S:I = 0.25 in CH4 is 58.1." type="">
   </statement>
   <statement id="1" text="In week 3 the Cattle manure under S:I = 0.25 in CO 2 is 36.7." type="">
   </statement>
   <statement id="4" text="The chromatography data in terms of CH 4 and CO 2 content are expressed in Table 6 ." type="">
   </statement>
  </statements>
 </table>
</document>