<document>
 <table id="Table 1">
  <caption text="

   Comparison of two measures for assessing the fraction of the analyte of interest in each experiment (i.e., either the alanine adduct at
   
    m/z
   
   = 90.0552 or the para-xylene ion fragment at
   
    m/z
   
   = 91.0542). The first column presents the mole fraction of alanine or para-xylene in solution as prepared. The second column presents an ‘in situ’ measurement for analyte fraction based on the average ratio of the absolute number of
   
    12
   
   C-bearing species ions to the total ion current within the mass window (i.e., the scan range) of each experiment.
  
">
  </caption>
  <row row="0">
   <cell col-end="0" col-start="0" row-end="0" row-start="0" text="Identification">
   </cell>
   <cell col-end="1" col-start="1" row-end="0" row-start="0" text="Mole fraction of alanine (or xylene) in solution as prepared">
   </cell>
   <cell col-end="2" col-start="2" row-end="0" row-start="0" text="12
     
     C/TIC of alanine (or xylene) within mass window">
   </cell>
  </row>
  <row row="1">
   <cell col-end="0" col-start="0" row-end="1" row-start="1" text="alanine standard A1">
   </cell>
   <cell col-end="1" col-start="1" row-end="1" row-start="1" text="1">
   </cell>
   <cell col-end="2" col-start="2" row-end="1" row-start="1" text="0.89">
   </cell>
  </row>
  <row row="2">
   <cell col-end="0" col-start="0" row-end="2" row-start="2" text="alanine solution A2">
   </cell>
   <cell col-end="1" col-start="1" row-end="2" row-start="2" text="1">
   </cell>
   <cell col-end="2" col-start="2" row-end="2" row-start="2" text="0.56">
   </cell>
  </row>
  <row row="3">
   <cell col-end="0" col-start="0" row-end="3" row-start="3" text="3:1 alanine-to-amide">
   </cell>
   <cell col-end="1" col-start="1" row-end="3" row-start="3" text="0.72">
   </cell>
   <cell col-end="2" col-start="2" row-end="3" row-start="3" text="0.69">
   </cell>
  </row>
  <row row="4">
   <cell col-end="0" col-start="0" row-end="4" row-start="4" text="1:1 alanine-to-amide">
   </cell>
   <cell col-end="1" col-start="1" row-end="4" row-start="4" text="0.47">
   </cell>
   <cell col-end="2" col-start="2" row-end="4" row-start="4" text="0.48">
   </cell>
  </row>
  <row row="5">
   <cell col-end="0" col-start="0" row-end="5" row-start="5" text="1:3 alanine-to-amide">
   </cell>
   <cell col-end="1" col-start="1" row-end="5" row-start="5" text="0.26">
   </cell>
   <cell col-end="2" col-start="2" row-end="5" row-start="5" text="0.28">
   </cell>
  </row>
  <row row="6">
   <cell col-end="0" col-start="0" row-end="6" row-start="6" text="alanine standard G1">
   </cell>
   <cell col-end="1" col-start="1" row-end="6" row-start="6" text="1">
   </cell>
   <cell col-end="2" col-start="2" row-end="6" row-start="6" text="0.92">
   </cell>
  </row>
  <row row="7">
   <cell col-end="0" col-start="0" row-end="7" row-start="7" text="alanine solution G2">
   </cell>
   <cell col-end="1" col-start="1" row-end="7" row-start="7" text="1">
   </cell>
   <cell col-end="2" col-start="2" row-end="7" row-start="7" text="0.81">
   </cell>
  </row>
  <row row="8">
   <cell col-end="0" col-start="0" row-end="8" row-start="8" text="3:1 alanine-to-glutamate">
   </cell>
   <cell col-end="1" col-start="1" row-end="8" row-start="8" text="0.80">
   </cell>
   <cell col-end="2" col-start="2" row-end="8" row-start="8" text="0.73">
   </cell>
  </row>
  <row row="9">
   <cell col-end="0" col-start="0" row-end="9" row-start="9" text="11142017_xylene">
   </cell>
   <cell col-end="1" col-start="1" row-end="9" row-start="9" text="0.61">
   </cell>
   <cell col-end="2" col-start="2" row-end="9" row-start="9" text="0.31">
   </cell>
  </row>
  <row row="10">
   <cell col-end="0" col-start="0" row-end="10" row-start="10" text="11142017_xylene + decane">
   </cell>
   <cell col-end="1" col-start="1" row-end="10" row-start="10" text="0.61">
   </cell>
   <cell col-end="2" col-start="2" row-end="10" row-start="10" text="0.19">
   </cell>
  </row>
  <row row="11">
   <cell col-end="0" col-start="0" row-end="11" row-start="11" text="11152017_xylene">
   </cell>
   <cell col-end="1" col-start="1" row-end="11" row-start="11" text="0.35">
   </cell>
   <cell col-end="2" col-start="2" row-end="11" row-start="11" text="0.39">
   </cell>
  </row>
  <row row="12">
   <cell col-end="0" col-start="0" row-end="12" row-start="12" text="11152017_xylene + decane">
   </cell>
   <cell col-end="1" col-start="1" row-end="12" row-start="12" text="0.35">
   </cell>
   <cell col-end="2" col-start="2" row-end="12" row-start="12" text="0.27">
   </cell>
  </row>
  <row row="13">
   <cell col-end="0" col-start="0" row-end="13" row-start="13" text="01112018_xylene">
   </cell>
   <cell col-end="1" col-start="1" row-end="13" row-start="13" text="0.35">
   </cell>
   <cell col-end="2" col-start="2" row-end="13" row-start="13" text="0.38">
   </cell>
  </row>
  <row row="14">
   <cell col-end="0" col-start="0" row-end="14" row-start="14" text="01112018_xylene + decane">
   </cell>
   <cell col-end="1" col-start="1" row-end="14" row-start="14" text="0.35">
   </cell>
   <cell col-end="2" col-start="2" row-end="14" row-start="14" text="0.28">
   </cell>
  </row>
  <row row="15">
   <cell col-end="0" col-start="0" row-end="15" row-start="15" text="01112018_60 K_xylene">
   </cell>
   <cell col-end="1" col-start="1" row-end="15" row-start="15" text="0.35">
   </cell>
   <cell col-end="2" col-start="2" row-end="15" row-start="15" text="0.40">
   </cell>
  </row>
  <row row="16">
   <cell col-end="0" col-start="0" row-end="16" row-start="16" text="01112018_60 K_xylene + decane">
   </cell>
   <cell col-end="1" col-start="1" row-end="16" row-start="16" text="0.35">
   </cell>
   <cell col-end="2" col-start="2" row-end="16" row-start="16" text="0.28">
   </cell>
  </row>
  <statements>
   <statement id="0" text="All the values given in the table consist of negative values." type="">
   </statement>
   <statement id="3" text="All the values in 12 C/TIC of alanine (or xylene) within mass window is &gt; 1." type="">
   </statement>
   <statement id="7" text="The lowest 12 C/TIC of alanine (or xylene) within mass window value is 0.89 of alanine standard A1." type="">
   </statement>
   <statement id="8" text="The lowest mole fraction of alanine (or xylene) in solution as prepared is 0.26 of 1:3 alanine-to-amide identification." type="">
   </statement>
   <statement id="9" text="There are 16 different types of identifications." type="">
   </statement>
   <statement id="10" text="There are 19 different types of identifications." type="">
   </statement>
  </statements>
 </table>
</document>