<document>
 <table id="Table 1">
  <caption text="

   Grouping statistics of rats.
  
">
  </caption>
  <row row="0">
   <cell col-end="0" col-start="0" row-end="0" row-start="0" text="Groups">
   </cell>
   <cell col-end="1" col-start="1" row-end="0" row-start="0" text="Processing method">
   </cell>
  </row>
  <row row="1">
   <cell col-end="0" col-start="0" row-end="1" row-start="1" text="Diabetic sham operation group (DM-S group)">
   </cell>
   <cell col-end="1" col-start="1" row-end="1" row-start="1" text="The LAD under thread was maintained for 150 min">
   </cell>
  </row>
  <row row="2">
   <cell col-end="0" col-start="0" row-end="2" row-start="2" text="Diabetic ischemia reperfusion group (DM-IR group)">
   </cell>
   <cell col-end="1" col-start="1" row-end="2" row-start="2" text="At 25 min of ischemia, 0.5 mL of normal saline was injected into the tail vein, continued ischemia for 5 min, and reperfusion was conducted for 120 min">
   </cell>
  </row>
  <row row="3">
   <cell col-end="0" col-start="0" row-end="3" row-start="3" text="Diabetes dexmedetomidine group (DM-D group)">
   </cell>
   <cell col-end="1" col-start="1" row-end="3" row-start="3" text="DEX was injected into tail vein with ischemia for 25 min at 10 μg/kg, followed by ischemia for 5 min and reperfusion for 120 min">
   </cell>
  </row>
  <row row="4">
   <cell col-end="0" col-start="0" row-end="4" row-start="4" text="Diabetes dexmedetomidine + wortmannin group (DM-DW group)">
   </cell>
   <cell col-end="1" col-start="1" row-end="4" row-start="4" text="After 15 min of ischemia, wortmannin was injected into the tail vein at 15 μg /kg, and dexmedetomidine was injected into the tail vein at 25 min of ischemia at 10 μg/kg, ischemia was continued for 5 min, and reperfusion was conducted for 120 min">
   </cell>
  </row>
  <row row="5">
   <cell col-end="0" col-start="0" row-end="5" row-start="5" text="Diabetes wortmannin group (DM-W group)">
   </cell>
   <cell col-end="1" col-start="1" row-end="5" row-start="5" text="Wortmannin was given to the tail vein after ischemia for 15 min at 15 μg/kg, 0.5 mL normal saline was injected into tail vein for 25 min after ischemia, ischemia was continued for 5 min, and reperfusion was conducted for 120 min">
   </cell>
  </row>
  <statements>
   <statement id="2" text="Each group has its own Processing method." type="">
   </statement>
   <statement id="4" text="The processing method for Diabetes dexmedetomidine group (DM-D group) is The LAD under thread was maintained for 150 min." type="">
   </statement>
   <statement id="5" text="There are 5 types of groups in the given table." type="">
   </statement>
   <statement id="6" text="There are 7 types of groups in the given table." type="">
   </statement>
   <statement id="7" text="Twenty-five successfully modeled type 2 diabetic rats were selected, each group consisted of five randomly selected rats, a total of five groups, as shown in Table 1" type="">
   </statement>
   <statement id="8" text="Wortmannin was given to the tail vein after ischemia for 15 min at 15 g/kg, 0.5 mL normal saline was injected into tail vein for 25 min after ischemia, ischemia was continued for 5 min, and reperfusion was conducted for 120 min is the processing method for Diabetes dexmedetomidine + wortmannin group (DM-DW group)." type="">
   </statement>
  </statements>
 </table>
 <table id="Table 2">
  <caption text="

   Method for detecting the activity of plasma SOD in rats.
  
">
  </caption>
  <legend text="

   The samples were mixed, incubated at 37 °C for 20 min, and read at 450 nm with a microplate reader.
  
">
  </legend>
  <row row="0">
   <cell col-end="0" col-start="0" row-end="0" row-start="0" text="">
   </cell>
   <cell col-end="1" col-start="1" row-end="0" row-start="0" text="Control hole">
   </cell>
   <cell col-end="2" col-start="2" row-end="0" row-start="0" text="Control blank hole">
   </cell>
   <cell col-end="3" col-start="3" row-end="0" row-start="0" text="Measuring hole">
   </cell>
   <cell col-end="4" col-start="4" row-end="0" row-start="0" text="Measuring blank holes">
   </cell>
  </row>
  <row row="1">
   <cell col-end="0" col-start="0" row-end="1" row-start="1" text="Sample to be tested (μL)">
   </cell>
   <cell col-end="1" col-start="1" row-end="1" row-start="1" text="–">
   </cell>
   <cell col-end="2" col-start="2" row-end="1" row-start="1" text="–">
   </cell>
   <cell col-end="3" col-start="3" row-end="1" row-start="1" text="–">
   </cell>
   <cell col-end="4" col-start="4" row-end="1" row-start="1" text="–">
   </cell>
  </row>
  <row row="2">
   <cell col-end="0" col-start="0" row-end="2" row-start="2" text="DdH2O (μL)">
   </cell>
   <cell col-end="1" col-start="1" row-end="2" row-start="2" text="20">
   </cell>
   <cell col-end="2" col-start="2" row-end="2" row-start="2" text="20">
   </cell>
   <cell col-end="3" col-start="3" row-end="2" row-start="2" text="–">
   </cell>
   <cell col-end="4" col-start="4" row-end="2" row-start="2" text="–">
   </cell>
  </row>
  <row row="3">
   <cell col-end="0" col-start="0" row-end="3" row-start="3" text="Enzyme working fluid (μL)">
   </cell>
   <cell col-end="1" col-start="1" row-end="3" row-start="3" text="20">
   </cell>
   <cell col-end="2" col-start="2" row-end="3" row-start="3" text="–">
   </cell>
   <cell col-end="3" col-start="3" row-end="3" row-start="3" text="20">
   </cell>
   <cell col-end="4" col-start="4" row-end="3" row-start="3" text="–">
   </cell>
  </row>
  <row row="4">
   <cell col-end="0" col-start="0" row-end="4" row-start="4" text="Enzyme diluent (μL)">
   </cell>
   <cell col-end="1" col-start="1" row-end="4" row-start="4" text="–">
   </cell>
   <cell col-end="2" col-start="2" row-end="4" row-start="4" text="20">
   </cell>
   <cell col-end="3" col-start="3" row-end="4" row-start="4" text="–">
   </cell>
   <cell col-end="4" col-start="4" row-end="4" row-start="4" text="–">
   </cell>
  </row>
  <row row="5">
   <cell col-end="0" col-start="0" row-end="5" row-start="5" text="Substrate application fluid (μL)">
   </cell>
   <cell col-end="1" col-start="1" row-end="5" row-start="5" text="200">
   </cell>
   <cell col-end="2" col-start="2" row-end="5" row-start="5" text="200">
   </cell>
   <cell col-end="3" col-start="3" row-end="5" row-start="5" text="200">
   </cell>
   <cell col-end="4" col-start="4" row-end="5" row-start="5" text="200">
   </cell>
  </row>
  <statements>
   <statement id="1" text="DdH2O (L) in control hole is 20." type="">
   </statement>
   <statement id="2" text="Enzyme diluent (L) in Control blank hole is 20." type="">
   </statement>
   <statement id="3" text="Enzyme working fluid (L) in Measuring hole is 200." type="">
   </statement>
   <statement id="4" text="Sample to be tested (L) doesn't have any values in hole." type="">
   </statement>
   <statement id="6" text="Substrate application fluid (L) in Measuring blank holes is 200." type="">
   </statement>
   <statement id="7" text="The test was carried out with the SODAssay Kit-WST kit (Nanjing Institute of Biological Engineering)." type="">
   </statement>
  </statements>
 </table>
 <table id="Table 4">
  <caption text="

   The formula of separation glue and concentrated glue.
  
">
  </caption>
  <row row="0">
   <cell col-end="0" col-start="0" row-end="0" row-start="0" text="Reagents">
   </cell>
   <cell col-end="1" col-start="1" row-end="0" row-start="0" text="12% separation glue (mL)">
   </cell>
   <cell col-end="2" col-start="2" row-end="0" row-start="0" text="5% concentrated glue (mL)">
   </cell>
  </row>
  <row row="1">
   <cell col-end="0" col-start="0" row-end="1" row-start="1" text="DdH2O">
   </cell>
   <cell col-end="1" col-start="1" row-end="1" row-start="1" text="3.30">
   </cell>
   <cell col-end="2" col-start="2" row-end="1" row-start="1" text="6.80">
   </cell>
  </row>
  <row row="2">
   <cell col-end="0" col-start="0" row-end="2" row-start="2" text="30% Acr">
   </cell>
   <cell col-end="1" col-start="1" row-end="2" row-start="2" text="4.00">
   </cell>
   <cell col-end="2" col-start="2" row-end="2" row-start="2" text="1.70">
   </cell>
  </row>
  <row row="3">
   <cell col-end="0" col-start="0" row-end="3" row-start="3" text="Tris-HCL (1.5 mmol, PH8.8)">
   </cell>
   <cell col-end="1" col-start="1" row-end="3" row-start="3" text="2.50">
   </cell>
   <cell col-end="2" col-start="2" row-end="3" row-start="3" text="–">
   </cell>
  </row>
  <row row="4">
   <cell col-end="0" col-start="0" row-end="4" row-start="4" text="Tris-HCL (1.5 mmol, PH6.8)">
   </cell>
   <cell col-end="1" col-start="1" row-end="4" row-start="4" text="–">
   </cell>
   <cell col-end="2" col-start="2" row-end="4" row-start="4" text="1.25">
   </cell>
  </row>
  <row row="5">
   <cell col-end="0" col-start="0" row-end="5" row-start="5" text="10% SDS">
   </cell>
   <cell col-end="1" col-start="1" row-end="5" row-start="5" text="0.10">
   </cell>
   <cell col-end="2" col-start="2" row-end="5" row-start="5" text="0.10">
   </cell>
  </row>
  <row row="6">
   <cell col-end="0" col-start="0" row-end="6" row-start="6" text="10% ammonium persulfate">
   </cell>
   <cell col-end="1" col-start="1" row-end="6" row-start="6" text="0.10">
   </cell>
   <cell col-end="2" col-start="2" row-end="6" row-start="6" text="0.10">
   </cell>
  </row>
  <row row="7">
   <cell col-end="0" col-start="0" row-end="7" row-start="7" text="TEMED">
   </cell>
   <cell col-end="1" col-start="1" row-end="7" row-start="7" text="0.004">
   </cell>
   <cell col-end="2" col-start="2" row-end="7" row-start="7" text="0.010">
   </cell>
  </row>
  <row row="8">
   <cell col-end="0" col-start="0" row-end="8" row-start="8" text="Total volume">
   </cell>
   <cell col-end="1" col-start="1" row-end="8" row-start="8" text="100">
   </cell>
   <cell col-end="2" col-start="2" row-end="8" row-start="8" text="10 mL">
   </cell>
  </row>
  <statements>
   <statement id="0" text="According to the molecular weight of the target protein, the proper concentration of separation glue and concentrated glue was selected." type="">
   </statement>
   <statement id="1" text="DdH2O of 12% separation glue (mL) is having 2.50mL." type="">
   </statement>
   <statement id="2" text="Reagents 10% SDS is 0.10mL of separation glue and concentrated glue." type="">
   </statement>
   <statement id="4" text="The formula of concentrated glue is tested for 5%." type="">
   </statement>
   <statement id="6" text="The Total volume of 12% separation glue (mL) is 100 ." type="">
   </statement>
   <statement id="8" text="The Total volume of 5% concentrated glue (mL) is 10 mL." type="">
   </statement>
  </statements>
 </table>
</document>