<document>
 <table id="Table A.11">
  <caption text="

   Robustness tests.
  
">
  </caption>
  <legend text="

   Data: PSF Panel. Sample in (4)–(6): Mothers residing in the same geographical cluster in both waves. The level of observation is a household, composed of a mother and her dependent children.
  

   Difference-in-differences regression with mother fixed-effects. Linear probability model.
  

   Dependent variable in (1)–(2) and (4)–(5): Health expenditures per capita for children in mother's household (thousands of CFA francs); specification in level in columns (1) and (4), and log transformation – adding 0.001 to deal with zeros in columns (2) and (5). Dependent variable in (3) and (6): Dummy for no health expenditures for any child in the mother's household.
  

   Controls included in (1)–(3): average age of children, number of children and share of children under 5.
  

   Standard errors, in (), are clustered at the PSF cluster level.
  

   *
   

     p
    

     ≤
    

     0.1
    

   , **
   

     p
    

     ≤
    

     0.05
    

   , ***
   

     p
    

     ≤
    

     0.01
    

   .
  
">
  </legend>
  <row row="0">
   <cell col-end="0" col-start="0" row-end="0" row-start="0" text="">
   </cell>
   <cell col-end="3" col-start="1" row-end="0" row-start="0" text="Controlling for sibship structure">
   </cell>
   <cell col-end="6" col-start="4" row-end="0" row-start="0" text="Excluding migrants">
   </cell>
  </row>
  <row row="1">
   <cell col-end="0" col-start="0" row-end="1" row-start="1" text="">
   </cell>
   <cell col-end="1" col-start="1" row-end="1" row-start="1" text="Level">
   </cell>
   <cell col-end="2" col-start="2" row-end="1" row-start="1" text="Log">
   </cell>
   <cell col-end="3" col-start="3" row-end="1" row-start="1" text="Zero spending">
   </cell>
   <cell col-end="4" col-start="4" row-end="1" row-start="1" text="Level">
   </cell>
   <cell col-end="5" col-start="5" row-end="1" row-start="1" text="Log">
   </cell>
   <cell col-end="6" col-start="6" row-end="1" row-start="1" text="Zero spending">
   </cell>
  </row>
  <row row="2">
   <cell col-end="0" col-start="0" row-end="2" row-start="2" text="">
   </cell>
   <cell col-end="1" col-start="1" row-end="2" row-start="2" text="(1)">
   </cell>
   <cell col-end="2" col-start="2" row-end="2" row-start="2" text="(2)">
   </cell>
   <cell col-end="3" col-start="3" row-end="2" row-start="2" text="(3)">
   </cell>
   <cell col-end="4" col-start="4" row-end="2" row-start="2" text="(4)">
   </cell>
   <cell col-end="5" col-start="5" row-end="2" row-start="2" text="(5)">
   </cell>
   <cell col-end="6" col-start="6" row-end="2" row-start="2" text="(6)">
   </cell>
  </row>
  <row row="3">
   <cell col-end="0" col-start="0" row-end="3" row-start="3" text="Post
     

       ×
      

     Prevalence">
   </cell>
   <cell col-end="1" col-start="1" row-end="3" row-start="3" text="5.651">
   </cell>
   <cell col-end="2" col-start="2" row-end="3" row-start="3" text="2.758**">
   </cell>
   <cell col-end="3" col-start="3" row-end="3" row-start="3" text="−0.300*">
   </cell>
   <cell col-end="4" col-start="4" row-end="3" row-start="3" text="7.280">
   </cell>
   <cell col-end="5" col-start="5" row-end="3" row-start="3" text="3.032**">
   </cell>
   <cell col-end="6" col-start="6" row-end="3" row-start="3" text="−0.344*">
   </cell>
  </row>
  <row row="4">
   <cell col-end="0" col-start="0" row-end="4" row-start="4" text="">
   </cell>
   <cell col-end="1" col-start="1" row-end="4" row-start="4" text="(5.585)">
   </cell>
   <cell col-end="2" col-start="2" row-end="4" row-start="4" text="(1.384)">
   </cell>
   <cell col-end="3" col-start="3" row-end="4" row-start="4" text="(0.173)">
   </cell>
   <cell col-end="4" col-start="4" row-end="4" row-start="4" text="(6.396)">
   </cell>
   <cell col-end="5" col-start="5" row-end="4" row-start="4" text="(1.405)">
   </cell>
   <cell col-end="6" col-start="6" row-end="4" row-start="4" text="(0.176)">
   </cell>
  </row>
  <row row="5">
   <cell col-end="0" col-start="0" row-end="5" row-start="5" text="Post">
   </cell>
   <cell col-end="1" col-start="1" row-end="5" row-start="5" text="1.647">
   </cell>
   <cell col-end="2" col-start="2" row-end="5" row-start="5" text="0.255">
   </cell>
   <cell col-end="3" col-start="3" row-end="5" row-start="5" text="−0.035">
   </cell>
   <cell col-end="4" col-start="4" row-end="5" row-start="5" text="0.571">
   </cell>
   <cell col-end="5" col-start="5" row-end="5" row-start="5" text="0.148">
   </cell>
   <cell col-end="6" col-start="6" row-end="5" row-start="5" text="−0.019">
   </cell>
  </row>
  <row row="6">
   <cell col-end="0" col-start="0" row-end="6" row-start="6" text="">
   </cell>
   <cell col-end="1" col-start="1" row-end="6" row-start="6" text="(1.849)">
   </cell>
   <cell col-end="2" col-start="2" row-end="6" row-start="6" text="(0.373)">
   </cell>
   <cell col-end="3" col-start="3" row-end="6" row-start="6" text="(0.043)">
   </cell>
   <cell col-end="4" col-start="4" row-end="6" row-start="6" text="(1.863)">
   </cell>
   <cell col-end="5" col-start="5" row-end="6" row-start="6" text="(0.347)">
   </cell>
   <cell col-end="6" col-start="6" row-end="6" row-start="6" text="(0.041)">
   </cell>
  </row>
  <row row="7">
   <cell col-end="0" col-start="0" row-end="7" row-start="7" text="Mother FE">
   </cell>
   <cell col-end="1" col-start="1" row-end="7" row-start="7" text="Yes">
   </cell>
   <cell col-end="2" col-start="2" row-end="7" row-start="7" text="Yes">
   </cell>
   <cell col-end="3" col-start="3" row-end="7" row-start="7" text="Yes">
   </cell>
   <cell col-end="4" col-start="4" row-end="7" row-start="7" text="Yes">
   </cell>
   <cell col-end="5" col-start="5" row-end="7" row-start="7" text="Yes">
   </cell>
   <cell col-end="6" col-start="6" row-end="7" row-start="7" text="Yes">
   </cell>
  </row>
  <row row="8">
   <cell col-end="0" col-start="0" row-end="8" row-start="8" text="N">
   </cell>
   <cell col-end="1" col-start="1" row-end="8" row-start="8" text="4550">
   </cell>
   <cell col-end="2" col-start="2" row-end="8" row-start="8" text="4550">
   </cell>
   <cell col-end="3" col-start="3" row-end="8" row-start="8" text="4550">
   </cell>
   <cell col-end="4" col-start="4" row-end="8" row-start="8" text="2974">
   </cell>
   <cell col-end="5" col-start="5" row-end="8" row-start="8" text="2974">
   </cell>
   <cell col-end="6" col-start="6" row-end="8" row-start="8" text="2974">
   </cell>
  </row>
  <row row="9">
   <cell col-end="0" col-start="0" row-end="9" row-start="9" text="Mean of dep. var. in 2006">
   </cell>
   <cell col-end="1" col-start="1" row-end="9" row-start="9" text="5.24">
   </cell>
   <cell col-end="2" col-start="2" row-end="9" row-start="9" text="−3.67">
   </cell>
   <cell col-end="3" col-start="3" row-end="9" row-start="9" text="0.61">
   </cell>
   <cell col-end="4" col-start="4" row-end="9" row-start="9" text="4.18">
   </cell>
   <cell col-end="5" col-start="5" row-end="9" row-start="9" text="−3.73">
   </cell>
   <cell col-end="6" col-start="6" row-end="9" row-start="9" text="0.61">
   </cell>
  </row>
  <statements>
   <statement id="2" text="N value is different for level, log and zero spending." type="">
   </statement>
   <statement id="3" text="N value is same for level, log and zero spending." type="">
   </statement>
   <statement id="5" text="There are two types of robustness test present in the table." type="">
   </statement>
  </statements>
 </table>
</document>