<document>
 <table id="Table 1">
  <caption text="

   LS parameters used in the production of lattice structures for mechanical testing.
  
">
  </caption>
  <row row="0">
   <cell col-end="0" col-start="0" row-end="0" row-start="0" text="LS parameter">
   </cell>
   <cell col-end="1" col-start="1" row-end="0" row-start="0" text="">
   </cell>
   <cell col-end="2" col-start="2" row-end="0" row-start="0" text="">
   </cell>
  </row>
  <row row="1">
   <cell col-end="0" col-start="0" row-end="1" row-start="1" text="Laser power">
   </cell>
   <cell col-end="1" col-start="1" row-end="1" row-start="1" text="">
   </cell>
   <cell col-end="2" col-start="2" row-end="1" row-start="1" text="21 W">
   </cell>
  </row>
  <row row="2">
   <cell col-end="0" col-start="0" row-end="2" row-start="2" text="Laser scan speed">
   </cell>
   <cell col-end="1" col-start="1" row-end="2" row-start="2" text="">
   </cell>
   <cell col-end="2" col-start="2" row-end="2" row-start="2" text="2500 mm/s">
   </cell>
  </row>
  <row row="3">
   <cell col-end="0" col-start="0" row-end="3" row-start="3" text="Laser hatch spacing">
   </cell>
   <cell col-end="1" col-start="1" row-end="3" row-start="3" text="">
   </cell>
   <cell col-end="2" col-start="2" row-end="3" row-start="3" text="250 μm">
   </cell>
  </row>
  <row row="4">
   <cell col-end="0" col-start="0" row-end="4" row-start="4" text="Powder bed temperature">
   </cell>
   <cell col-end="1" col-start="1" row-end="4" row-start="4" text="">
   </cell>
   <cell col-end="2" col-start="2" row-end="4" row-start="4" text="173 °C">
   </cell>
  </row>
  <row row="5">
   <cell col-end="0" col-start="0" row-end="5" row-start="5" text="Powder deposition thickness">
   </cell>
   <cell col-end="1" col-start="1" row-end="5" row-start="5" text="">
   </cell>
   <cell col-end="2" col-start="2" row-end="5" row-start="5" text="100 μm">
   </cell>
  </row>
  <statements>
   <statement id="0" text="21 W is the power given for Laser power." type="">
   </statement>
   <statement id="2" text="34 W is the power given for Laser power." type="">
   </statement>
   <statement id="3" text="mm were fabricated using an EOS P100 laser sintering machine, with processing parameters given in Table 1 ." type="">
   </statement>
   <statement id="5" text="The powder deposition thickness of lattice structures is 100 m." type="">
   </statement>
   <statement id="6" text="The power bed temperature is 173 C." type="">
   </statement>
   <statement id="8" text="There are 5 types of LS parameters." type="">
   </statement>
  </statements>
 </table>
</document>