<document>
 <table id="Table 1">
  <caption text="

   Calcination conditions.
  
">
  </caption>
  <row row="0">
   <cell col-end="0" col-start="0" row-end="0" row-start="0" text="">
   </cell>
   <cell col-end="1" col-start="1" row-end="0" row-start="0" text="Luminaire spacing (m)">
   </cell>
   <cell col-end="2" col-start="2" row-end="0" row-start="0" text="Path width (m)">
   </cell>
   <cell col-end="3" col-start="3" row-end="0" row-start="0" text="Dwellings' height (m)">
   </cell>
  </row>
  <row row="1">
   <cell col-end="0" col-start="0" row-end="1" row-start="1" text="Condition no. 1">
   </cell>
   <cell col-end="1" col-start="1" row-end="1" row-start="1" text="200">
   </cell>
   <cell col-end="2" col-start="2" row-end="1" row-start="1" text="2,0">
   </cell>
   <cell col-end="3" col-start="3" row-end="1" row-start="1" text="2,3">
   </cell>
  </row>
  <row row="2">
   <cell col-end="0" col-start="0" row-end="2" row-start="2" text="Condition no. 2a">
   </cell>
   <cell col-end="1" col-start="1" row-end="2" row-start="2" text="200">
   </cell>
   <cell col-end="2" col-start="2" row-end="2" row-start="2" text="1,2 to 2,0">
   </cell>
   <cell col-end="3" col-start="3" row-end="2" row-start="2" text="2,3">
   </cell>
  </row>
  <row row="3">
   <cell col-end="0" col-start="0" row-end="3" row-start="3" text="Condition no. 2 b">
   </cell>
   <cell col-end="1" col-start="1" row-end="3" row-start="3" text="200">
   </cell>
   <cell col-end="2" col-start="2" row-end="3" row-start="3" text="2,0">
   </cell>
   <cell col-end="3" col-start="3" row-end="3" row-start="3" text="1,5 to 2,3">
   </cell>
  </row>
  <row row="4">
   <cell col-end="0" col-start="0" row-end="4" row-start="4" text="Condition no. 3">
   </cell>
   <cell col-end="1" col-start="1" row-end="4" row-start="4" text="100">
   </cell>
   <cell col-end="2" col-start="2" row-end="4" row-start="4" text="2,0">
   </cell>
   <cell col-end="3" col-start="3" row-end="4" row-start="4" text="2,3">
   </cell>
  </row>
  <statements>
   <statement id="1" text="1,2 to 2,0 Path width (m) is Condition no. 2a." type="">
   </statement>
   <statement id="3" text="Condition no. 1 Luminaire spacing (m) is 200." type="">
   </statement>
   <statement id="5" text="Dwellings' height (m) 1,5 to 2,3 is Condition no. 2 b." type="">
   </statement>
  </statements>
 </table>
 <table id="Table 2">
  <caption text="

   Average illuminance (Eav), minimum illum. (Emin) and illum. Uniformity (U0) values of path sections #1-10.
  
">
  </caption>
  <row row="0">
   <cell col-end="0" col-start="0" row-end="0" row-start="0" text="">
   </cell>
   <cell col-end="1" col-start="1" row-end="0" row-start="0" text="Path #1">
   </cell>
   <cell col-end="2" col-start="2" row-end="0" row-start="0" text="Path #2">
   </cell>
   <cell col-end="3" col-start="3" row-end="0" row-start="0" text="Path #3">
   </cell>
   <cell col-end="4" col-start="4" row-end="0" row-start="0" text="Path #4">
   </cell>
   <cell col-end="5" col-start="5" row-end="0" row-start="0" text="Path #5">
   </cell>
   <cell col-end="6" col-start="6" row-end="0" row-start="0" text="Path #6">
   </cell>
   <cell col-end="7" col-start="7" row-end="0" row-start="0" text="Path #7">
   </cell>
   <cell col-end="8" col-start="8" row-end="0" row-start="0" text="Path #8">
   </cell>
   <cell col-end="9" col-start="9" row-end="0" row-start="0" text="Path #9">
   </cell>
   <cell col-end="10" col-start="10" row-end="0" row-start="0" text="Path #10">
   </cell>
  </row>
  <row row="1">
   <cell col-end="0" col-start="0" row-end="1" row-start="1" text="Eav (lx)">
   </cell>
   <cell col-end="1" col-start="1" row-end="1" row-start="1" text="30,00">
   </cell>
   <cell col-end="2" col-start="2" row-end="1" row-start="1" text="22,00">
   </cell>
   <cell col-end="3" col-start="3" row-end="1" row-start="1" text="13,00">
   </cell>
   <cell col-end="4" col-start="4" row-end="1" row-start="1" text="5,37">
   </cell>
   <cell col-end="5" col-start="5" row-end="1" row-start="1" text="3,80">
   </cell>
   <cell col-end="6" col-start="6" row-end="1" row-start="1" text="2,72">
   </cell>
   <cell col-end="7" col-start="7" row-end="1" row-start="1" text="2,38">
   </cell>
   <cell col-end="8" col-start="8" row-end="1" row-start="1" text="1,71">
   </cell>
   <cell col-end="9" col-start="9" row-end="1" row-start="1" text="1,24">
   </cell>
   <cell col-end="10" col-start="10" row-end="1" row-start="1" text="0,77">
   </cell>
  </row>
  <row row="2">
   <cell col-end="0" col-start="0" row-end="2" row-start="2" text="Emin (lx)">
   </cell>
   <cell col-end="1" col-start="1" row-end="2" row-start="2" text="19,00">
   </cell>
   <cell col-end="2" col-start="2" row-end="2" row-start="2" text="1,27">
   </cell>
   <cell col-end="3" col-start="3" row-end="2" row-start="2" text="1,59">
   </cell>
   <cell col-end="4" col-start="4" row-end="2" row-start="2" text="1,54">
   </cell>
   <cell col-end="5" col-start="5" row-end="2" row-start="2" text="1,26">
   </cell>
   <cell col-end="6" col-start="6" row-end="2" row-start="2" text="0,99">
   </cell>
   <cell col-end="7" col-start="7" row-end="2" row-start="2" text="0,88">
   </cell>
   <cell col-end="8" col-start="8" row-end="2" row-start="2" text="0,61">
   </cell>
   <cell col-end="9" col-start="9" row-end="2" row-start="2" text="0,41">
   </cell>
   <cell col-end="10" col-start="10" row-end="2" row-start="2" text="0,23">
   </cell>
  </row>
  <row row="3">
   <cell col-end="0" col-start="0" row-end="3" row-start="3" text="U0">
   </cell>
   <cell col-end="1" col-start="1" row-end="3" row-start="3" text="0,65">
   </cell>
   <cell col-end="2" col-start="2" row-end="3" row-start="3" text="0,06">
   </cell>
   <cell col-end="3" col-start="3" row-end="3" row-start="3" text="0,12">
   </cell>
   <cell col-end="4" col-start="4" row-end="3" row-start="3" text="0,29">
   </cell>
   <cell col-end="5" col-start="5" row-end="3" row-start="3" text="0,33">
   </cell>
   <cell col-end="6" col-start="6" row-end="3" row-start="3" text="0,36">
   </cell>
   <cell col-end="7" col-start="7" row-end="3" row-start="3" text="0,37">
   </cell>
   <cell col-end="8" col-start="8" row-end="3" row-start="3" text="0,36">
   </cell>
   <cell col-end="9" col-start="9" row-end="3" row-start="3" text="0,33">
   </cell>
   <cell col-end="10" col-start="10" row-end="3" row-start="3" text="0,30">
   </cell>
  </row>
  <statements>
   <statement id="3" text="The highest Path #1 is 30.00." type="">
   </statement>
   <statement id="4" text="The highest Path #10 is 1.24." type="">
   </statement>
   <statement id="7" text="The lowest Path #20 is 0.33." type="">
   </statement>
  </statements>
 </table>
</document>