<document>
 <table id="Table 1">
  <caption text="

   Properties of Steel Fiber.
  
">
  </caption>
  <row row="0">
   <cell col-end="0" col-start="0" row-end="0" row-start="0" text="Materials">
   </cell>
   <cell col-end="1" col-start="1" row-end="0" row-start="0" text="Specific Gravity">
   </cell>
   <cell col-end="2" col-start="2" row-end="0" row-start="0" text="Shape">
   </cell>
   <cell col-end="3" col-start="3" row-end="0" row-start="0" text="Length (mm)">
   </cell>
   <cell col-end="4" col-start="4" row-end="0" row-start="0" text="Section (mm)">
   </cell>
   <cell col-end="5" col-start="5" row-end="0" row-start="0" text="Aspect Ratio (l/d)">
   </cell>
   <cell col-end="6" col-start="6" row-end="0" row-start="0" text="Tensile Strength (N/ mm
     
      2
     
     )">
   </cell>
  </row>
  <row row="1">
   <cell col-end="0" col-start="0" row-end="1" row-start="1" text="Steel">
   </cell>
   <cell col-end="1" col-start="1" row-end="1" row-start="1" text="7.8">
   </cell>
   <cell col-end="2" col-start="2" row-end="1" row-start="1" text="Hooked End">
   </cell>
   <cell col-end="3" col-start="3" row-end="1" row-start="1" text="35">
   </cell>
   <cell col-end="4" col-start="4" row-end="1" row-start="1" text="dia.- 0.55">
   </cell>
   <cell col-end="5" col-start="5" row-end="1" row-start="1" text="64">
   </cell>
   <cell col-end="6" col-start="6" row-end="1" row-start="1" text="1000">
   </cell>
  </row>
  <statements>
   <statement id="2" text="Steel Length (mm) is 10000." type="">
   </statement>
   <statement id="3" text="Steel Length (mm) is 35." type="">
   </statement>
   <statement id="4" text="Steel Section (mm) is dia.- 0.55." type="">
   </statement>
   <statement id="5" text="Steel Specific Gravity is 7.8." type="">
   </statement>
   <statement id="6" text="Steel Tensile Strength (N/ mm 2 ) is 2589." type="">
   </statement>
   <statement id="7" text="The materials used is Steel." type="">
   </statement>
  </statements>
 </table>
 <table id="Table 2">
  <caption text="

   Properties of bullet.
  
">
  </caption>
  <row row="0">
   <cell col-end="0" col-start="0" row-end="0" row-start="0" text="No.">
   </cell>
   <cell col-end="1" col-start="1" row-end="0" row-start="0" text="Caliber">
   </cell>
   <cell col-end="2" col-start="2" row-end="0" row-start="0" text="Bullet Weight">
   </cell>
   <cell col-end="3" col-start="3" row-end="0" row-start="0" text="Bullet Description">
   </cell>
   <cell col-end="4" col-start="4" row-end="0" row-start="0" text="Muzzle Velocity">
   </cell>
   <cell col-end="5" col-start="5" row-end="0" row-start="0" text="Muzzle Energy">
   </cell>
   <cell col-end="6" col-start="6" row-end="0" row-start="0" text="Classification">
   </cell>
  </row>
  <row row="1">
   <cell col-end="0" col-start="0" row-end="1" row-start="1" text="1">
   </cell>
   <cell col-end="1" col-start="1" row-end="1" row-start="1" text="9 mm">
   </cell>
   <cell col-end="2" col-start="2" row-end="1" row-start="1" text="8.0 g">
   </cell>
   <cell col-end="3" col-start="3" row-end="1" row-start="1" text="FMJ">
   </cell>
   <cell col-end="4" col-start="4" row-end="1" row-start="1" text="342 m/s">
   </cell>
   <cell col-end="5" col-start="5" row-end="1" row-start="1" text="468 N.m">
   </cell>
   <cell col-end="6" col-start="6" row-end="1" row-start="1" text="Low Impact Energy">
   </cell>
  </row>
  <row row="2">
   <cell col-end="0" col-start="0" row-end="2" row-start="2" text="2">
   </cell>
   <cell col-end="1" col-start="1" row-end="2" row-start="2" text="11 mm
     
     (.44 Magnum)">
   </cell>
   <cell col-end="2" col-start="2" row-end="2" row-start="2" text="15.6 g">
   </cell>
   <cell col-end="3" col-start="3" row-end="2" row-start="2" text="SJHP">
   </cell>
   <cell col-end="4" col-start="4" row-end="2" row-start="2" text="499 m/s">
   </cell>
   <cell col-end="5" col-start="5" row-end="2" row-start="2" text="1942 N.m">
   </cell>
   <cell col-end="6" col-start="6" row-end="2" row-start="2" text="Medium Impact Energy">
   </cell>
  </row>
  <row row="3">
   <cell col-end="0" col-start="0" row-end="3" row-start="3" text="3">
   </cell>
   <cell col-end="1" col-start="1" row-end="3" row-start="3" text="7.62 mm">
   </cell>
   <cell col-end="2" col-start="2" row-end="3" row-start="3" text="9.6 g">
   </cell>
   <cell col-end="3" col-start="3" row-end="3" row-start="3" text="FMJ">
   </cell>
   <cell col-end="4" col-start="4" row-end="3" row-start="3" text="824 m/s">
   </cell>
   <cell col-end="5" col-start="5" row-end="3" row-start="3" text="3259 N.m">
   </cell>
   <cell col-end="6" col-start="6" row-end="3" row-start="3" text="High Impact Energy">
   </cell>
  </row>
  <statements>
   <statement id="1" text="The Highest Caliber of bullet is 11 mm." type="">
   </statement>
   <statement id="3" text="The Highest Muzzle Velocity is 49m/s." type="">
   </statement>
   <statement id="4" text="The Highest Muzzle Velocity is 824m/s." type="">
   </statement>
   <statement id="5" text="The Lowest Bullet Weight is 16.0g." type="">
   </statement>
   <statement id="6" text="The Lowest Bullet Weight is 8.0g." type="">
   </statement>
   <statement id="7" text="The Lowest Muzzle Energy is 3259 N.m." type="">
   </statement>
   <statement id="9" text="They have same kinds of class for a bullet." type="">
   </statement>
  </statements>
 </table>
 <table id="Table 4">
  <caption text="

   Detail Summary on Panel Type, Bullet Type and Failure mode.
  
">
  </caption>
  <row row="0">
   <cell col-end="0" col-start="0" row-end="0" row-start="0" text="Name">
   </cell>
   <cell col-end="1" col-start="1" row-end="0" row-start="0" text="9 mm.">
   </cell>
   <cell col-end="2" col-start="2" row-end="0" row-start="0" text="11 mm.">
   </cell>
   <cell col-end="3" col-start="3" row-end="0" row-start="0" text="7.62 mm">
   </cell>
  </row>
  <row row="1">
   <cell col-end="0" col-start="0" row-end="1" row-start="1" text="1S10">
   </cell>
   <cell col-end="1" col-start="1" row-end="1" row-start="1" text="Perforation">
   </cell>
   <cell col-end="2" col-start="2" row-end="1" row-start="1" text="Perforation">
   </cell>
   <cell col-end="3" col-start="3" row-end="1" row-start="1" text="–">
   </cell>
  </row>
  <row row="2">
   <cell col-end="0" col-start="0" row-end="2" row-start="2" text="2S10">
   </cell>
   <cell col-end="1" col-start="1" row-end="2" row-start="2" text="Perforation">
   </cell>
   <cell col-end="2" col-start="2" row-end="2" row-start="2" text="Perforation">
   </cell>
   <cell col-end="3" col-start="3" row-end="2" row-start="2" text="Perforation">
   </cell>
  </row>
  <row row="3">
   <cell col-end="0" col-start="0" row-end="3" row-start="3" text="3S10">
   </cell>
   <cell col-end="1" col-start="1" row-end="3" row-start="3" text="Perforation">
   </cell>
   <cell col-end="2" col-start="2" row-end="3" row-start="3" text="Perforation">
   </cell>
   <cell col-end="3" col-start="3" row-end="3" row-start="3" text="Perforation">
   </cell>
  </row>
  <row row="4">
   <cell col-end="0" col-start="0" row-end="4" row-start="4" text="1S20">
   </cell>
   <cell col-end="1" col-start="1" row-end="4" row-start="4" text="Perforation">
   </cell>
   <cell col-end="2" col-start="2" row-end="4" row-start="4" text="Perforation">
   </cell>
   <cell col-end="3" col-start="3" row-end="4" row-start="4" text="–">
   </cell>
  </row>
  <row row="5">
   <cell col-end="0" col-start="0" row-end="5" row-start="5" text="2S20">
   </cell>
   <cell col-end="1" col-start="1" row-end="5" row-start="5" text="Perforation">
   </cell>
   <cell col-end="2" col-start="2" row-end="5" row-start="5" text="Perforation">
   </cell>
   <cell col-end="3" col-start="3" row-end="5" row-start="5" text="Perforation">
   </cell>
  </row>
  <row row="6">
   <cell col-end="0" col-start="0" row-end="6" row-start="6" text="3S20">
   </cell>
   <cell col-end="1" col-start="1" row-end="6" row-start="6" text="Perforation">
   </cell>
   <cell col-end="2" col-start="2" row-end="6" row-start="6" text="Perforation">
   </cell>
   <cell col-end="3" col-start="3" row-end="6" row-start="6" text="Perforation">
   </cell>
  </row>
  <row row="7">
   <cell col-end="0" col-start="0" row-end="7" row-start="7" text="1S30">
   </cell>
   <cell col-end="1" col-start="1" row-end="7" row-start="7" text="Scabbing + Cracking">
   </cell>
   <cell col-end="2" col-start="2" row-end="7" row-start="7" text="Perforation">
   </cell>
   <cell col-end="3" col-start="3" row-end="7" row-start="7" text="–">
   </cell>
  </row>
  <row row="8">
   <cell col-end="0" col-start="0" row-end="8" row-start="8" text="2S30">
   </cell>
   <cell col-end="1" col-start="1" row-end="8" row-start="8" text="Scabbing + Cracking">
   </cell>
   <cell col-end="2" col-start="2" row-end="8" row-start="8" text="Perforation">
   </cell>
   <cell col-end="3" col-start="3" row-end="8" row-start="8" text="Perforation">
   </cell>
  </row>
  <row row="9">
   <cell col-end="0" col-start="0" row-end="9" row-start="9" text="3S30">
   </cell>
   <cell col-end="1" col-start="1" row-end="9" row-start="9" text="Scabbing + Cracking">
   </cell>
   <cell col-end="2" col-start="2" row-end="9" row-start="9" text="Perforation">
   </cell>
   <cell col-end="3" col-start="3" row-end="9" row-start="9" text="Perforation">
   </cell>
  </row>
  <row row="10">
   <cell col-end="0" col-start="0" row-end="10" row-start="10" text="1S40">
   </cell>
   <cell col-end="1" col-start="1" row-end="10" row-start="10" text="Scabbing + No damage">
   </cell>
   <cell col-end="2" col-start="2" row-end="10" row-start="10" text="Perforation">
   </cell>
   <cell col-end="3" col-start="3" row-end="10" row-start="10" text="–">
   </cell>
  </row>
  <row row="11">
   <cell col-end="0" col-start="0" row-end="11" row-start="11" text="2S40">
   </cell>
   <cell col-end="1" col-start="1" row-end="11" row-start="11" text="Scabbing + No damage">
   </cell>
   <cell col-end="2" col-start="2" row-end="11" row-start="11" text="Scabbing + Spalling">
   </cell>
   <cell col-end="3" col-start="3" row-end="11" row-start="11" text="Perforation">
   </cell>
  </row>
  <row row="12">
   <cell col-end="0" col-start="0" row-end="12" row-start="12" text="2S40">
   </cell>
   <cell col-end="1" col-start="1" row-end="12" row-start="12" text="Scabbing + No damage">
   </cell>
   <cell col-end="2" col-start="2" row-end="12" row-start="12" text="Scabbing + Spalling">
   </cell>
   <cell col-end="3" col-start="3" row-end="12" row-start="12" text="Perforation">
   </cell>
  </row>
  <row row="13">
   <cell col-end="0" col-start="0" row-end="13" row-start="13" text="1S50">
   </cell>
   <cell col-end="1" col-start="1" row-end="13" row-start="13" text="Scabbing + No damage">
   </cell>
   <cell col-end="2" col-start="2" row-end="13" row-start="13" text="Scabbing + Cracking">
   </cell>
   <cell col-end="3" col-start="3" row-end="13" row-start="13" text="–">
   </cell>
  </row>
  <row row="14">
   <cell col-end="0" col-start="0" row-end="14" row-start="14" text="2S50">
   </cell>
   <cell col-end="1" col-start="1" row-end="14" row-start="14" text="Scabbing + No damage">
   </cell>
   <cell col-end="2" col-start="2" row-end="14" row-start="14" text="Scabbing + Cracking">
   </cell>
   <cell col-end="3" col-start="3" row-end="14" row-start="14" text="Perforation">
   </cell>
  </row>
  <row row="15">
   <cell col-end="0" col-start="0" row-end="15" row-start="15" text="3S50">
   </cell>
   <cell col-end="1" col-start="1" row-end="15" row-start="15" text="Scabbing + No damage">
   </cell>
   <cell col-end="2" col-start="2" row-end="15" row-start="15" text="Scabbing + No damage">
   </cell>
   <cell col-end="3" col-start="3" row-end="15" row-start="15" text="Perforation">
   </cell>
  </row>
  <row row="16">
   <cell col-end="0" col-start="0" row-end="16" row-start="16" text="1S60">
   </cell>
   <cell col-end="1" col-start="1" row-end="16" row-start="16" text="–">
   </cell>
   <cell col-end="2" col-start="2" row-end="16" row-start="16" text="Scabbing + No damage">
   </cell>
   <cell col-end="3" col-start="3" row-end="16" row-start="16" text="–">
   </cell>
  </row>
  <row row="17">
   <cell col-end="0" col-start="0" row-end="17" row-start="17" text="2S60">
   </cell>
   <cell col-end="1" col-start="1" row-end="17" row-start="17" text="–">
   </cell>
   <cell col-end="2" col-start="2" row-end="17" row-start="17" text="Scabbing + No damage">
   </cell>
   <cell col-end="3" col-start="3" row-end="17" row-start="17" text="Scabbing + Spalling">
   </cell>
  </row>
  <row row="18">
   <cell col-end="0" col-start="0" row-end="18" row-start="18" text="3S60">
   </cell>
   <cell col-end="1" col-start="1" row-end="18" row-start="18" text="–">
   </cell>
   <cell col-end="2" col-start="2" row-end="18" row-start="18" text="Scabbing + No damage">
   </cell>
   <cell col-end="3" col-start="3" row-end="18" row-start="18" text="Scabbing + Spalling">
   </cell>
  </row>
  <row row="19">
   <cell col-end="0" col-start="0" row-end="19" row-start="19" text="2S70">
   </cell>
   <cell col-end="1" col-start="1" row-end="19" row-start="19" text="–">
   </cell>
   <cell col-end="2" col-start="2" row-end="19" row-start="19" text="–">
   </cell>
   <cell col-end="3" col-start="3" row-end="19" row-start="19" text="Scabbing + Spalling">
   </cell>
  </row>
  <row row="20">
   <cell col-end="0" col-start="0" row-end="20" row-start="20" text="3S70">
   </cell>
   <cell col-end="1" col-start="1" row-end="20" row-start="20" text="–">
   </cell>
   <cell col-end="2" col-start="2" row-end="20" row-start="20" text="–">
   </cell>
   <cell col-end="3" col-start="3" row-end="20" row-start="20" text="Scabbing + Spalling">
   </cell>
  </row>
  <row row="21">
   <cell col-end="0" col-start="0" row-end="21" row-start="21" text="2S80">
   </cell>
   <cell col-end="1" col-start="1" row-end="21" row-start="21" text="–">
   </cell>
   <cell col-end="2" col-start="2" row-end="21" row-start="21" text="–">
   </cell>
   <cell col-end="3" col-start="3" row-end="21" row-start="21" text="Scabbing + Cracking">
   </cell>
  </row>
  <row row="22">
   <cell col-end="0" col-start="0" row-end="22" row-start="22" text="3S80">
   </cell>
   <cell col-end="1" col-start="1" row-end="22" row-start="22" text="–">
   </cell>
   <cell col-end="2" col-start="2" row-end="22" row-start="22" text="–">
   </cell>
   <cell col-end="3" col-start="3" row-end="22" row-start="22" text="Scabbing + No damage">
   </cell>
  </row>
  <row row="23">
   <cell col-end="0" col-start="0" row-end="23" row-start="23" text="2S100">
   </cell>
   <cell col-end="1" col-start="1" row-end="23" row-start="23" text="–">
   </cell>
   <cell col-end="2" col-start="2" row-end="23" row-start="23" text="–">
   </cell>
   <cell col-end="3" col-start="3" row-end="23" row-start="23" text="Scabbing + No damage">
   </cell>
  </row>
  <row row="24">
   <cell col-end="0" col-start="0" row-end="24" row-start="24" text="3S100">
   </cell>
   <cell col-end="1" col-start="1" row-end="24" row-start="24" text="–">
   </cell>
   <cell col-end="2" col-start="2" row-end="24" row-start="24" text="–">
   </cell>
   <cell col-end="3" col-start="3" row-end="24" row-start="24" text="Scabbing + No damage">
   </cell>
  </row>
  <statements>
   <statement id="0" text="1S20 to 3S50 will not have Panel Type for 9mm." type="">
   </statement>
   <statement id="1" text="1S60 to 3S100 will not have Panel Type for 9mm." type="">
   </statement>
   <statement id="2" text="3S20 to 3S500 will have Scabbing + No damage for 7.62mm." type="">
   </statement>
   <statement id="4" text="From 1S10 to 1S40 will have same Panel Type for 11mm." type="">
   </statement>
   <statement id="6" text="Name will start from 1s10 to 3s100." type="">
   </statement>
  </statements>
 </table>
</document>