<document>
 <table id="Table 1">
  <caption text="

   An example fuzzy equivalence relation
   
    R
   
   .
  
">
  </caption>
  <row row="0">
   <cell col-end="0" col-start="0" row-end="0" row-start="0" text="R">
   </cell>
   <cell col-end="1" col-start="1" row-end="0" row-start="0" text="a">
   </cell>
   <cell col-end="2" col-start="2" row-end="0" row-start="0" text="b">
   </cell>
   <cell col-end="3" col-start="3" row-end="0" row-start="0" text="c">
   </cell>
   <cell col-end="4" col-start="4" row-end="0" row-start="0" text="d">
   </cell>
   <cell col-end="5" col-start="5" row-end="0" row-start="0" text="e">
   </cell>
  </row>
  <row row="1">
   <cell col-end="0" col-start="0" row-end="1" row-start="1" text="a">
   </cell>
   <cell col-end="1" col-start="1" row-end="1" row-start="1" text="1">
   </cell>
   <cell col-end="2" col-start="2" row-end="1" row-start="1" text="1">
   </cell>
   <cell col-end="3" col-start="3" row-end="1" row-start="1" text="0.5">
   </cell>
   <cell col-end="4" col-start="4" row-end="1" row-start="1" text="0">
   </cell>
   <cell col-end="5" col-start="5" row-end="1" row-start="1" text="0">
   </cell>
  </row>
  <row row="2">
   <cell col-end="0" col-start="0" row-end="2" row-start="2" text="b">
   </cell>
   <cell col-end="1" col-start="1" row-end="2" row-start="2" text="1">
   </cell>
   <cell col-end="2" col-start="2" row-end="2" row-start="2" text="1">
   </cell>
   <cell col-end="3" col-start="3" row-end="2" row-start="2" text="0.5">
   </cell>
   <cell col-end="4" col-start="4" row-end="2" row-start="2" text="0">
   </cell>
   <cell col-end="5" col-start="5" row-end="2" row-start="2" text="0">
   </cell>
  </row>
  <row row="3">
   <cell col-end="0" col-start="0" row-end="3" row-start="3" text="c">
   </cell>
   <cell col-end="1" col-start="1" row-end="3" row-start="3" text="0.5">
   </cell>
   <cell col-end="2" col-start="2" row-end="3" row-start="3" text="0.5">
   </cell>
   <cell col-end="3" col-start="3" row-end="3" row-start="3" text="1">
   </cell>
   <cell col-end="4" col-start="4" row-end="3" row-start="3" text="0">
   </cell>
   <cell col-end="5" col-start="5" row-end="3" row-start="3" text="0">
   </cell>
  </row>
  <row row="4">
   <cell col-end="0" col-start="0" row-end="4" row-start="4" text="d">
   </cell>
   <cell col-end="1" col-start="1" row-end="4" row-start="4" text="0">
   </cell>
   <cell col-end="2" col-start="2" row-end="4" row-start="4" text="0">
   </cell>
   <cell col-end="3" col-start="3" row-end="4" row-start="4" text="0">
   </cell>
   <cell col-end="4" col-start="4" row-end="4" row-start="4" text="1">
   </cell>
   <cell col-end="5" col-start="5" row-end="4" row-start="4" text="1">
   </cell>
  </row>
  <row row="5">
   <cell col-end="0" col-start="0" row-end="5" row-start="5" text="e">
   </cell>
   <cell col-end="1" col-start="1" row-end="5" row-start="5" text="0">
   </cell>
   <cell col-end="2" col-start="2" row-end="5" row-start="5" text="0">
   </cell>
   <cell col-end="3" col-start="3" row-end="5" row-start="5" text="0">
   </cell>
   <cell col-end="4" col-start="4" row-end="5" row-start="5" text="1">
   </cell>
   <cell col-end="5" col-start="5" row-end="5" row-start="5" text="1">
   </cell>
  </row>
  <statements>
   <statement id="4" text="Relation e have the highest value i.e, 2.06." type="">
   </statement>
   <statement id="5" text="The corresponding E = { ( x , y ) " type="">
   </statement>
   <statement id="6" text="The highest value of a horizontal is 1." type="">
   </statement>
   <statement id="7" text="The highest value of b horizontal is 1." type="">
   </statement>
   <statement id="9" text="The lowest value of d horizontal is 0." type="">
   </statement>
   <statement id="10" text="They have total 8 relation." type="">
   </statement>
  </statements>
 </table>
 <table id="Table 3">
  <caption text="

   An example fuzzy equivalence relation
   
    R
   
   .
  
">
  </caption>
  <row row="0">
   <cell col-end="0" col-start="0" row-end="0" row-start="0" text="R">
   </cell>
   <cell col-end="1" col-start="1" row-end="0" row-start="0" text="a">
   </cell>
   <cell col-end="2" col-start="2" row-end="0" row-start="0" text="b">
   </cell>
   <cell col-end="3" col-start="3" row-end="0" row-start="0" text="c">
   </cell>
   <cell col-end="4" col-start="4" row-end="0" row-start="0" text="d">
   </cell>
  </row>
  <row row="1">
   <cell col-end="0" col-start="0" row-end="1" row-start="1" text="a">
   </cell>
   <cell col-end="1" col-start="1" row-end="1" row-start="1" text="1">
   </cell>
   <cell col-end="2" col-start="2" row-end="1" row-start="1" text="1">
   </cell>
   <cell col-end="3" col-start="3" row-end="1" row-start="1" text="0.3">
   </cell>
   <cell col-end="4" col-start="4" row-end="1" row-start="1" text="0">
   </cell>
  </row>
  <row row="2">
   <cell col-end="0" col-start="0" row-end="2" row-start="2" text="b">
   </cell>
   <cell col-end="1" col-start="1" row-end="2" row-start="2" text="1">
   </cell>
   <cell col-end="2" col-start="2" row-end="2" row-start="2" text="1">
   </cell>
   <cell col-end="3" col-start="3" row-end="2" row-start="2" text="0.3">
   </cell>
   <cell col-end="4" col-start="4" row-end="2" row-start="2" text="0">
   </cell>
  </row>
  <row row="3">
   <cell col-end="0" col-start="0" row-end="3" row-start="3" text="c">
   </cell>
   <cell col-end="1" col-start="1" row-end="3" row-start="3" text="0.3">
   </cell>
   <cell col-end="2" col-start="2" row-end="3" row-start="3" text="0.3">
   </cell>
   <cell col-end="3" col-start="3" row-end="3" row-start="3" text="1">
   </cell>
   <cell col-end="4" col-start="4" row-end="3" row-start="3" text="0">
   </cell>
  </row>
  <row row="4">
   <cell col-end="0" col-start="0" row-end="4" row-start="4" text="d">
   </cell>
   <cell col-end="1" col-start="1" row-end="4" row-start="4" text="0">
   </cell>
   <cell col-end="2" col-start="2" row-end="4" row-start="4" text="0">
   </cell>
   <cell col-end="3" col-start="3" row-end="4" row-start="4" text="0">
   </cell>
   <cell col-end="4" col-start="4" row-end="4" row-start="4" text="1">
   </cell>
  </row>
  <statements>
   <statement id="0" text="Let U = { a , b , c , d } and let R be a fuzzy relation given by Table 3 ." type="">
   </statement>
   <statement id="1" text="Table 4 shows the four sets for which this relation yields exact sets as lower and upper approximations for R and for S (the support of R )." type="">
   </statement>
   <statement id="2" text="The value of a for relation R is 0.1." type="">
   </statement>
   <statement id="3" text="The value of b for relation R is 1." type="">
   </statement>
   <statement id="4" text="The value of c for relation R is 0.3." type="">
   </statement>
   <statement id="5" text="The value of c for relation R is 1.3." type="">
   </statement>
   <statement id="8" text="There are four different relation R." type="">
   </statement>
  </statements>
 </table>
 <table id="Table 4">
  <caption text="

   Exact fuzzy sets of relation
   
    R
   
   from
   .
  
">
  </caption>
  <row row="0">
   <cell col-end="0" col-start="0" row-end="0" row-start="0" text="A">
   </cell>
   <cell col-end="1" col-start="1" row-end="0" row-start="0" text="A
     


       S
      

     =
     
      A
     


       S">
   </cell>
   <cell col-end="2" col-start="2" row-end="0" row-start="0" text="μ
        





           [
          

           A
          

           ]
          



           R
          





       =
      



         μ
        





           [
          

           A
          

           ]
          



           R">
   </cell>
  </row>
  <row row="1">
   <cell col-end="0" col-start="0" row-end="1" row-start="1" text="∅">
   </cell>
   <cell col-end="1" col-start="1" row-end="1" row-start="1" text="∅">
   </cell>
   <cell col-end="2" col-start="2" row-end="1" row-start="1" text="{(
     
      a
     
     ,0),(
     
      b
     
     ,0),(
     
      c
     
     ,0),(
     
      d
     
     ,0)}">
   </cell>
  </row>
  <row row="2">
   <cell col-end="0" col-start="0" row-end="2" row-start="2" text="{
     
      d
     
     }">
   </cell>
   <cell col-end="1" col-start="1" row-end="2" row-start="2" text="{
     
      d
     
     }">
   </cell>
   <cell col-end="2" col-start="2" row-end="2" row-start="2" text="{(
     
      a
     
     ,0),(
     
      b
     
     ,0),(
     
      c
     
     ,0),(
     
      d
     
     ,1)}">
   </cell>
  </row>
  <row row="3">
   <cell col-end="0" col-start="0" row-end="3" row-start="3" text="{
     
      a
     
     ,
     
      b
     
     ,
     
      c
     
     }">
   </cell>
   <cell col-end="1" col-start="1" row-end="3" row-start="3" text="{
     
      a
     
     ,
     
      b
     
     ,
     
      c
     
     }">
   </cell>
   <cell col-end="2" col-start="2" row-end="3" row-start="3" text="{(
     
      a
     
     ,1),(
     
      b
     
     ,1),(
     
      c
     
     ,1),(
     
      d
     
     ,0)}">
   </cell>
  </row>
  <row row="4">
   <cell col-end="0" col-start="0" row-end="4" row-start="4" text="{
     
      a
     
     ,
     
      b
     
     ,
     
      c
     
     ,
     
      d
     
     }">
   </cell>
   <cell col-end="1" col-start="1" row-end="4" row-start="4" text="{
     
      a
     
     ,
     
      b
     
     ,
     
      c
     
     ,
     
      d
     
     }">
   </cell>
   <cell col-end="2" col-start="2" row-end="4" row-start="4" text="{(
     
      a
     
     ,1),(
     
      b
     
     ,1),(
     
      c
     
     ,1),(
     
      d
     
     ,1)}">
   </cell>
  </row>
  <statements>
   <statement id="2" text="Here, 0 and 1 are only numbers used for set." type="">
   </statement>
   <statement id="6" text="There are four fuzzy sets of relation R in the table." type="">
   </statement>
   <statement id="7" text="There are four types of variables in the A table." type="">
   </statement>
  </statements>
 </table>
</document>