<document>
 <table id="Table 2">
  <caption text="

   Shopping Skills Among the Asylum Seekers (n = 205)
  
">
  </caption>
  <legend text="

   Note: Values are n (%). Scores attribution: no skills = 0; low skills = 1; cooking, medium skills = 2; shopping, medium skills = 2 or 3; cooking, high skills = 3; shopping, high skills = 4 or 5.
  
">
  </legend>
  <row row="0">
   <cell col-end="0" col-start="0" row-end="0" row-start="0" text="Skill Level">
   </cell>
   <cell col-end="1" col-start="1" row-end="0" row-start="0" text="Cooking Skills">
   </cell>
   <cell col-end="2" col-start="2" row-end="0" row-start="0" text="Shopping Skills">
   </cell>
  </row>
  <row row="1">
   <cell col-end="0" col-start="0" row-end="1" row-start="1" text="No skills">
   </cell>
   <cell col-end="1" col-start="1" row-end="1" row-start="1" text="28 (17.6)">
   </cell>
   <cell col-end="2" col-start="2" row-end="1" row-start="1" text="9 (4.4)">
   </cell>
  </row>
  <row row="2">
   <cell col-end="0" col-start="0" row-end="2" row-start="2" text="Low">
   </cell>
   <cell col-end="1" col-start="1" row-end="2" row-start="2" text="28 (14.6)">
   </cell>
   <cell col-end="2" col-start="2" row-end="2" row-start="2" text="28 (13.7)">
   </cell>
  </row>
  <row row="3">
   <cell col-end="0" col-start="0" row-end="3" row-start="3" text="Medium">
   </cell>
   <cell col-end="1" col-start="1" row-end="3" row-start="3" text="49 (23.9)">
   </cell>
   <cell col-end="2" col-start="2" row-end="3" row-start="3" text="105 (51.2)">
   </cell>
  </row>
  <row row="4">
   <cell col-end="0" col-start="0" row-end="4" row-start="4" text="High">
   </cell>
   <cell col-end="1" col-start="1" row-end="4" row-start="4" text="90 (43.9)">
   </cell>
   <cell col-end="2" col-start="2" row-end="4" row-start="4" text="63 (30.7)">
   </cell>
  </row>
  <row row="5">
   <cell col-end="0" col-start="0" row-end="5" row-start="5" text="Total">
   </cell>
   <cell col-end="1" col-start="1" row-end="5" row-start="5" text="205 (100.0)">
   </cell>
   <cell col-end="2" col-start="2" row-end="5" row-start="5" text="205 (30.7)">
   </cell>
  </row>
  <statements>
   <statement id="0" text="High skill level has has highest number in cooking skill." type="">
   </statement>
   <statement id="1" text="In the sample, 4% had no shopping skills at all, whereas 7.8% had the highest shopping skills score ( Table 2 )." type="">
   </statement>
   <statement id="5" text="The total number of Cooking skills and shopping skills are same." type="">
   </statement>
   <statement id="6" text="There are five skill levels and four types of skills." type="">
   </statement>
   <statement id="7" text="There are four skill levels and two types of skills." type="">
   </statement>
  </statements>
 </table>
 <table id="Table 3">
  <caption text="

   Logistic Regression Model of Cooking Skills Among the Asylum Seekers by Background Characteristics (n = 205)
  
">
  </caption>
  <legend text="

   CI indicates confidence interval; OR, odds ratio.
  

   Note: Cooking skills were measured using 3 questions in which the respondents could answer very good, good, basic, or very limited. These variables were recorded as binary; coding very good and good as
   
    high,
   
   and basic and very limited as
   
    low
   
   cooking skills. The final variable, cooking, was coded as
   
    high cooking skills
   
   for those who had scored high on all the 3 questions (total score 3) and
   
    low cooking skills
   
   corresponding to all others (score 0 to 2).
  
">
  </legend>
  <row row="0">
   <cell col-end="0" col-start="0" row-end="0" row-start="0" text="Variable">
   </cell>
   <cell col-end="1" col-start="1" row-end="0" row-start="0" text="Unadjusted OR (95% CI)">
   </cell>
   <cell col-end="2" col-start="2" row-end="0" row-start="0" text="P">
   </cell>
   <cell col-end="3" col-start="3" row-end="0" row-start="0" text="Adjusted OR (95% CI)">
   </cell>
   <cell col-end="4" col-start="4" row-end="0" row-start="0" text="P">
   </cell>
  </row>
  <row row="1">
   <cell col-end="0" col-start="0" row-end="1" row-start="1" text="Age">
   </cell>
   <cell col-end="1" col-start="1" row-end="1" row-start="1" text="1.07 (1.03–1.10)">
   </cell>
   <cell col-end="2" col-start="2" row-end="1" row-start="1" text="&lt;.001">
   </cell>
   <cell col-end="3" col-start="3" row-end="1" row-start="1" text="1.07 (1.02–1.12)">
   </cell>
   <cell col-end="4" col-start="4" row-end="1" row-start="1" text=".003">
   </cell>
  </row>
  <row row="2">
   <cell col-end="0" col-start="0" row-end="2" row-start="2" text="Female">
   </cell>
   <cell col-end="1" col-start="1" row-end="2" row-start="2" text="9.96 (5.09–19.46)">
   </cell>
   <cell col-end="2" col-start="2" row-end="2" row-start="2" text="&lt;.001">
   </cell>
   <cell col-end="3" col-start="3" row-end="2" row-start="2" text="9.00 (4.33–18.71)">
   </cell>
   <cell col-end="4" col-start="4" row-end="2" row-start="2" text="&lt;.001">
   </cell>
  </row>
  <row row="3">
   <cell col-end="0" col-start="0" row-end="3" row-start="3" text="Married">
   </cell>
   <cell col-end="1" col-start="1" row-end="3" row-start="3" text="2.84 (1.59–5.07)">
   </cell>
   <cell col-end="2" col-start="2" row-end="3" row-start="3" text="&lt;.001">
   </cell>
   <cell col-end="3" col-start="3" row-end="3" row-start="3" text="1.99 (0.93–4.24)">
   </cell>
   <cell col-end="4" col-start="4" row-end="3" row-start="3" text=".07">
   </cell>
  </row>
  <row row="4">
   <cell col-end="0" col-start="0" row-end="4" row-start="4" text="Education">
   </cell>
   <cell col-end="1" col-start="1" row-end="4" row-start="4" text="">
   </cell>
   <cell col-end="2" col-start="2" row-end="4" row-start="4" text=".02">
   </cell>
   <cell col-end="3" col-start="3" row-end="4" row-start="4" text="">
   </cell>
   <cell col-end="4" col-start="4" row-end="4" row-start="4" text=".18">
   </cell>
  </row>
  <row row="5">
   <cell col-end="0" col-start="0" row-end="5" row-start="5" text="Higher education">
   </cell>
   <cell col-end="1" col-start="1" row-end="5" row-start="5" text="Referent">
   </cell>
   <cell col-end="2" col-start="2" row-end="5" row-start="5" text="">
   </cell>
   <cell col-end="3" col-start="3" row-end="5" row-start="5" text="Referent">
   </cell>
   <cell col-end="4" col-start="4" row-end="5" row-start="5" text="">
   </cell>
  </row>
  <row row="6">
   <cell col-end="0" col-start="0" row-end="6" row-start="6" text="Primary/secondary">
   </cell>
   <cell col-end="1" col-start="1" row-end="6" row-start="6" text="1.51 (0.80–2.87)">
   </cell>
   <cell col-end="2" col-start="2" row-end="6" row-start="6" text="">
   </cell>
   <cell col-end="3" col-start="3" row-end="6" row-start="6" text="2.02 (0.92–4.42)">
   </cell>
   <cell col-end="4" col-start="4" row-end="6" row-start="6" text="">
   </cell>
  </row>
  <row row="7">
   <cell col-end="0" col-start="0" row-end="7" row-start="7" text="No education">
   </cell>
   <cell col-end="1" col-start="1" row-end="7" row-start="7" text="3.13 (1.39–7.05)">
   </cell>
   <cell col-end="2" col-start="2" row-end="7" row-start="7" text=".11">
   </cell>
   <cell col-end="3" col-start="3" row-end="7" row-start="7" text="2.05 (0.70–5.97)">
   </cell>
   <cell col-end="4" col-start="4" row-end="7" row-start="7" text="">
   </cell>
  </row>
  <row row="8">
   <cell col-end="0" col-start="0" row-end="8" row-start="8" text="Previously employed">
   </cell>
   <cell col-end="1" col-start="1" row-end="8" row-start="8" text="1.64 (0.90–3.00)">
   </cell>
   <cell col-end="2" col-start="2" row-end="8" row-start="8" text=".11">
   </cell>
   <cell col-end="3" col-start="3" row-end="8" row-start="8" text="–">
   </cell>
   <cell col-end="4" col-start="4" row-end="8" row-start="8" text="">
   </cell>
  </row>
  <row row="9">
   <cell col-end="0" col-start="0" row-end="9" row-start="9" text="Number of children">
   </cell>
   <cell col-end="1" col-start="1" row-end="9" row-start="9" text="1.44 (1.15–1.81)">
   </cell>
   <cell col-end="2" col-start="2" row-end="9" row-start="9" text=".002">
   </cell>
   <cell col-end="3" col-start="3" row-end="9" row-start="9" text="0.94 (0.70–1.28)">
   </cell>
   <cell col-end="4" col-start="4" row-end="9" row-start="9" text=".70">
   </cell>
  </row>
  <statements>
   <statement id="0" text="In the multivariable model, including all these characteristics, participant age and sex remained significant with an adjusted odds ratio (OR)" type="">
   </statement>
   <statement id="1" text="Number of children is also one of the variable." type="">
   </statement>
   <statement id="2" text="Participant age, sex, marital status, education, and number of children were associated with higher cooking skills in bivariate models ( Table 3 )." type="">
   </statement>
   <statement id="3" text="The Observed table is between Unadjusted and Adjustedwith 95% Cl." type="">
   </statement>
   <statement id="6" text="There are 9 variables found in the table." type="">
   </statement>
  </statements>
 </table>
 <table id="Table 4">
  <caption text="

   Logistic Regression Model of Shopping Skills Among the Asylum Seekers by Background Characteristics (n = 205)
  
">
  </caption>
  <legend text="

   CI indicates confidence interval; OR, odds ratio.
  

   Note: Shopping skills were measured using 5 questions in which the respondents could answer yes, sometimes, or no. The variables were recoded as binary; giving score 1 to yes, and score 0 to no or sometimes. The variable
   
    shopping skills
   
   was defined as
   
    high
   
   when respondents scored 4 or 5, and
   
    low or moderate
   
   if they scored 3 or lower.
  
">
  </legend>
  <row row="0">
   <cell col-end="0" col-start="0" row-end="0" row-start="0" text="Variable">
   </cell>
   <cell col-end="1" col-start="1" row-end="0" row-start="0" text="Unadjusted OR (95% CI)">
   </cell>
   <cell col-end="2" col-start="2" row-end="0" row-start="0" text="P">
   </cell>
  </row>
  <row row="1">
   <cell col-end="0" col-start="0" row-end="1" row-start="1" text="Age">
   </cell>
   <cell col-end="1" col-start="1" row-end="1" row-start="1" text="1.01 (0.99–1.04)">
   </cell>
   <cell col-end="2" col-start="2" row-end="1" row-start="1" text=".34">
   </cell>
  </row>
  <row row="2">
   <cell col-end="0" col-start="0" row-end="2" row-start="2" text="Female">
   </cell>
   <cell col-end="1" col-start="1" row-end="2" row-start="2" text="1.52 (0.82–2.79)">
   </cell>
   <cell col-end="2" col-start="2" row-end="2" row-start="2" text=".18">
   </cell>
  </row>
  <row row="3">
   <cell col-end="0" col-start="0" row-end="3" row-start="3" text="Married">
   </cell>
   <cell col-end="1" col-start="1" row-end="3" row-start="3" text="2.30 (1.25–4.21)">
   </cell>
   <cell col-end="2" col-start="2" row-end="3" row-start="3" text=".007">
   </cell>
  </row>
  <row row="4">
   <cell col-end="0" col-start="0" row-end="4" row-start="4" text="Education">
   </cell>
   <cell col-end="1" col-start="1" row-end="4" row-start="4" text="">
   </cell>
   <cell col-end="2" col-start="2" row-end="4" row-start="4" text=".36">
   </cell>
  </row>
  <row row="5">
   <cell col-end="0" col-start="0" row-end="5" row-start="5" text="Higher education">
   </cell>
   <cell col-end="1" col-start="1" row-end="5" row-start="5" text="Referent">
   </cell>
   <cell col-end="2" col-start="2" row-end="5" row-start="5" text="">
   </cell>
  </row>
  <row row="6">
   <cell col-end="0" col-start="0" row-end="6" row-start="6" text="Primary/secondary">
   </cell>
   <cell col-end="1" col-start="1" row-end="6" row-start="6" text="0.66 (0.34–1.28)">
   </cell>
   <cell col-end="2" col-start="2" row-end="6" row-start="6" text="">
   </cell>
  </row>
  <row row="7">
   <cell col-end="0" col-start="0" row-end="7" row-start="7" text="No education">
   </cell>
   <cell col-end="1" col-start="1" row-end="7" row-start="7" text="0.60 (0.25–1.42)">
   </cell>
   <cell col-end="2" col-start="2" row-end="7" row-start="7" text="">
   </cell>
  </row>
  <row row="8">
   <cell col-end="0" col-start="0" row-end="8" row-start="8" text="Previously employed">
   </cell>
   <cell col-end="1" col-start="1" row-end="8" row-start="8" text="0.63 (0.34–1.17)">
   </cell>
   <cell col-end="2" col-start="2" row-end="8" row-start="8" text=".14">
   </cell>
  </row>
  <row row="9">
   <cell col-end="0" col-start="0" row-end="9" row-start="9" text="Number of children">
   </cell>
   <cell col-end="1" col-start="1" row-end="9" row-start="9" text="1.13 (0.92–1.39)">
   </cell>
   <cell col-end="2" col-start="2" row-end="9" row-start="9" text=".23">
   </cell>
  </row>
  <statements>
   <statement id="1" text="Higher education, Primary/secondary and No education will not have P value." type="">
   </statement>
   <statement id="3" text="P Value ranges from .007 to .36." type="">
   </statement>
   <statement id="4" text="The Table contain 9 variables." type="">
   </statement>
   <statement id="5" text="Variable Female will have highest Unadjusted OR (95% CI)." type="">
   </statement>
   <statement id="6" text="Variable Married will have highest Unadjusted OR (95% CI)." type="">
   </statement>
  </statements>
 </table>
 <table id="Table 5">
  <caption text="

   Logistic Regression Model by Cooking and Shopping Skills—Adult Food Insecurity and Dietary Diversity (n = 205)
  
">
  </caption>
  <legend text="

   CI indicates confidence interval; OR, odds ratio.
  
">
  </legend>
  <row row="0">
   <cell col-end="0" col-start="0" row-end="0" row-start="0" text="Variable">
   </cell>
   <cell col-end="1" col-start="1" row-end="0" row-start="0" text="Unadjusted OR (95% CI)">
   </cell>
   <cell col-end="2" col-start="2" row-end="0" row-start="0" text="P">
   </cell>
   <cell col-end="3" col-start="3" row-end="0" row-start="0" text="Adjusted OR
     

       a
      

     (95% CI)">
   </cell>
   <cell col-end="4" col-start="4" row-end="0" row-start="0" text="P">
   </cell>
  </row>
  <row row="1">
   <cell col-end="0" col-start="0" row-end="1" row-start="1" text="Adult food insecurity">
   </cell>
   <cell col-end="1" col-start="1" row-end="1" row-start="1" text="">
   </cell>
   <cell col-end="2" col-start="2" row-end="1" row-start="1" text="">
   </cell>
   <cell col-end="3" col-start="3" row-end="1" row-start="1" text="">
   </cell>
   <cell col-end="4" col-start="4" row-end="1" row-start="1" text="">
   </cell>
  </row>
  <row row="2">
   <cell col-end="0" col-start="0" row-end="2" row-start="2" text="Cooking skills">
   </cell>
   <cell col-end="1" col-start="1" row-end="2" row-start="2" text="0.38 (0.19–0.76)">
   </cell>
   <cell col-end="2" col-start="2" row-end="2" row-start="2" text=".006">
   </cell>
   <cell col-end="3" col-start="3" row-end="2" row-start="2" text="0.63 (0.26–1.53)">
   </cell>
   <cell col-end="4" col-start="4" row-end="2" row-start="2" text=".31">
   </cell>
  </row>
  <row row="3">
   <cell col-end="0" col-start="0" row-end="3" row-start="3" text="Shopping skills">
   </cell>
   <cell col-end="1" col-start="1" row-end="3" row-start="3" text="0.66 (0.33–1.33)">
   </cell>
   <cell col-end="2" col-start="2" row-end="3" row-start="3" text=".25">
   </cell>
   <cell col-end="3" col-start="3" row-end="3" row-start="3" text="0.79 (0.35–1.78)">
   </cell>
   <cell col-end="4" col-start="4" row-end="3" row-start="3" text=".58">
   </cell>
  </row>
  <row row="4">
   <cell col-end="0" col-start="0" row-end="4" row-start="4" text="Adequate dietary diversity">
   </cell>
   <cell col-end="1" col-start="1" row-end="4" row-start="4" text="">
   </cell>
   <cell col-end="2" col-start="2" row-end="4" row-start="4" text="">
   </cell>
   <cell col-end="3" col-start="3" row-end="4" row-start="4" text="">
   </cell>
   <cell col-end="4" col-start="4" row-end="4" row-start="4" text="">
   </cell>
  </row>
  <row row="5">
   <cell col-end="0" col-start="0" row-end="5" row-start="5" text="Cooking skills">
   </cell>
   <cell col-end="1" col-start="1" row-end="5" row-start="5" text="2.50 (1.41–4.43)">
   </cell>
   <cell col-end="2" col-start="2" row-end="5" row-start="5" text=".002">
   </cell>
   <cell col-end="3" col-start="3" row-end="5" row-start="5" text="2.12 (1.04–4.31)">
   </cell>
   <cell col-end="4" col-start="4" row-end="5" row-start="5" text=".04">
   </cell>
  </row>
  <row row="6">
   <cell col-end="0" col-start="0" row-end="6" row-start="6" text="Shopping skills">
   </cell>
   <cell col-end="1" col-start="1" row-end="6" row-start="6" text="1.19 (0.65–2.17)">
   </cell>
   <cell col-end="2" col-start="2" row-end="6" row-start="6" text=".58">
   </cell>
   <cell col-end="3" col-start="3" row-end="6" row-start="6" text="0.90 (0.47–1.71)">
   </cell>
   <cell col-end="4" col-start="4" row-end="6" row-start="6" text=".74">
   </cell>
  </row>
  <statements>
   <statement id="4" text="Higher shopping skills were not associated with either measure of dietary diversity or adult food insecurity." type="">
   </statement>
   <statement id="6" text="OR, 0.38; 95%, confidence interval [CI], 0.190.76) and a higher probability of adequate dietary diversity (OR, 2.50; 95% CI, 1.414.43]) ( Table 5 )." type="">
   </statement>
   <statement id="7" text="P .58 Variable is Shopping skills." type="">
   </statement>
  </statements>
 </table>
</document>