<document>
 <table id="Table 1">
  <caption text="

   Comparison between the autosampler presented here and two commercial models.
  
">
  </caption>
  <row row="0">
   <cell col-end="0" col-start="0" row-end="0" row-start="0" text="Parameter">
   </cell>
   <cell col-end="1" col-start="1" row-end="0" row-start="0" text="This autosampler">
   </cell>
   <cell col-end="2" col-start="2" row-end="0" row-start="0" text="Costech Zero Blank Autosampler">
   </cell>
   <cell col-end="3" col-start="3" row-end="0" row-start="0" text="Thermo-Fisher MAS200r">
   </cell>
  </row>
  <row row="1">
   <cell col-end="0" col-start="0" row-end="1" row-start="1" text="Number of samples per tray">
   </cell>
   <cell col-end="1" col-start="1" row-end="1" row-start="1" text="95; can be expanded without modifying sample size if a larger tray is designed; or a larger tray can be built, along a larger table, so that a larger number of large samples can be accommodated">
   </cell>
   <cell col-end="2" col-start="2" row-end="1" row-start="1" text="49 for 6 mm samples">
   </cell>
   <cell col-end="3" col-start="3" row-end="1" row-start="1" text="32; more samples can be added if extra trays are pilled upon each other, but these need to be purchased separately">
   </cell>
  </row>
  <row row="2">
   <cell col-end="0" col-start="0" row-end="2" row-start="2" text="Maximum sample size">
   </cell>
   <cell col-end="1" col-start="1" row-end="2" row-start="2" text="Sphere with 10 mm in diameter">
   </cell>
   <cell col-end="2" col-start="2" row-end="2" row-start="2" text="Sphere with 6 mm in diameter when using a tray for 49 samples; it can take larger samples but then the tray needs to be swapped with one for less samples at once">
   </cell>
   <cell col-end="3" col-start="3" row-end="2" row-start="2" text="Sphere with 10 mm in diameter, but only if purging flow is largely increased">
   </cell>
  </row>
  <row row="3">
   <cell col-end="0" col-start="0" row-end="3" row-start="3" text="Sample adding procedure">
   </cell>
   <cell col-end="1" col-start="1" row-end="3" row-start="3" text="Samples need to be placed inside their respective holes in the carousel">
   </cell>
   <cell col-end="2" col-start="2" row-end="3" row-start="3" text="Samples need to be placed inside carousel, and then a flushing procedure lasting about 10 min is needed. If more samples need to be added, the flushing needs to be repeated again.">
   </cell>
   <cell col-end="3" col-start="3" row-end="3" row-start="3" text="Samples need to be placed inside their respective holes in carousel and a lid needs to be placed over the tray. If the lid is forgotten, large air blanks are introduced in the measurement.">
   </cell>
  </row>
  <row row="4">
   <cell col-end="0" col-start="0" row-end="4" row-start="4" text="Cost">
   </cell>
   <cell col-end="1" col-start="1" row-end="4" row-start="4" text="AU$540 plus extras">
   </cell>
   <cell col-end="2" col-start="2" row-end="4" row-start="4" text="AU$20,000">
   </cell>
   <cell col-end="3" col-start="3" row-end="4" row-start="4" text="AU$10,000">
   </cell>
  </row>
  <row row="5">
   <cell col-end="0" col-start="0" row-end="5" row-start="5" text="Replacement parts">
   </cell>
   <cell col-end="1" col-start="1" row-end="5" row-start="5" text="3D-printed or readily available from hardware stores">
   </cell>
   <cell col-end="2" col-start="2" row-end="5" row-start="5" text="Proprietary">
   </cell>
   <cell col-end="3" col-start="3" row-end="5" row-start="5" text="Proprietary">
   </cell>
  </row>
  <row row="6">
   <cell col-end="0" col-start="0" row-end="6" row-start="6" text="Compatibility">
   </cell>
   <cell col-end="1" col-start="1" row-end="6" row-start="6" text="Universal via AutoIt">
   </cell>
   <cell col-end="2" col-start="2" row-end="6" row-start="6" text="Proprietary, only for designed partner companies">
   </cell>
   <cell col-end="3" col-start="3" row-end="6" row-start="6" text="Proprietary, only for designed partner companies">
   </cell>
  </row>
  <statements>
   <statement id="0" text="It is clear from there that the autosampler presented here is a low-cost and viable alternative to existing commercial models." type="">
   </statement>
   <statement id="1" text="Parameter Compatibility has This autosampler of Samples need to be placed inside their respective holes in the carousel." type="">
   </statement>
   <statement id="3" text="Parameter Sample adding procedure has This autosampler of Samples need to be placed inside their respective holes in the carousel." type="">
   </statement>
   <statement id="4" text="Parameter Sample adding procedure has This autosampler of Universal via AutoIt." type="">
   </statement>
  </statements>
 </table>
</document>