<document>
 <table id="Table 1">
  <caption text="

   Summary of the microannuli geometry cases.
  
">
  </caption>
  <row row="0">
   <cell col-end="0" col-start="0" row-end="0" row-start="0" text="Case #">
   </cell>
   <cell col-end="1" col-start="1" row-end="0" row-start="0" text="Geometry">
   </cell>
   <cell col-end="2" col-start="2" row-end="0" row-start="0" text="Description">
   </cell>
  </row>
  <row row="1">
   <cell col-end="0" col-start="0" row-end="1" row-start="1" text="Case 1">
   </cell>
   <cell col-end="1" col-start="1" row-end="1" row-start="1" text="Experimental">
   </cell>
   <cell col-end="2" col-start="2" row-end="1" row-start="1" text="Partial microannulus">
   </cell>
  </row>
  <row row="2">
   <cell col-end="0" col-start="0" row-end="2" row-start="2" text="Case 2">
   </cell>
   <cell col-end="1" col-start="1" row-end="2" row-start="2" text="Experimental">
   </cell>
   <cell col-end="2" col-start="2" row-end="2" row-start="2" text="Nearly complete microannulus">
   </cell>
  </row>
  <row row="3">
   <cell col-end="0" col-start="0" row-end="3" row-start="3" text="Case 3">
   </cell>
   <cell col-end="1" col-start="1" row-end="3" row-start="3" text="Theoretical">
   </cell>
   <cell col-end="2" col-start="2" row-end="3" row-start="3" text="Uniform aperture of 50 μm">
   </cell>
  </row>
  <row row="4">
   <cell col-end="0" col-start="0" row-end="4" row-start="4" text="Case 4">
   </cell>
   <cell col-end="1" col-start="1" row-end="4" row-start="4" text="Theoretical">
   </cell>
   <cell col-end="2" col-start="2" row-end="4" row-start="4" text="Uniform aperture of 350 μm">
   </cell>
  </row>
  <row row="5">
   <cell col-end="0" col-start="0" row-end="5" row-start="5" text="Case 5">
   </cell>
   <cell col-end="1" col-start="1" row-end="5" row-start="5" text="Theoretical">
   </cell>
   <cell col-end="2" col-start="2" row-end="5" row-start="5" text="Uniform aperture of 750 μm">
   </cell>
  </row>
  <statements>
   <statement id="0" text="A summary of the geometry cases from both experimental and theoretical microannuli is given in Table 1 ." type="">
   </statement>
   <statement id="1" text="Description for case 1 is Partial microannulus." type="">
   </statement>
   <statement id="2" text="Description for case 2 is Uniform aperture of 350 m." type="">
   </statement>
   <statement id="3" text="Description for case 3 is Partial microannulus." type="">
   </statement>
   <statement id="4" text="Description for case 3 is Uniform aperture of 50 m." type="">
   </statement>
   <statement id="5" text="There are five types of Geometry." type="">
   </statement>
   <statement id="6" text="There are ten different Summary of the microannuli geometry cases." type="">
   </statement>
  </statements>
 </table>
 <table id="Table 2">
  <caption text="

   Density and viscosity of fluids used in the CFD simulations.
  
">
  </caption>
  <row row="0">
   <cell col-end="0" col-start="0" row-end="0" row-start="0" text="Fluid type">
   </cell>
   <cell col-end="1" col-start="1" row-end="0" row-start="0" text="Density (kg/m
     
      3
     
     )">
   </cell>
   <cell col-end="2" col-start="2" row-end="0" row-start="0" text="Dynamic viscosity (Pa·s)">
   </cell>
  </row>
  <row row="1">
   <cell col-end="0" col-start="0" row-end="1" row-start="1" text="Methane gas">
   </cell>
   <cell col-end="1" col-start="1" row-end="1" row-start="1" text="0.4911">
   </cell>
   <cell col-end="2" col-start="2" row-end="1" row-start="1" text="14.09 × 10
     
      −6">
   </cell>
  </row>
  <row row="2">
   <cell col-end="0" col-start="0" row-end="2" row-start="2" text="Water">
   </cell>
   <cell col-end="1" col-start="1" row-end="2" row-start="2" text="940.7">
   </cell>
   <cell col-end="2" col-start="2" row-end="2" row-start="2" text="2.25 × 10
     
      −4">
   </cell>
  </row>
  <row row="3">
   <cell col-end="0" col-start="0" row-end="3" row-start="3" text="Oil">
   </cell>
   <cell col-end="1" col-start="1" row-end="3" row-start="3" text="710">
   </cell>
   <cell col-end="2" col-start="2" row-end="3" row-start="3" text="3.5 × 10
     
      −3">
   </cell>
  </row>
  <statements>
   <statement id="1" text="Methane gas Density (kg/m 3 ) is 0.4911." type="">
   </statement>
   <statement id="2" text="Methane gas Dynamic viscosity (Pas) is 710." type="">
   </statement>
   <statement id="3" text="Oil Density (kg/m 3 ) is 710." type="">
   </statement>
   <statement id="4" text="Oil Dynamic viscosity (Pas) is 3.5  10 3." type="">
   </statement>
   <statement id="5" text="They have five kinds of Fluid type." type="">
   </statement>
   <statement id="6" text="They have three kinds of Fluid type." type="">
   </statement>
   <statement id="8" text="Water Density (kg/m 3 ) is 940.7." type="">
   </statement>
   <statement id="9" text="Water Dynamic viscosity (Pas) is 0.4911." type="">
   </statement>
   <statement id="10" text="Water Dynamic viscosity (Pas) is 980." type="">
   </statement>
  </statements>
 </table>
</document>