<document>
 <table id="Table 3">
  <caption text="

   Characteristics of different validated methods for the determination of PhACs in fish.
  
">
  </caption>
  <legend text="

   *dw: dry weight. ** Includes metabolites of PhACs. ***z.f.: zebrafish.
  
">
  </legend>
  <row row="0">
   <cell col-end="0" col-start="0" row-end="0" row-start="0" text="Sample weight (g)">
   </cell>
   <cell col-end="1" col-start="1" row-end="0" row-start="0" text="Extraction technique">
   </cell>
   <cell col-end="2" col-start="2" row-end="0" row-start="0" text="Solvent Volumen (mL)">
   </cell>
   <cell col-end="3" col-start="3" row-end="0" row-start="0" text="Purification type">
   </cell>
   <cell col-end="4" col-start="4" row-end="0" row-start="0" text="No. compounds validated in other methods">
   </cell>
   <cell col-end="5" col-start="5" row-end="0" row-start="0" text="LOD(ng
     
      g
     

      −
     

      1
     
     )">
   </cell>
   <cell col-end="6" col-start="6" row-end="0" row-start="0" text="LOQ (ng
     
      g
     

      −
     

      1
     
     )">
   </cell>
   <cell col-end="7" col-start="7" row-end="0" row-start="0" text="Recovery%">
   </cell>
   <cell col-end="8" col-start="8" row-end="0" row-start="0" text="MS instrument">
   </cell>
   <cell col-end="9" col-start="9" row-end="0" row-start="0" text="ME (%)">
   </cell>
   <cell col-end="10" col-start="10" row-end="0" row-start="0" text="Ref.">
   </cell>
  </row>
  <row row="1">
   <cell col-end="0" col-start="0" row-end="1" row-start="1" text="0.5 dw*">
   </cell>
   <cell col-end="1" col-start="1" row-end="1" row-start="1" text="focused USE">
   </cell>
   <cell col-end="2" col-start="2" row-end="1" row-start="1" text="7">
   </cell>
   <cell col-end="3" col-start="3" row-end="1" row-start="1" text="SPE">
   </cell>
   <cell col-end="4" col-start="4" row-end="1" row-start="1" text="22">
   </cell>
   <cell col-end="5" col-start="5" row-end="1" row-start="1" text="0.4–16">
   </cell>
   <cell col-end="6" col-start="6" row-end="1" row-start="1" text="N.R.">
   </cell>
   <cell col-end="7" col-start="7" row-end="1" row-start="1" text="80 - 118.">
   </cell>
   <cell col-end="8" col-start="8" row-end="1" row-start="1" text="QqQ">
   </cell>
   <cell col-end="9" col-start="9" row-end="1" row-start="1" text="N.R.">
   </cell>
   <cell col-end="10" col-start="10" row-end="1" row-start="1" text="">
   </cell>
  </row>
  <row row="2">
   <cell col-end="0" col-start="0" row-end="2" row-start="2" text="0.5 dw">
   </cell>
   <cell col-end="1" col-start="1" row-end="2" row-start="2" text="USE">
   </cell>
   <cell col-end="2" col-start="2" row-end="2" row-start="2" text="10">
   </cell>
   <cell col-end="3" col-start="3" row-end="2" row-start="2" text="2 g of alumina
     
     + SPE">
   </cell>
   <cell col-end="4" col-start="4" row-end="2" row-start="2" text="24">
   </cell>
   <cell col-end="5" col-start="5" row-end="2" row-start="2" text="0.01–19
     
     DW">
   </cell>
   <cell col-end="6" col-start="6" row-end="2" row-start="2" text="0.04–61
     
     dw">
   </cell>
   <cell col-end="7" col-start="7" row-end="2" row-start="2" text="33 - 114">
   </cell>
   <cell col-end="8" col-start="8" row-end="2" row-start="2" text="QqQ">
   </cell>
   <cell col-end="9" col-start="9" row-end="2" row-start="2" text="N.R.">
   </cell>
   <cell col-end="10" col-start="10" row-end="2" row-start="2" text="">
   </cell>
  </row>
  <row row="3">
   <cell col-end="0" col-start="0" row-end="3" row-start="3" text="1.0">
   </cell>
   <cell col-end="1" col-start="1" row-end="3" row-start="3" text="PLE">
   </cell>
   <cell col-end="2" col-start="2" row-end="3" row-start="3" text="4 cycles
     
     5 min">
   </cell>
   <cell col-end="3" col-start="3" row-end="3" row-start="3" text="GPC">
   </cell>
   <cell col-end="4" col-start="4" row-end="3" row-start="3" text="20">
   </cell>
   <cell col-end="5" col-start="5" row-end="3" row-start="3" text="0.01–0.4">
   </cell>
   <cell col-end="6" col-start="6" row-end="3" row-start="3" text="0.04- 1.4">
   </cell>
   <cell col-end="7" col-start="7" row-end="3" row-start="3" text="28 - 126">
   </cell>
   <cell col-end="8" col-start="8" row-end="3" row-start="3" text="QqQ">
   </cell>
   <cell col-end="9" col-start="9" row-end="3" row-start="3" text="4 - (−86)">
   </cell>
   <cell col-end="10" col-start="10" row-end="3" row-start="3" text="">
   </cell>
  </row>
  <row row="4">
   <cell col-end="0" col-start="0" row-end="4" row-start="4" text="0.5">
   </cell>
   <cell col-end="1" col-start="1" row-end="4" row-start="4" text="Homogenization">
   </cell>
   <cell col-end="2" col-start="2" row-end="4" row-start="4" text="1">
   </cell>
   <cell col-end="3" col-start="3" row-end="4" row-start="4" text="Filtration
     
     + frozen">
   </cell>
   <cell col-end="4" col-start="4" row-end="4" row-start="4" text="74**">
   </cell>
   <cell col-end="5" col-start="5" row-end="4" row-start="4" text="N.R.">
   </cell>
   <cell col-end="6" col-start="6" row-end="4" row-start="4" text="0.03 – 5.5">
   </cell>
   <cell col-end="7" col-start="7" row-end="4" row-start="4" text="40 - 160">
   </cell>
   <cell col-end="8" col-start="8" row-end="4" row-start="4" text="Q-Exactive">
   </cell>
   <cell col-end="9" col-start="9" row-end="4" row-start="4" text="54 - (−327)">
   </cell>
   <cell col-end="10" col-start="10" row-end="4" row-start="4" text="">
   </cell>
  </row>
  <row row="5">
   <cell col-end="0" col-start="0" row-end="5" row-start="5" text="1.0 dw">
   </cell>
   <cell col-end="1" col-start="1" row-end="5" row-start="5" text="QuEChERS">
   </cell>
   <cell col-end="2" col-start="2" row-end="5" row-start="5" text="19">
   </cell>
   <cell col-end="3" col-start="3" row-end="5" row-start="5" text="EMR lipid removal">
   </cell>
   <cell col-end="4" col-start="4" row-end="5" row-start="5" text="21">
   </cell>
   <cell col-end="5" col-start="5" row-end="5" row-start="5" text="0.5– 91
     
     DW">
   </cell>
   <cell col-end="6" col-start="6" row-end="5" row-start="5" text="1.8 - 303
     
     dw">
   </cell>
   <cell col-end="7" col-start="7" row-end="5" row-start="5" text="10 - 139.">
   </cell>
   <cell col-end="8" col-start="8" row-end="5" row-start="5" text="Q-ToF">
   </cell>
   <cell col-end="9" col-start="9" row-end="5" row-start="5" text="113 - (−89)">
   </cell>
   <cell col-end="10" col-start="10" row-end="5" row-start="5" text="">
   </cell>
  </row>
  <row row="6">
   <cell col-end="0" col-start="0" row-end="6" row-start="6" text="0.2 dw">
   </cell>
   <cell col-end="1" col-start="1" row-end="6" row-start="6" text="vortex">
   </cell>
   <cell col-end="2" col-start="2" row-end="6" row-start="6" text="10">
   </cell>
   <cell col-end="3" col-start="3" row-end="6" row-start="6" text="filtration">
   </cell>
   <cell col-end="4" col-start="4" row-end="6" row-start="6" text="42">
   </cell>
   <cell col-end="5" col-start="5" row-end="6" row-start="6" text="0.01 to 2.00">
   </cell>
   <cell col-end="6" col-start="6" row-end="6" row-start="6" text="0.1 - 40.2">
   </cell>
   <cell col-end="7" col-start="7" row-end="6" row-start="6" text="29 - 188">
   </cell>
   <cell col-end="8" col-start="8" row-end="6" row-start="6" text="QqQ">
   </cell>
   <cell col-end="9" col-start="9" row-end="6" row-start="6" text="2191 -(−83)">
   </cell>
   <cell col-end="10" col-start="10" row-end="6" row-start="6" text="">
   </cell>
  </row>
  <row row="7">
   <cell col-end="0" col-start="0" row-end="7" row-start="7" text="1">
   </cell>
   <cell col-end="1" col-start="1" row-end="7" row-start="7" text="USE">
   </cell>
   <cell col-end="2" col-start="2" row-end="7" row-start="7" text="NR">
   </cell>
   <cell col-end="3" col-start="3" row-end="7" row-start="7" text="SPE">
   </cell>
   <cell col-end="4" col-start="4" row-end="7" row-start="7" text="29">
   </cell>
   <cell col-end="5" col-start="5" row-end="7" row-start="7" text="0.01–2.00">
   </cell>
   <cell col-end="6" col-start="6" row-end="7" row-start="7" text="0.03 - 6.67">
   </cell>
   <cell col-end="7" col-start="7" row-end="7" row-start="7" text="61 - 111">
   </cell>
   <cell col-end="8" col-start="8" row-end="7" row-start="7" text="QqQ">
   </cell>
   <cell col-end="9" col-start="9" row-end="7" row-start="7" text="NR">
   </cell>
   <cell col-end="10" col-start="10" row-end="7" row-start="7" text="">
   </cell>
  </row>
  <row row="8">
   <cell col-end="0" col-start="0" row-end="8" row-start="8" text="5">
   </cell>
   <cell col-end="1" col-start="1" row-end="8" row-start="8" text="USE-McIlvain">
   </cell>
   <cell col-end="2" col-start="2" row-end="8" row-start="8" text="15">
   </cell>
   <cell col-end="3" col-start="3" row-end="8" row-start="8" text="SPE">
   </cell>
   <cell col-end="4" col-start="4" row-end="8" row-start="8" text="27">
   </cell>
   <cell col-end="5" col-start="5" row-end="8" row-start="8" text="N.R.">
   </cell>
   <cell col-end="6" col-start="6" row-end="8" row-start="8" text="6–30">
   </cell>
   <cell col-end="7" col-start="7" row-end="8" row-start="8" text="43 - 103">
   </cell>
   <cell col-end="8" col-start="8" row-end="8" row-start="8" text="QqQ">
   </cell>
   <cell col-end="9" col-start="9" row-end="8" row-start="8" text="5 - (−40)">
   </cell>
   <cell col-end="10" col-start="10" row-end="8" row-start="8" text="">
   </cell>
  </row>
  <row row="9">
   <cell col-end="0" col-start="0" row-end="9" row-start="9" text="1 z.f.***">
   </cell>
   <cell col-end="1" col-start="1" row-end="9" row-start="9" text="USE">
   </cell>
   <cell col-end="2" col-start="2" row-end="9" row-start="9" text="0.250">
   </cell>
   <cell col-end="3" col-start="3" row-end="9" row-start="9" text="–">
   </cell>
   <cell col-end="4" col-start="4" row-end="9" row-start="9" text="9">
   </cell>
   <cell col-end="5" col-start="5" row-end="9" row-start="9" text="N.R.">
   </cell>
   <cell col-end="6" col-start="6" row-end="9" row-start="9" text="0.005 - 1.5">
   </cell>
   <cell col-end="7" col-start="7" row-end="9" row-start="9" text="74 - 100">
   </cell>
   <cell col-end="8" col-start="8" row-end="9" row-start="9" text="QqQ">
   </cell>
   <cell col-end="9" col-start="9" row-end="9" row-start="9" text="51 - 106">
   </cell>
   <cell col-end="10" col-start="10" row-end="9" row-start="9" text="">
   </cell>
  </row>
  <statements>
   <statement id="0" text="A table with the different characteristics of the above mentioned methods is presented in Table 3 ." type="">
   </statement>
   <statement id="2" text="Finally, it can be noted that this method was developed using HRMS, which is not the most outstanding feature of the methods for pharmaceutical detection in fish by mass spectrometry, which gives the advantage of being able to make a complete scan of the contaminants and to perform other types of analysis such as suspect screening and non-target analysis, with the advantages of recoveries very suitable, and low limits of detection, even comparable to those obtained with equipment of QqQ that usually are more selective and sensitive." type="">
   </statement>
   <statement id="3" text="The highest LOD(ng g  1 ) is 220." type="">
   </statement>
   <statement id="5" text="The lowest Purification type is 550." type="">
   </statement>
  </statements>
 </table>
 <table id="Table 4">
  <caption text="

   PhACs detected in European riverine fish.
  
">
  </caption>
  <row row="0">
   <cell col-end="0" col-start="0" row-end="0" row-start="0" text="Sample* (% of lipid content)">
   </cell>
   <cell col-end="1" col-start="1" row-end="0" row-start="0" text="Bezafibrate (ng g
     
      -1
     
     )">
   </cell>
   <cell col-end="2" col-start="2" row-end="0" row-start="0" text="Caffeine (ng g
     
      -1
     
     )">
   </cell>
   <cell col-end="3" col-start="3" row-end="0" row-start="0" text="Carbamazepine (ng g
     
      -1
     
     )">
   </cell>
   <cell col-end="4" col-start="4" row-end="0" row-start="0" text="Clarithromycin (ng g
     
      -1
     
     )">
   </cell>
   <cell col-end="5" col-start="5" row-end="0" row-start="0" text="Diltiazem (ng g
     
      -1
     
     )">
   </cell>
   <cell col-end="6" col-start="6" row-end="0" row-start="0" text="Ketoprofen (ng g
     
      -1
     
     )">
   </cell>
   <cell col-end="7" col-start="7" row-end="0" row-start="0" text="Furazolidone (ng g
     
      -1
     
     )">
   </cell>
   <cell col-end="8" col-start="8" row-end="0" row-start="0" text="Sulfapyridine (ng g
     
      -1
     
     )">
   </cell>
   <cell col-end="9" col-start="9" row-end="0" row-start="0" text="Trimethoprim (ng g
     
      -1
     
     )">
   </cell>
   <cell col-end="10" col-start="10" row-end="0" row-start="0" text="Verapamil (ng g
     
      -1
     
     )">
   </cell>
  </row>
  <row row="1">
   <cell col-end="0" col-start="0" row-end="1" row-start="1" text="Barbus barbus (7 - 36 %)">
   </cell>
   <cell col-end="1" col-start="1" row-end="1" row-start="1" text="ND">
   </cell>
   <cell col-end="2" col-start="2" row-end="1" row-start="1" text="ND">
   </cell>
   <cell col-end="3" col-start="3" row-end="1" row-start="1" text="&lt;LOQ - 5.3">
   </cell>
   <cell col-end="4" col-start="4" row-end="1" row-start="1" text="&lt;LOQ">
   </cell>
   <cell col-end="5" col-start="5" row-end="1" row-start="1" text="&lt;LOQ - 17">
   </cell>
   <cell col-end="6" col-start="6" row-end="1" row-start="1" text="ND">
   </cell>
   <cell col-end="7" col-start="7" row-end="1" row-start="1" text="ND">
   </cell>
   <cell col-end="8" col-start="8" row-end="1" row-start="1" text="ND">
   </cell>
   <cell col-end="9" col-start="9" row-end="1" row-start="1" text="ND">
   </cell>
   <cell col-end="10" col-start="10" row-end="1" row-start="1" text="&lt;LOQ">
   </cell>
  </row>
  <row row="2">
   <cell col-end="0" col-start="0" row-end="2" row-start="2" text="Cottus gobio (10 %)">
   </cell>
   <cell col-end="1" col-start="1" row-end="2" row-start="2" text="ND">
   </cell>
   <cell col-end="2" col-start="2" row-end="2" row-start="2" text="ND">
   </cell>
   <cell col-end="3" col-start="3" row-end="2" row-start="2" text="ND">
   </cell>
   <cell col-end="4" col-start="4" row-end="2" row-start="2" text="&lt;LOQ">
   </cell>
   <cell col-end="5" col-start="5" row-end="2" row-start="2" text="11">
   </cell>
   <cell col-end="6" col-start="6" row-end="2" row-start="2" text="ND">
   </cell>
   <cell col-end="7" col-start="7" row-end="2" row-start="2" text="ND">
   </cell>
   <cell col-end="8" col-start="8" row-end="2" row-start="2" text="ND">
   </cell>
   <cell col-end="9" col-start="9" row-end="2" row-start="2" text="ND">
   </cell>
   <cell col-end="10" col-start="10" row-end="2" row-start="2" text="&lt;LOQ">
   </cell>
  </row>
  <row row="3">
   <cell col-end="0" col-start="0" row-end="3" row-start="3" text="Sox Lucius (3 %)">
   </cell>
   <cell col-end="1" col-start="1" row-end="3" row-start="3" text="&lt;LOQ">
   </cell>
   <cell col-end="2" col-start="2" row-end="3" row-start="3" text="ND">
   </cell>
   <cell col-end="3" col-start="3" row-end="3" row-start="3" text="ND">
   </cell>
   <cell col-end="4" col-start="4" row-end="3" row-start="3" text="ND">
   </cell>
   <cell col-end="5" col-start="5" row-end="3" row-start="3" text="10">
   </cell>
   <cell col-end="6" col-start="6" row-end="3" row-start="3" text="ND">
   </cell>
   <cell col-end="7" col-start="7" row-end="3" row-start="3" text="ND">
   </cell>
   <cell col-end="8" col-start="8" row-end="3" row-start="3" text="ND">
   </cell>
   <cell col-end="9" col-start="9" row-end="3" row-start="3" text="ND">
   </cell>
   <cell col-end="10" col-start="10" row-end="3" row-start="3" text="&lt;LOQ">
   </cell>
  </row>
  <row row="4">
   <cell col-end="0" col-start="0" row-end="4" row-start="4" text="Onchorhynchus mykiss
     


      (31 %)">
   </cell>
   <cell col-end="1" col-start="1" row-end="4" row-start="4" text="ND">
   </cell>
   <cell col-end="2" col-start="2" row-end="4" row-start="4" text="69">
   </cell>
   <cell col-end="3" col-start="3" row-end="4" row-start="4" text="&lt;LOQ">
   </cell>
   <cell col-end="4" col-start="4" row-end="4" row-start="4" text="ND">
   </cell>
   <cell col-end="5" col-start="5" row-end="4" row-start="4" text="5.7">
   </cell>
   <cell col-end="6" col-start="6" row-end="4" row-start="4" text="ND">
   </cell>
   <cell col-end="7" col-start="7" row-end="4" row-start="4" text="ND">
   </cell>
   <cell col-end="8" col-start="8" row-end="4" row-start="4" text="ND">
   </cell>
   <cell col-end="9" col-start="9" row-end="4" row-start="4" text="ND">
   </cell>
   <cell col-end="10" col-start="10" row-end="4" row-start="4" text="&lt;LOQ">
   </cell>
  </row>
  <row row="5">
   <cell col-end="0" col-start="0" row-end="5" row-start="5" text="Salmo trutta fario
     


      (4 - 17 %)">
   </cell>
   <cell col-end="1" col-start="1" row-end="5" row-start="5" text="ND">
   </cell>
   <cell col-end="2" col-start="2" row-end="5" row-start="5" text="7.8 - 19">
   </cell>
   <cell col-end="3" col-start="3" row-end="5" row-start="5" text="&lt;LOQ">
   </cell>
   <cell col-end="4" col-start="4" row-end="5" row-start="5" text="&lt;LOQ">
   </cell>
   <cell col-end="5" col-start="5" row-end="5" row-start="5" text="&lt;LOQ - 7.2">
   </cell>
   <cell col-end="6" col-start="6" row-end="5" row-start="5" text="ND">
   </cell>
   <cell col-end="7" col-start="7" row-end="5" row-start="5" text="ND">
   </cell>
   <cell col-end="8" col-start="8" row-end="5" row-start="5" text="6.0 - 7.9">
   </cell>
   <cell col-end="9" col-start="9" row-end="5" row-start="5" text="&lt;LOQ">
   </cell>
   <cell col-end="10" col-start="10" row-end="5" row-start="5" text="&lt;LOQ">
   </cell>
  </row>
  <row row="6">
   <cell col-end="0" col-start="0" row-end="6" row-start="6" text="Salmo trutta marmoratus
     
     (4.2 - 5.4 %)">
   </cell>
   <cell col-end="1" col-start="1" row-end="6" row-start="6" text="ND">
   </cell>
   <cell col-end="2" col-start="2" row-end="6" row-start="6" text="25">
   </cell>
   <cell col-end="3" col-start="3" row-end="6" row-start="6" text="ND">
   </cell>
   <cell col-end="4" col-start="4" row-end="6" row-start="6" text="&lt;LOQ">
   </cell>
   <cell col-end="5" col-start="5" row-end="6" row-start="6" text="3.0  - 7.2">
   </cell>
   <cell col-end="6" col-start="6" row-end="6" row-start="6" text="ND">
   </cell>
   <cell col-end="7" col-start="7" row-end="6" row-start="6" text="49">
   </cell>
   <cell col-end="8" col-start="8" row-end="6" row-start="6" text="ND">
   </cell>
   <cell col-end="9" col-start="9" row-end="6" row-start="6" text="ND">
   </cell>
   <cell col-end="10" col-start="10" row-end="6" row-start="6" text="&lt;LOQ">
   </cell>
  </row>
  <row row="7">
   <cell col-end="0" col-start="0" row-end="7" row-start="7" text="Sander lucioperca (2 %)">
   </cell>
   <cell col-end="1" col-start="1" row-end="7" row-start="7" text="ND">
   </cell>
   <cell col-end="2" col-start="2" row-end="7" row-start="7" text="&lt;LOQ">
   </cell>
   <cell col-end="3" col-start="3" row-end="7" row-start="7" text="&lt;LOQ">
   </cell>
   <cell col-end="4" col-start="4" row-end="7" row-start="7" text="&lt;LOQ">
   </cell>
   <cell col-end="5" col-start="5" row-end="7" row-start="7" text="&lt;LOQ">
   </cell>
   <cell col-end="6" col-start="6" row-end="7" row-start="7" text="ND">
   </cell>
   <cell col-end="7" col-start="7" row-end="7" row-start="7" text="ND">
   </cell>
   <cell col-end="8" col-start="8" row-end="7" row-start="7" text="ND">
   </cell>
   <cell col-end="9" col-start="9" row-end="7" row-start="7" text="ND">
   </cell>
   <cell col-end="10" col-start="10" row-end="7" row-start="7" text="&lt;LOQ">
   </cell>
  </row>
  <row row="8">
   <cell col-end="0" col-start="0" row-end="8" row-start="8" text="Squalius cephalus
     
     (4.6 - 27 %)">
   </cell>
   <cell col-end="1" col-start="1" row-end="8" row-start="8" text="&lt;LOQ">
   </cell>
   <cell col-end="2" col-start="2" row-end="8" row-start="8" text="15 - 32">
   </cell>
   <cell col-end="3" col-start="3" row-end="8" row-start="8" text="&lt;LOQ −13">
   </cell>
   <cell col-end="4" col-start="4" row-end="8" row-start="8" text="&lt;LOQ">
   </cell>
   <cell col-end="5" col-start="5" row-end="8" row-start="8" text="12 - 34">
   </cell>
   <cell col-end="6" col-start="6" row-end="8" row-start="8" text="&lt;LOQ">
   </cell>
   <cell col-end="7" col-start="7" row-end="8" row-start="8" text="ND">
   </cell>
   <cell col-end="8" col-start="8" row-end="8" row-start="8" text="ND">
   </cell>
   <cell col-end="9" col-start="9" row-end="8" row-start="8" text="ND">
   </cell>
   <cell col-end="10" col-start="10" row-end="8" row-start="8" text="&lt;LOQ - 35">
   </cell>
  </row>
  <row row="9">
   <cell col-end="0" col-start="0" row-end="9" row-start="9" text="Squalius keadicus
     


      (2 - 24 %)">
   </cell>
   <cell col-end="1" col-start="1" row-end="9" row-start="9" text="ND">
   </cell>
   <cell col-end="2" col-start="2" row-end="9" row-start="9" text="ND">
   </cell>
   <cell col-end="3" col-start="3" row-end="9" row-start="9" text="ND">
   </cell>
   <cell col-end="4" col-start="4" row-end="9" row-start="9" text="ND">
   </cell>
   <cell col-end="5" col-start="5" row-end="9" row-start="9" text="&lt;LOQ −13">
   </cell>
   <cell col-end="6" col-start="6" row-end="9" row-start="9" text="ND">
   </cell>
   <cell col-end="7" col-start="7" row-end="9" row-start="9" text="ND">
   </cell>
   <cell col-end="8" col-start="8" row-end="9" row-start="9" text="ND">
   </cell>
   <cell col-end="9" col-start="9" row-end="9" row-start="9" text="ND">
   </cell>
   <cell col-end="10" col-start="10" row-end="9" row-start="9" text="&lt;LOQ">
   </cell>
  </row>
  <row row="10">
   <cell col-end="0" col-start="0" row-end="10" row-start="10" text="Thymallus thymallus
     

     (4.7 – 5.2 %)">
   </cell>
   <cell col-end="1" col-start="1" row-end="10" row-start="10" text="ND">
   </cell>
   <cell col-end="2" col-start="2" row-end="10" row-start="10" text="4.6">
   </cell>
   <cell col-end="3" col-start="3" row-end="10" row-start="10" text="ND">
   </cell>
   <cell col-end="4" col-start="4" row-end="10" row-start="10" text="&lt;LOQ">
   </cell>
   <cell col-end="5" col-start="5" row-end="10" row-start="10" text="3.2 – 6.9">
   </cell>
   <cell col-end="6" col-start="6" row-end="10" row-start="10" text="ND">
   </cell>
   <cell col-end="7" col-start="7" row-end="10" row-start="10" text="ND">
   </cell>
   <cell col-end="8" col-start="8" row-end="10" row-start="10" text="ND">
   </cell>
   <cell col-end="9" col-start="9" row-end="10" row-start="10" text="ND">
   </cell>
   <cell col-end="10" col-start="10" row-end="10" row-start="10" text="&lt;LOQ">
   </cell>
  </row>
  <statements>
   <statement id="1" text="Table 4 shows the results of the analysis of fish samples, where the fish are organized according to their species." type="">
   </statement>
   <statement id="3" text="Thymallus has value only for Carbamazepine." type="">
   </statement>
  </statements>
 </table>
</document>