<document>
 <table id="Table 1">
  <caption text="

   Average Nusselt number empirical approximations for horizontal cylinders provided by McAdams
   
    [2]
   
   , Whitaker
   
    [4]
   
   , Fand
   
    [1]
   
   , and Perkins
   
    [3]
   
   .
  
">
  </caption>
  <row row="0">
   <cell col-end="0" col-start="0" row-end="0" row-start="0" text="Author">
   </cell>
   <cell col-end="1" col-start="1" row-end="0" row-start="0" text="Re
     
     range">
   </cell>
   <cell col-end="2" col-start="2" row-end="0" row-start="0" text="Average Nusselt number expression">
   </cell>
  </row>
  <row row="1">
   <cell col-end="0" col-start="0" row-end="1" row-start="1" text="McAdams
     
      [2]">
   </cell>
   <cell col-end="1" col-start="1" row-end="1" row-start="1" text="[1, 10
     
      5
     
     ]">
   </cell>
   <cell col-end="2" col-start="2" row-end="1" row-start="1" text="Nu
       

        =
       

        (
       

        0.4
       



          Re
         



          0.5
         



        +
       

        0.06
       



          Re
         



          2
         

          /
         

          3
         



        )
       



          Pr
         



          0.4
         





          (
         



            μ
           



            f
           



          /
         



            μ
           



            s
           



          )
         



          0.25">
   </cell>
  </row>
  <row row="2">
   <cell col-end="0" col-start="0" row-end="2" row-start="2" text="Whitaker
     
      [4]">
   </cell>
   <cell col-end="1" col-start="1" row-end="2" row-start="2" text="[0.1,
     




          10
         



          3
         




     ]">
   </cell>
   <cell col-end="2" col-start="2" row-end="2" row-start="2" text="Nu
       

        =
       

        0.32
       

        +
       

        0.43
       



          Re
         



          0.52
         





          Pr
         



          1
         

          /
         

          3">
   </cell>
  </row>
  <row row="3">
   <cell col-end="0" col-start="0" row-end="3" row-start="3" text="Fand
     
      [1]">
   </cell>
   <cell col-end="1" col-start="1" row-end="3" row-start="3" text="[0.01,
     


        2
       

        ·
       



          10
         



          5
         




     ]">
   </cell>
   <cell col-end="2" col-start="2" row-end="3" row-start="3" text="Nu
       

        =
       

        0.184
       

        +
       

        0.324
       



          Re
         



          0.5
         



        +
       

        0.291
       



          Re
         



          n">
   </cell>
  </row>
  <row row="4">
   <cell col-end="0" col-start="0" row-end="4" row-start="4" text="">
   </cell>
   <cell col-end="1" col-start="1" row-end="4" row-start="4" text="">
   </cell>
   <cell col-end="2" col-start="2" row-end="4" row-start="4" text="n
       

        =
       

        0.247
       

        +
       

        0.0407
       



          Re
         



          0.168">
   </cell>
  </row>
  <row row="5">
   <cell col-end="0" col-start="0" row-end="5" row-start="5" text="Perkins
     
      [3]">
   </cell>
   <cell col-end="1" col-start="1" row-end="5" row-start="5" text="[40, 10
     
      5
     
     ]">
   </cell>
   <cell col-end="2" col-start="2" row-end="5" row-start="5" text="Nu
       

        =
       

        (
       

        0.31
       



          Re
         



          0.5
         



        +
       

        0.11
       



          Re
         



          0.67
         



        )
       



          Pr
         



          0.4
         





          (
         



            μ
           



            s
           



          /
         



            μ
           



            f
           



          )
         



          0.25">
   </cell>
  </row>
  <statements>
   <statement id="1" text="Author McAdams Average Nusselt number expression Nu = 0.32 + 0.43 Re 0.52 Pr 1 / 3." type="">
   </statement>
   <statement id="2" text="Author McAdams Re range is [1, 10 5 ]." type="">
   </statement>
   <statement id="4" text="Author Whitaker Average Nusselt number expression Nu = 0.184 + 0.324 Re 0.5 + 0.291 Re n n = 0.247 + 0.0407 Re 0.168." type="">
   </statement>
   <statement id="5" text="Author Whitaker Re range is [0.1, 10 3 ]." type="">
   </statement>
   <statement id="6" text="Their expressions have been collected in Table 1 ." type="">
   </statement>
   <statement id="8" text="They have ten author." type="">
   </statement>
  </statements>
 </table>
</document>