<document>
 <table id="Table 1">
  <caption text="

   Total number of joint configurations, with nomenclature referring to overlap topology, overlap length and layup.
  
">
  </caption>
  <row row="0">
   <cell col-end="0" col-start="0" row-end="0" row-start="0" text="Design nomenclature">
   </cell>
   <cell col-end="1" col-start="1" row-end="0" row-start="0" text="Adherend's layup">
   </cell>
   <cell col-end="2" col-start="2" row-end="0" row-start="0" text="overlap length [mm]">
   </cell>
  </row>
  <row row="1">
   <cell col-end="0" col-start="0" row-end="1" row-start="1" text="SLJ-1-90/0">
   </cell>
   <cell col-end="1" col-start="1" row-end="1" row-start="1" text="[90/0]
     
      4s">
   </cell>
   <cell col-end="2" col-start="2" row-end="1" row-start="1" text="12.7">
   </cell>
  </row>
  <row row="2">
   <cell col-end="0" col-start="0" row-end="2" row-start="2" text="SLJ-1-0/90">
   </cell>
   <cell col-end="1" col-start="1" row-end="2" row-start="2" text="[0/90]
     
      4s">
   </cell>
   <cell col-end="2" col-start="2" row-end="2" row-start="2" text="12.7">
   </cell>
  </row>
  <row row="3">
   <cell col-end="0" col-start="0" row-end="3" row-start="3" text="SLJ-2-90/0">
   </cell>
   <cell col-end="1" col-start="1" row-end="3" row-start="3" text="[90/0]
     
      4s">
   </cell>
   <cell col-end="2" col-start="2" row-end="3" row-start="3" text="25.4">
   </cell>
  </row>
  <row row="4">
   <cell col-end="0" col-start="0" row-end="4" row-start="4" text="SLJ-2-0/90">
   </cell>
   <cell col-end="1" col-start="1" row-end="4" row-start="4" text="[0/90]
     
      4s">
   </cell>
   <cell col-end="2" col-start="2" row-end="4" row-start="4" text="25.4">
   </cell>
  </row>
  <row row="5">
   <cell col-end="0" col-start="0" row-end="5" row-start="5" text="FJ-1-90/0">
   </cell>
   <cell col-end="1" col-start="1" row-end="5" row-start="5" text="[90/0]
     
      4s">
   </cell>
   <cell col-end="2" col-start="2" row-end="5" row-start="5" text="12.7">
   </cell>
  </row>
  <row row="6">
   <cell col-end="0" col-start="0" row-end="6" row-start="6" text="FJ-1-0/90">
   </cell>
   <cell col-end="1" col-start="1" row-end="6" row-start="6" text="[0/90]
     
      4s">
   </cell>
   <cell col-end="2" col-start="2" row-end="6" row-start="6" text="12.7">
   </cell>
  </row>
  <row row="7">
   <cell col-end="0" col-start="0" row-end="7" row-start="7" text="FJ-2-90/0">
   </cell>
   <cell col-end="1" col-start="1" row-end="7" row-start="7" text="[90/0]
     
      4s">
   </cell>
   <cell col-end="2" col-start="2" row-end="7" row-start="7" text="12.7">
   </cell>
  </row>
  <row row="8">
   <cell col-end="0" col-start="0" row-end="8" row-start="8" text="FJ-2-0/90">
   </cell>
   <cell col-end="1" col-start="1" row-end="8" row-start="8" text="[0/90]
     
      4s">
   </cell>
   <cell col-end="2" col-start="2" row-end="8" row-start="8" text="12.7">
   </cell>
  </row>
  <statements>
   <statement id="0" text="Adherend's layup are observed to be 4s for all." type="">
   </statement>
   <statement id="3" text="Table 1 summarizes the total number of design configurations investigated throughout this study." type="">
   </statement>
   <statement id="5" text="The highest overlap length is 12.8 mm." type="">
   </statement>
   <statement id="6" text="There are eight types of Design nomenclature." type="">
   </statement>
   <statement id="7" text="There are empty blocks in the table." type="">
   </statement>
  </statements>
 </table>
 <table id="Table 2">
  <caption text="

   Material properties of Hexply® 6376C-HTS(12K)-5-35% for a UD-Prepreg layer.
  
">
  </caption>
  <row row="0">
   <cell col-end="0" col-start="0" row-end="0" row-start="0" text="Longitudinal tensile modulus">
   </cell>
   <cell col-end="1" col-start="1" row-end="0" row-start="0" text="E
     

      11">
   </cell>
   <cell col-end="2" col-start="2" row-end="0" row-start="0" text="142000 MPa">
   </cell>
  </row>
  <row row="1">
   <cell col-end="0" col-start="0" row-end="1" row-start="1" text="Transverse tensile modulus">
   </cell>
   <cell col-end="1" col-start="1" row-end="1" row-start="1" text="E
     

      22
     
     =
     
      E
     

      33">
   </cell>
   <cell col-end="2" col-start="2" row-end="1" row-start="1" text="9100 MPa">
   </cell>
  </row>
  <row row="2">
   <cell col-end="0" col-start="0" row-end="2" row-start="2" text="In-plane shear modulus">
   </cell>
   <cell col-end="1" col-start="1" row-end="2" row-start="2" text="G
     

      12
     
     =
     
      G
     

      13">
   </cell>
   <cell col-end="2" col-start="2" row-end="2" row-start="2" text="5200 MPa">
   </cell>
  </row>
  <row row="3">
   <cell col-end="0" col-start="0" row-end="3" row-start="3" text="Transverse shear modulus">
   </cell>
   <cell col-end="1" col-start="1" row-end="3" row-start="3" text="G
     

      23
     
     =
     
      E
     

      33
     
     /(2(1+
     
      ν
     

      23
     
     ))">
   </cell>
   <cell col-end="2" col-start="2" row-end="3" row-start="3" text="3500 MPa">
   </cell>
  </row>
  <row row="4">
   <cell col-end="0" col-start="0" row-end="4" row-start="4" text="In-plane Poisson ratio">
   </cell>
   <cell col-end="1" col-start="1" row-end="4" row-start="4" text="ν
     

      12
     
     =
     
      ν
     

      13">
   </cell>
   <cell col-end="2" col-start="2" row-end="4" row-start="4" text="0.27">
   </cell>
  </row>
  <row row="5">
   <cell col-end="0" col-start="0" row-end="5" row-start="5" text="Transverse Poisson ratio">
   </cell>
   <cell col-end="1" col-start="1" row-end="5" row-start="5" text="ν
     

      23">
   </cell>
   <cell col-end="2" col-start="2" row-end="5" row-start="5" text="0.30">
   </cell>
  </row>
  <statements>
   <statement id="0" text="In-plane Poisson ratio and Transverse Poisson ratio has different value." type="">
   </statement>
   <statement id="3" text="There are six material properties given." type="">
   </statement>
   <statement id="4" text="There are three types of Poisson ratio." type="">
   </statement>
  </statements>
 </table>
 <table id="Table 3">
  <caption text="

   Material properties of Scotch-Weld™ AF 163-2K epoxy film adhesive.
  
">
  </caption>
  <row row="0">
   <cell col-end="0" col-start="0" row-end="0" row-start="0" text="Tensile modulus">
   </cell>
   <cell col-end="1" col-start="1" row-end="0" row-start="0" text="E
     

      Adh">
   </cell>
   <cell col-end="2" col-start="2" row-end="0" row-start="0" text="2046 MPa
     

       a">
   </cell>
  </row>
  <row row="1">
   <cell col-end="0" col-start="0" row-end="1" row-start="1" text="Poisson ratio">
   </cell>
   <cell col-end="1" col-start="1" row-end="1" row-start="1" text="ν
     

      Adh">
   </cell>
   <cell col-end="2" col-start="2" row-end="1" row-start="1" text="0.34
     

       b">
   </cell>
  </row>
  <statements>
   <statement id="0" text="Poisson ratio has  Adh." type="">
   </statement>
   <statement id="1" text="Poisson ratio has the value of 0.34." type="">
   </statement>
   <statement id="3" text="Tensile modulus has value of 2046 MPa." type="">
   </statement>
   <statement id="4" text="Tensile modulus has value of 2134 MPa." type="">
   </statement>
   <statement id="6" text="There are two categories epoxy film adhesive." type="">
   </statement>
  </statements>
 </table>
</document>