<document>
 <table id="Table 1">
  <caption text="

   Information of the test CFST columns.
  
">
  </caption>
  <row row="0">
   <cell col-end="0" col-start="0" row-end="0" row-start="0" text="Sectional shape">
   </cell>
   <cell col-end="1" col-start="1" row-end="0" row-start="0" text="Symbol">
   </cell>
   <cell col-end="2" col-start="2" row-end="0" row-start="0" text="P (mm)">
   </cell>
   <cell col-end="3" col-start="3" row-end="0" row-start="0" text="H
     
     (mm)">
   </cell>
   <cell col-end="4" col-start="4" row-end="0" row-start="0" text="t
     
     (mm)">
   </cell>
   <cell col-end="5" col-start="5" row-end="0" row-start="0" text="Ac
     
     (mm
     
      2
     
     )">
   </cell>
   <cell col-end="6" col-start="6" row-end="0" row-start="0" text="Nu
     
     (kN)">
   </cell>
   <cell col-end="7" col-start="7" row-end="0" row-start="0" text="σ
       

        u
       


     (MPa)">
   </cell>
   <cell col-end="8" col-start="8" row-end="0" row-start="0" text="SI">
   </cell>
   <cell col-end="9" col-start="9" row-end="0" row-start="0" text="DI">
   </cell>
  </row>
  <row row="1">
   <cell col-end="0" col-start="0" row-end="1" row-start="1" text="Circular">
   </cell>
   <cell col-end="1" col-start="1" row-end="1" row-start="1" text="CC">
   </cell>
   <cell col-end="2" col-start="2" row-end="1" row-start="1" text="503">
   </cell>
   <cell col-end="3" col-start="3" row-end="1" row-start="1" text="1000">
   </cell>
   <cell col-end="4" col-start="4" row-end="1" row-start="1" text="2">
   </cell>
   <cell col-end="5" col-start="5" row-end="1" row-start="1" text="20,106">
   </cell>
   <cell col-end="6" col-start="6" row-end="1" row-start="1" text="744.9">
   </cell>
   <cell col-end="7" col-start="7" row-end="1" row-start="1" text="251.8">
   </cell>
   <cell col-end="8" col-start="8" row-end="1" row-start="1" text="1.00">
   </cell>
   <cell col-end="9" col-start="9" row-end="1" row-start="1" text="2.169">
   </cell>
  </row>
  <row row="2">
   <cell col-end="0" col-start="0" row-end="2" row-start="2" text="Square">
   </cell>
   <cell col-end="1" col-start="1" row-end="2" row-start="2" text="CS">
   </cell>
   <cell col-end="2" col-start="2" row-end="2" row-start="2" text="500">
   </cell>
   <cell col-end="3" col-start="3" row-end="2" row-start="2" text="1000">
   </cell>
   <cell col-end="4" col-start="4" row-end="2" row-start="2" text="2">
   </cell>
   <cell col-end="5" col-start="5" row-end="2" row-start="2" text="15,625">
   </cell>
   <cell col-end="6" col-start="6" row-end="2" row-start="2" text="668.9">
   </cell>
   <cell col-end="7" col-start="7" row-end="2" row-start="2" text="265.7">
   </cell>
   <cell col-end="8" col-start="8" row-end="2" row-start="2" text="1.05">
   </cell>
   <cell col-end="9" col-start="9" row-end="2" row-start="2" text="2.572">
   </cell>
  </row>
  <row row="3">
   <cell col-end="0" col-start="0" row-end="3" row-start="3" text="Square with rounded-ended">
   </cell>
   <cell col-end="1" col-start="1" row-end="3" row-start="3" text="CSE">
   </cell>
   <cell col-end="2" col-start="2" row-end="3" row-start="3" text="500">
   </cell>
   <cell col-end="3" col-start="3" row-end="3" row-start="3" text="1000">
   </cell>
   <cell col-end="4" col-start="4" row-end="3" row-start="3" text="2">
   </cell>
   <cell col-end="5" col-start="5" row-end="3" row-start="3" text="15,625">
   </cell>
   <cell col-end="6" col-start="6" row-end="3" row-start="3" text="694.9">
   </cell>
   <cell col-end="7" col-start="7" row-end="3" row-start="3" text="276.1">
   </cell>
   <cell col-end="8" col-start="8" row-end="3" row-start="3" text="1.09">
   </cell>
   <cell col-end="9" col-start="9" row-end="3" row-start="3" text="2.363">
   </cell>
  </row>
  <row row="4">
   <cell col-end="0" col-start="0" row-end="4" row-start="4" text="Rhombic">
   </cell>
   <cell col-end="1" col-start="1" row-end="4" row-start="4" text="CRH">
   </cell>
   <cell col-end="2" col-start="2" row-end="4" row-start="4" text="500">
   </cell>
   <cell col-end="3" col-start="3" row-end="4" row-start="4" text="1000">
   </cell>
   <cell col-end="4" col-start="4" row-end="4" row-start="4" text="2">
   </cell>
   <cell col-end="5" col-start="5" row-end="4" row-start="4" text="15,000">
   </cell>
   <cell col-end="6" col-start="6" row-end="4" row-start="4" text="629.3">
   </cell>
   <cell col-end="7" col-start="7" row-end="4" row-start="4" text="256.2">
   </cell>
   <cell col-end="8" col-start="8" row-end="4" row-start="4" text="1.01">
   </cell>
   <cell col-end="9" col-start="9" row-end="4" row-start="4" text="2.264">
   </cell>
  </row>
  <row row="5">
   <cell col-end="0" col-start="0" row-end="5" row-start="5" text="Rectangular">
   </cell>
   <cell col-end="1" col-start="1" row-end="5" row-start="5" text="CR">
   </cell>
   <cell col-end="2" col-start="2" row-end="5" row-start="5" text="510">
   </cell>
   <cell col-end="3" col-start="3" row-end="5" row-start="5" text="1000">
   </cell>
   <cell col-end="4" col-start="4" row-end="5" row-start="5" text="2">
   </cell>
   <cell col-end="5" col-start="5" row-end="5" row-start="5" text="14,450">
   </cell>
   <cell col-end="6" col-start="6" row-end="5" row-start="5" text="605.2">
   </cell>
   <cell col-end="7" col-start="7" row-end="5" row-start="5" text="249.3">
   </cell>
   <cell col-end="8" col-start="8" row-end="5" row-start="5" text="0.99">
   </cell>
   <cell col-end="9" col-start="9" row-end="5" row-start="5" text="2.038">
   </cell>
  </row>
  <row row="6">
   <cell col-end="0" col-start="0" row-end="6" row-start="6" text="Rectangular with round ended">
   </cell>
   <cell col-end="1" col-start="1" row-end="6" row-start="6" text="CRE">
   </cell>
   <cell col-end="2" col-start="2" row-end="6" row-start="6" text="506">
   </cell>
   <cell col-end="3" col-start="3" row-end="6" row-start="6" text="1000">
   </cell>
   <cell col-end="4" col-start="4" row-end="6" row-start="6" text="2">
   </cell>
   <cell col-end="5" col-start="5" row-end="6" row-start="6" text="15,903">
   </cell>
   <cell col-end="6" col-start="6" row-end="6" row-start="6" text="621.8">
   </cell>
   <cell col-end="7" col-start="7" row-end="6" row-start="6" text="243.2">
   </cell>
   <cell col-end="8" col-start="8" row-end="6" row-start="6" text="0.96">
   </cell>
   <cell col-end="9" col-start="9" row-end="6" row-start="6" text="2.063">
   </cell>
  </row>
  <row row="7">
   <cell col-end="0" col-start="0" row-end="7" row-start="7" text="Elliptical">
   </cell>
   <cell col-end="1" col-start="1" row-end="7" row-start="7" text="CE">
   </cell>
   <cell col-end="2" col-start="2" row-end="7" row-start="7" text="484">
   </cell>
   <cell col-end="3" col-start="3" row-end="7" row-start="7" text="1000">
   </cell>
   <cell col-end="4" col-start="4" row-end="7" row-start="7" text="2">
   </cell>
   <cell col-end="5" col-start="5" row-end="7" row-start="7" text="15,708">
   </cell>
   <cell col-end="6" col-start="6" row-end="7" row-start="7" text="607.4">
   </cell>
   <cell col-end="7" col-start="7" row-end="7" row-start="7" text="243.6">
   </cell>
   <cell col-end="8" col-start="8" row-end="7" row-start="7" text="0.96">
   </cell>
   <cell col-end="9" col-start="9" row-end="7" row-start="7" text="1.995">
   </cell>
  </row>
  <row row="8">
   <cell col-end="0" col-start="0" row-end="8" row-start="8" text="Hexagonal asymmetric">
   </cell>
   <cell col-end="1" col-start="1" row-end="8" row-start="8" text="CHA">
   </cell>
   <cell col-end="2" col-start="2" row-end="8" row-start="8" text="500">
   </cell>
   <cell col-end="3" col-start="3" row-end="8" row-start="8" text="1000">
   </cell>
   <cell col-end="4" col-start="4" row-end="8" row-start="8" text="2">
   </cell>
   <cell col-end="5" col-start="5" row-end="8" row-start="8" text="16,500">
   </cell>
   <cell col-end="6" col-start="6" row-end="8" row-start="8" text="565.9">
   </cell>
   <cell col-end="7" col-start="7" row-end="8" row-start="8" text="217.5">
   </cell>
   <cell col-end="8" col-start="8" row-end="8" row-start="8" text="0.86">
   </cell>
   <cell col-end="9" col-start="9" row-end="8" row-start="8" text="1.953">
   </cell>
  </row>
  <row row="9">
   <cell col-end="0" col-start="0" row-end="9" row-start="9" text="Triangle">
   </cell>
   <cell col-end="1" col-start="1" row-end="9" row-start="9" text="CT">
   </cell>
   <cell col-end="2" col-start="2" row-end="9" row-start="9" text="510">
   </cell>
   <cell col-end="3" col-start="3" row-end="9" row-start="9" text="1000">
   </cell>
   <cell col-end="4" col-start="4" row-end="9" row-start="9" text="2">
   </cell>
   <cell col-end="5" col-start="5" row-end="9" row-start="9" text="12,512">
   </cell>
   <cell col-end="6" col-start="6" row-end="9" row-start="9" text="491.8">
   </cell>
   <cell col-end="7" col-start="7" row-end="9" row-start="9" text="232.6">
   </cell>
   <cell col-end="8" col-start="8" row-end="9" row-start="9" text="0.92">
   </cell>
   <cell col-end="9" col-start="9" row-end="9" row-start="9" text="1.9360">
   </cell>
  </row>
  <row row="10">
   <cell col-end="0" col-start="0" row-end="10" row-start="10" text="Pentagram">
   </cell>
   <cell col-end="1" col-start="1" row-end="10" row-start="10" text="CP">
   </cell>
   <cell col-end="2" col-start="2" row-end="10" row-start="10" text="500">
   </cell>
   <cell col-end="3" col-start="3" row-end="10" row-start="10" text="1000">
   </cell>
   <cell col-end="4" col-start="4" row-end="10" row-start="10" text="2">
   </cell>
   <cell col-end="5" col-start="5" row-end="10" row-start="10" text="17,205">
   </cell>
   <cell col-end="6" col-start="6" row-end="10" row-start="10" text="669.7">
   </cell>
   <cell col-end="7" col-start="7" row-end="10" row-start="10" text="250.8">
   </cell>
   <cell col-end="8" col-start="8" row-end="10" row-start="10" text="0.99">
   </cell>
   <cell col-end="9" col-start="9" row-end="10" row-start="10" text="1.818">
   </cell>
  </row>
  <row row="11">
   <cell col-end="0" col-start="0" row-end="11" row-start="11" text="Hexagon">
   </cell>
   <cell col-end="1" col-start="1" row-end="11" row-start="11" text="CH">
   </cell>
   <cell col-end="2" col-start="2" row-end="11" row-start="11" text="510">
   </cell>
   <cell col-end="3" col-start="3" row-end="11" row-start="11" text="1000">
   </cell>
   <cell col-end="4" col-start="4" row-end="11" row-start="11" text="2">
   </cell>
   <cell col-end="5" col-start="5" row-end="11" row-start="11" text="18,771">
   </cell>
   <cell col-end="6" col-start="6" row-end="11" row-start="11" text="703.1">
   </cell>
   <cell col-end="7" col-start="7" row-end="11" row-start="11" text="247.3">
   </cell>
   <cell col-end="8" col-start="8" row-end="11" row-start="11" text="0.98">
   </cell>
   <cell col-end="9" col-start="9" row-end="11" row-start="11" text="1.687">
   </cell>
  </row>
  <row row="12">
   <cell col-end="0" col-start="0" row-end="12" row-start="12" text="Octagon">
   </cell>
   <cell col-end="1" col-start="1" row-end="12" row-start="12" text="CO">
   </cell>
   <cell col-end="2" col-start="2" row-end="12" row-start="12" text="480">
   </cell>
   <cell col-end="3" col-start="3" row-end="12" row-start="12" text="1000">
   </cell>
   <cell col-end="4" col-start="4" row-end="12" row-start="12" text="2">
   </cell>
   <cell col-end="5" col-start="5" row-end="12" row-start="12" text="17,382">
   </cell>
   <cell col-end="6" col-start="6" row-end="12" row-start="12" text="760.3">
   </cell>
   <cell col-end="7" col-start="7" row-end="12" row-start="12" text="287.1">
   </cell>
   <cell col-end="8" col-start="8" row-end="12" row-start="12" text="1.14">
   </cell>
   <cell col-end="9" col-start="9" row-end="12" row-start="12" text="3.009">
   </cell>
  </row>
  <row row="13">
   <cell col-end="0" col-start="0" row-end="13" row-start="13" text="1/4 circular">
   </cell>
   <cell col-end="1" col-start="1" row-end="13" row-start="13" text="CQC">
   </cell>
   <cell col-end="2" col-start="2" row-end="13" row-start="13" text="500">
   </cell>
   <cell col-end="3" col-start="3" row-end="13" row-start="13" text="1000">
   </cell>
   <cell col-end="4" col-start="4" row-end="13" row-start="13" text="2">
   </cell>
   <cell col-end="5" col-start="5" row-end="13" row-start="13" text="15,394">
   </cell>
   <cell col-end="6" col-start="6" row-end="13" row-start="13" text="596.7">
   </cell>
   <cell col-end="7" col-start="7" row-end="13" row-start="13" text="239.2">
   </cell>
   <cell col-end="8" col-start="8" row-end="13" row-start="13" text="0.95">
   </cell>
   <cell col-end="9" col-start="9" row-end="13" row-start="13" text="2.701">
   </cell>
  </row>
  <row row="14">
   <cell col-end="0" col-start="0" row-end="14" row-start="14" text="Semi-circular">
   </cell>
   <cell col-end="1" col-start="1" row-end="14" row-start="14" text="CSC">
   </cell>
   <cell col-end="2" col-start="2" row-end="14" row-start="14" text="514">
   </cell>
   <cell col-end="3" col-start="3" row-end="14" row-start="14" text="1000">
   </cell>
   <cell col-end="4" col-start="4" row-end="14" row-start="14" text="2">
   </cell>
   <cell col-end="5" col-start="5" row-end="14" row-start="14" text="15,708">
   </cell>
   <cell col-end="6" col-start="6" row-end="14" row-start="14" text="554.1">
   </cell>
   <cell col-end="7" col-start="7" row-end="14" row-start="14" text="217.1">
   </cell>
   <cell col-end="8" col-start="8" row-end="14" row-start="14" text="0.86">
   </cell>
   <cell col-end="9" col-start="9" row-end="14" row-start="14" text="2.068">
   </cell>
  </row>
  <row row="15">
   <cell col-end="0" col-start="0" row-end="15" row-start="15" text="D-Shaped">
   </cell>
   <cell col-end="1" col-start="1" row-end="15" row-start="15" text="CD">
   </cell>
   <cell col-end="2" col-start="2" row-end="15" row-start="15" text="500">
   </cell>
   <cell col-end="3" col-start="3" row-end="15" row-start="15" text="1000">
   </cell>
   <cell col-end="4" col-start="4" row-end="15" row-start="15" text="2">
   </cell>
   <cell col-end="5" col-start="5" row-end="15" row-start="15" text="15735">
   </cell>
   <cell col-end="6" col-start="6" row-end="15" row-start="15" text="547.2">
   </cell>
   <cell col-end="7" col-start="7" row-end="15" row-start="15" text="216.5">
   </cell>
   <cell col-end="8" col-start="8" row-end="15" row-start="15" text="0.85">
   </cell>
   <cell col-end="9" col-start="9" row-end="15" row-start="15" text="1.926">
   </cell>
  </row>
  <row row="16">
   <cell col-end="0" col-start="0" row-end="16" row-start="16" text="Fan-shaped">
   </cell>
   <cell col-end="1" col-start="1" row-end="16" row-start="16" text="CF">
   </cell>
   <cell col-end="2" col-start="2" row-end="16" row-start="16" text="500">
   </cell>
   <cell col-end="3" col-start="3" row-end="16" row-start="16" text="1000">
   </cell>
   <cell col-end="4" col-start="4" row-end="16" row-start="16" text="2">
   </cell>
   <cell col-end="5" col-start="5" row-end="16" row-start="16" text="16,897">
   </cell>
   <cell col-end="6" col-start="6" row-end="16" row-start="16" text="577.7">
   </cell>
   <cell col-end="7" col-start="7" row-end="16" row-start="16" text="218.7">
   </cell>
   <cell col-end="8" col-start="8" row-end="16" row-start="16" text="0.86">
   </cell>
   <cell col-end="9" col-start="9" row-end="16" row-start="16" text="1.722">
   </cell>
  </row>
  <row row="17">
   <cell col-end="0" col-start="0" row-end="17" row-start="17" text="L-Shape">
   </cell>
   <cell col-end="1" col-start="1" row-end="17" row-start="17" text="CL">
   </cell>
   <cell col-end="2" col-start="2" row-end="17" row-start="17" text="520">
   </cell>
   <cell col-end="3" col-start="3" row-end="17" row-start="17" text="1000">
   </cell>
   <cell col-end="4" col-start="4" row-end="17" row-start="17" text="2">
   </cell>
   <cell col-end="5" col-start="5" row-end="17" row-start="17" text="12,675">
   </cell>
   <cell col-end="6" col-start="6" row-end="17" row-start="17" text="530.7">
   </cell>
   <cell col-end="7" col-start="7" row-end="17" row-start="17" text="224.9">
   </cell>
   <cell col-end="8" col-start="8" row-end="17" row-start="17" text="0.89">
   </cell>
   <cell col-end="9" col-start="9" row-end="17" row-start="17" text="1.621">
   </cell>
  </row>
  <row row="18">
   <cell col-end="0" col-start="0" row-end="18" row-start="18" text="T-Shape">
   </cell>
   <cell col-end="1" col-start="1" row-end="18" row-start="18" text="CTS">
   </cell>
   <cell col-end="2" col-start="2" row-end="18" row-start="18" text="500">
   </cell>
   <cell col-end="3" col-start="3" row-end="18" row-start="18" text="1000">
   </cell>
   <cell col-end="4" col-start="4" row-end="18" row-start="18" text="2">
   </cell>
   <cell col-end="5" col-start="5" row-end="18" row-start="18" text="10,000">
   </cell>
   <cell col-end="6" col-start="6" row-end="18" row-start="18" text="475.4">
   </cell>
   <cell col-end="7" col-start="7" row-end="18" row-start="18" text="231.1">
   </cell>
   <cell col-end="8" col-start="8" row-end="18" row-start="18" text="0.91">
   </cell>
   <cell col-end="9" col-start="9" row-end="18" row-start="18" text="2.0568">
   </cell>
  </row>
  <row row="19">
   <cell col-end="0" col-start="0" row-end="19" row-start="19" text="Plus-shaped">
   </cell>
   <cell col-end="1" col-start="1" row-end="19" row-start="19" text="CPS">
   </cell>
   <cell col-end="2" col-start="2" row-end="19" row-start="19" text="480">
   </cell>
   <cell col-end="3" col-start="3" row-end="19" row-start="19" text="1000">
   </cell>
   <cell col-end="4" col-start="4" row-end="19" row-start="19" text="2">
   </cell>
   <cell col-end="5" col-start="5" row-end="19" row-start="19" text="8000">
   </cell>
   <cell col-end="6" col-start="6" row-end="19" row-start="19" text="490.6">
   </cell>
   <cell col-end="7" col-start="7" row-end="19" row-start="19" text="282.4">
   </cell>
   <cell col-end="8" col-start="8" row-end="19" row-start="19" text="1.12">
   </cell>
   <cell col-end="9" col-start="9" row-end="19" row-start="19" text="2.1695">
   </cell>
  </row>
  <statements>
   <statement id="0" text="Every sectional shape has different symbols." type="">
   </statement>
   <statement id="1" text="H and t value is constant for all sectional shapes." type="">
   </statement>
   <statement id="2" text="H and t value is different for all sectional shapes." type="">
   </statement>
   <statement id="3" text="Octagon and Plus-shaped has different mm of P." type="">
   </statement>
   <statement id="5" text="Octagon has highest DI value." type="">
   </statement>
   <statement id="7" text="There are nineteen sectional shapes given in the table." type="">
   </statement>
  </statements>
 </table>
</document>