<document>
 <table id="Table 1">
  <caption text="

   Current status of the line positions of the ν
   
    4
   
   band and the ν
   
    3
   
   +ν
   
    4
   
   -ν
   
    3
   
   hot band of CH
   
    3
   
   I in the C-H stretch region.
  
">
  </caption>
  <row row="0">
   <cell col-end="0" col-start="0" row-end="0" row-start="0" text="Technique">
   </cell>
   <cell col-end="1" col-start="1" row-end="0" row-start="0" text="">
   </cell>
   <cell col-end="2" col-start="2" row-end="0" row-start="0" text="">
   </cell>
   <cell col-end="4" col-start="3" row-end="0" row-start="0" text="ν
     
      4">
   </cell>
   <cell col-end="6" col-start="5" row-end="0" row-start="0" text="ν
     
      3
     
     +ν
     
      4
     
     -ν
     
      3">
   </cell>
  </row>
  <row row="1">
   <cell col-end="0" col-start="0" row-end="1" row-start="1" text="">
   </cell>
   <cell col-end="1" col-start="1" row-end="1" row-start="1" text="Point spacing">
   </cell>
   <cell col-end="2" col-start="2" row-end="1" row-start="1" text="Ref.">
   </cell>
   <cell col-end="3" col-start="3" row-end="1" row-start="1" text="Assignments">
   </cell>
   <cell col-end="4" col-start="4" row-end="1" row-start="1" text="Std. dev./cm
     
      -1">
   </cell>
   <cell col-end="5" col-start="5" row-end="1" row-start="1" text="Assignments">
   </cell>
   <cell col-end="6" col-start="6" row-end="1" row-start="1" text="Std. dev./cm
     
      -1">
   </cell>
  </row>
  <row row="2">
   <cell col-end="0" col-start="0" row-end="2" row-start="2" text="FT-IR">
   </cell>
   <cell col-end="1" col-start="1" row-end="2" row-start="2" text="150 MHz">
   </cell>
   <cell col-end="2" col-start="2" row-end="2" row-start="2" text="[19]">
   </cell>
   <cell col-end="3" col-start="3" row-end="2" row-start="2" text="500">
   </cell>
   <cell col-end="4" col-start="4" row-end="2" row-start="2" text="0.005">
   </cell>
   <cell col-end="5" col-start="5" row-end="2" row-start="2" text="–">
   </cell>
   <cell col-end="6" col-start="6" row-end="2" row-start="2" text="–">
   </cell>
  </row>
  <row row="3">
   <cell col-end="0" col-start="0" row-end="3" row-start="3" text="FT-IR">
   </cell>
   <cell col-end="1" col-start="1" row-end="3" row-start="3" text="162 MHz">
   </cell>
   <cell col-end="2" col-start="2" row-end="3" row-start="3" text="[20]">
   </cell>
   <cell col-end="3" col-start="3" row-end="3" row-start="3" text="1850">
   </cell>
   <cell col-end="4" col-start="4" row-end="3" row-start="3" text="0.00083">
   </cell>
   <cell col-end="5" col-start="5" row-end="3" row-start="3" text="380">
   </cell>
   <cell col-end="6" col-start="6" row-end="3" row-start="3" text="0.0013">
   </cell>
  </row>
  <row row="4">
   <cell col-end="0" col-start="0" row-end="4" row-start="4" text="Comb-FTS">
   </cell>
   <cell col-end="1" col-start="1" row-end="4" row-start="4" text="11 MHz">
   </cell>
   <cell col-end="2" col-start="2" row-end="4" row-start="4" text="This work">
   </cell>
   <cell col-end="3" col-start="3" row-end="4" row-start="4" text="2603">
   </cell>
   <cell col-end="4" col-start="4" row-end="4" row-start="4" text="0.00034">
   </cell>
   <cell col-end="5" col-start="5" row-end="4" row-start="4" text="831">
   </cell>
   <cell col-end="6" col-start="6" row-end="4" row-start="4" text="0.00084">
   </cell>
  </row>
  <statements>
   <statement id="2" text="The highest Assignments is 2603." type="">
   </statement>
   <statement id="3" text="The highest Point spacing is 162 MHz." type="">
   </statement>
   <statement id="5" text="The lowest Assignments is 2603." type="">
   </statement>
   <statement id="6" text="The lowest Point spacing is 162 MHz." type="">
   </statement>
   <statement id="7" text="They have 2 different types of technique in the given table." type="">
   </statement>
  </statements>
 </table>
</document>