<document>
 <table id="Table 1">
  <caption text="

   Testing parameters used in the determination of the PSP test.
  
">
  </caption>
  <row row="0">
   <cell col-end="0" col-start="0" row-end="0" row-start="0" text="Screw Type">
   </cell>
   <cell col-end="1" col-start="1" row-end="0" row-start="0" text="HUS3–H8">
   </cell>
   <cell col-end="2" col-start="2" row-end="0" row-start="0" text="HUS3–H10">
   </cell>
  </row>
  <row row="1">
   <cell col-end="0" col-start="0" row-end="1" row-start="1" text="Internal stem diameter (mm)">
   </cell>
   <cell col-end="1" col-start="1" row-end="1" row-start="1" text="7.85">
   </cell>
   <cell col-end="2" col-start="2" row-end="1" row-start="1" text="9.90">
   </cell>
  </row>
  <row row="2">
   <cell col-end="0" col-start="0" row-end="2" row-start="2" text="Threaded outer diameter (mm)">
   </cell>
   <cell col-end="1" col-start="1" row-end="2" row-start="2" text="10.30">
   </cell>
   <cell col-end="2" col-start="2" row-end="2" row-start="2" text="12.40">
   </cell>
  </row>
  <row row="3">
   <cell col-end="0" col-start="0" row-end="3" row-start="3" text="Pitch of the threads (mm)">
   </cell>
   <cell col-end="1" col-start="1" row-end="3" row-start="3" text="7.80">
   </cell>
   <cell col-end="2" col-start="2" row-end="3" row-start="3" text="9.50">
   </cell>
  </row>
  <row row="4">
   <cell col-end="0" col-start="0" row-end="4" row-start="4" text="Drill hole diameter (mm)">
   </cell>
   <cell col-end="1" col-start="1" row-end="4" row-start="4" text="8.5; 9.0; 9.5">
   </cell>
   <cell col-end="2" col-start="2" row-end="4" row-start="4" text="11.0; 11.5">
   </cell>
  </row>
  <row row="5">
   <cell col-end="0" col-start="0" row-end="5" row-start="5" text="Diameter of enlargement hole (mm)">
   </cell>
   <cell col-end="1" col-start="1" row-end="5" row-start="5" text="11.0">
   </cell>
   <cell col-end="2" col-start="2" row-end="5" row-start="5" text="14.0">
   </cell>
  </row>
  <row row="6">
   <cell col-end="0" col-start="0" row-end="6" row-start="6" text="Drill hole depth (mm)">
   </cell>
   <cell col-end="1" col-start="1" row-end="6" row-start="6" text="60; 70">
   </cell>
   <cell col-end="2" col-start="2" row-end="6" row-start="6" text="60; 70">
   </cell>
  </row>
  <statements>
   <statement id="0" text="A description of the screws and accompanying test parameters is provided in Table 1 below." type="">
   </statement>
   <statement id="1" text="Drill hole depth (mm) Screw Type will have same value for HUS3H8 and HUS3H10 Parameter." type="">
   </statement>
   <statement id="2" text="HUS3H8 Parameter ranges from 9.80 to 100." type="">
   </statement>
   <statement id="3" text="Pitch of the threads (mm) Screw Type will have Low value for HUS3H10 Parameter." type="">
   </statement>
   <statement id="4" text="There are 3 categories such as Screw Type, HUS3H8 and HUS3H10." type="">
   </statement>
   <statement id="5" text="There are 6 types of Screw Type." type="">
   </statement>
   <statement id="6" text="There are 8 types of Screw Type." type="">
   </statement>
  </statements>
 </table>
 <table id="Table 2">
  <caption text="

   Physical properties of fine aggregates used in the study.
  
">
  </caption>
  <row row="0">
   <cell col-end="0" col-start="0" row-end="1" row-start="0" text="Property">
   </cell>
   <cell col-end="2" col-start="1" row-end="0" row-start="0" text="Fine aggregates">
   </cell>
  </row>
  <row row="1">
   <cell col-end="1" col-start="1" row-end="1" row-start="1" text="Concrete sand">
   </cell>
   <cell col-end="2" col-start="2" row-end="1" row-start="1" text="Crushed rock fines">
   </cell>
  </row>
  <row row="2">
   <cell col-end="0" col-start="0" row-end="2" row-start="2" text="Oven dry particle density (kg/m
     
      3
     
     )">
   </cell>
   <cell col-end="1" col-start="1" row-end="2" row-start="2" text="2550">
   </cell>
   <cell col-end="2" col-start="2" row-end="2" row-start="2" text="2600">
   </cell>
  </row>
  <row row="3">
   <cell col-end="0" col-start="0" row-end="3" row-start="3" text="Apparent particle density (kg/m
     
      3
     
     )">
   </cell>
   <cell col-end="1" col-start="1" row-end="3" row-start="3" text="2680">
   </cell>
   <cell col-end="2" col-start="2" row-end="3" row-start="3" text="2780">
   </cell>
  </row>
  <row row="4">
   <cell col-end="0" col-start="0" row-end="4" row-start="4" text="SSD particle density (kg/m
     
      3
     
     )">
   </cell>
   <cell col-end="1" col-start="1" row-end="4" row-start="4" text="2600">
   </cell>
   <cell col-end="2" col-start="2" row-end="4" row-start="4" text="2660">
   </cell>
  </row>
  <row row="5">
   <cell col-end="0" col-start="0" row-end="5" row-start="5" text="24h water absorption">
   </cell>
   <cell col-end="1" col-start="1" row-end="5" row-start="5" text="2.0%">
   </cell>
   <cell col-end="2" col-start="2" row-end="5" row-start="5" text="2.6%">
   </cell>
  </row>
  <statements>
   <statement id="0" text="24h water absorption Property Property Concrete sand is 2.0%." type="">
   </statement>
   <statement id="1" text="24h water absorption Property Property Concrete sand is 3.0%." type="">
   </statement>
   <statement id="2" text="2600 Crushed rock fines Crushed rock fines Property is Apparent particle density (kg/m 3 )." type="">
   </statement>
   <statement id="3" text="2780 Crushed rock fines Crushed rock fines Property is Apparent particle density (kg/m 3 )." type="">
   </statement>
   <statement id="4" text="Fine aggregates Crushed rock fines 2.0% Property is 24h water absorption." type="">
   </statement>
   <statement id="5" text="Fine aggregates Crushed rock fines 2.6% Property of 24h water absorption." type="">
   </statement>
   <statement id="6" text="For this reason, the variability of the peak load obtained for the test setups described in Table 2 was considered in order to ascertain their influence on the test results; this was implemented using the CoV." type="">
   </statement>
   <statement id="9" text="Other NDTs such as CAPO, rebound hammer, pull off and penetration resistance test provide CoV values of about 10%." type="">
   </statement>
   <statement id="10" text="Property Oven dry particle density (kg/m 3 ) Fine aggregates Concrete sand is 2550." type="">
   </statement>
  </statements>
 </table>
 <table id="Table 4">
  <caption text="

   Correlation coefficient for PSP test parameters.
  
">
  </caption>
  <row row="0">
   <cell col-end="0" col-start="0" row-end="0" row-start="0" text="">
   </cell>
   <cell col-end="1" col-start="1" row-end="0" row-start="0" text="Peak Load">
   </cell>
   <cell col-end="2" col-start="2" row-end="0" row-start="0" text="Hole Depth">
   </cell>
   <cell col-end="3" col-start="3" row-end="0" row-start="0" text="Hole Diameter">
   </cell>
   <cell col-end="4" col-start="4" row-end="0" row-start="0" text="Compressive Strength">
   </cell>
   <cell col-end="5" col-start="5" row-end="0" row-start="0" text="Screw Diameter">
   </cell>
  </row>
  <row row="1">
   <cell col-end="0" col-start="0" row-end="1" row-start="1" text="Peak load">
   </cell>
   <cell col-end="1" col-start="1" row-end="1" row-start="1" text="1.00">
   </cell>
   <cell col-end="2" col-start="2" row-end="1" row-start="1" text="">
   </cell>
   <cell col-end="3" col-start="3" row-end="1" row-start="1" text="">
   </cell>
   <cell col-end="4" col-start="4" row-end="1" row-start="1" text="">
   </cell>
   <cell col-end="5" col-start="5" row-end="1" row-start="1" text="">
   </cell>
  </row>
  <row row="2">
   <cell col-end="0" col-start="0" row-end="2" row-start="2" text="Hole depth">
   </cell>
   <cell col-end="1" col-start="1" row-end="2" row-start="2" text="0.044 (&gt;0.05)">
   </cell>
   <cell col-end="2" col-start="2" row-end="2" row-start="2" text="1.00">
   </cell>
   <cell col-end="3" col-start="3" row-end="2" row-start="2" text="">
   </cell>
   <cell col-end="4" col-start="4" row-end="2" row-start="2" text="">
   </cell>
   <cell col-end="5" col-start="5" row-end="2" row-start="2" text="">
   </cell>
  </row>
  <row row="3">
   <cell col-end="0" col-start="0" row-end="3" row-start="3" text="Hole diameter">
   </cell>
   <cell col-end="1" col-start="1" row-end="3" row-start="3" text="0.108 (&gt;0.05)">
   </cell>
   <cell col-end="2" col-start="2" row-end="3" row-start="3" text="−0.155 (&gt;0.05)">
   </cell>
   <cell col-end="3" col-start="3" row-end="3" row-start="3" text="1.00">
   </cell>
   <cell col-end="4" col-start="4" row-end="3" row-start="3" text="">
   </cell>
   <cell col-end="5" col-start="5" row-end="3" row-start="3" text="">
   </cell>
  </row>
  <row row="4">
   <cell col-end="0" col-start="0" row-end="4" row-start="4" text="Compressive strength">
   </cell>
   <cell col-end="1" col-start="1" row-end="4" row-start="4" text="0.433 (&lt;0.05)">
   </cell>
   <cell col-end="2" col-start="2" row-end="4" row-start="4" text="−0.442 (&lt;0.05)">
   </cell>
   <cell col-end="3" col-start="3" row-end="4" row-start="4" text="0.569 (&lt;0.05)">
   </cell>
   <cell col-end="4" col-start="4" row-end="4" row-start="4" text="1.00">
   </cell>
   <cell col-end="5" col-start="5" row-end="4" row-start="4" text="">
   </cell>
  </row>
  <row row="5">
   <cell col-end="0" col-start="0" row-end="5" row-start="5" text="Screw diameter">
   </cell>
   <cell col-end="1" col-start="1" row-end="5" row-start="5" text="0.260 (&lt;0.05)">
   </cell>
   <cell col-end="2" col-start="2" row-end="5" row-start="5" text="−0.122 (&gt;0.05)">
   </cell>
   <cell col-end="3" col-start="3" row-end="5" row-start="5" text="0.926 (&lt;0.05)">
   </cell>
   <cell col-end="4" col-start="4" row-end="5" row-start="5" text="0.567 (&lt;0.05)">
   </cell>
   <cell col-end="5" col-start="5" row-end="5" row-start="5" text="1.00">
   </cell>
  </row>
  <statements>
   <statement id="0" text="Again, the test set up having 10 mm screw and 70 mm" type="">
   </statement>
   <statement id="1" text="All the values given in the table is &lt;=1." type="">
   </statement>
   <statement id="2" text="All the values given in the table is &gt;1." type="">
   </statement>
   <statement id="5" text="The hole depth column consists of all positive value except hole depth row." type="">
   </statement>
   <statement id="7" text="The peak load value for hole depth is 0.044 (&lt;0.05)." type="">
   </statement>
   <statement id="8" text="The peak load value for hole depth is 0.044 (&gt;0.05)." type="">
   </statement>
  </statements>
 </table>
</document>