<document>
 <table id="Table 1">
  <caption text="

   Overview of pH-measuring radio telemetry capsules
  
">
  </caption>
  <row row="0">
   <cell col-end="0" col-start="0" row-end="0" row-start="0" text="Brand radio telemetry capsule">
   </cell>
   <cell col-end="1" col-start="1" row-end="0" row-start="0" text="Dimensions (mm)">
   </cell>
   <cell col-end="4" col-start="2" row-end="0" row-start="0" text="Telemetry">
   </cell>
   <cell col-end="5" col-start="5" row-end="0" row-start="0" text="Fluid reservoir">
   </cell>
   <cell col-end="6" col-start="6" row-end="0" row-start="0" text="Commercially available">
   </cell>
   <cell col-end="7" col-start="7" row-end="0" row-start="0" text="Refs">
   </cell>
  </row>
  <row row="1">
   <cell col-end="0" col-start="0" row-end="1" row-start="1" text="">
   </cell>
   <cell col-end="1" col-start="1" row-end="1" row-start="1" text="">
   </cell>
   <cell col-end="2" col-start="2" row-end="1" row-start="1" text="pH">
   </cell>
   <cell col-end="3" col-start="3" row-end="1" row-start="1" text="Temperature">
   </cell>
   <cell col-end="4" col-start="4" row-end="1" row-start="1" text="Intestinal pressure">
   </cell>
   <cell col-end="5" col-start="5" row-end="1" row-start="1" text="">
   </cell>
   <cell col-end="6" col-start="6" row-end="1" row-start="1" text="">
   </cell>
   <cell col-end="7" col-start="7" row-end="1" row-start="1" text="">
   </cell>
  </row>
  <row row="2">
   <cell col-end="0" col-start="0" row-end="2" row-start="2" text="Heidelberg">
   </cell>
   <cell col-end="1" col-start="1" row-end="2" row-start="2" text="8
     
     ×
     
     18">
   </cell>
   <cell col-end="2" col-start="2" row-end="2" row-start="2" text="X">
   </cell>
   <cell col-end="3" col-start="3" row-end="2" row-start="2" text="">
   </cell>
   <cell col-end="4" col-start="4" row-end="2" row-start="2" text="">
   </cell>
   <cell col-end="5" col-start="5" row-end="2" row-start="2" text="">
   </cell>
   <cell col-end="6" col-start="6" row-end="2" row-start="2" text="X">
   </cell>
   <cell col-end="7" col-start="7" row-end="2" row-start="2" text="[46]">
   </cell>
  </row>
  <row row="3">
   <cell col-end="0" col-start="0" row-end="3" row-start="3" text="IntelliCap®">
   </cell>
   <cell col-end="1" col-start="1" row-end="3" row-start="3" text="11
     
     ×
     
     27">
   </cell>
   <cell col-end="2" col-start="2" row-end="3" row-start="3" text="X">
   </cell>
   <cell col-end="3" col-start="3" row-end="3" row-start="3" text="X">
   </cell>
   <cell col-end="4" col-start="4" row-end="3" row-start="3" text="">
   </cell>
   <cell col-end="5" col-start="5" row-end="3" row-start="3" text="X">
   </cell>
   <cell col-end="6" col-start="6" row-end="3" row-start="3" text="">
   </cell>
   <cell col-end="7" col-start="7" row-end="3" row-start="3" text="[49,50]">
   </cell>
  </row>
  <row row="4">
   <cell col-end="0" col-start="0" row-end="4" row-start="4" text="Bravo
     
      TM">
   </cell>
   <cell col-end="1" col-start="1" row-end="4" row-start="4" text="6
     
     ×
     
     5.5
     
     ×
     
     25">
   </cell>
   <cell col-end="2" col-start="2" row-end="4" row-start="4" text="X">
   </cell>
   <cell col-end="3" col-start="3" row-end="4" row-start="4" text="">
   </cell>
   <cell col-end="4" col-start="4" row-end="4" row-start="4" text="">
   </cell>
   <cell col-end="5" col-start="5" row-end="4" row-start="4" text="">
   </cell>
   <cell col-end="6" col-start="6" row-end="4" row-start="4" text="X">
   </cell>
   <cell col-end="7" col-start="7" row-end="4" row-start="4" text="[48]">
   </cell>
  </row>
  <row row="5">
   <cell col-end="0" col-start="0" row-end="5" row-start="5" text="SmartPill">
   </cell>
   <cell col-end="1" col-start="1" row-end="5" row-start="5" text="11.7
     
     ×
     
     22">
   </cell>
   <cell col-end="2" col-start="2" row-end="5" row-start="5" text="X">
   </cell>
   <cell col-end="3" col-start="3" row-end="5" row-start="5" text="X">
   </cell>
   <cell col-end="4" col-start="4" row-end="5" row-start="5" text="X">
   </cell>
   <cell col-end="5" col-start="5" row-end="5" row-start="5" text="">
   </cell>
   <cell col-end="6" col-start="6" row-end="5" row-start="5" text="X">
   </cell>
   <cell col-end="7" col-start="7" row-end="5" row-start="5" text="[47]">
   </cell>
  </row>
  <statements>
   <statement id="2" text="99,50 is Refs value for IntelliCap." type="">
   </statement>
   <statement id="3" text="SmartPill has a Dimensions of 21.7  28." type="">
   </statement>
   <statement id="4" text="The Dimensions of Heidelberg is 18  18." type="">
   </statement>
   <statement id="5" text="The SmartPill and IntelliCap measure not only" type="">
   </statement>
   <statement id="6" text="There are four items under Brand radio telemetry capsule." type="">
   </statement>
   <statement id="7" text="There are ten items under Brand radio telemetry capsule." type="">
   </statement>
  </statements>
 </table>
</document>