<document>
 <table id="Table 1">
  <caption text="

   Conceptual limitations of systemic problems and blocking mechanisms.
  
">
  </caption>
  <row row="0">
   <cell col-end="0" col-start="0" row-end="0" row-start="0" text="Conceptual explanation">
   </cell>
   <cell col-end="1" col-start="1" row-end="0" row-start="0" text="Direct interdependence of systemic problems">
   </cell>
   <cell col-end="2" col-start="2" row-end="0" row-start="0" text="Direct interdependence mechanisms">
   </cell>
   <cell col-end="3" col-start="3" row-end="0" row-start="0" text="Indirect interdependence of systemic problems">
   </cell>
  </row>
  <row row="1">
   <cell col-end="0" col-start="0" row-end="1" row-start="1" text="Systemic problems as contextual condition of other systemic problem">
   </cell>
   <cell col-end="1" col-start="1" row-end="1" row-start="1" text="✓">
   </cell>
   <cell col-end="2" col-start="2" row-end="1" row-start="1" text="Х">
   </cell>
   <cell col-end="3" col-start="3" row-end="1" row-start="1" text="X">
   </cell>
  </row>
  <row row="2">
   <cell col-end="0" col-start="0" row-end="2" row-start="2" text="Different systemic problems cause the same activity">
   </cell>
   <cell col-end="1" col-start="1" row-end="2" row-start="2" text="✓">
   </cell>
   <cell col-end="2" col-start="2" row-end="2" row-start="2" text="Х">
   </cell>
   <cell col-end="3" col-start="3" row-end="2" row-start="2" text="X">
   </cell>
  </row>
  <row row="3">
   <cell col-end="0" col-start="0" row-end="3" row-start="3" text="Different activities in one blocking mechanism are caused by different systemic problems">
   </cell>
   <cell col-end="1" col-start="1" row-end="3" row-start="3" text="X">
   </cell>
   <cell col-end="2" col-start="2" row-end="3" row-start="3" text="X">
   </cell>
   <cell col-end="3" col-start="3" row-end="3" row-start="3" text="✓">
   </cell>
  </row>
  <row row="4">
   <cell col-end="0" col-start="0" row-end="4" row-start="4" text="Systemic problems as contextual conditions for activities in a blocking mechanism">
   </cell>
   <cell col-end="1" col-start="1" row-end="4" row-start="4" text="X">
   </cell>
   <cell col-end="2" col-start="2" row-end="4" row-start="4" text="X">
   </cell>
   <cell col-end="3" col-start="3" row-end="4" row-start="4" text="✓">
   </cell>
  </row>
  <row row="5">
   <cell col-end="0" col-start="0" row-end="5" row-start="5" text="The same activities across different blocking mechanisms">
   </cell>
   <cell col-end="1" col-start="1" row-end="5" row-start="5" text="X">
   </cell>
   <cell col-end="2" col-start="2" row-end="5" row-start="5" text="✓">
   </cell>
   <cell col-end="3" col-start="3" row-end="5" row-start="5" text="✓">
   </cell>
  </row>
  <row row="6">
   <cell col-end="0" col-start="0" row-end="6" row-start="6" text="Interaction of activities of different blocking mechanisms">
   </cell>
   <cell col-end="1" col-start="1" row-end="6" row-start="6" text="X">
   </cell>
   <cell col-end="2" col-start="2" row-end="6" row-start="6" text="✓">
   </cell>
   <cell col-end="3" col-start="3" row-end="6" row-start="6" text="✓">
   </cell>
  </row>
  <statements>
   <statement id="0" text="Different activities in one blocking mechanism are caused by different systemic problems has Indirect interdependence of systemic problems." type="">
   </statement>
   <statement id="2" text="The same activities across different blocking mechanisms has both Direct interdependence mechanisms and Indirect interdependence of systemic problems." type="">
   </statement>
   <statement id="3" text="The table has been divided into five columns" type="">
   </statement>
   <statement id="5" text="There are six types of Conceptual explanation." type="">
   </statement>
   <statement id="6" text="There are sixteen types of Conceptual explanation." type="">
   </statement>
  </statements>
 </table>
 <table id="Table 2">
  <caption text="

   Interdependence of TIS hindering factors.
  
">
  </caption>
  <row row="0">
   <cell col-end="0" col-start="0" row-end="0" row-start="0" text="LIMITATIONS">
   </cell>
   <cell col-end="1" col-start="1" row-end="0" row-start="0" text="Systemic Problem">
   </cell>
   <cell col-end="2" col-start="2" row-end="0" row-start="0" text="Blocking Mechanism">
   </cell>
  </row>
  <row row="1">
   <cell col-end="0" col-start="0" row-end="1" row-start="1" text="Conceptual clarity">
   </cell>
   <cell col-end="1" col-start="1" row-end="1" row-start="1" text="Well defined in terms of its nature (negative attributes of structural elements) but not clear in terms of how it affects system functioning">
   </cell>
   <cell col-end="2" col-start="2" row-end="1" row-start="1" text="Lacks clear definition in terms of nature and how it affects system functioning">
   </cell>
  </row>
  <row row="2">
   <cell col-end="0" col-start="0" row-end="2" row-start="2" text="Role of exogenous factors">
   </cell>
   <cell col-end="1" col-start="1" row-end="2" row-start="2" text="X
     
     Not included">
   </cell>
   <cell col-end="2" col-start="2" row-end="2" row-start="2" text="Included but not clear what they are and how they perform">
   </cell>
  </row>
  <row row="3">
   <cell col-end="0" col-start="0" row-end="3" row-start="3" text="Interdependence">
   </cell>
   <cell col-end="1" col-start="1" row-end="3" row-start="3" text="X
     
     Not included">
   </cell>
   <cell col-end="2" col-start="2" row-end="3" row-start="3" text="X
     
     Not included">
   </cell>
  </row>
  <statements>
   <statement id="2" text="Interdependence has included in Blocking Mechanism." type="">
   </statement>
   <statement id="6" text="Systemic problem of Role of exogenous factors is not included." type="">
   </statement>
   <statement id="8" text="They have 3 limitations ." type="">
   </statement>
  </statements>
 </table>
</document>