<document>
 <table id="Table 1">
  <caption text="

   List of all variables.
  
">
  </caption>
  <row row="0">
   <cell col-end="0" col-start="0" row-end="0" row-start="0" text="Variables">
   </cell>
   <cell col-end="1" col-start="1" row-end="0" row-start="0" text="Definition">
   </cell>
   <cell col-end="2" col-start="2" row-end="0" row-start="0" text="Source">
   </cell>
  </row>
  <row row="1">
   <cell col-end="0" col-start="0" row-end="1" row-start="1" text="ESG score">
   </cell>
   <cell col-end="1" col-start="1" row-end="1" row-start="1" text="The overall firm score derived from the self-disclosed information combining ESG pillar scores.">
   </cell>
   <cell col-end="2" col-start="2" row-end="1" row-start="1" text="Thomson Reuters (TR) EIKON">
   </cell>
  </row>
  <row row="2">
   <cell col-end="0" col-start="0" row-end="2" row-start="2" text="Environmental Pillar score">
   </cell>
   <cell col-end="1" col-start="1" row-end="2" row-start="2" text="The Environmental Pillar assesses a firm's influence on living and non-living natural ecosystems, including the land, water, and air.">
   </cell>
   <cell col-end="2" col-start="2" row-end="2" row-start="2" text="TR EIKON">
   </cell>
  </row>
  <row row="3">
   <cell col-end="0" col-start="0" row-end="3" row-start="3" text="Social Pillar score">
   </cell>
   <cell col-end="1" col-start="1" row-end="3" row-start="3" text="The Social Pillar measures a firm's competence to create faith and devotion with its customers, employees, and society.">
   </cell>
   <cell col-end="2" col-start="2" row-end="3" row-start="3" text="TR EIKON">
   </cell>
  </row>
  <row row="4">
   <cell col-end="0" col-start="0" row-end="4" row-start="4" text="Governance Pillar score">
   </cell>
   <cell col-end="1" col-start="1" row-end="4" row-start="4" text="The Corporate Governance Pillar evaluates a firm's processes and systems and its executives' and board of directors' acts to guarantee long-term shareholder value.">
   </cell>
   <cell col-end="2" col-start="2" row-end="4" row-start="4" text="TR EIKON">
   </cell>
  </row>
  <row row="5">
   <cell col-end="0" col-start="0" row-end="5" row-start="5" text="Tobin Q (Tobin's Q ratio)">
   </cell>
   <cell col-end="1" col-start="1" row-end="5" row-start="5" text="The ratio of total debt and market capitalization to total assets">
   </cell>
   <cell col-end="2" col-start="2" row-end="5" row-start="5" text="Author's calculations">
   </cell>
  </row>
  <row row="6">
   <cell col-end="0" col-start="0" row-end="6" row-start="6" text="Board Size">
   </cell>
   <cell col-end="1" col-start="1" row-end="6" row-start="6" text="The number of board of directors">
   </cell>
   <cell col-end="2" col-start="2" row-end="6" row-start="6" text="TR EIKON">
   </cell>
  </row>
  <row row="7">
   <cell col-end="0" col-start="0" row-end="7" row-start="7" text="Board Gender Diversity">
   </cell>
   <cell col-end="1" col-start="1" row-end="7" row-start="7" text="The percentage of the female board of directors">
   </cell>
   <cell col-end="2" col-start="2" row-end="7" row-start="7" text="TR EIKON">
   </cell>
  </row>
  <row row="8">
   <cell col-end="0" col-start="0" row-end="8" row-start="8" text="Board Independence">
   </cell>
   <cell col-end="1" col-start="1" row-end="8" row-start="8" text="Indicating the existence of policy about the independence of its board">
   </cell>
   <cell col-end="2" col-start="2" row-end="8" row-start="8" text="TR EIKON">
   </cell>
  </row>
  <row row="9">
   <cell col-end="0" col-start="0" row-end="9" row-start="9" text="CEO Board Chair Separation">
   </cell>
   <cell col-end="1" col-start="1" row-end="9" row-start="9" text="Indicating either the CEO instantaneously leads the board or the board chairperson is the CEO of the company">
   </cell>
   <cell col-end="2" col-start="2" row-end="9" row-start="9" text="TR EIKON">
   </cell>
  </row>
  <row row="10">
   <cell col-end="0" col-start="0" row-end="10" row-start="10" text="Sustainability Committee">
   </cell>
   <cell col-end="1" col-start="1" row-end="10" row-start="10" text="Indicating whether the CSR or sustainability committee or team exist in the company">
   </cell>
   <cell col-end="2" col-start="2" row-end="10" row-start="10" text="TR EIKON">
   </cell>
  </row>
  <row row="11">
   <cell col-end="0" col-start="0" row-end="11" row-start="11" text="Free Float Percentage">
   </cell>
   <cell col-end="1" col-start="1" row-end="11" row-start="11" text="The percentage of shares outstanding">
   </cell>
   <cell col-end="2" col-start="2" row-end="11" row-start="11" text="TR EIKON">
   </cell>
  </row>
  <row row="12">
   <cell col-end="0" col-start="0" row-end="12" row-start="12" text="Total Assets">
   </cell>
   <cell col-end="1" col-start="1" row-end="12" row-start="12" text="The total assets owned by the company">
   </cell>
   <cell col-end="2" col-start="2" row-end="12" row-start="12" text="TR EIKON">
   </cell>
  </row>
  <row row="13">
   <cell col-end="0" col-start="0" row-end="13" row-start="13" text="Leverage">
   </cell>
   <cell col-end="1" col-start="1" row-end="13" row-start="13" text="The ratio of total liabilities to total assets">
   </cell>
   <cell col-end="2" col-start="2" row-end="13" row-start="13" text="Author's calculations">
   </cell>
  </row>
  <row row="14">
   <cell col-end="0" col-start="0" row-end="14" row-start="14" text="ROA (Return on assets)">
   </cell>
   <cell col-end="1" col-start="1" row-end="14" row-start="14" text="The ratio of net income (minus taxes) to total assets">
   </cell>
   <cell col-end="2" col-start="2" row-end="14" row-start="14" text="Author's calculations">
   </cell>
  </row>
  <statements>
   <statement id="0" text="All the other variables' definitions and corresponding data sources were listed in Table 1 ." type="">
   </statement>
   <statement id="1" text="Board Gender Diversity source is Author's calculations." type="">
   </statement>
   <statement id="3" text="Social Pillar score definition is the Social Pillar measures a firm's competence to create faith and devotion with its customers, employees, and society." type="">
   </statement>
  </statements>
 </table>
 <table id="Table 2">
  <caption text="

   Descriptive statistics.
  
">
  </caption>
  <row row="0">
   <cell col-end="0" col-start="0" row-end="0" row-start="0" text="Variables">
   </cell>
   <cell col-end="1" col-start="1" row-end="0" row-start="0" text="Obs.">
   </cell>
   <cell col-end="2" col-start="2" row-end="0" row-start="0" text="Mean">
   </cell>
   <cell col-end="3" col-start="3" row-end="0" row-start="0" text="Std. deviation">
   </cell>
   <cell col-end="4" col-start="4" row-end="0" row-start="0" text="Minimum">
   </cell>
   <cell col-end="5" col-start="5" row-end="0" row-start="0" text="Maximum">
   </cell>
  </row>
  <row row="1">
   <cell col-end="0" col-start="0" row-end="1" row-start="1" text="ESG score">
   </cell>
   <cell col-end="1" col-start="1" row-end="1" row-start="1" text="519">
   </cell>
   <cell col-end="2" col-start="2" row-end="1" row-start="1" text="50.02">
   </cell>
   <cell col-end="3" col-start="3" row-end="1" row-start="1" text="17.38">
   </cell>
   <cell col-end="4" col-start="4" row-end="1" row-start="1" text="10.82">
   </cell>
   <cell col-end="5" col-start="5" row-end="1" row-start="1" text="87.63">
   </cell>
  </row>
  <row row="2">
   <cell col-end="0" col-start="0" row-end="2" row-start="2" text="Environmental Pillar score">
   </cell>
   <cell col-end="1" col-start="1" row-end="2" row-start="2" text="519">
   </cell>
   <cell col-end="2" col-start="2" row-end="2" row-start="2" text="50.87">
   </cell>
   <cell col-end="3" col-start="3" row-end="2" row-start="2" text="23.46">
   </cell>
   <cell col-end="4" col-start="4" row-end="2" row-start="2" text="6.21">
   </cell>
   <cell col-end="5" col-start="5" row-end="2" row-start="2" text="96.15">
   </cell>
  </row>
  <row row="3">
   <cell col-end="0" col-start="0" row-end="3" row-start="3" text="Social Pillar score">
   </cell>
   <cell col-end="1" col-start="1" row-end="3" row-start="3" text="519">
   </cell>
   <cell col-end="2" col-start="2" row-end="3" row-start="3" text="51.08">
   </cell>
   <cell col-end="3" col-start="3" row-end="3" row-start="3" text="21.31">
   </cell>
   <cell col-end="4" col-start="4" row-end="3" row-start="3" text="7.63">
   </cell>
   <cell col-end="5" col-start="5" row-end="3" row-start="3" text="94.58">
   </cell>
  </row>
  <row row="4">
   <cell col-end="0" col-start="0" row-end="4" row-start="4" text="Governance Pillar score">
   </cell>
   <cell col-end="1" col-start="1" row-end="4" row-start="4" text="519">
   </cell>
   <cell col-end="2" col-start="2" row-end="4" row-start="4" text="47.82">
   </cell>
   <cell col-end="3" col-start="3" row-end="4" row-start="4" text="21.00">
   </cell>
   <cell col-end="4" col-start="4" row-end="4" row-start="4" text="2.76">
   </cell>
   <cell col-end="5" col-start="5" row-end="4" row-start="4" text="93.69">
   </cell>
  </row>
  <row row="5">
   <cell col-end="0" col-start="0" row-end="5" row-start="5" text="Tobin Q">
   </cell>
   <cell col-end="1" col-start="1" row-end="5" row-start="5" text="519">
   </cell>
   <cell col-end="2" col-start="2" row-end="5" row-start="5" text="1.27">
   </cell>
   <cell col-end="3" col-start="3" row-end="5" row-start="5" text="0.76">
   </cell>
   <cell col-end="4" col-start="4" row-end="5" row-start="5" text="0.18">
   </cell>
   <cell col-end="5" col-start="5" row-end="5" row-start="5" text="5.39">
   </cell>
  </row>
  <row row="6">
   <cell col-end="0" col-start="0" row-end="6" row-start="6" text="Board Size">
   </cell>
   <cell col-end="1" col-start="1" row-end="6" row-start="6" text="519">
   </cell>
   <cell col-end="2" col-start="2" row-end="6" row-start="6" text="10.03">
   </cell>
   <cell col-end="3" col-start="3" row-end="6" row-start="6" text="3.40">
   </cell>
   <cell col-end="4" col-start="4" row-end="6" row-start="6" text="4">
   </cell>
   <cell col-end="5" col-start="5" row-end="6" row-start="6" text="23">
   </cell>
  </row>
  <row row="7">
   <cell col-end="0" col-start="0" row-end="7" row-start="7" text="Board Gender Diversity">
   </cell>
   <cell col-end="1" col-start="1" row-end="7" row-start="7" text="504">
   </cell>
   <cell col-end="2" col-start="2" row-end="7" row-start="7" text="11.49">
   </cell>
   <cell col-end="3" col-start="3" row-end="7" row-start="7" text="11.69">
   </cell>
   <cell col-end="4" col-start="4" row-end="7" row-start="7" text="0">
   </cell>
   <cell col-end="5" col-start="5" row-end="7" row-start="7" text="50">
   </cell>
  </row>
  <row row="8">
   <cell col-end="0" col-start="0" row-end="8" row-start="8" text="Board Independence">
   </cell>
   <cell col-end="1" col-start="1" row-end="8" row-start="8" text="519">
   </cell>
   <cell col-end="2" col-start="2" row-end="8" row-start="8" text="0.56">
   </cell>
   <cell col-end="3" col-start="3" row-end="8" row-start="8" text="0.50">
   </cell>
   <cell col-end="4" col-start="4" row-end="8" row-start="8" text="0">
   </cell>
   <cell col-end="5" col-start="5" row-end="8" row-start="8" text="1">
   </cell>
  </row>
  <row row="9">
   <cell col-end="0" col-start="0" row-end="9" row-start="9" text="CEO Board Chair Separation">
   </cell>
   <cell col-end="1" col-start="1" row-end="9" row-start="9" text="519">
   </cell>
   <cell col-end="2" col-start="2" row-end="9" row-start="9" text="0.44">
   </cell>
   <cell col-end="3" col-start="3" row-end="9" row-start="9" text="0.50">
   </cell>
   <cell col-end="4" col-start="4" row-end="9" row-start="9" text="0">
   </cell>
   <cell col-end="5" col-start="5" row-end="9" row-start="9" text="1">
   </cell>
  </row>
  <row row="10">
   <cell col-end="0" col-start="0" row-end="10" row-start="10" text="Sustainability Committee">
   </cell>
   <cell col-end="1" col-start="1" row-end="10" row-start="10" text="519">
   </cell>
   <cell col-end="2" col-start="2" row-end="10" row-start="10" text="0.50">
   </cell>
   <cell col-end="3" col-start="3" row-end="10" row-start="10" text="0.50">
   </cell>
   <cell col-end="4" col-start="4" row-end="10" row-start="10" text="0">
   </cell>
   <cell col-end="5" col-start="5" row-end="10" row-start="10" text="1">
   </cell>
  </row>
  <row row="11">
   <cell col-end="0" col-start="0" row-end="11" row-start="11" text="Free Float Percentage">
   </cell>
   <cell col-end="1" col-start="1" row-end="11" row-start="11" text="519">
   </cell>
   <cell col-end="2" col-start="2" row-end="11" row-start="11" text="75.08">
   </cell>
   <cell col-end="3" col-start="3" row-end="11" row-start="11" text="25.42">
   </cell>
   <cell col-end="4" col-start="4" row-end="11" row-start="11" text="0">
   </cell>
   <cell col-end="5" col-start="5" row-end="11" row-start="11" text="100">
   </cell>
  </row>
  <row row="12">
   <cell col-end="0" col-start="0" row-end="12" row-start="12" text="Total Assets">
   </cell>
   <cell col-end="1" col-start="1" row-end="12" row-start="12" text="519">
   </cell>
   <cell col-end="2" col-start="2" row-end="12" row-start="12" text="11,700,000,000">
   </cell>
   <cell col-end="3" col-start="3" row-end="12" row-start="12" text="21,600,000,000">
   </cell>
   <cell col-end="4" col-start="4" row-end="12" row-start="12" text="334,000,000">
   </cell>
   <cell col-end="5" col-start="5" row-end="12" row-start="12" text="243,000,000,000">
   </cell>
  </row>
  <row row="13">
   <cell col-end="0" col-start="0" row-end="13" row-start="13" text="Leverage">
   </cell>
   <cell col-end="1" col-start="1" row-end="13" row-start="13" text="519">
   </cell>
   <cell col-end="2" col-start="2" row-end="13" row-start="13" text="59.37">
   </cell>
   <cell col-end="3" col-start="3" row-end="13" row-start="13" text="22.13">
   </cell>
   <cell col-end="4" col-start="4" row-end="13" row-start="13" text="0">
   </cell>
   <cell col-end="5" col-start="5" row-end="13" row-start="13" text="160.55">
   </cell>
  </row>
  <row row="14">
   <cell col-end="0" col-start="0" row-end="14" row-start="14" text="ROA">
   </cell>
   <cell col-end="1" col-start="1" row-end="14" row-start="14" text="519">
   </cell>
   <cell col-end="2" col-start="2" row-end="14" row-start="14" text="4.25">
   </cell>
   <cell col-end="3" col-start="3" row-end="14" row-start="14" text="6.84">
   </cell>
   <cell col-end="4" col-start="4" row-end="14" row-start="14" text="−39.00">
   </cell>
   <cell col-end="5" col-start="5" row-end="14" row-start="14" text="66.60">
   </cell>
  </row>
  <statements>
   <statement id="0" text="Board Gender Diversity variable has Obs of 257." type="">
   </statement>
   <statement id="1" text="Board Gender Diversity variable has Obs of 504." type="">
   </statement>
   <statement id="2" text="During the period 201118, the average ESG score was 50.02 while the average Environmental Pillar score was 50.87, the average Social Pillar score was 51.08, and the average Governance Pillar score was 47.82." type="">
   </statement>
   <statement id="3" text="Mean of variable for ESG score is 01.17." type="">
   </statement>
   <statement id="4" text="Mean of variable for ESG score is 50.02." type="">
   </statement>
   <statement id="5" text="Mean of variable for Governance Pillar score is 47.82 ." type="">
   </statement>
   <statement id="7" text="The ESG scores fluctuated significantly between 2.76 and 96.15." type="">
   </statement>
   <statement id="9" text="There are three different types of Variables." type="">
   </statement>
  </statements>
 </table>
 <table id="Table 3">
  <caption text="

   Correlation coefficients (Pearson's).
  
">
  </caption>
  <row row="0">
   <cell col-end="0" col-start="0" row-end="0" row-start="0" text="">
   </cell>
   <cell col-end="1" col-start="1" row-end="0" row-start="0" text="Variables">
   </cell>
   <cell col-end="2" col-start="2" row-end="0" row-start="0" text="1">
   </cell>
   <cell col-end="3" col-start="3" row-end="0" row-start="0" text="2">
   </cell>
   <cell col-end="4" col-start="4" row-end="0" row-start="0" text="3">
   </cell>
   <cell col-end="5" col-start="5" row-end="0" row-start="0" text="4">
   </cell>
   <cell col-end="6" col-start="6" row-end="0" row-start="0" text="5">
   </cell>
   <cell col-end="7" col-start="7" row-end="0" row-start="0" text="6">
   </cell>
   <cell col-end="8" col-start="8" row-end="0" row-start="0" text="7">
   </cell>
   <cell col-end="9" col-start="9" row-end="0" row-start="0" text="8">
   </cell>
   <cell col-end="10" col-start="10" row-end="0" row-start="0" text="9">
   </cell>
   <cell col-end="11" col-start="11" row-end="0" row-start="0" text="10">
   </cell>
   <cell col-end="12" col-start="12" row-end="0" row-start="0" text="11">
   </cell>
   <cell col-end="13" col-start="13" row-end="0" row-start="0" text="12">
   </cell>
   <cell col-end="14" col-start="14" row-end="0" row-start="0" text="13">
   </cell>
   <cell col-end="15" col-start="15" row-end="0" row-start="0" text="14">
   </cell>
  </row>
  <row row="1">
   <cell col-end="0" col-start="0" row-end="1" row-start="1" text="1">
   </cell>
   <cell col-end="1" col-start="1" row-end="1" row-start="1" text="ESG score">
   </cell>
   <cell col-end="2" col-start="2" row-end="1" row-start="1" text="1">
   </cell>
   <cell col-end="3" col-start="3" row-end="1" row-start="1" text="">
   </cell>
   <cell col-end="4" col-start="4" row-end="1" row-start="1" text="">
   </cell>
   <cell col-end="5" col-start="5" row-end="1" row-start="1" text="">
   </cell>
   <cell col-end="6" col-start="6" row-end="1" row-start="1" text="">
   </cell>
   <cell col-end="7" col-start="7" row-end="1" row-start="1" text="">
   </cell>
   <cell col-end="8" col-start="8" row-end="1" row-start="1" text="">
   </cell>
   <cell col-end="9" col-start="9" row-end="1" row-start="1" text="">
   </cell>
   <cell col-end="10" col-start="10" row-end="1" row-start="1" text="">
   </cell>
   <cell col-end="11" col-start="11" row-end="1" row-start="1" text="">
   </cell>
   <cell col-end="12" col-start="12" row-end="1" row-start="1" text="">
   </cell>
   <cell col-end="13" col-start="13" row-end="1" row-start="1" text="">
   </cell>
   <cell col-end="14" col-start="14" row-end="1" row-start="1" text="">
   </cell>
   <cell col-end="15" col-start="15" row-end="1" row-start="1" text="">
   </cell>
  </row>
  <row row="2">
   <cell col-end="0" col-start="0" row-end="2" row-start="2" text="2">
   </cell>
   <cell col-end="1" col-start="1" row-end="2" row-start="2" text="Environmental Pillar score">
   </cell>
   <cell col-end="2" col-start="2" row-end="2" row-start="2" text="0.8562
     

       a">
   </cell>
   <cell col-end="3" col-start="3" row-end="2" row-start="2" text="1">
   </cell>
   <cell col-end="4" col-start="4" row-end="2" row-start="2" text="">
   </cell>
   <cell col-end="5" col-start="5" row-end="2" row-start="2" text="">
   </cell>
   <cell col-end="6" col-start="6" row-end="2" row-start="2" text="">
   </cell>
   <cell col-end="7" col-start="7" row-end="2" row-start="2" text="">
   </cell>
   <cell col-end="8" col-start="8" row-end="2" row-start="2" text="">
   </cell>
   <cell col-end="9" col-start="9" row-end="2" row-start="2" text="">
   </cell>
   <cell col-end="10" col-start="10" row-end="2" row-start="2" text="">
   </cell>
   <cell col-end="11" col-start="11" row-end="2" row-start="2" text="">
   </cell>
   <cell col-end="12" col-start="12" row-end="2" row-start="2" text="">
   </cell>
   <cell col-end="13" col-start="13" row-end="2" row-start="2" text="">
   </cell>
   <cell col-end="14" col-start="14" row-end="2" row-start="2" text="">
   </cell>
   <cell col-end="15" col-start="15" row-end="2" row-start="2" text="">
   </cell>
  </row>
  <row row="3">
   <cell col-end="0" col-start="0" row-end="3" row-start="3" text="3">
   </cell>
   <cell col-end="1" col-start="1" row-end="3" row-start="3" text="Social Pillar score">
   </cell>
   <cell col-end="2" col-start="2" row-end="3" row-start="3" text="0.8659
     

       a">
   </cell>
   <cell col-end="3" col-start="3" row-end="3" row-start="3" text="0.6898
     

       a">
   </cell>
   <cell col-end="4" col-start="4" row-end="3" row-start="3" text="1">
   </cell>
   <cell col-end="5" col-start="5" row-end="3" row-start="3" text="">
   </cell>
   <cell col-end="6" col-start="6" row-end="3" row-start="3" text="">
   </cell>
   <cell col-end="7" col-start="7" row-end="3" row-start="3" text="">
   </cell>
   <cell col-end="8" col-start="8" row-end="3" row-start="3" text="">
   </cell>
   <cell col-end="9" col-start="9" row-end="3" row-start="3" text="">
   </cell>
   <cell col-end="10" col-start="10" row-end="3" row-start="3" text="">
   </cell>
   <cell col-end="11" col-start="11" row-end="3" row-start="3" text="">
   </cell>
   <cell col-end="12" col-start="12" row-end="3" row-start="3" text="">
   </cell>
   <cell col-end="13" col-start="13" row-end="3" row-start="3" text="">
   </cell>
   <cell col-end="14" col-start="14" row-end="3" row-start="3" text="">
   </cell>
   <cell col-end="15" col-start="15" row-end="3" row-start="3" text="">
   </cell>
  </row>
  <row row="4">
   <cell col-end="0" col-start="0" row-end="4" row-start="4" text="4">
   </cell>
   <cell col-end="1" col-start="1" row-end="4" row-start="4" text="Governance Pillar score">
   </cell>
   <cell col-end="2" col-start="2" row-end="4" row-start="4" text="0.6235
     

       a">
   </cell>
   <cell col-end="3" col-start="3" row-end="4" row-start="4" text="0.2623
     

       a">
   </cell>
   <cell col-end="4" col-start="4" row-end="4" row-start="4" text="0.3085
     

       a">
   </cell>
   <cell col-end="5" col-start="5" row-end="4" row-start="4" text="1">
   </cell>
   <cell col-end="6" col-start="6" row-end="4" row-start="4" text="">
   </cell>
   <cell col-end="7" col-start="7" row-end="4" row-start="4" text="">
   </cell>
   <cell col-end="8" col-start="8" row-end="4" row-start="4" text="">
   </cell>
   <cell col-end="9" col-start="9" row-end="4" row-start="4" text="">
   </cell>
   <cell col-end="10" col-start="10" row-end="4" row-start="4" text="">
   </cell>
   <cell col-end="11" col-start="11" row-end="4" row-start="4" text="">
   </cell>
   <cell col-end="12" col-start="12" row-end="4" row-start="4" text="">
   </cell>
   <cell col-end="13" col-start="13" row-end="4" row-start="4" text="">
   </cell>
   <cell col-end="14" col-start="14" row-end="4" row-start="4" text="">
   </cell>
   <cell col-end="15" col-start="15" row-end="4" row-start="4" text="">
   </cell>
  </row>
  <row row="5">
   <cell col-end="0" col-start="0" row-end="5" row-start="5" text="5">
   </cell>
   <cell col-end="1" col-start="1" row-end="5" row-start="5" text="Tobin Q">
   </cell>
   <cell col-end="2" col-start="2" row-end="5" row-start="5" text="−0.0768">
   </cell>
   <cell col-end="3" col-start="3" row-end="5" row-start="5" text="−0.1206
     

       a">
   </cell>
   <cell col-end="4" col-start="4" row-end="5" row-start="5" text="−0.0339">
   </cell>
   <cell col-end="5" col-start="5" row-end="5" row-start="5" text="−0.018">
   </cell>
   <cell col-end="6" col-start="6" row-end="5" row-start="5" text="1">
   </cell>
   <cell col-end="7" col-start="7" row-end="5" row-start="5" text="">
   </cell>
   <cell col-end="8" col-start="8" row-end="5" row-start="5" text="">
   </cell>
   <cell col-end="9" col-start="9" row-end="5" row-start="5" text="">
   </cell>
   <cell col-end="10" col-start="10" row-end="5" row-start="5" text="">
   </cell>
   <cell col-end="11" col-start="11" row-end="5" row-start="5" text="">
   </cell>
   <cell col-end="12" col-start="12" row-end="5" row-start="5" text="">
   </cell>
   <cell col-end="13" col-start="13" row-end="5" row-start="5" text="">
   </cell>
   <cell col-end="14" col-start="14" row-end="5" row-start="5" text="">
   </cell>
   <cell col-end="15" col-start="15" row-end="5" row-start="5" text="">
   </cell>
  </row>
  <row row="6">
   <cell col-end="0" col-start="0" row-end="6" row-start="6" text="6">
   </cell>
   <cell col-end="1" col-start="1" row-end="6" row-start="6" text="Board Size">
   </cell>
   <cell col-end="2" col-start="2" row-end="6" row-start="6" text="0.4460
     

       a">
   </cell>
   <cell col-end="3" col-start="3" row-end="6" row-start="6" text="0.3716
     

       a">
   </cell>
   <cell col-end="4" col-start="4" row-end="6" row-start="6" text="0.4662
     

       a">
   </cell>
   <cell col-end="5" col-start="5" row-end="6" row-start="6" text="0.1964
     

       a">
   </cell>
   <cell col-end="6" col-start="6" row-end="6" row-start="6" text="−0.0717">
   </cell>
   <cell col-end="7" col-start="7" row-end="6" row-start="6" text="1">
   </cell>
   <cell col-end="8" col-start="8" row-end="6" row-start="6" text="">
   </cell>
   <cell col-end="9" col-start="9" row-end="6" row-start="6" text="">
   </cell>
   <cell col-end="10" col-start="10" row-end="6" row-start="6" text="">
   </cell>
   <cell col-end="11" col-start="11" row-end="6" row-start="6" text="">
   </cell>
   <cell col-end="12" col-start="12" row-end="6" row-start="6" text="">
   </cell>
   <cell col-end="13" col-start="13" row-end="6" row-start="6" text="">
   </cell>
   <cell col-end="14" col-start="14" row-end="6" row-start="6" text="">
   </cell>
   <cell col-end="15" col-start="15" row-end="6" row-start="6" text="">
   </cell>
  </row>
  <row row="7">
   <cell col-end="0" col-start="0" row-end="7" row-start="7" text="7">
   </cell>
   <cell col-end="1" col-start="1" row-end="7" row-start="7" text="Board Gender Diversity">
   </cell>
   <cell col-end="2" col-start="2" row-end="7" row-start="7" text="0.3795
     

       a">
   </cell>
   <cell col-end="3" col-start="3" row-end="7" row-start="7" text="0.2908
     

       a">
   </cell>
   <cell col-end="4" col-start="4" row-end="7" row-start="7" text="0.2876
     

       a">
   </cell>
   <cell col-end="5" col-start="5" row-end="7" row-start="7" text="0.3239
     

       a">
   </cell>
   <cell col-end="6" col-start="6" row-end="7" row-start="7" text="0.2374
     

       a">
   </cell>
   <cell col-end="7" col-start="7" row-end="7" row-start="7" text="0.1894
     

       a">
   </cell>
   <cell col-end="8" col-start="8" row-end="7" row-start="7" text="1">
   </cell>
   <cell col-end="9" col-start="9" row-end="7" row-start="7" text="">
   </cell>
   <cell col-end="10" col-start="10" row-end="7" row-start="7" text="">
   </cell>
   <cell col-end="11" col-start="11" row-end="7" row-start="7" text="">
   </cell>
   <cell col-end="12" col-start="12" row-end="7" row-start="7" text="">
   </cell>
   <cell col-end="13" col-start="13" row-end="7" row-start="7" text="">
   </cell>
   <cell col-end="14" col-start="14" row-end="7" row-start="7" text="">
   </cell>
   <cell col-end="15" col-start="15" row-end="7" row-start="7" text="">
   </cell>
  </row>
  <row row="8">
   <cell col-end="0" col-start="0" row-end="8" row-start="8" text="8">
   </cell>
   <cell col-end="1" col-start="1" row-end="8" row-start="8" text="Board Independence">
   </cell>
   <cell col-end="2" col-start="2" row-end="8" row-start="8" text="0.0662">
   </cell>
   <cell col-end="3" col-start="3" row-end="8" row-start="8" text="−0.0424">
   </cell>
   <cell col-end="4" col-start="4" row-end="8" row-start="8" text="0.0046">
   </cell>
   <cell col-end="5" col-start="5" row-end="8" row-start="8" text="0.2269
     

       a">
   </cell>
   <cell col-end="6" col-start="6" row-end="8" row-start="8" text="0.2699
     

       a">
   </cell>
   <cell col-end="7" col-start="7" row-end="8" row-start="8" text="0.1377
     

       a">
   </cell>
   <cell col-end="8" col-start="8" row-end="8" row-start="8" text="0.2781
     

       a">
   </cell>
   <cell col-end="9" col-start="9" row-end="8" row-start="8" text="1">
   </cell>
   <cell col-end="10" col-start="10" row-end="8" row-start="8" text="">
   </cell>
   <cell col-end="11" col-start="11" row-end="8" row-start="8" text="">
   </cell>
   <cell col-end="12" col-start="12" row-end="8" row-start="8" text="">
   </cell>
   <cell col-end="13" col-start="13" row-end="8" row-start="8" text="">
   </cell>
   <cell col-end="14" col-start="14" row-end="8" row-start="8" text="">
   </cell>
   <cell col-end="15" col-start="15" row-end="8" row-start="8" text="">
   </cell>
  </row>
  <row row="9">
   <cell col-end="0" col-start="0" row-end="9" row-start="9" text="9">
   </cell>
   <cell col-end="1" col-start="1" row-end="9" row-start="9" text="CEO Board Chair Separation">
   </cell>
   <cell col-end="2" col-start="2" row-end="9" row-start="9" text="−0.0283">
   </cell>
   <cell col-end="3" col-start="3" row-end="9" row-start="9" text="0.0153">
   </cell>
   <cell col-end="4" col-start="4" row-end="9" row-start="9" text="0.0058">
   </cell>
   <cell col-end="5" col-start="5" row-end="9" row-start="9" text="−0.1025
     

       b">
   </cell>
   <cell col-end="6" col-start="6" row-end="9" row-start="9" text="0.2696
     

       a">
   </cell>
   <cell col-end="7" col-start="7" row-end="9" row-start="9" text="−0.0647">
   </cell>
   <cell col-end="8" col-start="8" row-end="9" row-start="9" text="−0.074">
   </cell>
   <cell col-end="9" col-start="9" row-end="9" row-start="9" text="0.1957
     

       a">
   </cell>
   <cell col-end="10" col-start="10" row-end="9" row-start="9" text="1">
   </cell>
   <cell col-end="11" col-start="11" row-end="9" row-start="9" text="">
   </cell>
   <cell col-end="12" col-start="12" row-end="9" row-start="9" text="">
   </cell>
   <cell col-end="13" col-start="13" row-end="9" row-start="9" text="">
   </cell>
   <cell col-end="14" col-start="14" row-end="9" row-start="9" text="">
   </cell>
   <cell col-end="15" col-start="15" row-end="9" row-start="9" text="">
   </cell>
  </row>
  <row row="10">
   <cell col-end="0" col-start="0" row-end="10" row-start="10" text="10">
   </cell>
   <cell col-end="1" col-start="1" row-end="10" row-start="10" text="Sustainability Committee">
   </cell>
   <cell col-end="2" col-start="2" row-end="10" row-start="10" text="0.5632
     

       a">
   </cell>
   <cell col-end="3" col-start="3" row-end="10" row-start="10" text="0.4942
     

       a">
   </cell>
   <cell col-end="4" col-start="4" row-end="10" row-start="10" text="0.5297
     

       a">
   </cell>
   <cell col-end="5" col-start="5" row-end="10" row-start="10" text="0.2864
     

       a">
   </cell>
   <cell col-end="6" col-start="6" row-end="10" row-start="10" text="0.0666">
   </cell>
   <cell col-end="7" col-start="7" row-end="10" row-start="10" text="0.2431
     

       a">
   </cell>
   <cell col-end="8" col-start="8" row-end="10" row-start="10" text="0.2744
     

       a">
   </cell>
   <cell col-end="9" col-start="9" row-end="10" row-start="10" text="−0.0483">
   </cell>
   <cell col-end="10" col-start="10" row-end="10" row-start="10" text="−0.107
     

       b">
   </cell>
   <cell col-end="11" col-start="11" row-end="10" row-start="10" text="1">
   </cell>
   <cell col-end="12" col-start="12" row-end="10" row-start="10" text="">
   </cell>
   <cell col-end="13" col-start="13" row-end="10" row-start="10" text="">
   </cell>
   <cell col-end="14" col-start="14" row-end="10" row-start="10" text="">
   </cell>
   <cell col-end="15" col-start="15" row-end="10" row-start="10" text="">
   </cell>
  </row>
  <row row="11">
   <cell col-end="0" col-start="0" row-end="11" row-start="11" text="11">
   </cell>
   <cell col-end="1" col-start="1" row-end="11" row-start="11" text="Free Float Percentage">
   </cell>
   <cell col-end="2" col-start="2" row-end="11" row-start="11" text="0.1660
     

       a">
   </cell>
   <cell col-end="3" col-start="3" row-end="11" row-start="11" text="0.0616">
   </cell>
   <cell col-end="4" col-start="4" row-end="11" row-start="11" text="0.1391
     

       a">
   </cell>
   <cell col-end="5" col-start="5" row-end="11" row-start="11" text="0.2091
     

       a">
   </cell>
   <cell col-end="6" col-start="6" row-end="11" row-start="11" text="0.2335
     

       a">
   </cell>
   <cell col-end="7" col-start="7" row-end="11" row-start="11" text="−0.0835">
   </cell>
   <cell col-end="8" col-start="8" row-end="11" row-start="11" text="0.2653
     

       a">
   </cell>
   <cell col-end="9" col-start="9" row-end="11" row-start="11" text="0.2040
     

       a">
   </cell>
   <cell col-end="10" col-start="10" row-end="11" row-start="11" text="0.1964
     

       a">
   </cell>
   <cell col-end="11" col-start="11" row-end="11" row-start="11" text="0.1514
     

       a">
   </cell>
   <cell col-end="12" col-start="12" row-end="11" row-start="11" text="1">
   </cell>
   <cell col-end="13" col-start="13" row-end="11" row-start="11" text="">
   </cell>
   <cell col-end="14" col-start="14" row-end="11" row-start="11" text="">
   </cell>
   <cell col-end="15" col-start="15" row-end="11" row-start="11" text="">
   </cell>
  </row>
  <row row="12">
   <cell col-end="0" col-start="0" row-end="12" row-start="12" text="12">
   </cell>
   <cell col-end="1" col-start="1" row-end="12" row-start="12" text="Ln (Total Assets)">
   </cell>
   <cell col-end="2" col-start="2" row-end="12" row-start="12" text="0.6355
     

       a">
   </cell>
   <cell col-end="3" col-start="3" row-end="12" row-start="12" text="0.6074
     

       a">
   </cell>
   <cell col-end="4" col-start="4" row-end="12" row-start="12" text="0.5274
     

       a">
   </cell>
   <cell col-end="5" col-start="5" row-end="12" row-start="12" text="0.3444
     

       a">
   </cell>
   <cell col-end="6" col-start="6" row-end="12" row-start="12" text="−0.1515
     

       a">
   </cell>
   <cell col-end="7" col-start="7" row-end="12" row-start="12" text="0.5411
     

       a">
   </cell>
   <cell col-end="8" col-start="8" row-end="12" row-start="12" text="0.2097
     

       a">
   </cell>
   <cell col-end="9" col-start="9" row-end="12" row-start="12" text="0.0592">
   </cell>
   <cell col-end="10" col-start="10" row-end="12" row-start="12" text="0.0442">
   </cell>
   <cell col-end="11" col-start="11" row-end="12" row-start="12" text="0.3146
     

       a">
   </cell>
   <cell col-end="12" col-start="12" row-end="12" row-start="12" text="0.0194">
   </cell>
   <cell col-end="13" col-start="13" row-end="12" row-start="12" text="1">
   </cell>
   <cell col-end="14" col-start="14" row-end="12" row-start="12" text="">
   </cell>
   <cell col-end="15" col-start="15" row-end="12" row-start="12" text="">
   </cell>
  </row>
  <row row="13">
   <cell col-end="0" col-start="0" row-end="13" row-start="13" text="13">
   </cell>
   <cell col-end="1" col-start="1" row-end="13" row-start="13" text="Leverage">
   </cell>
   <cell col-end="2" col-start="2" row-end="13" row-start="13" text="0.3245
     

       a">
   </cell>
   <cell col-end="3" col-start="3" row-end="13" row-start="13" text="0.3187
     

       a">
   </cell>
   <cell col-end="4" col-start="4" row-end="13" row-start="13" text="0.2854
     

       a">
   </cell>
   <cell col-end="5" col-start="5" row-end="13" row-start="13" text="0.1464
     

       a">
   </cell>
   <cell col-end="6" col-start="6" row-end="13" row-start="13" text="−0.1082
     

       b">
   </cell>
   <cell col-end="7" col-start="7" row-end="13" row-start="13" text="0.1770
     

       a">
   </cell>
   <cell col-end="8" col-start="8" row-end="13" row-start="13" text="0.0937
     

       b">
   </cell>
   <cell col-end="9" col-start="9" row-end="13" row-start="13" text="0.0478">
   </cell>
   <cell col-end="10" col-start="10" row-end="13" row-start="13" text="−0.1235
     

       a">
   </cell>
   <cell col-end="11" col-start="11" row-end="13" row-start="13" text="0.1763
     

       a">
   </cell>
   <cell col-end="12" col-start="12" row-end="13" row-start="13" text="0.06">
   </cell>
   <cell col-end="13" col-start="13" row-end="13" row-start="13" text="0.2008
     

       a">
   </cell>
   <cell col-end="14" col-start="14" row-end="13" row-start="13" text="1">
   </cell>
   <cell col-end="15" col-start="15" row-end="13" row-start="13" text="">
   </cell>
  </row>
  <row row="14">
   <cell col-end="0" col-start="0" row-end="14" row-start="14" text="14">
   </cell>
   <cell col-end="1" col-start="1" row-end="14" row-start="14" text="ROA">
   </cell>
   <cell col-end="2" col-start="2" row-end="14" row-start="14" text="−0.0861
     

       b">
   </cell>
   <cell col-end="3" col-start="3" row-end="14" row-start="14" text="−0.1339
     

       a">
   </cell>
   <cell col-end="4" col-start="4" row-end="14" row-start="14" text="−0.0524">
   </cell>
   <cell col-end="5" col-start="5" row-end="14" row-start="14" text="−0.005">
   </cell>
   <cell col-end="6" col-start="6" row-end="14" row-start="14" text="0.5542
     

       a">
   </cell>
   <cell col-end="7" col-start="7" row-end="14" row-start="14" text="−0.0326">
   </cell>
   <cell col-end="8" col-start="8" row-end="14" row-start="14" text="0.2529
     

       a">
   </cell>
   <cell col-end="9" col-start="9" row-end="14" row-start="14" text="0.1530
     

       a">
   </cell>
   <cell col-end="10" col-start="10" row-end="14" row-start="14" text="0.1658
     

       a">
   </cell>
   <cell col-end="11" col-start="11" row-end="14" row-start="14" text="0.0192">
   </cell>
   <cell col-end="12" col-start="12" row-end="14" row-start="14" text="0.2272
     

       a">
   </cell>
   <cell col-end="13" col-start="13" row-end="14" row-start="14" text="−0.0877
     

       b">
   </cell>
   <cell col-end="14" col-start="14" row-end="14" row-start="14" text="−0.1363
     

       a">
   </cell>
   <cell col-end="15" col-start="15" row-end="14" row-start="14" text="1">
   </cell>
  </row>
  <statements>
   <statement id="1" text="Board Independence has a lowest value in 1 correlation ." type="">
   </statement>
   <statement id="2" text="ESG score has a value in 2 to 14 ." type="">
   </statement>
   <statement id="3" text="ROA has a highest value in 1 correlation ." type="">
   </statement>
   <statement id="5" text="There are 14 different types of variables in the given table." type="">
   </statement>
  </statements>
 </table>
 <table id="Table 4">
  <caption text="

   Regression analysis for ESG scores.
  
">
  </caption>
  <legend text="

   Note: Std. error in parentheses; ***p &lt; .01; **p &lt; .05; *p &lt; .10.
  
">
  </legend>
  <row row="0">
   <cell col-end="0" col-start="0" row-end="0" row-start="0" text="Variables">
   </cell>
   <cell col-end="1" col-start="1" row-end="0" row-start="0" text="Pooled OLS">
   </cell>
   <cell col-end="2" col-start="2" row-end="0" row-start="0" text="Fixed Effects">
   </cell>
   <cell col-end="3" col-start="3" row-end="0" row-start="0" text="Fixed Effects">
   </cell>
   <cell col-end="4" col-start="4" row-end="0" row-start="0" text="Fixed Effects">
   </cell>
   <cell col-end="5" col-start="5" row-end="0" row-start="0" text="Fixed Effects">
   </cell>
   <cell col-end="6" col-start="6" row-end="0" row-start="0" text="Fixed Effects">
   </cell>
  </row>
  <row row="1">
   <cell col-end="0" col-start="0" row-end="1" row-start="1" text="ESG score">
   </cell>
   <cell col-end="1" col-start="1" row-end="1" row-start="1" text="Dependent Variable">
   </cell>
   <cell col-end="2" col-start="2" row-end="1" row-start="1" text="Dependent Variable">
   </cell>
   <cell col-end="3" col-start="3" row-end="1" row-start="1" text="Dependent Variable">
   </cell>
   <cell col-end="4" col-start="4" row-end="1" row-start="1" text="">
   </cell>
   <cell col-end="5" col-start="5" row-end="1" row-start="1" text="">
   </cell>
   <cell col-end="6" col-start="6" row-end="1" row-start="1" text="">
   </cell>
  </row>
  <row row="2">
   <cell col-end="0" col-start="0" row-end="2" row-start="2" text="Environmental Pillar score">
   </cell>
   <cell col-end="1" col-start="1" row-end="2" row-start="2" text="">
   </cell>
   <cell col-end="2" col-start="2" row-end="2" row-start="2" text="">
   </cell>
   <cell col-end="3" col-start="3" row-end="2" row-start="2" text="">
   </cell>
   <cell col-end="4" col-start="4" row-end="2" row-start="2" text="Dependent Variable">
   </cell>
   <cell col-end="5" col-start="5" row-end="2" row-start="2" text="">
   </cell>
   <cell col-end="6" col-start="6" row-end="2" row-start="2" text="">
   </cell>
  </row>
  <row row="3">
   <cell col-end="0" col-start="0" row-end="3" row-start="3" text="Social Pillar score">
   </cell>
   <cell col-end="1" col-start="1" row-end="3" row-start="3" text="">
   </cell>
   <cell col-end="2" col-start="2" row-end="3" row-start="3" text="">
   </cell>
   <cell col-end="3" col-start="3" row-end="3" row-start="3" text="">
   </cell>
   <cell col-end="4" col-start="4" row-end="3" row-start="3" text="">
   </cell>
   <cell col-end="5" col-start="5" row-end="3" row-start="3" text="Dependent Variable">
   </cell>
   <cell col-end="6" col-start="6" row-end="3" row-start="3" text="">
   </cell>
  </row>
  <row row="4">
   <cell col-end="0" col-start="0" row-end="4" row-start="4" text="Governance Pillar score">
   </cell>
   <cell col-end="1" col-start="1" row-end="4" row-start="4" text="">
   </cell>
   <cell col-end="2" col-start="2" row-end="4" row-start="4" text="">
   </cell>
   <cell col-end="3" col-start="3" row-end="4" row-start="4" text="">
   </cell>
   <cell col-end="4" col-start="4" row-end="4" row-start="4" text="">
   </cell>
   <cell col-end="5" col-start="5" row-end="4" row-start="4" text="">
   </cell>
   <cell col-end="6" col-start="6" row-end="4" row-start="4" text="Dependent Variable">
   </cell>
  </row>
  <row row="5">
   <cell col-end="0" col-start="0" row-end="5" row-start="5" text="Board Size">
   </cell>
   <cell col-end="1" col-start="1" row-end="5" row-start="5" text="0.572 (0.170)***">
   </cell>
   <cell col-end="2" col-start="2" row-end="5" row-start="5" text="−0.456 (0.256)*">
   </cell>
   <cell col-end="3" col-start="3" row-end="5" row-start="5" text="−0.189 (0.258)">
   </cell>
   <cell col-end="4" col-start="4" row-end="5" row-start="5" text="0.169 (0.349)">
   </cell>
   <cell col-end="5" col-start="5" row-end="5" row-start="5" text="−0.266 (0.345)">
   </cell>
   <cell col-end="6" col-start="6" row-end="5" row-start="5" text="−0.497 (0.441)">
   </cell>
  </row>
  <row row="6">
   <cell col-end="0" col-start="0" row-end="6" row-start="6" text="Board Gender Diversity">
   </cell>
   <cell col-end="1" col-start="1" row-end="6" row-start="6" text="0.261 (0.047)***">
   </cell>
   <cell col-end="2" col-start="2" row-end="6" row-start="6" text="0.353 (0.058)***">
   </cell>
   <cell col-end="3" col-start="3" row-end="6" row-start="6" text="0.224 (0.066)***">
   </cell>
   <cell col-end="4" col-start="4" row-end="6" row-start="6" text="0.113 (0.090)">
   </cell>
   <cell col-end="5" col-start="5" row-end="6" row-start="6" text="0.050 (0.089)">
   </cell>
   <cell col-end="6" col-start="6" row-end="6" row-start="6" text="0.552 (0.113)***">
   </cell>
  </row>
  <row row="7">
   <cell col-end="0" col-start="0" row-end="7" row-start="7" text="Board Independence">
   </cell>
   <cell col-end="1" col-start="1" row-end="7" row-start="7" text="−1.669 (1.064)">
   </cell>
   <cell col-end="2" col-start="2" row-end="7" row-start="7" text="3.771 (1.242)***">
   </cell>
   <cell col-end="3" col-start="3" row-end="7" row-start="7" text="1.568 (1.326)">
   </cell>
   <cell col-end="4" col-start="4" row-end="7" row-start="7" text="−0.326 (1.796)">
   </cell>
   <cell col-end="5" col-start="5" row-end="7" row-start="7" text="1.113 (1.777)">
   </cell>
   <cell col-end="6" col-start="6" row-end="7" row-start="7" text="4.208 (2.269)*">
   </cell>
  </row>
  <row row="8">
   <cell col-end="0" col-start="0" row-end="8" row-start="8" text="CEO Board Chair Separation">
   </cell>
   <cell col-end="1" col-start="1" row-end="8" row-start="8" text="1.585 (1.031)">
   </cell>
   <cell col-end="2" col-start="2" row-end="8" row-start="8" text="−3.010 (1.253)**">
   </cell>
   <cell col-end="3" col-start="3" row-end="8" row-start="8" text="−1.537 (1.269)">
   </cell>
   <cell col-end="4" col-start="4" row-end="8" row-start="8" text="−0.935 (1.718)">
   </cell>
   <cell col-end="5" col-start="5" row-end="8" row-start="8" text="−0.631 (1.700)">
   </cell>
   <cell col-end="6" col-start="6" row-end="8" row-start="8" text="−3.264 (2.171)">
   </cell>
  </row>
  <row row="9">
   <cell col-end="0" col-start="0" row-end="9" row-start="9" text="Sustainability Committee">
   </cell>
   <cell col-end="1" col-start="1" row-end="9" row-start="9" text="10.479 (1.066)***">
   </cell>
   <cell col-end="2" col-start="2" row-end="9" row-start="9" text="2.015 (1.177)*">
   </cell>
   <cell col-end="3" col-start="3" row-end="9" row-start="9" text="3.201 (1.189)***">
   </cell>
   <cell col-end="4" col-start="4" row-end="9" row-start="9" text="1.530 (1.610)">
   </cell>
   <cell col-end="5" col-start="5" row-end="9" row-start="9" text="6.091 (1.593)***">
   </cell>
   <cell col-end="6" col-start="6" row-end="9" row-start="9" text="1.699 (2.035)">
   </cell>
  </row>
  <row row="10">
   <cell col-end="0" col-start="0" row-end="10" row-start="10" text="Free Float Percentage">
   </cell>
   <cell col-end="1" col-start="1" row-end="10" row-start="10" text="0.060 (0.021)***">
   </cell>
   <cell col-end="2" col-start="2" row-end="10" row-start="10" text="0.060 (0.036)*">
   </cell>
   <cell col-end="3" col-start="3" row-end="10" row-start="10" text="0.044 (0.035)">
   </cell>
   <cell col-end="4" col-start="4" row-end="10" row-start="10" text="−0.015 (0.047)">
   </cell>
   <cell col-end="5" col-start="5" row-end="10" row-start="10" text="0.148 (0.047)***">
   </cell>
   <cell col-end="6" col-start="6" row-end="10" row-start="10" text="−0.013 (0.060)">
   </cell>
  </row>
  <row row="11">
   <cell col-end="0" col-start="0" row-end="11" row-start="11" text="Ln (Total Assets)">
   </cell>
   <cell col-end="1" col-start="1" row-end="11" row-start="11" text="5.815 (0.480)***">
   </cell>
   <cell col-end="2" col-start="2" row-end="11" row-start="11" text="10.612 (1.709)***">
   </cell>
   <cell col-end="3" col-start="3" row-end="11" row-start="11" text="9.802 (1.734)***">
   </cell>
   <cell col-end="4" col-start="4" row-end="11" row-start="11" text="6.424 (2.348)***">
   </cell>
   <cell col-end="5" col-start="5" row-end="11" row-start="11" text="10.721 (2.324)***">
   </cell>
   <cell col-end="6" col-start="6" row-end="11" row-start="11" text="12.498 (2.967)***">
   </cell>
  </row>
  <row row="12">
   <cell col-end="0" col-start="0" row-end="12" row-start="12" text="Leverage">
   </cell>
   <cell col-end="1" col-start="1" row-end="12" row-start="12" text="0.101 (0.022)***">
   </cell>
   <cell col-end="2" col-start="2" row-end="12" row-start="12" text="0.098 (0.050)*">
   </cell>
   <cell col-end="3" col-start="3" row-end="12" row-start="12" text="0.103 (0.049)**">
   </cell>
   <cell col-end="4" col-start="4" row-end="12" row-start="12" text="0.170 (0.067)**">
   </cell>
   <cell col-end="5" col-start="5" row-end="12" row-start="12" text="0.069 (0.066)">
   </cell>
   <cell col-end="6" col-start="6" row-end="12" row-start="12" text="0.069 (0.085)">
   </cell>
  </row>
  <row row="13">
   <cell col-end="0" col-start="0" row-end="13" row-start="13" text="ROA">
   </cell>
   <cell col-end="1" col-start="1" row-end="13" row-start="13" text="−0.121 (0.080)">
   </cell>
   <cell col-end="2" col-start="2" row-end="13" row-start="13" text="−0.070 (0.064)">
   </cell>
   <cell col-end="3" col-start="3" row-end="13" row-start="13" text="−0.067 (0.062)">
   </cell>
   <cell col-end="4" col-start="4" row-end="13" row-start="13" text="−0.054 (0.085)">
   </cell>
   <cell col-end="5" col-start="5" row-end="13" row-start="13" text="−0.007 (0.084)">
   </cell>
   <cell col-end="6" col-start="6" row-end="13" row-start="13" text="−0.153 (0.107)">
   </cell>
  </row>
  <row row="14">
   <cell col-end="0" col-start="0" row-end="14" row-start="14" text="Constant">
   </cell>
   <cell col-end="1" col-start="1" row-end="14" row-start="14" text="−104.118 (9.907)***">
   </cell>
   <cell col-end="2" col-start="2" row-end="14" row-start="14" text="−197.262 (37.284)***">
   </cell>
   <cell col-end="3" col-start="3" row-end="14" row-start="14" text="−182.332 (38.720)***">
   </cell>
   <cell col-end="4" col-start="4" row-end="14" row-start="14" text="−108.506 (52.440)**">
   </cell>
   <cell col-end="5" col-start="5" row-end="14" row-start="14" text="−206.045 (51.894)***">
   </cell>
   <cell col-end="6" col-start="6" row-end="14" row-start="14" text="−237.029 (66.264)***">
   </cell>
  </row>
  <row row="15">
   <cell col-end="0" col-start="0" row-end="15" row-start="15" text="No. of observations">
   </cell>
   <cell col-end="1" col-start="1" row-end="15" row-start="15" text="504">
   </cell>
   <cell col-end="2" col-start="2" row-end="15" row-start="15" text="504">
   </cell>
   <cell col-end="3" col-start="3" row-end="15" row-start="15" text="504">
   </cell>
   <cell col-end="4" col-start="4" row-end="15" row-start="15" text="504">
   </cell>
   <cell col-end="5" col-start="5" row-end="15" row-start="15" text="504">
   </cell>
   <cell col-end="6" col-start="6" row-end="15" row-start="15" text="504">
   </cell>
  </row>
  <row row="16">
   <cell col-end="0" col-start="0" row-end="16" row-start="16" text="Firm Fixed Effects">
   </cell>
   <cell col-end="1" col-start="1" row-end="16" row-start="16" text="No">
   </cell>
   <cell col-end="2" col-start="2" row-end="16" row-start="16" text="Yes">
   </cell>
   <cell col-end="3" col-start="3" row-end="16" row-start="16" text="Yes">
   </cell>
   <cell col-end="4" col-start="4" row-end="16" row-start="16" text="Yes">
   </cell>
   <cell col-end="5" col-start="5" row-end="16" row-start="16" text="Yes">
   </cell>
   <cell col-end="6" col-start="6" row-end="16" row-start="16" text="Yes">
   </cell>
  </row>
  <row row="17">
   <cell col-end="0" col-start="0" row-end="17" row-start="17" text="Year Fixed Effects">
   </cell>
   <cell col-end="1" col-start="1" row-end="17" row-start="17" text="No">
   </cell>
   <cell col-end="2" col-start="2" row-end="17" row-start="17" text="No">
   </cell>
   <cell col-end="3" col-start="3" row-end="17" row-start="17" text="Yes">
   </cell>
   <cell col-end="4" col-start="4" row-end="17" row-start="17" text="Yes">
   </cell>
   <cell col-end="5" col-start="5" row-end="17" row-start="17" text="Yes">
   </cell>
   <cell col-end="6" col-start="6" row-end="17" row-start="17" text="Yes">
   </cell>
  </row>
  <row row="18">
   <cell col-end="0" col-start="0" row-end="18" row-start="18" text="p-value">
   </cell>
   <cell col-end="1" col-start="1" row-end="18" row-start="18" text="&lt;.001">
   </cell>
   <cell col-end="2" col-start="2" row-end="18" row-start="18" text="&lt;.001">
   </cell>
   <cell col-end="3" col-start="3" row-end="18" row-start="18" text="&lt;.001">
   </cell>
   <cell col-end="4" col-start="4" row-end="18" row-start="18" text="&lt;.001">
   </cell>
   <cell col-end="5" col-start="5" row-end="18" row-start="18" text="&lt;.001">
   </cell>
   <cell col-end="6" col-start="6" row-end="18" row-start="18" text="&lt;.001">
   </cell>
  </row>
  <row row="19">
   <cell col-end="0" col-start="0" row-end="19" row-start="19" text="Adjusted R2">
   </cell>
   <cell col-end="1" col-start="1" row-end="19" row-start="19" text=".61">
   </cell>
   <cell col-end="2" col-start="2" row-end="19" row-start="19" text="">
   </cell>
   <cell col-end="3" col-start="3" row-end="19" row-start="19" text="">
   </cell>
   <cell col-end="4" col-start="4" row-end="19" row-start="19" text="">
   </cell>
   <cell col-end="5" col-start="5" row-end="19" row-start="19" text="">
   </cell>
   <cell col-end="6" col-start="6" row-end="19" row-start="19" text="">
   </cell>
  </row>
  <statements>
   <statement id="0" text="Firm Fixed Effects is yes for all the fixed effects except pooled OLS." type="">
   </statement>
   <statement id="1" text="Firm Fixed Effects is yes for pooled OLS except fixed effects.." type="">
   </statement>
   <statement id="4" text="The No. of observations is same as 504 for all fixed effects and Pooled OLS." type="">
   </statement>
   <statement id="5" text="The No. of observations is same as 602 for all fixed effects and Pooled OLS." type="">
   </statement>
   <statement id="9" text="There are 21 types of variables given in the table." type="">
   </statement>
  </statements>
 </table>
 <table id="Table 5">
  <caption text="

   Regression analysis for firm performance (Tobin Q).
  
">
  </caption>
  <legend text="

   Note: Std. error in parentheses; ***p &lt; .01; **p &lt; .05; *p &lt; .10.
  
">
  </legend>
  <row row="0">
   <cell col-end="0" col-start="0" row-end="0" row-start="0" text="Independent Variables">
   </cell>
   <cell col-end="1" col-start="1" row-end="0" row-start="0" text="Pooled OLS">
   </cell>
   <cell col-end="2" col-start="2" row-end="0" row-start="0" text="Fixed Effects">
   </cell>
   <cell col-end="3" col-start="3" row-end="0" row-start="0" text="Fixed Effects">
   </cell>
   <cell col-end="4" col-start="4" row-end="0" row-start="0" text="Fixed Effects">
   </cell>
   <cell col-end="5" col-start="5" row-end="0" row-start="0" text="Fixed Effects">
   </cell>
   <cell col-end="6" col-start="6" row-end="0" row-start="0" text="Fixed Effects">
   </cell>
  </row>
  <row row="1">
   <cell col-end="0" col-start="0" row-end="1" row-start="1" text="ESG score">
   </cell>
   <cell col-end="1" col-start="1" row-end="1" row-start="1" text="−0.004 (0.002)">
   </cell>
   <cell col-end="2" col-start="2" row-end="1" row-start="1" text="−0.004 (0.002)*">
   </cell>
   <cell col-end="3" col-start="3" row-end="1" row-start="1" text="−0.004 (0.002)*">
   </cell>
   <cell col-end="4" col-start="4" row-end="1" row-start="1" text="">
   </cell>
   <cell col-end="5" col-start="5" row-end="1" row-start="1" text="">
   </cell>
   <cell col-end="6" col-start="6" row-end="1" row-start="1" text="">
   </cell>
  </row>
  <row row="2">
   <cell col-end="0" col-start="0" row-end="2" row-start="2" text="Environmental Pillar score">
   </cell>
   <cell col-end="1" col-start="1" row-end="2" row-start="2" text="">
   </cell>
   <cell col-end="2" col-start="2" row-end="2" row-start="2" text="">
   </cell>
   <cell col-end="3" col-start="3" row-end="2" row-start="2" text="">
   </cell>
   <cell col-end="4" col-start="4" row-end="2" row-start="2" text="0.000 (0.001)">
   </cell>
   <cell col-end="5" col-start="5" row-end="2" row-start="2" text="">
   </cell>
   <cell col-end="6" col-start="6" row-end="2" row-start="2" text="">
   </cell>
  </row>
  <row row="3">
   <cell col-end="0" col-start="0" row-end="3" row-start="3" text="Social Pillar score">
   </cell>
   <cell col-end="1" col-start="1" row-end="3" row-start="3" text="">
   </cell>
   <cell col-end="2" col-start="2" row-end="3" row-start="3" text="">
   </cell>
   <cell col-end="3" col-start="3" row-end="3" row-start="3" text="">
   </cell>
   <cell col-end="4" col-start="4" row-end="3" row-start="3" text="">
   </cell>
   <cell col-end="5" col-start="5" row-end="3" row-start="3" text="−0.005 (0.001)***">
   </cell>
   <cell col-end="6" col-start="6" row-end="3" row-start="3" text="">
   </cell>
  </row>
  <row row="4">
   <cell col-end="0" col-start="0" row-end="4" row-start="4" text="Governance Pillar score">
   </cell>
   <cell col-end="1" col-start="1" row-end="4" row-start="4" text="">
   </cell>
   <cell col-end="2" col-start="2" row-end="4" row-start="4" text="">
   </cell>
   <cell col-end="3" col-start="3" row-end="4" row-start="4" text="">
   </cell>
   <cell col-end="4" col-start="4" row-end="4" row-start="4" text="">
   </cell>
   <cell col-end="5" col-start="5" row-end="4" row-start="4" text="">
   </cell>
   <cell col-end="6" col-start="6" row-end="4" row-start="4" text="−0.001 (0.001)">
   </cell>
  </row>
  <row row="5">
   <cell col-end="0" col-start="0" row-end="5" row-start="5" text="Board Size">
   </cell>
   <cell col-end="1" col-start="1" row-end="5" row-start="5" text="0.000 (0.009)">
   </cell>
   <cell col-end="2" col-start="2" row-end="5" row-start="5" text="0.024 (0.011)**">
   </cell>
   <cell col-end="3" col-start="3" row-end="5" row-start="5" text="0.027 (0.010)***">
   </cell>
   <cell col-end="4" col-start="4" row-end="5" row-start="5" text="0.028 (0.010)***">
   </cell>
   <cell col-end="5" col-start="5" row-end="5" row-start="5" text="0.026 (0.010)***">
   </cell>
   <cell col-end="6" col-start="6" row-end="5" row-start="5" text="0.027 (0.010)***">
   </cell>
  </row>
  <row row="6">
   <cell col-end="0" col-start="0" row-end="6" row-start="6" text="Board Gender Diversity">
   </cell>
   <cell col-end="1" col-start="1" row-end="6" row-start="6" text="0.007 (0.003)***">
   </cell>
   <cell col-end="2" col-start="2" row-end="6" row-start="6" text="−0.003 (0.003)">
   </cell>
   <cell col-end="3" col-start="3" row-end="6" row-start="6" text="−0.005 (0.003)*">
   </cell>
   <cell col-end="4" col-start="4" row-end="6" row-start="6" text="−0.006 (0.003)**">
   </cell>
   <cell col-end="5" col-start="5" row-end="6" row-start="6" text="−0.005 (0.003)**">
   </cell>
   <cell col-end="6" col-start="6" row-end="6" row-start="6" text="−0.005 (0.003)*">
   </cell>
  </row>
  <row row="7">
   <cell col-end="0" col-start="0" row-end="7" row-start="7" text="Board Independence">
   </cell>
   <cell col-end="1" col-start="1" row-end="7" row-start="7" text="0.204 (0.059)***">
   </cell>
   <cell col-end="2" col-start="2" row-end="7" row-start="7" text="0.045 (0.052)">
   </cell>
   <cell col-end="3" col-start="3" row-end="7" row-start="7" text="0.004 (0.052)">
   </cell>
   <cell col-end="4" col-start="4" row-end="7" row-start="7" text="−0.001 (0.052)">
   </cell>
   <cell col-end="5" col-start="5" row-end="7" row-start="7" text="0.004 (0.051)">
   </cell>
   <cell col-end="6" col-start="6" row-end="7" row-start="7" text="0.002 (0.052)">
   </cell>
  </row>
  <row row="8">
   <cell col-end="0" col-start="0" row-end="8" row-start="8" text="CEO Board Chair Separation">
   </cell>
   <cell col-end="1" col-start="1" row-end="8" row-start="8" text="0.284 (0.057)***">
   </cell>
   <cell col-end="2" col-start="2" row-end="8" row-start="8" text="−0.030 (0.052)">
   </cell>
   <cell col-end="3" col-start="3" row-end="8" row-start="8" text="−0.017 (0.050)">
   </cell>
   <cell col-end="4" col-start="4" row-end="8" row-start="8" text="−0.012 (0.050)">
   </cell>
   <cell col-end="5" col-start="5" row-end="8" row-start="8" text="−0.015 (0.049)">
   </cell>
   <cell col-end="6" col-start="6" row-end="8" row-start="8" text="−0.014 (0.050)">
   </cell>
  </row>
  <row row="9">
   <cell col-end="0" col-start="0" row-end="9" row-start="9" text="Sustainability Committee">
   </cell>
   <cell col-end="1" col-start="1" row-end="9" row-start="9" text="0.206 (0.064)***">
   </cell>
   <cell col-end="2" col-start="2" row-end="9" row-start="9" text="−0.040 (0.049)">
   </cell>
   <cell col-end="3" col-start="3" row-end="9" row-start="9" text="−0.039 (0.047)">
   </cell>
   <cell col-end="4" col-start="4" row-end="9" row-start="9" text="−0.050 (0.047)">
   </cell>
   <cell col-end="5" col-start="5" row-end="9" row-start="9" text="−0.021 (0.047)">
   </cell>
   <cell col-end="6" col-start="6" row-end="9" row-start="9" text="−0.049 (0.047)">
   </cell>
  </row>
  <row row="10">
   <cell col-end="0" col-start="0" row-end="10" row-start="10" text="Free Float Percentage">
   </cell>
   <cell col-end="1" col-start="1" row-end="10" row-start="10" text="0.001 (0.001)">
   </cell>
   <cell col-end="2" col-start="2" row-end="10" row-start="10" text="0.000 (0.001)">
   </cell>
   <cell col-end="3" col-start="3" row-end="10" row-start="10" text="−0.001 (0.001)">
   </cell>
   <cell col-end="4" col-start="4" row-end="10" row-start="10" text="−0.001 (0.001)">
   </cell>
   <cell col-end="5" col-start="5" row-end="10" row-start="10" text="0.000 (0.001)">
   </cell>
   <cell col-end="6" col-start="6" row-end="10" row-start="10" text="−0.001 (0.001)">
   </cell>
  </row>
  <row row="11">
   <cell col-end="0" col-start="0" row-end="11" row-start="11" text="Ln (Total Assets)">
   </cell>
   <cell col-end="1" col-start="1" row-end="11" row-start="11" text="−0.080 (0.030)***">
   </cell>
   <cell col-end="2" col-start="2" row-end="11" row-start="11" text="−0.369 (0.074)***">
   </cell>
   <cell col-end="3" col-start="3" row-end="11" row-start="11" text="−0.416 (0.071)***">
   </cell>
   <cell col-end="4" col-start="4" row-end="11" row-start="11" text="−0.452 (0.069)***">
   </cell>
   <cell col-end="5" col-start="5" row-end="11" row-start="11" text="−0.399 (0.069)***">
   </cell>
   <cell col-end="6" col-start="6" row-end="11" row-start="11" text="−0.441 (0.070)***">
   </cell>
  </row>
  <row row="12">
   <cell col-end="0" col-start="0" row-end="12" row-start="12" text="Leverage">
   </cell>
   <cell col-end="1" col-start="1" row-end="12" row-start="12" text="−0.001 (0.001)">
   </cell>
   <cell col-end="2" col-start="2" row-end="12" row-start="12" text="−0.002 (0.002)">
   </cell>
   <cell col-end="3" col-start="3" row-end="12" row-start="12" text="−0.003 (0.002)">
   </cell>
   <cell col-end="4" col-start="4" row-end="12" row-start="12" text="−0.003 (0.002)">
   </cell>
   <cell col-end="5" col-start="5" row-end="12" row-start="12" text="−0.003 (0.002)">
   </cell>
   <cell col-end="6" col-start="6" row-end="12" row-start="12" text="−0.003 (0.002)">
   </cell>
  </row>
  <row row="13">
   <cell col-end="0" col-start="0" row-end="13" row-start="13" text="ROA">
   </cell>
   <cell col-end="1" col-start="1" row-end="13" row-start="13" text="0.054 (0.004)***">
   </cell>
   <cell col-end="2" col-start="2" row-end="13" row-start="13" text="0.008 (0.003)***">
   </cell>
   <cell col-end="3" col-start="3" row-end="13" row-start="13" text="0.009 (0.002)***">
   </cell>
   <cell col-end="4" col-start="4" row-end="13" row-start="13" text="0.010 (0.002)***">
   </cell>
   <cell col-end="5" col-start="5" row-end="13" row-start="13" text="0.010 (0.002)***">
   </cell>
   <cell col-end="6" col-start="6" row-end="13" row-start="13" text="0.009 (0.002)***">
   </cell>
  </row>
  <row row="14">
   <cell col-end="0" col-start="0" row-end="14" row-start="14" text="Constant">
   </cell>
   <cell col-end="1" col-start="1" row-end="14" row-start="14" text="2.541 (0.603)***">
   </cell>
   <cell col-end="2" col-start="2" row-end="14" row-start="14" text="11.192 (1.590)***">
   </cell>
   <cell col-end="3" col-start="3" row-end="14" row-start="14" text="10.606 (1.558)***">
   </cell>
   <cell col-end="4" col-start="4" row-end="14" row-start="14" text="11.285 (1.530)***">
   </cell>
   <cell col-end="5" col-start="5" row-end="14" row-start="14" text="10.257 (1.531)***">
   </cell>
   <cell col-end="6" col-start="6" row-end="14" row-start="14" text="11.077 (1.546)***">
   </cell>
  </row>
  <row row="15">
   <cell col-end="0" col-start="0" row-end="15" row-start="15" text="No. of observations">
   </cell>
   <cell col-end="1" col-start="1" row-end="15" row-start="15" text="504">
   </cell>
   <cell col-end="2" col-start="2" row-end="15" row-start="15" text="504">
   </cell>
   <cell col-end="3" col-start="3" row-end="15" row-start="15" text="504">
   </cell>
   <cell col-end="4" col-start="4" row-end="15" row-start="15" text="504">
   </cell>
   <cell col-end="5" col-start="5" row-end="15" row-start="15" text="504">
   </cell>
   <cell col-end="6" col-start="6" row-end="15" row-start="15" text="504">
   </cell>
  </row>
  <row row="16">
   <cell col-end="0" col-start="0" row-end="16" row-start="16" text="Firm Fixed Effects">
   </cell>
   <cell col-end="1" col-start="1" row-end="16" row-start="16" text="No">
   </cell>
   <cell col-end="2" col-start="2" row-end="16" row-start="16" text="Yes">
   </cell>
   <cell col-end="3" col-start="3" row-end="16" row-start="16" text="Yes">
   </cell>
   <cell col-end="4" col-start="4" row-end="16" row-start="16" text="Yes">
   </cell>
   <cell col-end="5" col-start="5" row-end="16" row-start="16" text="Yes">
   </cell>
   <cell col-end="6" col-start="6" row-end="16" row-start="16" text="Yes">
   </cell>
  </row>
  <row row="17">
   <cell col-end="0" col-start="0" row-end="17" row-start="17" text="Year Fixed Effects">
   </cell>
   <cell col-end="1" col-start="1" row-end="17" row-start="17" text="No">
   </cell>
   <cell col-end="2" col-start="2" row-end="17" row-start="17" text="No">
   </cell>
   <cell col-end="3" col-start="3" row-end="17" row-start="17" text="Yes">
   </cell>
   <cell col-end="4" col-start="4" row-end="17" row-start="17" text="Yes">
   </cell>
   <cell col-end="5" col-start="5" row-end="17" row-start="17" text="Yes">
   </cell>
   <cell col-end="6" col-start="6" row-end="17" row-start="17" text="Yes">
   </cell>
  </row>
  <row row="18">
   <cell col-end="0" col-start="0" row-end="18" row-start="18" text="p-value">
   </cell>
   <cell col-end="1" col-start="1" row-end="18" row-start="18" text="&lt;.001">
   </cell>
   <cell col-end="2" col-start="2" row-end="18" row-start="18" text="&lt;.001">
   </cell>
   <cell col-end="3" col-start="3" row-end="18" row-start="18" text="&lt;.001">
   </cell>
   <cell col-end="4" col-start="4" row-end="18" row-start="18" text="&lt;.001">
   </cell>
   <cell col-end="5" col-start="5" row-end="18" row-start="18" text="&lt;.001">
   </cell>
   <cell col-end="6" col-start="6" row-end="18" row-start="18" text="&lt;.001">
   </cell>
  </row>
  <row row="19">
   <cell col-end="0" col-start="0" row-end="19" row-start="19" text="Adjusted R2">
   </cell>
   <cell col-end="1" col-start="1" row-end="19" row-start="19" text=".41">
   </cell>
   <cell col-end="2" col-start="2" row-end="19" row-start="19" text="">
   </cell>
   <cell col-end="3" col-start="3" row-end="19" row-start="19" text="">
   </cell>
   <cell col-end="4" col-start="4" row-end="19" row-start="19" text="">
   </cell>
   <cell col-end="5" col-start="5" row-end="19" row-start="19" text="">
   </cell>
   <cell col-end="6" col-start="6" row-end="19" row-start="19" text="">
   </cell>
  </row>
  <statements>
   <statement id="0" text="p-value has a different value number in the given table." type="">
   </statement>
   <statement id="3" text="The highest Fixed Effects is 0.206." type="">
   </statement>
   <statement id="5" text="The lowest Fixed Effects is &lt;.001." type="">
   </statement>
   <statement id="7" text="There are 19 different types of independent variables in the given table." type="">
   </statement>
  </statements>
 </table>
 <table id="Table 6">
  <caption text="

   Summary of acceptance/rejection decisions of the hypotheses.
  
">
  </caption>
  <row row="0">
   <cell col-end="0" col-start="0" row-end="0" row-start="0" text="Hypotheses">
   </cell>
   <cell col-end="1" col-start="1" row-end="0" row-start="0" text="Decisions">
   </cell>
  </row>
  <row row="1">
   <cell col-end="0" col-start="0" row-end="1" row-start="1" text="H1
     
     : Board size has a positive association with ESG performance in the logistics sector.">
   </cell>
   <cell col-end="1" col-start="1" row-end="1" row-start="1" text="Rejected">
   </cell>
  </row>
  <row row="2">
   <cell col-end="0" col-start="0" row-end="2" row-start="2" text="H2
     
     : Board gender diversity has a positive association with ESG performance in the logistics sector.">
   </cell>
   <cell col-end="1" col-start="1" row-end="2" row-start="2" text="Accepted for composite ESG score and Governance Pillar">
   </cell>
  </row>
  <row row="3">
   <cell col-end="0" col-start="0" row-end="3" row-start="3" text="H3
     
     : Board independence has a positive association with ESG performance in the logistics sector.">
   </cell>
   <cell col-end="1" col-start="1" row-end="3" row-start="3" text="Accepted for Governance Pillar">
   </cell>
  </row>
  <row row="4">
   <cell col-end="0" col-start="0" row-end="4" row-start="4" text="H4
     
     : CEO and board chair separation has a positive association with ESG performance in the logistics sector.">
   </cell>
   <cell col-end="1" col-start="1" row-end="4" row-start="4" text="Rejected">
   </cell>
  </row>
  <row row="5">
   <cell col-end="0" col-start="0" row-end="5" row-start="5" text="H5
     
     : The existence of a sustainability committee (i.e., CSR) has a positive association with ESG performance in the logistics sector.">
   </cell>
   <cell col-end="1" col-start="1" row-end="5" row-start="5" text="Accepted for composite ESG score and Social Pillar">
   </cell>
  </row>
  <row row="6">
   <cell col-end="0" col-start="0" row-end="6" row-start="6" text="H6
     
     : Ownership diffusion has a positive association with ESG performance in the logistics sector.">
   </cell>
   <cell col-end="1" col-start="1" row-end="6" row-start="6" text="Accepted only for Social Pillar">
   </cell>
  </row>
  <row row="7">
   <cell col-end="0" col-start="0" row-end="7" row-start="7" text="H7
     
     : Sustainability performance has a positive association with the firm value in the logistics sector.">
   </cell>
   <cell col-end="1" col-start="1" row-end="7" row-start="7" text="Rejected">
   </cell>
  </row>
  <statements>
   <statement id="0" text="Accepted is the decision taken for the hypotheses Sustainability performance has a positive association with the firm value in the logistics sector." type="">
   </statement>
   <statement id="1" text="Board size has a Negative association with ESG performance in the logistics sector." type="">
   </statement>
   <statement id="4" text="Ownership diffusion has a positive association with ESG performance in the logistics sector so Hypotheses is acctepted only for social pillar." type="">
   </statement>
   <statement id="6" text="Table contains summary of acceptance/rejection decisions of the hypotheses." type="">
   </statement>
   <statement id="9" text="There are 7 kinds Hypotheses." type="">
   </statement>
  </statements>
 </table>
</document>