<document>
 <table id="Table 3">
  <caption text="

   Studies on microplastic (MP) pollution in freshwater biological materials.
  
">
  </caption>
  <row row="0">
   <cell col-end="0" col-start="0" row-end="0" row-start="0" text="Group (species)">
   </cell>
   <cell col-end="1" col-start="1" row-end="0" row-start="0" text="Location">
   </cell>
   <cell col-end="2" col-start="2" row-end="0" row-start="0" text="MP characteristics">
   </cell>
   <cell col-end="3" col-start="3" row-end="0" row-start="0" text="Reference">
   </cell>
  </row>
  <row row="1">
   <cell col-end="0" col-start="0" row-end="1" row-start="1" text="Oligochaeta
     
     (
     
      Lumbriculus variegatus
     
     )">
   </cell>
   <cell col-end="1" col-start="1" row-end="1" row-start="1" text="laboratory">
   </cell>
   <cell col-end="2" col-start="2" row-end="1" row-start="1" text="Intake: 8 n/h, preference for larger MPs (&gt; 1 µm)">
   </cell>
   <cell col-end="3" col-start="3" row-end="1" row-start="1" text="Scherer et al., 2017">
   </cell>
  </row>
  <row row="2">
   <cell col-end="0" col-start="0" row-end="2" row-start="2" text="Oligochaeta
     
     (
     
      Tubifex tubifex
     
     )">
   </cell>
   <cell col-end="1" col-start="1" row-end="2" row-start="2" text="Irwell River, Manchester, UK">
   </cell>
   <cell col-end="2" col-start="2" row-end="2" row-start="2" text="Accumulation of about 130 n/g of tissue">
   </cell>
   <cell col-end="3" col-start="3" row-end="2" row-start="2" text="Hurley et al., 2017">
   </cell>
  </row>
  <row row="3">
   <cell col-end="0" col-start="0" row-end="3" row-start="3" text="Zooplankton
     
     (
     
      Daphnia magna
     
     )">
   </cell>
   <cell col-end="1" col-start="1" row-end="3" row-start="3" text="laboratory">
   </cell>
   <cell col-end="2" col-start="2" row-end="3" row-start="3" text="Exposure to 1-μm and 100-μm polyethylene particles (12.5–400 mgL
     
      −1
     
     )for 96 h. Ingestion of 1-μm particles led to immobilisation, increasing with dose and time, with an EC
     
      50
     
     of 57.43 mgL
     
      −1
     
     after 96 h">
   </cell>
   <cell col-end="3" col-start="3" row-end="3" row-start="3" text="Rehse et al., 2016">
   </cell>
  </row>
  <row row="4">
   <cell col-end="0" col-start="0" row-end="4" row-start="4" text="Invertebrates
     
     (
     
      Daphia magna, Chironomus riparius, Physella acuta
     
     , and
     
      Gammarus pulex
     
     )">
   </cell>
   <cell col-end="1" col-start="1" row-end="4" row-start="4" text="laboratory">
   </cell>
   <cell col-end="2" col-start="2" row-end="4" row-start="4" text="Intake:
     
      D. magna
     
     up to 6180 n/h,
     
      C. riparius
     
     226 n/h,
     
      P. acuta
     
     118 n/h,
     
      G. pulex
     
     10 n/h.
     
      D. magna
     
     did not ingest 90-µm MPs, but other species preferred larger MPs (&gt;1 µm)">
   </cell>
   <cell col-end="3" col-start="3" row-end="4" row-start="4" text="Scherer et al., 2017">
   </cell>
  </row>
  <row row="5">
   <cell col-end="0" col-start="0" row-end="5" row-start="5" text="Fish
     
     (
     
      Lates niloticus
     
     and
     
      Oreochromis niloticus
     
     )">
   </cell>
   <cell col-end="1" col-start="1" row-end="5" row-start="5" text="African Great Lakes">
   </cell>
   <cell col-end="2" col-start="2" row-end="5" row-start="5" text="Plastics in gastrointestinal tracts of 20% of fish of each species">
   </cell>
   <cell col-end="3" col-start="3" row-end="5" row-start="5" text="Biginagwa et al., 2016">
   </cell>
  </row>
  <row row="6">
   <cell col-end="0" col-start="0" row-end="6" row-start="6" text="Fish
     
     (13 species, e.g.
     
      Culter alburnus, C. oxycephaloides
     
     and
     
      Siniperca chuatsi
     
     )">
   </cell>
   <cell col-end="1" col-start="1" row-end="6" row-start="6" text="Xiangxi Bay of Three Gorges Reservoir, China">
   </cell>
   <cell col-end="2" col-start="2" row-end="6" row-start="6" text="26% of fish samples contained
     
     MPs; polyethylene and nylon identified">
   </cell>
   <cell col-end="3" col-start="3" row-end="6" row-start="6" text="Zhang et al., 2017">
   </cell>
  </row>
  <row row="7">
   <cell col-end="0" col-start="0" row-end="7" row-start="7" text="Fish
     
     (
     
      Lepomis macrochirus
     
     and
     
      L. megalotis
     
     )">
   </cell>
   <cell col-end="1" col-start="1" row-end="7" row-start="7" text="Brazos River, Texas, USA">
   </cell>
   <cell col-end="2" col-start="2" row-end="7" row-start="7" text="436 sunfish collected; 196 stomachs (45%) contained MPs, mostly fibres (96% of MPs). Fish length significantly correlated to detected MP number">
   </cell>
   <cell col-end="3" col-start="3" row-end="7" row-start="7" text="Peters and Bratton, 2016">
   </cell>
  </row>
  <row row="8">
   <cell col-end="0" col-start="0" row-end="8" row-start="8" text="Fish (8 species e.g.
     
      Labiobarbus siamensis, Henicorhynchus siamensis, Puntioplites proctozyson
     
     )">
   </cell>
   <cell col-end="1" col-start="1" row-end="8" row-start="8" text="Chi River, Thailand">
   </cell>
   <cell col-end="2" col-start="2" row-end="8" row-start="8" text="73% of collected fish contaminated by MPs">
   </cell>
   <cell col-end="3" col-start="3" row-end="8" row-start="8" text="Kasamesiri and Thaimuangphol, 2020">
   </cell>
  </row>
  <row row="9">
   <cell col-end="0" col-start="0" row-end="9" row-start="9" text="Fish
     
     (
     
      Esox lucius, Catostomus commersoni, Notropis atherinoides, Pimephales promelas
     
     , and
     
      Eucalia inconstans
     
     )">
   </cell>
   <cell col-end="1" col-start="1" row-end="9" row-start="9" text="prairie creek, Canada">
   </cell>
   <cell col-end="2" col-start="2" row-end="9" row-start="9" text="MPs in 74% of fish">
   </cell>
   <cell col-end="3" col-start="3" row-end="9" row-start="9" text="Campbell et al., 2017">
   </cell>
  </row>
  <row row="10">
   <cell col-end="0" col-start="0" row-end="10" row-start="10" text="Fish
     
     (
     
      Hoplosternum littorale
     
     )">
   </cell>
   <cell col-end="1" col-start="1" row-end="10" row-start="10" text="Pajeú River, Brazil">
   </cell>
   <cell col-end="2" col-start="2" row-end="10" row-start="10" text="83% of fish had MPs (mostly fibres) inside guts">
   </cell>
   <cell col-end="3" col-start="3" row-end="10" row-start="10" text="Silva-Cavalcanti et al., 2017">
   </cell>
  </row>
  <statements>
   <statement id="1" text="All the group(Species) will have unique Location except Oligochaeta, Zooplankton and Invertebrates Species." type="">
   </statement>
   <statement id="2" text="Fish will have MPs in 74% of fish." type="">
   </statement>
   <statement id="3" text="Fish will have MPs in 94% of fish." type="">
   </statement>
   <statement id="4" text="Oligochaeta has Accumulation of about 130 n/g of tissue." type="">
   </statement>
   <statement id="5" text="Oligochaeta will Located in Irwell China, Canada, UK location" type="">
   </statement>
   <statement id="6" text="Since their size is similar to the fraction of sediments and planktonic organisms, planktivores can passively consume MPs during normal feeding or mistake them for natural food ( Setala et al., 2014 ; Tanaka and Takada, 2016 )." type="">
   </statement>
   <statement id="7" text="There are 10 Group(Species) in the table." type="">
   </statement>
   <statement id="8" text="There are 20 Group(Species) in the table." type="">
   </statement>
  </statements>
 </table>
</document>