<document>
 <table id="Table 1">
  <caption text="

   The parameterization of the genetic algorithm.
  
">
  </caption>
  <row row="0">
   <cell col-end="0" col-start="0" row-end="0" row-start="0" text="Method (Parameters)">
   </cell>
   <cell col-end="1" col-start="1" row-end="0" row-start="0" text="Value">
   </cell>
  </row>
  <row row="1">
   <cell col-end="0" col-start="0" row-end="1" row-start="1" text="Chromosome length">
   </cell>
   <cell col-end="1" col-start="1" row-end="1" row-start="1" text="6 (equal to the number of assets in the portfolio)">
   </cell>
  </row>
  <row row="2">
   <cell col-end="0" col-start="0" row-end="2" row-start="2" text="Representation of genes">
   </cell>
   <cell col-end="1" col-start="1" row-end="2" row-start="2" text="real number between 0 and 1">
   </cell>
  </row>
  <row row="3">
   <cell col-end="0" col-start="0" row-end="3" row-start="3" text="Number of population">
   </cell>
   <cell col-end="1" col-start="1" row-end="3" row-start="3" text="150">
   </cell>
  </row>
  <row row="4">
   <cell col-end="0" col-start="0" row-end="4" row-start="4" text="Crossover method">
   </cell>
   <cell col-end="1" col-start="1" row-end="4" row-start="4" text="Uniform crossover">
   </cell>
  </row>
  <row row="5">
   <cell col-end="0" col-start="0" row-end="5" row-start="5" text="Crossover probability">
   </cell>
   <cell col-end="1" col-start="1" row-end="5" row-start="5" text="0.7">
   </cell>
  </row>
  <row row="6">
   <cell col-end="0" col-start="0" row-end="6" row-start="6" text="Mutation method">
   </cell>
   <cell col-end="1" col-start="1" row-end="6" row-start="6" text="Random mutation">
   </cell>
  </row>
  <row row="7">
   <cell col-end="0" col-start="0" row-end="7" row-start="7" text="Mutation probability">
   </cell>
   <cell col-end="1" col-start="1" row-end="7" row-start="7" text="0.1">
   </cell>
  </row>
  <row row="8">
   <cell col-end="0" col-start="0" row-end="8" row-start="8" text="Selection method">
   </cell>
   <cell col-end="1" col-start="1" row-end="8" row-start="8" text="Tournament (roulette-wheel) selection">
   </cell>
  </row>
  <row row="9">
   <cell col-end="0" col-start="0" row-end="9" row-start="9" text="Elitism">
   </cell>
   <cell col-end="1" col-start="1" row-end="9" row-start="9" text="3">
   </cell>
  </row>
  <row row="10">
   <cell col-end="0" col-start="0" row-end="10" row-start="10" text="Number of generation">
   </cell>
   <cell col-end="1" col-start="1" row-end="10" row-start="10" text="2000">
   </cell>
  </row>
  <statements>
   <statement id="0" text="150 is the value given for Number of population." type="">
   </statement>
   <statement id="1" text="Number of generation has the value of 2000." type="">
   </statement>
   <statement id="2" text="Number of generation has the value of 8000." type="">
   </statement>
   <statement id="4" text="Representation of genes had real number between 0 and 10." type="">
   </statement>
   <statement id="5" text="The optimum weights in the portfolios are obtained using the genetic algorithm approach, assuming that short selling is prohibited." type="">
   </statement>
   <statement id="8" text="The parametrization for the genetic algorithm is the same as in the simulation study, presented in Table 1 (see Section 4 )." type="">
   </statement>
  </statements>
 </table>
 <table id="Table 4">
  <caption text="

   Price range and descriptive statistics of each asset returns.
  
">
  </caption>
  <row row="0">
   <cell col-end="0" col-start="0" row-end="0" row-start="0" text="Stock">
   </cell>
   <cell col-end="2" col-start="1" row-end="0" row-start="0" text="Stock price">
   </cell>
   <cell col-end="8" col-start="3" row-end="0" row-start="0" text="Stock returns">
   </cell>
  </row>
  <row row="1">
   <cell col-end="0" col-start="0" row-end="1" row-start="1" text="Code">
   </cell>
   <cell col-end="1" col-start="1" row-end="1" row-start="1" text="Min">
   </cell>
   <cell col-end="2" col-start="2" row-end="1" row-start="1" text="Max">
   </cell>
   <cell col-end="3" col-start="3" row-end="1" row-start="1" text="Mean">
   </cell>
   <cell col-end="4" col-start="4" row-end="1" row-start="1" text="Median">
   </cell>
   <cell col-end="5" col-start="5" row-end="1" row-start="1" text="Std.Dev">
   </cell>
   <cell col-end="6" col-start="6" row-end="1" row-start="1" text="MAD">
   </cell>
   <cell col-end="7" col-start="7" row-end="1" row-start="1" text="Skewness">
   </cell>
   <cell col-end="8" col-start="8" row-end="1" row-start="1" text="Kurtosis">
   </cell>
  </row>
  <row row="2">
   <cell col-end="0" col-start="0" row-end="2" row-start="2" text="S1">
   </cell>
   <cell col-end="1" col-start="1" row-end="2" row-start="2" text="3500">
   </cell>
   <cell col-end="2" col-start="2" row-end="2" row-start="2" text="8375">
   </cell>
   <cell col-end="3" col-start="3" row-end="2" row-start="2" text="0.046">
   </cell>
   <cell col-end="4" col-start="4" row-end="2" row-start="2" text="0.00">
   </cell>
   <cell col-end="5" col-start="5" row-end="2" row-start="2" text="0.022">
   </cell>
   <cell col-end="6" col-start="6" row-end="2" row-start="2" text="0.019">
   </cell>
   <cell col-end="7" col-start="7" row-end="2" row-start="2" text="0.066">
   </cell>
   <cell col-end="8" col-start="8" row-end="2" row-start="2" text="3.311">
   </cell>
  </row>
  <row row="3">
   <cell col-end="0" col-start="0" row-end="3" row-start="3" text="S2">
   </cell>
   <cell col-end="1" col-start="1" row-end="3" row-start="3" text="5050">
   </cell>
   <cell col-end="2" col-start="2" row-end="3" row-start="3" text="9250">
   </cell>
   <cell col-end="3" col-start="3" row-end="3" row-start="3" text="−0.013">
   </cell>
   <cell col-end="4" col-start="4" row-end="3" row-start="3" text="0.00">
   </cell>
   <cell col-end="5" col-start="5" row-end="3" row-start="3" text="0.021">
   </cell>
   <cell col-end="6" col-start="6" row-end="3" row-start="3" text="0.017">
   </cell>
   <cell col-end="7" col-start="7" row-end="3" row-start="3" text="0.069">
   </cell>
   <cell col-end="8" col-start="8" row-end="3" row-start="3" text="5.226">
   </cell>
  </row>
  <row row="4">
   <cell col-end="0" col-start="0" row-end="4" row-start="4" text="S3">
   </cell>
   <cell col-end="1" col-start="1" row-end="4" row-start="4" text="3450">
   </cell>
   <cell col-end="2" col-start="2" row-end="4" row-start="4" text="9950">
   </cell>
   <cell col-end="3" col-start="3" row-end="4" row-start="4" text="0.001">
   </cell>
   <cell col-end="4" col-start="4" row-end="4" row-start="4" text="0.00">
   </cell>
   <cell col-end="5" col-start="5" row-end="4" row-start="4" text="0.020">
   </cell>
   <cell col-end="6" col-start="6" row-end="4" row-start="4" text="0.017">
   </cell>
   <cell col-end="7" col-start="7" row-end="4" row-start="4" text="0.216">
   </cell>
   <cell col-end="8" col-start="8" row-end="4" row-start="4" text="5.331">
   </cell>
  </row>
  <row row="5">
   <cell col-end="0" col-start="0" row-end="5" row-start="5" text="S4">
   </cell>
   <cell col-end="1" col-start="1" row-end="5" row-start="5" text="3175">
   </cell>
   <cell col-end="2" col-start="2" row-end="5" row-start="5" text="8250">
   </cell>
   <cell col-end="3" col-start="3" row-end="5" row-start="5" text="0.008">
   </cell>
   <cell col-end="4" col-start="4" row-end="5" row-start="5" text="0.00">
   </cell>
   <cell col-end="5" col-start="5" row-end="5" row-start="5" text="0.019">
   </cell>
   <cell col-end="6" col-start="6" row-end="5" row-start="5" text="0.015">
   </cell>
   <cell col-end="7" col-start="7" row-end="5" row-start="5" text="0.102">
   </cell>
   <cell col-end="8" col-start="8" row-end="5" row-start="5" text="5.769">
   </cell>
  </row>
  <row row="6">
   <cell col-end="0" col-start="0" row-end="6" row-start="6" text="S5">
   </cell>
   <cell col-end="1" col-start="1" row-end="6" row-start="6" text="3100">
   </cell>
   <cell col-end="2" col-start="2" row-end="6" row-start="6" text="7500">
   </cell>
   <cell col-end="3" col-start="3" row-end="6" row-start="6" text="0.073">
   </cell>
   <cell col-end="4" col-start="4" row-end="6" row-start="6" text="0.00">
   </cell>
   <cell col-end="5" col-start="5" row-end="6" row-start="6" text="0.019">
   </cell>
   <cell col-end="6" col-start="6" row-end="6" row-start="6" text="0.013">
   </cell>
   <cell col-end="7" col-start="7" row-end="6" row-start="6" text="0.196">
   </cell>
   <cell col-end="8" col-start="8" row-end="6" row-start="6" text="4.185">
   </cell>
  </row>
  <row row="7">
   <cell col-end="0" col-start="0" row-end="7" row-start="7" text="S6">
   </cell>
   <cell col-end="1" col-start="1" row-end="7" row-start="7" text="4680">
   </cell>
   <cell col-end="2" col-start="2" row-end="7" row-start="7" text="9200">
   </cell>
   <cell col-end="3" col-start="3" row-end="7" row-start="7" text="0.019">
   </cell>
   <cell col-end="4" col-start="4" row-end="7" row-start="7" text="0.00">
   </cell>
   <cell col-end="5" col-start="5" row-end="7" row-start="7" text="0.021">
   </cell>
   <cell col-end="6" col-start="6" row-end="7" row-start="7" text="0.014">
   </cell>
   <cell col-end="7" col-start="7" row-end="7" row-start="7" text="0.102">
   </cell>
   <cell col-end="8" col-start="8" row-end="7" row-start="7" text="5.049">
   </cell>
  </row>
  <statements>
   <statement id="0" text="Stock Code ranges from S1 to S6." type="">
   </statement>
   <statement id="2" text="Stock Code S5 will have Max Stock price." type="">
   </statement>
   <statement id="3" text="Stock Price will be Max and Min Statistics." type="">
   </statement>
   <statement id="5" text="Stock returns of Median will be 10 for all the Stock Codes." type="">
   </statement>
   <statement id="6" text="There are 6 Stock returns in the table." type="">
   </statement>
  </statements>
 </table>
 <table id="Table 5">
  <caption text="

   Daily (1-day), 3-days, and 5 days average Lot Turnover (LT) for portfolio with two different lot sizes.
  
">
  </caption>
  <row row="0">
   <cell col-end="0" col-start="0" row-end="0" row-start="0" text="Estim-">
   </cell>
   <cell col-end="2" col-start="1" row-end="0" row-start="0" text="1-day LT">
   </cell>
   <cell col-end="4" col-start="3" row-end="0" row-start="0" text="3-days LT">
   </cell>
   <cell col-end="6" col-start="5" row-end="0" row-start="0" text="5-days LT">
   </cell>
  </row>
  <row row="1">
   <cell col-end="0" col-start="0" row-end="1" row-start="1" text="ator">
   </cell>
   <cell col-end="1" col-start="1" row-end="1" row-start="1" text="100">
   </cell>
   <cell col-end="2" col-start="2" row-end="1" row-start="1" text="500">
   </cell>
   <cell col-end="3" col-start="3" row-end="1" row-start="1" text="100">
   </cell>
   <cell col-end="4" col-start="4" row-end="1" row-start="1" text="500">
   </cell>
   <cell col-end="5" col-start="5" row-end="1" row-start="1" text="100">
   </cell>
   <cell col-end="6" col-start="6" row-end="1" row-start="1" text="500">
   </cell>
  </row>
  <row row="2">
   <cell col-end="0" col-start="0" row-end="2" row-start="2" text="MLE">
   </cell>
   <cell col-end="1" col-start="1" row-end="2" row-start="2" text="128.34">
   </cell>
   <cell col-end="2" col-start="2" row-end="2" row-start="2" text="18.64">
   </cell>
   <cell col-end="3" col-start="3" row-end="2" row-start="2" text="152.39">
   </cell>
   <cell col-end="4" col-start="4" row-end="2" row-start="2" text="21.46">
   </cell>
   <cell col-end="5" col-start="5" row-end="2" row-start="2" text="143.13">
   </cell>
   <cell col-end="6" col-start="6" row-end="2" row-start="2" text="20.21">
   </cell>
  </row>
  <row row="3">
   <cell col-end="0" col-start="0" row-end="3" row-start="3" text="MCD">
   </cell>
   <cell col-end="1" col-start="1" row-end="3" row-start="3" text="133.94">
   </cell>
   <cell col-end="2" col-start="2" row-end="3" row-start="3" text="14.23">
   </cell>
   <cell col-end="3" col-start="3" row-end="3" row-start="3" text="128.85">
   </cell>
   <cell col-end="4" col-start="4" row-end="3" row-start="3" text="13.59">
   </cell>
   <cell col-end="5" col-start="5" row-end="3" row-start="3" text="146.38">
   </cell>
   <cell col-end="6" col-start="6" row-end="3" row-start="3" text="13.96">
   </cell>
  </row>
  <row row="4">
   <cell col-end="0" col-start="0" row-end="4" row-start="4" text="S">
   </cell>
   <cell col-end="1" col-start="1" row-end="4" row-start="4" text="121.52">
   </cell>
   <cell col-end="2" col-start="2" row-end="4" row-start="4" text="16.85">
   </cell>
   <cell col-end="3" col-start="3" row-end="4" row-start="4" text="124.43">
   </cell>
   <cell col-end="4" col-start="4" row-end="4" row-start="4" text="15.14">
   </cell>
   <cell col-end="5" col-start="5" row-end="4" row-start="4" text="126.09">
   </cell>
   <cell col-end="6" col-start="6" row-end="4" row-start="4" text="15.61">
   </cell>
  </row>
  <row row="5">
   <cell col-end="0" col-start="0" row-end="5" row-start="5" text="MM">
   </cell>
   <cell col-end="1" col-start="1" row-end="5" row-start="5" text="129.27">
   </cell>
   <cell col-end="2" col-start="2" row-end="5" row-start="5" text="21.33">
   </cell>
   <cell col-end="3" col-start="3" row-end="5" row-start="5" text="135.00">
   </cell>
   <cell col-end="4" col-start="4" row-end="5" row-start="5" text="17.71">
   </cell>
   <cell col-end="5" col-start="5" row-end="5" row-start="5" text="128.05">
   </cell>
   <cell col-end="6" col-start="6" row-end="5" row-start="5" text="19.62">
   </cell>
  </row>
  <row row="6">
   <cell col-end="0" col-start="0" row-end="6" row-start="6" text="OGK">
   </cell>
   <cell col-end="1" col-start="1" row-end="6" row-start="6" text="134.24">
   </cell>
   <cell col-end="2" col-start="2" row-end="6" row-start="6" text="19.12">
   </cell>
   <cell col-end="3" col-start="3" row-end="6" row-start="6" text="140.74">
   </cell>
   <cell col-end="4" col-start="4" row-end="6" row-start="6" text="20.55">
   </cell>
   <cell col-end="5" col-start="5" row-end="6" row-start="6" text="145.14">
   </cell>
   <cell col-end="6" col-start="6" row-end="6" row-start="6" text="21.66">
   </cell>
  </row>
  <statements>
   <statement id="0" text="1 day, 3days and 5days average Lot turnover for portfolio." type="">
   </statement>
   <statement id="1" text="ator Estim will have same value Lot turnover for all the days." type="">
   </statement>
   <statement id="3" text="S Estim will have same value Lot turnover for all the days." type="">
   </statement>
   <statement id="5" text="There are 8 Estim in the table." type="">
   </statement>
  </statements>
 </table>
 <table id="Table 6">
  <caption text="

   The daily (1-day), 3-days, and 5-days Modified Portfolio Turnover (MPT) for each portfolio without transaction lots, with transaction lots equal to 100 unit stocks, and with transaction lots equal to 500 unit stocks.
  
">
  </caption>
  <row row="0">
   <cell col-end="0" col-start="0" row-end="0" row-start="0" text="Estim-">
   </cell>
   <cell col-end="3" col-start="1" row-end="0" row-start="0" text="1-day PT">
   </cell>
   <cell col-end="6" col-start="4" row-end="0" row-start="0" text="3-days PT">
   </cell>
   <cell col-end="9" col-start="7" row-end="0" row-start="0" text="5-days PT">
   </cell>
  </row>
  <row row="1">
   <cell col-end="0" col-start="0" row-end="1" row-start="1" text="ator">
   </cell>
   <cell col-end="1" col-start="1" row-end="1" row-start="1" text="No.TL">
   </cell>
   <cell col-end="2" col-start="2" row-end="1" row-start="1" text="100">
   </cell>
   <cell col-end="3" col-start="3" row-end="1" row-start="1" text="500">
   </cell>
   <cell col-end="4" col-start="4" row-end="1" row-start="1" text="No.TL">
   </cell>
   <cell col-end="5" col-start="5" row-end="1" row-start="1" text="100">
   </cell>
   <cell col-end="6" col-start="6" row-end="1" row-start="1" text="500">
   </cell>
   <cell col-end="7" col-start="7" row-end="1" row-start="1" text="No.TL">
   </cell>
   <cell col-end="8" col-start="8" row-end="1" row-start="1" text="100">
   </cell>
   <cell col-end="9" col-start="9" row-end="1" row-start="1" text="500">
   </cell>
  </row>
  <row row="2">
   <cell col-end="0" col-start="0" row-end="2" row-start="2" text="MLE">
   </cell>
   <cell col-end="1" col-start="1" row-end="2" row-start="2" text="0.0010">
   </cell>
   <cell col-end="2" col-start="2" row-end="2" row-start="2" text="0.0454">
   </cell>
   <cell col-end="3" col-start="3" row-end="2" row-start="2" text="0.0470">
   </cell>
   <cell col-end="4" col-start="4" row-end="2" row-start="2" text="0.0022">
   </cell>
   <cell col-end="5" col-start="5" row-end="2" row-start="2" text="0.0521">
   </cell>
   <cell col-end="6" col-start="6" row-end="2" row-start="2" text="0.0482">
   </cell>
   <cell col-end="7" col-start="7" row-end="2" row-start="2" text="0.0031">
   </cell>
   <cell col-end="8" col-start="8" row-end="2" row-start="2" text="0.0506">
   </cell>
   <cell col-end="9" col-start="9" row-end="2" row-start="2" text="0.0479">
   </cell>
  </row>
  <row row="3">
   <cell col-end="0" col-start="0" row-end="3" row-start="3" text="MCD">
   </cell>
   <cell col-end="1" col-start="1" row-end="3" row-start="3" text="0.0048">
   </cell>
   <cell col-end="2" col-start="2" row-end="3" row-start="3" text="0.0239">
   </cell>
   <cell col-end="3" col-start="3" row-end="3" row-start="3" text="0.0222">
   </cell>
   <cell col-end="4" col-start="4" row-end="3" row-start="3" text="0.0065">
   </cell>
   <cell col-end="5" col-start="5" row-end="3" row-start="3" text="0.0224">
   </cell>
   <cell col-end="6" col-start="6" row-end="3" row-start="3" text="0.0210">
   </cell>
   <cell col-end="7" col-start="7" row-end="3" row-start="3" text="0.0071">
   </cell>
   <cell col-end="8" col-start="8" row-end="3" row-start="3" text="0.0244">
   </cell>
   <cell col-end="9" col-start="9" row-end="3" row-start="3" text="0.0212">
   </cell>
  </row>
  <row row="4">
   <cell col-end="0" col-start="0" row-end="4" row-start="4" text="S">
   </cell>
   <cell col-end="1" col-start="1" row-end="4" row-start="4" text="0.0011">
   </cell>
   <cell col-end="2" col-start="2" row-end="4" row-start="4" text="0.0187">
   </cell>
   <cell col-end="3" col-start="3" row-end="4" row-start="4" text="0.0162">
   </cell>
   <cell col-end="4" col-start="4" row-end="4" row-start="4" text="0.0022">
   </cell>
   <cell col-end="5" col-start="5" row-end="4" row-start="4" text="0.0196">
   </cell>
   <cell col-end="6" col-start="6" row-end="4" row-start="4" text="0.0147">
   </cell>
   <cell col-end="7" col-start="7" row-end="4" row-start="4" text="0.0029">
   </cell>
   <cell col-end="8" col-start="8" row-end="4" row-start="4" text="0.0196">
   </cell>
   <cell col-end="9" col-start="9" row-end="4" row-start="4" text="0.0157">
   </cell>
  </row>
  <row row="5">
   <cell col-end="0" col-start="0" row-end="5" row-start="5" text="MM">
   </cell>
   <cell col-end="1" col-start="1" row-end="5" row-start="5" text="0.0010">
   </cell>
   <cell col-end="2" col-start="2" row-end="5" row-start="5" text="0.0248">
   </cell>
   <cell col-end="3" col-start="3" row-end="5" row-start="5" text="0.0222">
   </cell>
   <cell col-end="4" col-start="4" row-end="5" row-start="5" text="0.0021">
   </cell>
   <cell col-end="5" col-start="5" row-end="5" row-start="5" text="0.0264">
   </cell>
   <cell col-end="6" col-start="6" row-end="5" row-start="5" text="0.0216">
   </cell>
   <cell col-end="7" col-start="7" row-end="5" row-start="5" text="0.0028">
   </cell>
   <cell col-end="8" col-start="8" row-end="5" row-start="5" text="0.0257">
   </cell>
   <cell col-end="9" col-start="9" row-end="5" row-start="5" text="0.0209">
   </cell>
  </row>
  <row row="6">
   <cell col-end="0" col-start="0" row-end="6" row-start="6" text="OGK">
   </cell>
   <cell col-end="1" col-start="1" row-end="6" row-start="6" text="0.0046">
   </cell>
   <cell col-end="2" col-start="2" row-end="6" row-start="6" text="0.0200">
   </cell>
   <cell col-end="3" col-start="3" row-end="6" row-start="6" text="0.0173">
   </cell>
   <cell col-end="4" col-start="4" row-end="6" row-start="6" text="0.0053">
   </cell>
   <cell col-end="5" col-start="5" row-end="6" row-start="6" text="0.0210">
   </cell>
   <cell col-end="6" col-start="6" row-end="6" row-start="6" text="0.0186">
   </cell>
   <cell col-end="7" col-start="7" row-end="6" row-start="6" text="0.0060">
   </cell>
   <cell col-end="8" col-start="8" row-end="6" row-start="6" text="0.0202">
   </cell>
   <cell col-end="9" col-start="9" row-end="6" row-start="6" text="0.0182">
   </cell>
  </row>
  <statements>
   <statement id="0" text="For portfolios without transaction lot constraint, the MLE gives lower turnover compared to the MCD and the OGK estimator." type="">
   </statement>
   <statement id="2" text="MCD 1-day PT under 500 unit stocks is 0.0210." type="">
   </statement>
   <statement id="3" text="MCD 5-day PT under 100 unit stocks is 0.0244." type="">
   </statement>
   <statement id="4" text="MM 5-day PT under 100 unit stocks is 0.0011." type="">
   </statement>
   <statement id="5" text="OGK 3-day PT under 500 unit stocks is 0.0210." type="">
   </statement>
  </statements>
 </table>
 <table id="Table 7">
  <caption text="

   The average of Sharpe Ratio and Robust Sharpe Ratio (in italic) for the portfolio without transaction lot and with transaction lots equal to 100 and 500 shares. This table is obtained when a 1-day rolling horizon procedure is applied to the data.
  
">
  </caption>
  <row row="0">
   <cell col-end="0" col-start="0" row-end="0" row-start="0" text="Estim-">
   </cell>
   <cell col-end="3" col-start="1" row-end="0" row-start="0" text="Mean">
   </cell>
  </row>
  <row row="1">
   <cell col-end="0" col-start="0" row-end="1" row-start="1" text="ator">
   </cell>
   <cell col-end="1" col-start="1" row-end="1" row-start="1" text="No.TL">
   </cell>
   <cell col-end="2" col-start="2" row-end="1" row-start="1" text="100">
   </cell>
   <cell col-end="3" col-start="3" row-end="1" row-start="1" text="500">
   </cell>
  </row>
  <row row="2">
   <cell col-end="0" col-start="0" row-end="2" row-start="2" text="MLE">
   </cell>
   <cell col-end="1" col-start="1" row-end="2" row-start="2" text="−0.424">
   </cell>
   <cell col-end="2" col-start="2" row-end="2" row-start="2" text="−0.09">
   </cell>
   <cell col-end="3" col-start="3" row-end="2" row-start="2" text="0.444">
   </cell>
  </row>
  <row row="3">
   <cell col-end="0" col-start="0" row-end="3" row-start="3" text="">
   </cell>
   <cell col-end="1" col-start="1" row-end="3" row-start="3" text="−
     
      0.95">
   </cell>
   <cell col-end="2" col-start="2" row-end="3" row-start="3" text="−
     
      0.542">
   </cell>
   <cell col-end="3" col-start="3" row-end="3" row-start="3" text="−
     
      0.02">
   </cell>
  </row>
  <row row="4">
   <cell col-end="0" col-start="0" row-end="4" row-start="4" text="MCD">
   </cell>
   <cell col-end="1" col-start="1" row-end="4" row-start="4" text="−0.051">
   </cell>
   <cell col-end="2" col-start="2" row-end="4" row-start="4" text="0.123">
   </cell>
   <cell col-end="3" col-start="3" row-end="4" row-start="4" text="0.245">
   </cell>
  </row>
  <row row="5">
   <cell col-end="0" col-start="0" row-end="5" row-start="5" text="">
   </cell>
   <cell col-end="1" col-start="1" row-end="5" row-start="5" text="−
     
      0.741">
   </cell>
   <cell col-end="2" col-start="2" row-end="5" row-start="5" text="−
     
      0.491">
   </cell>
   <cell col-end="3" col-start="3" row-end="5" row-start="5" text="−
     
      0.236">
   </cell>
  </row>
  <row row="6">
   <cell col-end="0" col-start="0" row-end="6" row-start="6" text="S">
   </cell>
   <cell col-end="1" col-start="1" row-end="6" row-start="6" text="0.026">
   </cell>
   <cell col-end="2" col-start="2" row-end="6" row-start="6" text="0.126">
   </cell>
   <cell col-end="3" col-start="3" row-end="6" row-start="6" text="0.272">
   </cell>
  </row>
  <row row="7">
   <cell col-end="0" col-start="0" row-end="7" row-start="7" text="">
   </cell>
   <cell col-end="1" col-start="1" row-end="7" row-start="7" text="−
     
      0.618">
   </cell>
   <cell col-end="2" col-start="2" row-end="7" row-start="7" text="−
     
      0.419">
   </cell>
   <cell col-end="3" col-start="3" row-end="7" row-start="7" text="−
     
      0.242">
   </cell>
  </row>
  <row row="8">
   <cell col-end="0" col-start="0" row-end="8" row-start="8" text="MM">
   </cell>
   <cell col-end="1" col-start="1" row-end="8" row-start="8" text="−0.096">
   </cell>
   <cell col-end="2" col-start="2" row-end="8" row-start="8" text="0.071">
   </cell>
   <cell col-end="3" col-start="3" row-end="8" row-start="8" text="0.256">
   </cell>
  </row>
  <row row="9">
   <cell col-end="0" col-start="0" row-end="9" row-start="9" text="">
   </cell>
   <cell col-end="1" col-start="1" row-end="9" row-start="9" text="−
     
      0.717">
   </cell>
   <cell col-end="2" col-start="2" row-end="9" row-start="9" text="−
     
      0.505">
   </cell>
   <cell col-end="3" col-start="3" row-end="9" row-start="9" text="−
     
      0.189">
   </cell>
  </row>
  <row row="10">
   <cell col-end="0" col-start="0" row-end="10" row-start="10" text="OGK">
   </cell>
   <cell col-end="1" col-start="1" row-end="10" row-start="10" text="0.064">
   </cell>
   <cell col-end="2" col-start="2" row-end="10" row-start="10" text="0.233">
   </cell>
   <cell col-end="3" col-start="3" row-end="10" row-start="10" text="0.279">
   </cell>
  </row>
  <row row="11">
   <cell col-end="0" col-start="0" row-end="11" row-start="11" text="">
   </cell>
   <cell col-end="1" col-start="1" row-end="11" row-start="11" text="−
     
      0.467">
   </cell>
   <cell col-end="2" col-start="2" row-end="11" row-start="11" text="−
     
      0.231">
   </cell>
   <cell col-end="3" col-start="3" row-end="11" row-start="11" text="−
     
      0.233">
   </cell>
  </row>
  <statements>
   <statement id="2" text="Mean  0.233 500 Estimator is S." type="">
   </statement>
   <statement id="3" text="Mean No.TL 0.026 Estimator is MM ." type="">
   </statement>
   <statement id="4" text="The same results also apply in the case of no lot constraint used in the optimization." type="">
   </statement>
  </statements>
 </table>
</document>