<document>
 <table id="Table 2">
  <caption text="

   Estimated effects of a one standard deviation reduction in allostatic load on expected future resource utilisation counts among individuals with elevated allostatic load at baseline.
  
">
  </caption>
  <row row="0">
   <cell col-end="0" col-start="0" row-end="0" row-start="0" text="Service type">
   </cell>
   <cell col-end="1" col-start="1" row-end="0" row-start="0" text="Mean base count">
   </cell>
   <cell col-end="2" col-start="2" row-end="0" row-start="0" text="Marginal effect [90% confidence interval]">
   </cell>
   <cell col-end="3" col-start="3" row-end="0" row-start="0" text="Base proportion positive">
   </cell>
   <cell col-end="4" col-start="4" row-end="0" row-start="0" text="Marginal effect at extensive margin
     [90% confidence interval]">
   </cell>
  </row>
  <row row="1">
   <cell col-end="0" col-start="0" row-end="1" row-start="1" text="GP consultations">
   </cell>
   <cell col-end="1" col-start="1" row-end="1" row-start="1" text="3.12">
   </cell>
   <cell col-end="2" col-start="2" row-end="1" row-start="1" text="−18.9">
   </cell>
   <cell col-end="3" col-start="3" row-end="1" row-start="1" text="0.75">
   </cell>
   <cell col-end="4" col-start="4" row-end="1" row-start="1" text="−5.4%">
   </cell>
  </row>
  <row row="2">
   <cell col-end="0" col-start="0" row-end="2" row-start="2" text="">
   </cell>
   <cell col-end="1" col-start="1" row-end="2" row-start="2" text="">
   </cell>
   <cell col-end="2" col-start="2" row-end="2" row-start="2" text="[-27.8%, -15.6%]">
   </cell>
   <cell col-end="3" col-start="3" row-end="2" row-start="2" text="">
   </cell>
   <cell col-end="4" col-start="4" row-end="2" row-start="2" text="[-7.9%, -4.4%]">
   </cell>
  </row>
  <row row="3">
   <cell col-end="0" col-start="0" row-end="3" row-start="3" text="OP consultations">
   </cell>
   <cell col-end="1" col-start="1" row-end="3" row-start="3" text="1.80">
   </cell>
   <cell col-end="2" col-start="2" row-end="3" row-start="3" text="−12.4">
   </cell>
   <cell col-end="3" col-start="3" row-end="3" row-start="3" text="0.46">
   </cell>
   <cell col-end="4" col-start="4" row-end="3" row-start="3" text="−4.9%">
   </cell>
  </row>
  <row row="4">
   <cell col-end="0" col-start="0" row-end="4" row-start="4" text="">
   </cell>
   <cell col-end="1" col-start="1" row-end="4" row-start="4" text="">
   </cell>
   <cell col-end="2" col-start="2" row-end="4" row-start="4" text="[-24.4%, -2.4%]">
   </cell>
   <cell col-end="3" col-start="3" row-end="4" row-start="4" text="">
   </cell>
   <cell col-end="4" col-start="4" row-end="4" row-start="4" text="[-9.3%, -1.1%]">
   </cell>
  </row>
  <row row="5">
   <cell col-end="0" col-start="0" row-end="5" row-start="5" text="IP days">
   </cell>
   <cell col-end="1" col-start="1" row-end="5" row-start="5" text="0.94">
   </cell>
   <cell col-end="2" col-start="2" row-end="5" row-start="5" text="−43.5">
   </cell>
   <cell col-end="3" col-start="3" row-end="5" row-start="5" text="0.07">
   </cell>
   <cell col-end="4" col-start="4" row-end="5" row-start="5" text="−15.4%">
   </cell>
  </row>
  <row row="6">
   <cell col-end="0" col-start="0" row-end="6" row-start="6" text="">
   </cell>
   <cell col-end="1" col-start="1" row-end="6" row-start="6" text="">
   </cell>
   <cell col-end="2" col-start="2" row-end="6" row-start="6" text="[-63.0%, 10.2%]">
   </cell>
   <cell col-end="3" col-start="3" row-end="6" row-start="6" text="">
   </cell>
   <cell col-end="4" col-start="4" row-end="6" row-start="6" text="[-44.2%, 4.5%]">
   </cell>
  </row>
  <statements>
   <statement id="0" text="OP consultations is having maximum Base proportion positive." type="">
   </statement>
   <statement id="2" text="The Base proportion positive ranges from 0.07 to 0.75." type="">
   </statement>
   <statement id="4" text="The Mean base count ranging from 0.94 to 3.12." type="">
   </statement>
   <statement id="5" text="The Service type provided is same for all." type="">
   </statement>
  </statements>
 </table>
 <table id="Table 3">
  <caption text="

   Personal characteristics and annual GP and OP costs five years later.
  
">
  </caption>
  <legend text="

   Sample sizes: high allostatic load: 359; age 16–29: 239; age 30–44: 740; age 45–59: 823; age 60–74: 444; age over 75: 68; males: 1018; females: 1296; no qualifications: 345; intermediate qualifications: 945; all incomes: 2314.
  
">
  </legend>
  <row row="0">
   <cell col-end="0" col-start="0" row-end="0" row-start="0" text="">
   </cell>
   <cell col-end="2" col-start="1" row-end="0" row-start="0" text="GP consultations">
   </cell>
   <cell col-end="4" col-start="3" row-end="0" row-start="0" text="OP consultations">
   </cell>
  </row>
  <row row="1">
   <cell col-end="0" col-start="0" row-end="1" row-start="1" text="Base sample and">
   </cell>
   <cell col-end="1" col-start="1" row-end="1" row-start="1" text="Mean base">
   </cell>
   <cell col-end="2" col-start="2" row-end="1" row-start="1" text="% change">
   </cell>
   <cell col-end="3" col-start="3" row-end="1" row-start="1" text="Mean base">
   </cell>
   <cell col-end="4" col-start="4" row-end="1" row-start="1" text="% Change">
   </cell>
  </row>
  <row row="2">
   <cell col-end="0" col-start="0" row-end="2" row-start="2" text="hypothetical variation">
   </cell>
   <cell col-end="1" col-start="1" row-end="2" row-start="2" text="cost">
   </cell>
   <cell col-end="2" col-start="2" row-end="2" row-start="2" text="in cost">
   </cell>
   <cell col-end="3" col-start="3" row-end="2" row-start="2" text="cost">
   </cell>
   <cell col-end="4" col-start="4" row-end="2" row-start="2" text="in cost">
   </cell>
  </row>
  <row row="3">
   <cell col-end="0" col-start="0" row-end="3" row-start="3" text="High allostatic load -
     

       1
      

       σ">
   </cell>
   <cell col-end="1" col-start="1" row-end="3" row-start="3" text="£
      

     207">
   </cell>
   <cell col-end="2" col-start="2" row-end="3" row-start="3" text="−
      

     18.9">
   </cell>
   <cell col-end="3" col-start="3" row-end="3" row-start="3" text="£
      

     295">
   </cell>
   <cell col-end="4" col-start="4" row-end="3" row-start="3" text="−
      

     12.4">
   </cell>
  </row>
  <row row="4">
   <cell col-end="0" col-start="0" row-end="4" row-start="4" text="Age 16–29 + 10 years">
   </cell>
   <cell col-end="1" col-start="1" row-end="4" row-start="4" text="£
      

     128">
   </cell>
   <cell col-end="2" col-start="2" row-end="4" row-start="4" text="−
      

     5.1">
   </cell>
   <cell col-end="3" col-start="3" row-end="4" row-start="4" text="£
      

     168">
   </cell>
   <cell col-end="4" col-start="4" row-end="4" row-start="4" text="−
      

     3.5">
   </cell>
  </row>
  <row row="5">
   <cell col-end="0" col-start="0" row-end="5" row-start="5" text="Age 30–44 + 10 years">
   </cell>
   <cell col-end="1" col-start="1" row-end="5" row-start="5" text="£
      

     133">
   </cell>
   <cell col-end="2" col-start="2" row-end="5" row-start="5" text="−
      

     2.4">
   </cell>
   <cell col-end="3" col-start="3" row-end="5" row-start="5" text="£
      

     173">
   </cell>
   <cell col-end="4" col-start="4" row-end="5" row-start="5" text="5.2">
   </cell>
  </row>
  <row row="6">
   <cell col-end="0" col-start="0" row-end="6" row-start="6" text="Age 45–59 + 10 years">
   </cell>
   <cell col-end="1" col-start="1" row-end="6" row-start="6" text="£
      

     140">
   </cell>
   <cell col-end="2" col-start="2" row-end="6" row-start="6" text="1.4">
   </cell>
   <cell col-end="3" col-start="3" row-end="6" row-start="6" text="£
      

     194">
   </cell>
   <cell col-end="4" col-start="4" row-end="6" row-start="6" text="16.8">
   </cell>
  </row>
  <row row="7">
   <cell col-end="0" col-start="0" row-end="7" row-start="7" text="Age 60-74 + 10 years">
   </cell>
   <cell col-end="1" col-start="1" row-end="7" row-start="7" text="£
      

     166">
   </cell>
   <cell col-end="2" col-start="2" row-end="7" row-start="7" text="4.1">
   </cell>
   <cell col-end="3" col-start="3" row-end="7" row-start="7" text="£
      

     266">
   </cell>
   <cell col-end="4" col-start="4" row-end="7" row-start="7" text="37.2">
   </cell>
  </row>
  <row row="8">
   <cell col-end="0" col-start="0" row-end="8" row-start="8" text="75 and over + 10 years">
   </cell>
   <cell col-end="1" col-start="1" row-end="8" row-start="8" text="£
      

     197">
   </cell>
   <cell col-end="2" col-start="2" row-end="8" row-start="8" text="5.2">
   </cell>
   <cell col-end="3" col-start="3" row-end="8" row-start="8" text="£
      

     420">
   </cell>
   <cell col-end="4" col-start="4" row-end="8" row-start="8" text="62.4">
   </cell>
  </row>
  <row row="9">
   <cell col-end="0" col-start="0" row-end="9" row-start="9" text="Males
     

       →
      

     female">
   </cell>
   <cell col-end="1" col-start="1" row-end="9" row-start="9" text="£
      

     119">
   </cell>
   <cell col-end="2" col-start="2" row-end="9" row-start="9" text="26.9">
   </cell>
   <cell col-end="3" col-start="3" row-end="9" row-start="9" text="£
      

     171">
   </cell>
   <cell col-end="4" col-start="4" row-end="9" row-start="9" text="32.6">
   </cell>
  </row>
  <row row="10">
   <cell col-end="0" col-start="0" row-end="10" row-start="10" text="Females
     

       →
      

     male">
   </cell>
   <cell col-end="1" col-start="1" row-end="10" row-start="10" text="£
      

     162">
   </cell>
   <cell col-end="2" col-start="2" row-end="10" row-start="10" text="−
      

     23.2">
   </cell>
   <cell col-end="3" col-start="3" row-end="10" row-start="10" text="£
      

     231">
   </cell>
   <cell col-end="4" col-start="4" row-end="10" row-start="10" text="−28.5">
   </cell>
  </row>
  <row row="11">
   <cell col-end="0" col-start="0" row-end="11" row-start="11" text="No qualifications
     

       →
      

     intermediate">
   </cell>
   <cell col-end="1" col-start="1" row-end="11" row-start="11" text="£
      

     179">
   </cell>
   <cell col-end="2" col-start="2" row-end="11" row-start="11" text="−
      

     7.4">
   </cell>
   <cell col-end="3" col-start="3" row-end="11" row-start="11" text="£
      

     251">
   </cell>
   <cell col-end="4" col-start="4" row-end="11" row-start="11" text="7.1">
   </cell>
  </row>
  <row row="12">
   <cell col-end="0" col-start="0" row-end="12" row-start="12" text="Intermediate
     

       →
      

     degree">
   </cell>
   <cell col-end="1" col-start="1" row-end="12" row-start="12" text="£
      

     141">
   </cell>
   <cell col-end="2" col-start="2" row-end="12" row-start="12" text="−
      

     1.6">
   </cell>
   <cell col-end="3" col-start="3" row-end="12" row-start="12" text="£
      

     208">
   </cell>
   <cell col-end="4" col-start="4" row-end="12" row-start="12" text="−11.6">
   </cell>
  </row>
  <row row="13">
   <cell col-end="0" col-start="0" row-end="13" row-start="13" text="All incomes + 10%">
   </cell>
   <cell col-end="1" col-start="1" row-end="13" row-start="13" text="£
      

     143">
   </cell>
   <cell col-end="2" col-start="2" row-end="13" row-start="13" text="−1.3">
   </cell>
   <cell col-end="3" col-start="3" row-end="13" row-start="13" text="£
      

     205">
   </cell>
   <cell col-end="4" col-start="4" row-end="13" row-start="13" text="−
      

     1.0">
   </cell>
  </row>
  <statements>
   <statement id="2" text="Predicted mean OP costs for the group with elevated allostatic load (  295) exceed those of every other group except for the over-75s (  420)." type="">
   </statement>
   <statement id="3" text="The are five different age groups in the table." type="">
   </statement>
   <statement id="4" text="The mean OP costs in Table 3 are uniformly higher than GP costs across the set of illustrative baseline population groups." type="">
   </statement>
  </statements>
 </table>
</document>