<document>
 <table id="Table 1">
  <caption text="

   Statistic Summary of Demographic Information for Each Country
  
">
  </caption>
  <legend text="

   Note: Currency described in each income level represents the currency in each country in survey. The income categories for each country was transformed from the original currency. The exchanged rate used in this study is based on April 18, 2020: One USD can exchange the Japanese Yen about 107.56; the New Taiwanese Dollar about 30.05; and the Indonesian Rupiah about 15,444.6. The values of the income level for each country were based on the census reports from each country.
  
">
  </legend>
  <row row="0">
   <cell col-end="0" col-start="0" row-end="0" row-start="0" text="Variables">
   </cell>
   <cell col-end="1" col-start="1" row-end="0" row-start="0" text="Japan(n=500)">
   </cell>
   <cell col-end="2" col-start="2" row-end="0" row-start="0" text="Taiwan(n=333)">
   </cell>
   <cell col-end="3" col-start="3" row-end="0" row-start="0" text="Indonesia(n=517)">
   </cell>
  </row>
  <row row="1">
   <cell col-end="0" col-start="0" row-end="1" row-start="1" text="Gender (%)">
   </cell>
   <cell col-end="1" col-start="1" row-end="1" row-start="1" text="">
   </cell>
   <cell col-end="2" col-start="2" row-end="1" row-start="1" text="">
   </cell>
   <cell col-end="3" col-start="3" row-end="1" row-start="1" text="">
   </cell>
  </row>
  <row row="2">
   <cell col-end="0" col-start="0" row-end="2" row-start="2" text="Female">
   </cell>
   <cell col-end="1" col-start="1" row-end="2" row-start="2" text="85.0%">
   </cell>
   <cell col-end="2" col-start="2" row-end="2" row-start="2" text="74.8%">
   </cell>
   <cell col-end="3" col-start="3" row-end="2" row-start="2" text="98.0%">
   </cell>
  </row>
  <row row="3">
   <cell col-end="0" col-start="0" row-end="3" row-start="3" text="Age">
   </cell>
   <cell col-end="1" col-start="1" row-end="3" row-start="3" text="">
   </cell>
   <cell col-end="2" col-start="2" row-end="3" row-start="3" text="">
   </cell>
   <cell col-end="3" col-start="3" row-end="3" row-start="3" text="">
   </cell>
  </row>
  <row row="4">
   <cell col-end="0" col-start="0" row-end="4" row-start="4" text="Age in median value">
   </cell>
   <cell col-end="1" col-start="1" row-end="4" row-start="4" text="48.0">
   </cell>
   <cell col-end="2" col-start="2" row-end="4" row-start="4" text="38.0">
   </cell>
   <cell col-end="3" col-start="3" row-end="4" row-start="4" text="28.8">
   </cell>
  </row>
  <row row="5">
   <cell col-end="0" col-start="0" row-end="5" row-start="5" text="Education Level (%)">
   </cell>
   <cell col-end="1" col-start="1" row-end="5" row-start="5" text="">
   </cell>
   <cell col-end="2" col-start="2" row-end="5" row-start="5" text="">
   </cell>
   <cell col-end="3" col-start="3" row-end="5" row-start="5" text="">
   </cell>
  </row>
  <row row="6">
   <cell col-end="0" col-start="0" row-end="6" row-start="6" text="Junior high-school or below">
   </cell>
   <cell col-end="1" col-start="1" row-end="6" row-start="6" text="2.0%">
   </cell>
   <cell col-end="2" col-start="2" row-end="6" row-start="6" text="1.8%">
   </cell>
   <cell col-end="3" col-start="3" row-end="6" row-start="6" text="0.2%">
   </cell>
  </row>
  <row row="7">
   <cell col-end="0" col-start="0" row-end="7" row-start="7" text="High school">
   </cell>
   <cell col-end="1" col-start="1" row-end="7" row-start="7" text="25.0%">
   </cell>
   <cell col-end="2" col-start="2" row-end="7" row-start="7" text="4.5%">
   </cell>
   <cell col-end="3" col-start="3" row-end="7" row-start="7" text="12.4%">
   </cell>
  </row>
  <row row="8">
   <cell col-end="0" col-start="0" row-end="8" row-start="8" text="Vocational school">
   </cell>
   <cell col-end="1" col-start="1" row-end="8" row-start="8" text="14.0%">
   </cell>
   <cell col-end="2" col-start="2" row-end="8" row-start="8" text="18.0%">
   </cell>
   <cell col-end="3" col-start="3" row-end="8" row-start="8" text="6.4%">
   </cell>
  </row>
  <row row="9">
   <cell col-end="0" col-start="0" row-end="9" row-start="9" text="University">
   </cell>
   <cell col-end="1" col-start="1" row-end="9" row-start="9" text="56.0%">
   </cell>
   <cell col-end="2" col-start="2" row-end="9" row-start="9" text="55.9%">
   </cell>
   <cell col-end="3" col-start="3" row-end="9" row-start="9" text="81.0%">
   </cell>
  </row>
  <row row="10">
   <cell col-end="0" col-start="0" row-end="10" row-start="10" text="Graduate school or above">
   </cell>
   <cell col-end="1" col-start="1" row-end="10" row-start="10" text="3.0%">
   </cell>
   <cell col-end="2" col-start="2" row-end="10" row-start="10" text="19.8%">
   </cell>
   <cell col-end="3" col-start="3" row-end="10" row-start="10" text="0.0%">
   </cell>
  </row>
  <row row="11">
   <cell col-end="0" col-start="0" row-end="11" row-start="11" text="Number of people in household (%)">
   </cell>
   <cell col-end="1" col-start="1" row-end="11" row-start="11" text="">
   </cell>
   <cell col-end="2" col-start="2" row-end="11" row-start="11" text="">
   </cell>
   <cell col-end="3" col-start="3" row-end="11" row-start="11" text="">
   </cell>
  </row>
  <row row="12">
   <cell col-end="0" col-start="0" row-end="12" row-start="12" text="1 – 2 people">
   </cell>
   <cell col-end="1" col-start="1" row-end="12" row-start="12" text="48.0%">
   </cell>
   <cell col-end="2" col-start="2" row-end="12" row-start="12" text="16.5%">
   </cell>
   <cell col-end="3" col-start="3" row-end="12" row-start="12" text="20.0%">
   </cell>
  </row>
  <row row="13">
   <cell col-end="0" col-start="0" row-end="13" row-start="13" text="3 – 4 people">
   </cell>
   <cell col-end="1" col-start="1" row-end="13" row-start="13" text="47.2%">
   </cell>
   <cell col-end="2" col-start="2" row-end="13" row-start="13" text="52.9%">
   </cell>
   <cell col-end="3" col-start="3" row-end="13" row-start="13" text="55.0%">
   </cell>
  </row>
  <row row="14">
   <cell col-end="0" col-start="0" row-end="14" row-start="14" text="5 people and above">
   </cell>
   <cell col-end="1" col-start="1" row-end="14" row-start="14" text="4.8%">
   </cell>
   <cell col-end="2" col-start="2" row-end="14" row-start="14" text="30.6%">
   </cell>
   <cell col-end="3" col-start="3" row-end="14" row-start="14" text="25.0%">
   </cell>
  </row>
  <row row="15">
   <cell col-end="0" col-start="0" row-end="15" row-start="15" text="Income (%)">
   </cell>
   <cell col-end="1" col-start="1" row-end="15" row-start="15" text="">
   </cell>
   <cell col-end="2" col-start="2" row-end="15" row-start="15" text="">
   </cell>
   <cell col-end="3" col-start="3" row-end="15" row-start="15" text="">
   </cell>
  </row>
  <row row="16">
   <cell col-end="0" col-start="0" row-end="16" row-start="16" text="Income level 1
     
     -Japan: US$ 27,900 or below-Taiwan: US$ 10,030 or below-Indonesia: US$ 1,165 or below">
   </cell>
   <cell col-end="1" col-start="1" row-end="16" row-start="16" text="14.6%">
   </cell>
   <cell col-end="2" col-start="2" row-end="16" row-start="16" text="11.4%">
   </cell>
   <cell col-end="3" col-start="3" row-end="16" row-start="16" text="11.0%">
   </cell>
  </row>
  <row row="17">
   <cell col-end="0" col-start="0" row-end="17" row-start="17" text="Income level 2
     
     -Japan: US$ 27,901 – 46,500-Taiwan: US$ 10,031 – 20,060-Indonesia: US$ 1,166 – 2,330">
   </cell>
   <cell col-end="1" col-start="1" row-end="17" row-start="17" text="25.0%">
   </cell>
   <cell col-end="2" col-start="2" row-end="17" row-start="17" text="38.4%">
   </cell>
   <cell col-end="3" col-start="3" row-end="17" row-start="17" text="19.0%">
   </cell>
  </row>
  <row row="18">
   <cell col-end="0" col-start="0" row-end="18" row-start="18" text="Income level 3
     
     -Japan: US$ 46,501 – 65,100-Taiwan: US$ 20,061 – 30,091-Indonesia: US$ 2,331 – 3,496">
   </cell>
   <cell col-end="1" col-start="1" row-end="18" row-start="18" text="22.0%">
   </cell>
   <cell col-end="2" col-start="2" row-end="18" row-start="18" text="21.3%">
   </cell>
   <cell col-end="3" col-start="3" row-end="18" row-start="18" text="21.0%">
   </cell>
  </row>
  <row row="19">
   <cell col-end="0" col-start="0" row-end="19" row-start="19" text="Income level 4
     
     -Japan: US$ 65,101 – 93,000-Taiwan: US$ 30,092 – 40,121-Indonesia: US$ 3,497 – 4,661">
   </cell>
   <cell col-end="1" col-start="1" row-end="19" row-start="19" text="21.4%">
   </cell>
   <cell col-end="2" col-start="2" row-end="19" row-start="19" text="19.2%">
   </cell>
   <cell col-end="3" col-start="3" row-end="19" row-start="19" text="19.0%">
   </cell>
  </row>
  <row row="20">
   <cell col-end="0" col-start="0" row-end="20" row-start="20" text="Income level 5
     
     -Japan: US$ 93,001 – 139,500-Taiwan: US$ 40,122 – 50,151-Indonesia: US$ 4,662 – 5,826">
   </cell>
   <cell col-end="1" col-start="1" row-end="20" row-start="20" text="12.6%">
   </cell>
   <cell col-end="2" col-start="2" row-end="20" row-start="20" text="4.3%">
   </cell>
   <cell col-end="3" col-start="3" row-end="20" row-start="20" text="8.0%">
   </cell>
  </row>
  <row row="21">
   <cell col-end="0" col-start="0" row-end="21" row-start="21" text="Income level 6
     
     -Japan: US$ 139,501 or above-Taiwan: US$ 50,152 or above-Indonesia: US$ 5,827 or above">
   </cell>
   <cell col-end="1" col-start="1" row-end="21" row-start="21" text="3.9%">
   </cell>
   <cell col-end="2" col-start="2" row-end="21" row-start="21" text="5.4%">
   </cell>
   <cell col-end="3" col-start="3" row-end="21" row-start="21" text="22.0%">
   </cell>
  </row>
  <statements>
   <statement id="4" text="In other words, most of Japanese, Taiwanese, and Indonesian respondents have an education level at the university level." type="">
   </statement>
   <statement id="5" text="N=333 for Indonesia in the table." type="">
   </statement>
   <statement id="7" text="Statistic Summary of Demographic Information of Female in Japan is 74.8%." type="">
   </statement>
   <statement id="8" text="Statistic Summary of Demographic Information of Female in Taiwan is 74.8%." type="">
   </statement>
  </statements>
 </table>
 <table id="Table 3">
  <caption text="

   P-value for Difference of National Average between Countries
  
">
  </caption>
  <legend text="

   Notes: 1) The p-values were calculated by complete combination method (
   ) with the mded package in R (
   ). 2) *, **, and *** indicate statistically significant at 10%, 5%, and 1% levels respectively after Bonferroni collection. 3) The scores of price were set to 0 as the baseline in the model estimation.
  
">
  </legend>
  <row row="0">
   <cell col-end="0" col-start="0" row-end="0" row-start="0" text="">
   </cell>
   <cell col-end="2" col-start="1" row-end="0" row-start="0" text="Taiwan vs. Indonesia">
   </cell>
   <cell col-end="4" col-start="3" row-end="0" row-start="0" text="Japan vs. Indonesia">
   </cell>
   <cell col-end="6" col-start="5" row-end="0" row-start="0" text="Japan vs. Taiwan">
   </cell>
  </row>
  <row row="1">
   <cell col-end="0" col-start="0" row-end="1" row-start="1" text="Labeling product origin">
   </cell>
   <cell col-end="1" col-start="1" row-end="1" row-start="1" text="0.000">
   </cell>
   <cell col-end="2" col-start="2" row-end="1" row-start="1" text="***">
   </cell>
   <cell col-end="3" col-start="3" row-end="1" row-start="1" text="0.000">
   </cell>
   <cell col-end="4" col-start="4" row-end="1" row-start="1" text="***">
   </cell>
   <cell col-end="5" col-start="5" row-end="1" row-start="1" text="0.000">
   </cell>
   <cell col-end="6" col-start="6" row-end="1" row-start="1" text="***">
   </cell>
  </row>
  <row row="2">
   <cell col-end="0" col-start="0" row-end="2" row-start="2" text="Food safety certification">
   </cell>
   <cell col-end="1" col-start="1" row-end="2" row-start="2" text="0.003">
   </cell>
   <cell col-end="2" col-start="2" row-end="2" row-start="2" text="***">
   </cell>
   <cell col-end="3" col-start="3" row-end="2" row-start="2" text="0.000">
   </cell>
   <cell col-end="4" col-start="4" row-end="2" row-start="2" text="***">
   </cell>
   <cell col-end="5" col-start="5" row-end="2" row-start="2" text="0.000">
   </cell>
   <cell col-end="6" col-start="6" row-end="2" row-start="2" text="***">
   </cell>
  </row>
  <row row="3">
   <cell col-end="0" col-start="0" row-end="3" row-start="3" text="High quality appearance">
   </cell>
   <cell col-end="1" col-start="1" row-end="3" row-start="3" text="0.944">
   </cell>
   <cell col-end="2" col-start="2" row-end="3" row-start="3" text="">
   </cell>
   <cell col-end="3" col-start="3" row-end="3" row-start="3" text="0.000">
   </cell>
   <cell col-end="4" col-start="4" row-end="3" row-start="3" text="***">
   </cell>
   <cell col-end="5" col-start="5" row-end="3" row-start="3" text="0.000">
   </cell>
   <cell col-end="6" col-start="6" row-end="3" row-start="3" text="***">
   </cell>
  </row>
  <row row="4">
   <cell col-end="0" col-start="0" row-end="4" row-start="4" text="Domestic rarity">
   </cell>
   <cell col-end="1" col-start="1" row-end="4" row-start="4" text="0.000">
   </cell>
   <cell col-end="2" col-start="2" row-end="4" row-start="4" text="***">
   </cell>
   <cell col-end="3" col-start="3" row-end="4" row-start="4" text="0.000">
   </cell>
   <cell col-end="4" col-start="4" row-end="4" row-start="4" text="***">
   </cell>
   <cell col-end="5" col-start="5" row-end="4" row-start="4" text="0.000">
   </cell>
   <cell col-end="6" col-start="6" row-end="4" row-start="4" text="***">
   </cell>
  </row>
  <row row="5">
   <cell col-end="0" col-start="0" row-end="5" row-start="5" text="Plantation methods">
   </cell>
   <cell col-end="1" col-start="1" row-end="5" row-start="5" text="0.027">
   </cell>
   <cell col-end="2" col-start="2" row-end="5" row-start="5" text="*">
   </cell>
   <cell col-end="3" col-start="3" row-end="5" row-start="5" text="0.024">
   </cell>
   <cell col-end="4" col-start="4" row-end="5" row-start="5" text="*">
   </cell>
   <cell col-end="5" col-start="5" row-end="5" row-start="5" text="0.000">
   </cell>
   <cell col-end="6" col-start="6" row-end="5" row-start="5" text="***">
   </cell>
  </row>
  <row row="6">
   <cell col-end="0" col-start="0" row-end="6" row-start="6" text="Freshness">
   </cell>
   <cell col-end="1" col-start="1" row-end="6" row-start="6" text="0.210">
   </cell>
   <cell col-end="2" col-start="2" row-end="6" row-start="6" text="">
   </cell>
   <cell col-end="3" col-start="3" row-end="6" row-start="6" text="0.000">
   </cell>
   <cell col-end="4" col-start="4" row-end="6" row-start="6" text="***">
   </cell>
   <cell col-end="5" col-start="5" row-end="6" row-start="6" text="0.000">
   </cell>
   <cell col-end="6" col-start="6" row-end="6" row-start="6" text="***">
   </cell>
  </row>
  <statements>
   <statement id="0" text="According to the Table 3 , most of the comparisons of importance for food values across the countries are different from each other." type="">
   </statement>
   <statement id="1" text="Domestic rarity has the value in Taiwan of 0.277 even in compare with Indonesia." type="">
   </statement>
   <statement id="3" text="Food safety certification has the lowest value in Japan of 0.027 even in compare with Indonesia." type="">
   </statement>
   <statement id="8" text="There are six P-value for Difference of National Average between Countries." type="">
   </statement>
  </statements>
 </table>
 <table id="Table 4">
  <caption text="

   Parameter Estimates of Latent Class Model for Japanese Respondents
  
">
  </caption>
  <legend text="

   Notes: 1) *, **, and *** indicate statistically significant at 10%, 5%, and 1% levels, respectively. 2) The estimate value of price is 0 as the baseline in the model estimation.
  
">
  </legend>
  <row row="0">
   <cell col-end="3" col-start="0" row-end="0" row-start="0" text="Japan (n = 500)">
   </cell>
   <cell col-end="6" col-start="4" row-end="0" row-start="0" text="Latent Class 3-Classes">
   </cell>
  </row>
  <row row="1">
   <cell col-end="0" col-start="0" row-end="1" row-start="1" text="">
   </cell>
   <cell col-end="1" col-start="1" row-end="1" row-start="1" text="">
   </cell>
   <cell col-end="2" col-start="2" row-end="1" row-start="1" text="">
   </cell>
   <cell col-end="3" col-start="3" row-end="1" row-start="1" text="Class 1">
   </cell>
   <cell col-end="4" col-start="4" row-end="1" row-start="1" text="">
   </cell>
   <cell col-end="5" col-start="5" row-end="1" row-start="1" text="Class 2">
   </cell>
   <cell col-end="6" col-start="6" row-end="1" row-start="1" text="Class 3">
   </cell>
  </row>
  <row row="2">
   <cell col-end="0" col-start="0" row-end="2" row-start="2" text="Variables">
   </cell>
   <cell col-end="1" col-start="1" row-end="2" row-start="2" text="Middle Group">
   </cell>
   <cell col-end="2" col-start="2" row-end="2" row-start="2" text="Majority Group">
   </cell>
   <cell col-end="3" col-start="3" row-end="2" row-start="2" text="Minority Group">
   </cell>
   <cell col-end="4" col-start="4" row-end="2" row-start="2" text="">
   </cell>
   <cell col-end="5" col-start="5" row-end="2" row-start="2" text="">
   </cell>
   <cell col-end="6" col-start="6" row-end="2" row-start="2" text="">
   </cell>
  </row>
  <row row="3">
   <cell col-end="0" col-start="0" row-end="3" row-start="3" text="Labeling product origin">
   </cell>
   <cell col-end="1" col-start="1" row-end="3" row-start="3" text="-3.028***">
   </cell>
   <cell col-end="2" col-start="2" row-end="3" row-start="3" text="1.348***">
   </cell>
   <cell col-end="3" col-start="3" row-end="3" row-start="3" text="0.118">
   </cell>
   <cell col-end="4" col-start="4" row-end="3" row-start="3" text="">
   </cell>
   <cell col-end="5" col-start="5" row-end="3" row-start="3" text="">
   </cell>
   <cell col-end="6" col-start="6" row-end="3" row-start="3" text="">
   </cell>
  </row>
  <row row="4">
   <cell col-end="0" col-start="0" row-end="4" row-start="4" text="Food safety certification">
   </cell>
   <cell col-end="1" col-start="1" row-end="4" row-start="4" text="-2.487***">
   </cell>
   <cell col-end="2" col-start="2" row-end="4" row-start="4" text="2.444***">
   </cell>
   <cell col-end="3" col-start="3" row-end="4" row-start="4" text="0.193">
   </cell>
   <cell col-end="4" col-start="4" row-end="4" row-start="4" text="">
   </cell>
   <cell col-end="5" col-start="5" row-end="4" row-start="4" text="">
   </cell>
   <cell col-end="6" col-start="6" row-end="4" row-start="4" text="">
   </cell>
  </row>
  <row row="5">
   <cell col-end="0" col-start="0" row-end="5" row-start="5" text="High quality appearance">
   </cell>
   <cell col-end="1" col-start="1" row-end="5" row-start="5" text="-5.398***">
   </cell>
   <cell col-end="2" col-start="2" row-end="5" row-start="5" text="-2.310***">
   </cell>
   <cell col-end="3" col-start="3" row-end="5" row-start="5" text="-0.346**">
   </cell>
   <cell col-end="4" col-start="4" row-end="5" row-start="5" text="">
   </cell>
   <cell col-end="5" col-start="5" row-end="5" row-start="5" text="">
   </cell>
   <cell col-end="6" col-start="6" row-end="5" row-start="5" text="">
   </cell>
  </row>
  <row row="6">
   <cell col-end="0" col-start="0" row-end="6" row-start="6" text="Domestic rarity">
   </cell>
   <cell col-end="1" col-start="1" row-end="6" row-start="6" text="-5.332***">
   </cell>
   <cell col-end="2" col-start="2" row-end="6" row-start="6" text="-1.738***">
   </cell>
   <cell col-end="3" col-start="3" row-end="6" row-start="6" text="-0.008">
   </cell>
   <cell col-end="4" col-start="4" row-end="6" row-start="6" text="">
   </cell>
   <cell col-end="5" col-start="5" row-end="6" row-start="6" text="">
   </cell>
   <cell col-end="6" col-start="6" row-end="6" row-start="6" text="">
   </cell>
  </row>
  <row row="7">
   <cell col-end="0" col-start="0" row-end="7" row-start="7" text="Plantation methods">
   </cell>
   <cell col-end="1" col-start="1" row-end="7" row-start="7" text="-3.931***">
   </cell>
   <cell col-end="2" col-start="2" row-end="7" row-start="7" text="0.455***">
   </cell>
   <cell col-end="3" col-start="3" row-end="7" row-start="7" text="-0.337*">
   </cell>
   <cell col-end="4" col-start="4" row-end="7" row-start="7" text="">
   </cell>
   <cell col-end="5" col-start="5" row-end="7" row-start="7" text="">
   </cell>
   <cell col-end="6" col-start="6" row-end="7" row-start="7" text="">
   </cell>
  </row>
  <row row="8">
   <cell col-end="0" col-start="0" row-end="8" row-start="8" text="Freshness">
   </cell>
   <cell col-end="1" col-start="1" row-end="8" row-start="8" text="-1.083***">
   </cell>
   <cell col-end="2" col-start="2" row-end="8" row-start="8" text="1.621***">
   </cell>
   <cell col-end="3" col-start="3" row-end="8" row-start="8" text="0.429**">
   </cell>
   <cell col-end="4" col-start="4" row-end="8" row-start="8" text="">
   </cell>
   <cell col-end="5" col-start="5" row-end="8" row-start="8" text="">
   </cell>
   <cell col-end="6" col-start="6" row-end="8" row-start="8" text="">
   </cell>
  </row>
  <row row="9">
   <cell col-end="0" col-start="0" row-end="9" row-start="9" text="Probability Class">
   </cell>
   <cell col-end="1" col-start="1" row-end="9" row-start="9" text="0.279">
   </cell>
   <cell col-end="2" col-start="2" row-end="9" row-start="9" text="0.572">
   </cell>
   <cell col-end="3" col-start="3" row-end="9" row-start="9" text="0.148">
   </cell>
   <cell col-end="4" col-start="4" row-end="9" row-start="9" text="">
   </cell>
   <cell col-end="5" col-start="5" row-end="9" row-start="9" text="">
   </cell>
   <cell col-end="6" col-start="6" row-end="9" row-start="9" text="">
   </cell>
  </row>
  <statements>
   <statement id="4" text="The outcomes of Minority Group can represent the minority of consumers who have a similar type of preference towards food values when comparing with the price attribute." type="">
   </statement>
   <statement id="6" text="There are 7 Variables in the table." type="">
   </statement>
   <statement id="7" text="There are 8 Variables in the table." type="">
   </statement>
   <statement id="8" text="Thus, if food traders want to focus on specific niche market for their food imports to Japan, then the expectation of freshness is very important." type="">
   </statement>
  </statements>
 </table>
 <table id="Table 5">
  <caption text="

   Parameter Estimates of Latent Class Model for Taiwanese Respondents
  
">
  </caption>
  <legend text="

   Notes: 1) *, **, and *** indicate statistically significant at 10%, 5%, and 1% levels, respectively. 2) The scores of price are 0 as the baseline in the model estimation.
  
">
  </legend>
  <row row="0">
   <cell col-end="0" col-start="0" row-end="0" row-start="0" text="Taiwan (n = 333)">
   </cell>
   <cell col-end="4" col-start="1" row-end="0" row-start="0" text="Latent Class 3-Classes">
   </cell>
  </row>
  <row row="1">
   <cell col-end="0" col-start="0" row-end="1" row-start="1" text="Variables">
   </cell>
   <cell col-end="1" col-start="1" row-end="1" row-start="1" text="Class 1">
   </cell>
   <cell col-end="2" col-start="2" row-end="1" row-start="1" text="Class 2">
   </cell>
   <cell col-end="3" col-start="3" row-end="1" row-start="1" text="Class 3">
   </cell>
   <cell col-end="4" col-start="4" row-end="1" row-start="1" text="">
   </cell>
  </row>
  <row row="2">
   <cell col-end="0" col-start="0" row-end="2" row-start="2" text="">
   </cell>
   <cell col-end="1" col-start="1" row-end="2" row-start="2" text="Middle Group">
   </cell>
   <cell col-end="2" col-start="2" row-end="2" row-start="2" text="Majority Group">
   </cell>
   <cell col-end="3" col-start="3" row-end="2" row-start="2" text="Minority Group">
   </cell>
   <cell col-end="4" col-start="4" row-end="2" row-start="2" text="">
   </cell>
  </row>
  <row row="3">
   <cell col-end="0" col-start="0" row-end="3" row-start="3" text="Labeling product origin">
   </cell>
   <cell col-end="1" col-start="1" row-end="3" row-start="3" text="-2.255***">
   </cell>
   <cell col-end="2" col-start="2" row-end="3" row-start="3" text="1.861***">
   </cell>
   <cell col-end="3" col-start="3" row-end="3" row-start="3" text="0.287">
   </cell>
   <cell col-end="4" col-start="4" row-end="3" row-start="3" text="">
   </cell>
  </row>
  <row row="4">
   <cell col-end="0" col-start="0" row-end="4" row-start="4" text="Food safety certification">
   </cell>
   <cell col-end="1" col-start="1" row-end="4" row-start="4" text="-0.680***">
   </cell>
   <cell col-end="2" col-start="2" row-end="4" row-start="4" text="2.690***">
   </cell>
   <cell col-end="3" col-start="3" row-end="4" row-start="4" text="1.384***">
   </cell>
   <cell col-end="4" col-start="4" row-end="4" row-start="4" text="">
   </cell>
  </row>
  <row row="5">
   <cell col-end="0" col-start="0" row-end="5" row-start="5" text="High quality appearance">
   </cell>
   <cell col-end="1" col-start="1" row-end="5" row-start="5" text="-0.810***">
   </cell>
   <cell col-end="2" col-start="2" row-end="5" row-start="5" text="0.421***">
   </cell>
   <cell col-end="3" col-start="3" row-end="5" row-start="5" text="0.795***">
   </cell>
   <cell col-end="4" col-start="4" row-end="5" row-start="5" text="">
   </cell>
  </row>
  <row row="6">
   <cell col-end="0" col-start="0" row-end="6" row-start="6" text="Domestic rarity">
   </cell>
   <cell col-end="1" col-start="1" row-end="6" row-start="6" text="-3.793***">
   </cell>
   <cell col-end="2" col-start="2" row-end="6" row-start="6" text="-1.122***">
   </cell>
   <cell col-end="3" col-start="3" row-end="6" row-start="6" text="1.287***">
   </cell>
   <cell col-end="4" col-start="4" row-end="6" row-start="6" text="">
   </cell>
  </row>
  <row row="7">
   <cell col-end="0" col-start="0" row-end="7" row-start="7" text="Plantation methods">
   </cell>
   <cell col-end="1" col-start="1" row-end="7" row-start="7" text="-3.232***">
   </cell>
   <cell col-end="2" col-start="2" row-end="7" row-start="7" text="0.696***">
   </cell>
   <cell col-end="3" col-start="3" row-end="7" row-start="7" text="-0.299">
   </cell>
   <cell col-end="4" col-start="4" row-end="7" row-start="7" text="">
   </cell>
  </row>
  <row row="8">
   <cell col-end="0" col-start="0" row-end="8" row-start="8" text="Freshness">
   </cell>
   <cell col-end="1" col-start="1" row-end="8" row-start="8" text="0.315*">
   </cell>
   <cell col-end="2" col-start="2" row-end="8" row-start="8" text="1.894***">
   </cell>
   <cell col-end="3" col-start="3" row-end="8" row-start="8" text="1.134***">
   </cell>
   <cell col-end="4" col-start="4" row-end="8" row-start="8" text="">
   </cell>
  </row>
  <row row="9">
   <cell col-end="0" col-start="0" row-end="9" row-start="9" text="Probability Class">
   </cell>
   <cell col-end="1" col-start="1" row-end="9" row-start="9" text="0.254">
   </cell>
   <cell col-end="2" col-start="2" row-end="9" row-start="9" text="0.611">
   </cell>
   <cell col-end="3" col-start="3" row-end="9" row-start="9" text="">
   </cell>
   <cell col-end="4" col-start="4" row-end="9" row-start="9" text="0.134">
   </cell>
  </row>
  <statements>
   <statement id="0" text="Although the Minority Group in Taiwan only occupied about 13% of consumers, it still explains that the niche market consumers still care the food safety, rareness, and freshness of imported food products." type="">
   </statement>
   <statement id="1" text="Domestic rarity in Class 1 under middle group is 0.611." type="">
   </statement>
   <statement id="2" text="Food safety certification in Class 2 under majority group is 2.690*** ." type="">
   </statement>
   <statement id="4" text="High quality appearance in Class 1 under middle group is -0.810***." type="">
   </statement>
   <statement id="7" text="They have 3 class of Latent." type="">
   </statement>
  </statements>
 </table>
 <table id="Table 6">
  <caption text="

   Parameter Estimates of Latent Class Model for Indonesian Respondents
  
">
  </caption>
  <legend text="

   Notes: 1) *, **, and *** indicate statistically significant at 10%, 5%, and 1% levels, respectively. 2) The scores of price are 0 as the baseline in the model estimation.
  
">
  </legend>
  <row row="0">
   <cell col-end="0" col-start="0" row-end="0" row-start="0" text="Indonesia (n = 517)">
   </cell>
   <cell col-end="1" col-start="1" row-end="0" row-start="0" text="">
   </cell>
   <cell col-end="5" col-start="2" row-end="0" row-start="0" text="Latent Class 3-Classes">
   </cell>
  </row>
  <row row="1">
   <cell col-end="0" col-start="0" row-end="1" row-start="1" text="Variables">
   </cell>
   <cell col-end="1" col-start="1" row-end="1" row-start="1" text="">
   </cell>
   <cell col-end="2" col-start="2" row-end="1" row-start="1" text="">
   </cell>
   <cell col-end="3" col-start="3" row-end="1" row-start="1" text="Class 1">
   </cell>
   <cell col-end="4" col-start="4" row-end="1" row-start="1" text="Class 2">
   </cell>
   <cell col-end="5" col-start="5" row-end="1" row-start="1" text="Class 3">
   </cell>
  </row>
  <row row="2">
   <cell col-end="0" col-start="0" row-end="2" row-start="2" text="">
   </cell>
   <cell col-end="1" col-start="1" row-end="2" row-start="2" text="Middle Group">
   </cell>
   <cell col-end="2" col-start="2" row-end="2" row-start="2" text="Majority Group">
   </cell>
   <cell col-end="3" col-start="3" row-end="2" row-start="2" text="Minority Group">
   </cell>
   <cell col-end="4" col-start="4" row-end="2" row-start="2" text="">
   </cell>
   <cell col-end="5" col-start="5" row-end="2" row-start="2" text="">
   </cell>
  </row>
  <row row="3">
   <cell col-end="0" col-start="0" row-end="3" row-start="3" text="Labeling product origin">
   </cell>
   <cell col-end="1" col-start="1" row-end="3" row-start="3" text="-2.451***">
   </cell>
   <cell col-end="2" col-start="2" row-end="3" row-start="3" text="-0.062***">
   </cell>
   <cell col-end="3" col-start="3" row-end="3" row-start="3" text="-0.580***">
   </cell>
   <cell col-end="4" col-start="4" row-end="3" row-start="3" text="">
   </cell>
   <cell col-end="5" col-start="5" row-end="3" row-start="3" text="">
   </cell>
  </row>
  <row row="4">
   <cell col-end="0" col-start="0" row-end="4" row-start="4" text="Food safety certification">
   </cell>
   <cell col-end="1" col-start="1" row-end="4" row-start="4" text="-0.710***">
   </cell>
   <cell col-end="2" col-start="2" row-end="4" row-start="4" text="2.682***">
   </cell>
   <cell col-end="3" col-start="3" row-end="4" row-start="4" text="2.331***">
   </cell>
   <cell col-end="4" col-start="4" row-end="4" row-start="4" text="">
   </cell>
   <cell col-end="5" col-start="5" row-end="4" row-start="4" text="">
   </cell>
  </row>
  <row row="5">
   <cell col-end="0" col-start="0" row-end="5" row-start="5" text="High quality appearance">
   </cell>
   <cell col-end="1" col-start="1" row-end="5" row-start="5" text="-0.559***">
   </cell>
   <cell col-end="2" col-start="2" row-end="5" row-start="5" text="0.452***">
   </cell>
   <cell col-end="3" col-start="3" row-end="5" row-start="5" text="0.843***">
   </cell>
   <cell col-end="4" col-start="4" row-end="5" row-start="5" text="">
   </cell>
   <cell col-end="5" col-start="5" row-end="5" row-start="5" text="">
   </cell>
  </row>
  <row row="6">
   <cell col-end="0" col-start="0" row-end="6" row-start="6" text="Domestic rarity">
   </cell>
   <cell col-end="1" col-start="1" row-end="6" row-start="6" text="-2.060***">
   </cell>
   <cell col-end="2" col-start="2" row-end="6" row-start="6" text="-0.791***">
   </cell>
   <cell col-end="3" col-start="3" row-end="6" row-start="6" text="2.610***">
   </cell>
   <cell col-end="4" col-start="4" row-end="6" row-start="6" text="">
   </cell>
   <cell col-end="5" col-start="5" row-end="6" row-start="6" text="">
   </cell>
  </row>
  <row row="7">
   <cell col-end="0" col-start="0" row-end="7" row-start="7" text="Plantation methods">
   </cell>
   <cell col-end="1" col-start="1" row-end="7" row-start="7" text="-2.268***">
   </cell>
   <cell col-end="2" col-start="2" row-end="7" row-start="7" text="0.433***">
   </cell>
   <cell col-end="3" col-start="3" row-end="7" row-start="7" text="-0.008">
   </cell>
   <cell col-end="4" col-start="4" row-end="7" row-start="7" text="">
   </cell>
   <cell col-end="5" col-start="5" row-end="7" row-start="7" text="">
   </cell>
  </row>
  <row row="8">
   <cell col-end="0" col-start="0" row-end="8" row-start="8" text="Freshness">
   </cell>
   <cell col-end="1" col-start="1" row-end="8" row-start="8" text="0.514***">
   </cell>
   <cell col-end="2" col-start="2" row-end="8" row-start="8" text="2.084***">
   </cell>
   <cell col-end="3" col-start="3" row-end="8" row-start="8" text="2.143***">
   </cell>
   <cell col-end="4" col-start="4" row-end="8" row-start="8" text="">
   </cell>
   <cell col-end="5" col-start="5" row-end="8" row-start="8" text="">
   </cell>
  </row>
  <row row="9">
   <cell col-end="0" col-start="0" row-end="9" row-start="9" text="Probability Class">
   </cell>
   <cell col-end="1" col-start="1" row-end="9" row-start="9" text="0.372">
   </cell>
   <cell col-end="2" col-start="2" row-end="9" row-start="9" text="0.430">
   </cell>
   <cell col-end="3" col-start="3" row-end="9" row-start="9" text="">
   </cell>
   <cell col-end="4" col-start="4" row-end="9" row-start="9" text="0.196">
   </cell>
   <cell col-end="5" col-start="5" row-end="9" row-start="9" text="">
   </cell>
  </row>
  <statements>
   <statement id="0" text="Class 1 is null for all variables." type="">
   </statement>
   <statement id="1" text="Class 3 is null for all variables." type="">
   </statement>
   <statement id="5" text="Middle, Majority and Minority are three groups measured for each variable." type="">
   </statement>
   <statement id="6" text="There are four latent classes given." type="">
   </statement>
   <statement id="7" text="There are seven estimated parameters given in the table." type="">
   </statement>
   <statement id="9" text="These top three food values of Indonesian consumers are the same attributes with Taiwanese consumers in Minority Group, while Indonesian consumers treat the food value of domestic rarity as the most important attribute." type="">
   </statement>
  </statements>
 </table>
</document>