<document>
 <table id="Table 1">
  <caption text="

   Linear mixed models comparing two different survey methods (point count and autonomous sound-recordings) in capturing associations with time-of-day and canopy height. Indices assessed were:
   
    Acoustic Complexity
   
   (AC);
   
    Acoustic Diversity
   
   (AD); and
   
    Bioacoustic Index
   
   (BI).
  
">
  </caption>
  <row row="0">
   <cell col-end="0" col-start="0" row-end="0" row-start="0" text="Recording method">
   </cell>
   <cell col-end="1" col-start="1" row-end="0" row-start="0" text="Acoustic index">
   </cell>
   <cell col-end="2" col-start="2" row-end="0" row-start="0" text="Variable">
   </cell>
   <cell col-end="3" col-start="3" row-end="0" row-start="0" text="Coefficient">
   </cell>
   <cell col-end="4" col-start="4" row-end="0" row-start="0" text="Standard error">
   </cell>
   <cell col-end="5" col-start="5" row-end="0" row-start="0" text="Degrees of freedom">
   </cell>
   <cell col-end="6" col-start="6" row-end="0" row-start="0" text="t-value">
   </cell>
   <cell col-end="7" col-start="7" row-end="0" row-start="0" text="p-value">
   </cell>
  </row>
  <row row="1">
   <cell col-end="0" col-start="0" row-end="1" row-start="1" text="Automated">
   </cell>
   <cell col-end="1" col-start="1" row-end="1" row-start="1" text="BI">
   </cell>
   <cell col-end="2" col-start="2" row-end="1" row-start="1" text="Intercept">
   </cell>
   <cell col-end="3" col-start="3" row-end="1" row-start="1" text="51.37">
   </cell>
   <cell col-end="4" col-start="4" row-end="1" row-start="1" text="12.85">
   </cell>
   <cell col-end="5" col-start="5" row-end="1" row-start="1" text="590">
   </cell>
   <cell col-end="6" col-start="6" row-end="1" row-start="1" text="3.998">
   </cell>
   <cell col-end="7" col-start="7" row-end="1" row-start="1" text="&lt;0.001">
   </cell>
  </row>
  <row row="2">
   <cell col-end="0" col-start="0" row-end="2" row-start="2" text="">
   </cell>
   <cell col-end="1" col-start="1" row-end="2" row-start="2" text="">
   </cell>
   <cell col-end="2" col-start="2" row-end="2" row-start="2" text="Canopy height">
   </cell>
   <cell col-end="3" col-start="3" row-end="2" row-start="2" text="−0.47">
   </cell>
   <cell col-end="4" col-start="4" row-end="2" row-start="2" text="0.49">
   </cell>
   <cell col-end="5" col-start="5" row-end="2" row-start="2" text="16">
   </cell>
   <cell col-end="6" col-start="6" row-end="2" row-start="2" text="−0.964">
   </cell>
   <cell col-end="7" col-start="7" row-end="2" row-start="2" text="0.349">
   </cell>
  </row>
  <row row="3">
   <cell col-end="0" col-start="0" row-end="3" row-start="3" text="">
   </cell>
   <cell col-end="1" col-start="1" row-end="3" row-start="3" text="">
   </cell>
   <cell col-end="2" col-start="2" row-end="3" row-start="3" text="Time-of-day">
   </cell>
   <cell col-end="3" col-start="3" row-end="3" row-start="3" text="0.13">
   </cell>
   <cell col-end="4" col-start="4" row-end="3" row-start="3" text="0.17">
   </cell>
   <cell col-end="5" col-start="5" row-end="3" row-start="3" text="590">
   </cell>
   <cell col-end="6" col-start="6" row-end="3" row-start="3" text="0.739">
   </cell>
   <cell col-end="7" col-start="7" row-end="3" row-start="3" text="0.460">
   </cell>
  </row>
  <row row="4">
   <cell col-end="0" col-start="0" row-end="4" row-start="4" text="">
   </cell>
   <cell col-end="1" col-start="1" row-end="4" row-start="4" text="AC">
   </cell>
   <cell col-end="2" col-start="2" row-end="4" row-start="4" text="Intercept">
   </cell>
   <cell col-end="3" col-start="3" row-end="4" row-start="4" text="22394.70">
   </cell>
   <cell col-end="4" col-start="4" row-end="4" row-start="4" text="749.36">
   </cell>
   <cell col-end="5" col-start="5" row-end="4" row-start="4" text="590">
   </cell>
   <cell col-end="6" col-start="6" row-end="4" row-start="4" text="29.885">
   </cell>
   <cell col-end="7" col-start="7" row-end="4" row-start="4" text="&lt;0.001">
   </cell>
  </row>
  <row row="5">
   <cell col-end="0" col-start="0" row-end="5" row-start="5" text="">
   </cell>
   <cell col-end="1" col-start="1" row-end="5" row-start="5" text="">
   </cell>
   <cell col-end="2" col-start="2" row-end="5" row-start="5" text="Canopy height">
   </cell>
   <cell col-end="3" col-start="3" row-end="5" row-start="5" text="−46.35">
   </cell>
   <cell col-end="4" col-start="4" row-end="5" row-start="5" text="28.87">
   </cell>
   <cell col-end="5" col-start="5" row-end="5" row-start="5" text="16">
   </cell>
   <cell col-end="6" col-start="6" row-end="5" row-start="5" text="−1.606">
   </cell>
   <cell col-end="7" col-start="7" row-end="5" row-start="5" text="0.128">
   </cell>
  </row>
  <row row="6">
   <cell col-end="0" col-start="0" row-end="6" row-start="6" text="">
   </cell>
   <cell col-end="1" col-start="1" row-end="6" row-start="6" text="">
   </cell>
   <cell col-end="2" col-start="2" row-end="6" row-start="6" text="Time-of-day">
   </cell>
   <cell col-end="3" col-start="3" row-end="6" row-start="6" text="−68.90">
   </cell>
   <cell col-end="4" col-start="4" row-end="6" row-start="6" text="6.62">
   </cell>
   <cell col-end="5" col-start="5" row-end="6" row-start="6" text="590">
   </cell>
   <cell col-end="6" col-start="6" row-end="6" row-start="6" text="−10.407">
   </cell>
   <cell col-end="7" col-start="7" row-end="6" row-start="6" text="&lt;0.001">
   </cell>
  </row>
  <row row="7">
   <cell col-end="0" col-start="0" row-end="7" row-start="7" text="">
   </cell>
   <cell col-end="1" col-start="1" row-end="7" row-start="7" text="AD">
   </cell>
   <cell col-end="2" col-start="2" row-end="7" row-start="7" text="Intercept">
   </cell>
   <cell col-end="3" col-start="3" row-end="7" row-start="7" text="1.66">
   </cell>
   <cell col-end="4" col-start="4" row-end="7" row-start="7" text="0.15">
   </cell>
   <cell col-end="5" col-start="5" row-end="7" row-start="7" text="590">
   </cell>
   <cell col-end="6" col-start="6" row-end="7" row-start="7" text="10.923">
   </cell>
   <cell col-end="7" col-start="7" row-end="7" row-start="7" text="&lt;0.001">
   </cell>
  </row>
  <row row="8">
   <cell col-end="0" col-start="0" row-end="8" row-start="8" text="">
   </cell>
   <cell col-end="1" col-start="1" row-end="8" row-start="8" text="">
   </cell>
   <cell col-end="2" col-start="2" row-end="8" row-start="8" text="Canopy height">
   </cell>
   <cell col-end="3" col-start="3" row-end="8" row-start="8" text="0.01">
   </cell>
   <cell col-end="4" col-start="4" row-end="8" row-start="8" text="0.00">
   </cell>
   <cell col-end="5" col-start="5" row-end="8" row-start="8" text="16">
   </cell>
   <cell col-end="6" col-start="6" row-end="8" row-start="8" text="2.247">
   </cell>
   <cell col-end="7" col-start="7" row-end="8" row-start="8" text="0.039">
   </cell>
  </row>
  <row row="9">
   <cell col-end="0" col-start="0" row-end="9" row-start="9" text="">
   </cell>
   <cell col-end="1" col-start="1" row-end="9" row-start="9" text="">
   </cell>
   <cell col-end="2" col-start="2" row-end="9" row-start="9" text="Time-of-day">
   </cell>
   <cell col-end="3" col-start="3" row-end="9" row-start="9" text="0.01">
   </cell>
   <cell col-end="4" col-start="4" row-end="9" row-start="9" text="0.00">
   </cell>
   <cell col-end="5" col-start="5" row-end="9" row-start="9" text="590">
   </cell>
   <cell col-end="6" col-start="6" row-end="9" row-start="9" text="3.967">
   </cell>
   <cell col-end="7" col-start="7" row-end="9" row-start="9" text="&lt;0.000">
   </cell>
  </row>
  <row row="10">
   <cell col-end="0" col-start="0" row-end="10" row-start="10" text="Point count">
   </cell>
   <cell col-end="1" col-start="1" row-end="10" row-start="10" text="BI">
   </cell>
   <cell col-end="2" col-start="2" row-end="10" row-start="10" text="Intercept">
   </cell>
   <cell col-end="3" col-start="3" row-end="10" row-start="10" text="5.26">
   </cell>
   <cell col-end="4" col-start="4" row-end="10" row-start="10" text="0.30">
   </cell>
   <cell col-end="5" col-start="5" row-end="10" row-start="10" text="593">
   </cell>
   <cell col-end="6" col-start="6" row-end="10" row-start="10" text="17.155">
   </cell>
   <cell col-end="7" col-start="7" row-end="10" row-start="10" text="&lt;0.001">
   </cell>
  </row>
  <row row="11">
   <cell col-end="0" col-start="0" row-end="11" row-start="11" text="">
   </cell>
   <cell col-end="1" col-start="1" row-end="11" row-start="11" text="">
   </cell>
   <cell col-end="2" col-start="2" row-end="11" row-start="11" text="Canopy height">
   </cell>
   <cell col-end="3" col-start="3" row-end="11" row-start="11" text="0.01">
   </cell>
   <cell col-end="4" col-start="4" row-end="11" row-start="11" text="0.01">
   </cell>
   <cell col-end="5" col-start="5" row-end="11" row-start="11" text="293">
   </cell>
   <cell col-end="6" col-start="6" row-end="11" row-start="11" text="1.925">
   </cell>
   <cell col-end="7" col-start="7" row-end="11" row-start="11" text="0.050">
   </cell>
  </row>
  <row row="12">
   <cell col-end="0" col-start="0" row-end="12" row-start="12" text="">
   </cell>
   <cell col-end="1" col-start="1" row-end="12" row-start="12" text="">
   </cell>
   <cell col-end="2" col-start="2" row-end="12" row-start="12" text="Time-of-day">
   </cell>
   <cell col-end="3" col-start="3" row-end="12" row-start="12" text="−0.00">
   </cell>
   <cell col-end="4" col-start="4" row-end="12" row-start="12" text="0.00">
   </cell>
   <cell col-end="5" col-start="5" row-end="12" row-start="12" text="593">
   </cell>
   <cell col-end="6" col-start="6" row-end="12" row-start="12" text="−3.565">
   </cell>
   <cell col-end="7" col-start="7" row-end="12" row-start="12" text="&lt;0.001">
   </cell>
  </row>
  <row row="13">
   <cell col-end="0" col-start="0" row-end="13" row-start="13" text="">
   </cell>
   <cell col-end="1" col-start="1" row-end="13" row-start="13" text="AC">
   </cell>
   <cell col-end="2" col-start="2" row-end="13" row-start="13" text="Intercept">
   </cell>
   <cell col-end="3" col-start="3" row-end="13" row-start="13" text="26407.42">
   </cell>
   <cell col-end="4" col-start="4" row-end="13" row-start="13" text="60.87">
   </cell>
   <cell col-end="5" col-start="5" row-end="13" row-start="13" text="593">
   </cell>
   <cell col-end="6" col-start="6" row-end="13" row-start="13" text="433.824">
   </cell>
   <cell col-end="7" col-start="7" row-end="13" row-start="13" text="&lt;0.001">
   </cell>
  </row>
  <row row="14">
   <cell col-end="0" col-start="0" row-end="14" row-start="14" text="">
   </cell>
   <cell col-end="1" col-start="1" row-end="14" row-start="14" text="">
   </cell>
   <cell col-end="2" col-start="2" row-end="14" row-start="14" text="Canopy height">
   </cell>
   <cell col-end="3" col-start="3" row-end="14" row-start="14" text="−15.37">
   </cell>
   <cell col-end="4" col-start="4" row-end="14" row-start="14" text="1.70">
   </cell>
   <cell col-end="5" col-start="5" row-end="14" row-start="14" text="293">
   </cell>
   <cell col-end="6" col-start="6" row-end="14" row-start="14" text="−9.045">
   </cell>
   <cell col-end="7" col-start="7" row-end="14" row-start="14" text="&lt;0.001">
   </cell>
  </row>
  <row row="15">
   <cell col-end="0" col-start="0" row-end="15" row-start="15" text="">
   </cell>
   <cell col-end="1" col-start="1" row-end="15" row-start="15" text="">
   </cell>
   <cell col-end="2" col-start="2" row-end="15" row-start="15" text="Time-of-day">
   </cell>
   <cell col-end="3" col-start="3" row-end="15" row-start="15" text="−1.65">
   </cell>
   <cell col-end="4" col-start="4" row-end="15" row-start="15" text="0.20">
   </cell>
   <cell col-end="5" col-start="5" row-end="15" row-start="15" text="593">
   </cell>
   <cell col-end="6" col-start="6" row-end="15" row-start="15" text="−7.912">
   </cell>
   <cell col-end="7" col-start="7" row-end="15" row-start="15" text="&lt;0.001">
   </cell>
  </row>
  <row row="16">
   <cell col-end="0" col-start="0" row-end="16" row-start="16" text="">
   </cell>
   <cell col-end="1" col-start="1" row-end="16" row-start="16" text="AD">
   </cell>
   <cell col-end="2" col-start="2" row-end="16" row-start="16" text="Intercept">
   </cell>
   <cell col-end="3" col-start="3" row-end="16" row-start="16" text="1.65">
   </cell>
   <cell col-end="4" col-start="4" row-end="16" row-start="16" text="0.07">
   </cell>
   <cell col-end="5" col-start="5" row-end="16" row-start="16" text="593">
   </cell>
   <cell col-end="6" col-start="6" row-end="16" row-start="16" text="23.108">
   </cell>
   <cell col-end="7" col-start="7" row-end="16" row-start="16" text="&lt;0.001">
   </cell>
  </row>
  <row row="17">
   <cell col-end="0" col-start="0" row-end="17" row-start="17" text="">
   </cell>
   <cell col-end="1" col-start="1" row-end="17" row-start="17" text="">
   </cell>
   <cell col-end="2" col-start="2" row-end="17" row-start="17" text="Canopy height">
   </cell>
   <cell col-end="3" col-start="3" row-end="17" row-start="17" text="0.01">
   </cell>
   <cell col-end="4" col-start="4" row-end="17" row-start="17" text="0.00">
   </cell>
   <cell col-end="5" col-start="5" row-end="17" row-start="17" text="293">
   </cell>
   <cell col-end="6" col-start="6" row-end="17" row-start="17" text="2.107">
   </cell>
   <cell col-end="7" col-start="7" row-end="17" row-start="17" text="0.036">
   </cell>
  </row>
  <row row="18">
   <cell col-end="0" col-start="0" row-end="18" row-start="18" text="">
   </cell>
   <cell col-end="1" col-start="1" row-end="18" row-start="18" text="">
   </cell>
   <cell col-end="2" col-start="2" row-end="18" row-start="18" text="Time-of-day">
   </cell>
   <cell col-end="3" col-start="3" row-end="18" row-start="18" text="0.01">
   </cell>
   <cell col-end="4" col-start="4" row-end="18" row-start="18" text="0.00">
   </cell>
   <cell col-end="5" col-start="5" row-end="18" row-start="18" text="593">
   </cell>
   <cell col-end="6" col-start="6" row-end="18" row-start="18" text="0.468">
   </cell>
   <cell col-end="7" col-start="7" row-end="18" row-start="18" text="0.640">
   </cell>
  </row>
  <statements>
   <statement id="5" text="There are 4 Recording Methods." type="">
   </statement>
   <statement id="6" text="There are 8 variables." type="">
   </statement>
  </statements>
 </table>
 <table id="Table 3">
  <caption text="

   Linear regression model statistics of raw point count species richness and time-of-day. Results listed for each acoustic index, with intercept, F-statistic, p value, R
   
    2
   
   , residual standard error, and degrees of freedom for each. Indices assessed were:
   
    Acoustic Complexity
   
   (AC);
   
    Acoustic Diversity
   
   (AD);
   
    Acoustic Evenness
   
   (AE); and
   
    Normalised Difference in Soundscape Index
   
   (NDSI).
  
">
  </caption>
  <row row="0">
   <cell col-end="0" col-start="0" row-end="0" row-start="0" text="Linear Model">
   </cell>
   <cell col-end="1" col-start="1" row-end="0" row-start="0" text="Intercept">
   </cell>
   <cell col-end="2" col-start="2" row-end="0" row-start="0" text="F">
   </cell>
   <cell col-end="3" col-start="3" row-end="0" row-start="0" text="p-value">
   </cell>
   <cell col-end="4" col-start="4" row-end="0" row-start="0" text="R
     
      2">
   </cell>
   <cell col-end="5" col-start="5" row-end="0" row-start="0" text="Residual standard error">
   </cell>
   <cell col-end="6" col-start="6" row-end="0" row-start="0" text="Degrees of freedom">
   </cell>
  </row>
  <row row="1">
   <cell col-end="0" col-start="0" row-end="1" row-start="1" text="BI ~ Raw species richness">
   </cell>
   <cell col-end="1" col-start="1" row-end="1" row-start="1" text="0.04">
   </cell>
   <cell col-end="2" col-start="2" row-end="1" row-start="1" text="6.537">
   </cell>
   <cell col-end="3" col-start="3" row-end="1" row-start="1" text="0.05">
   </cell>
   <cell col-end="4" col-start="4" row-end="1" row-start="1" text="0.005">
   </cell>
   <cell col-end="5" col-start="5" row-end="1" row-start="1" text="2.69">
   </cell>
   <cell col-end="6" col-start="6" row-end="1" row-start="1" text="1145">
   </cell>
  </row>
  <row row="2">
   <cell col-end="0" col-start="0" row-end="2" row-start="2" text="AC ~ Raw species richness">
   </cell>
   <cell col-end="1" col-start="1" row-end="2" row-start="2" text="23.76">
   </cell>
   <cell col-end="2" col-start="2" row-end="2" row-start="2" text="54.79">
   </cell>
   <cell col-end="3" col-start="3" row-end="2" row-start="2" text="&lt;0.001">
   </cell>
   <cell col-end="4" col-start="4" row-end="2" row-start="2" text="0.046">
   </cell>
   <cell col-end="5" col-start="5" row-end="2" row-start="2" text="517.7">
   </cell>
   <cell col-end="6" col-start="6" row-end="2" row-start="2" text="1132">
   </cell>
  </row>
  <row row="3">
   <cell col-end="0" col-start="0" row-end="3" row-start="3" text="AD ~ Raw species richness">
   </cell>
   <cell col-end="1" col-start="1" row-end="3" row-start="3" text="−0.009">
   </cell>
   <cell col-end="2" col-start="2" row-end="3" row-start="3" text="7.374">
   </cell>
   <cell col-end="3" col-start="3" row-end="3" row-start="3" text="&lt;0.001">
   </cell>
   <cell col-end="4" col-start="4" row-end="3" row-start="3" text="0.006">
   </cell>
   <cell col-end="5" col-start="5" row-end="3" row-start="3" text="0.562">
   </cell>
   <cell col-end="6" col-start="6" row-end="3" row-start="3" text="1132">
   </cell>
  </row>
  <row row="4">
   <cell col-end="0" col-start="0" row-end="4" row-start="4" text="AE ~ Raw species richness">
   </cell>
   <cell col-end="1" col-start="1" row-end="4" row-start="4" text="0.007">
   </cell>
   <cell col-end="2" col-start="2" row-end="4" row-start="4" text="25.74">
   </cell>
   <cell col-end="3" col-start="3" row-end="4" row-start="4" text="&lt;0.001">
   </cell>
   <cell col-end="4" col-start="4" row-end="4" row-start="4" text="0.021">
   </cell>
   <cell col-end="5" col-start="5" row-end="4" row-start="4" text="0.27">
   </cell>
   <cell col-end="6" col-start="6" row-end="4" row-start="4" text="1145">
   </cell>
  </row>
  <row row="5">
   <cell col-end="0" col-start="0" row-end="5" row-start="5" text="NDSI ~ Raw species richness">
   </cell>
   <cell col-end="1" col-start="1" row-end="5" row-start="5" text="0.006">
   </cell>
   <cell col-end="2" col-start="2" row-end="5" row-start="5" text="14.17">
   </cell>
   <cell col-end="3" col-start="3" row-end="5" row-start="5" text="&lt;0.001">
   </cell>
   <cell col-end="4" col-start="4" row-end="5" row-start="5" text="0.012">
   </cell>
   <cell col-end="5" col-start="5" row-end="5" row-start="5" text="0.295">
   </cell>
   <cell col-end="6" col-start="6" row-end="5" row-start="5" text="1145">
   </cell>
  </row>
  <row row="6">
   <cell col-end="0" col-start="0" row-end="6" row-start="6" text="BI ~ Time-of-day">
   </cell>
   <cell col-end="1" col-start="1" row-end="6" row-start="6" text="−0.004">
   </cell>
   <cell col-end="2" col-start="2" row-end="6" row-start="6" text="15.98">
   </cell>
   <cell col-end="3" col-start="3" row-end="6" row-start="6" text="&lt;0.001">
   </cell>
   <cell col-end="4" col-start="4" row-end="6" row-start="6" text="0.013">
   </cell>
   <cell col-end="5" col-start="5" row-end="6" row-start="6" text="2.679">
   </cell>
   <cell col-end="6" col-start="6" row-end="6" row-start="6" text="1145">
   </cell>
  </row>
  <row row="7">
   <cell col-end="0" col-start="0" row-end="7" row-start="7" text="AC ~ Time-of-day">
   </cell>
   <cell col-end="1" col-start="1" row-end="7" row-start="7" text="−1.515">
   </cell>
   <cell col-end="2" col-start="2" row-end="7" row-start="7" text="56.97">
   </cell>
   <cell col-end="3" col-start="3" row-end="7" row-start="7" text="&lt;0.001">
   </cell>
   <cell col-end="4" col-start="4" row-end="7" row-start="7" text="0.047">
   </cell>
   <cell col-end="5" col-start="5" row-end="7" row-start="7" text="517.2">
   </cell>
   <cell col-end="6" col-start="6" row-end="7" row-start="7" text="1132">
   </cell>
  </row>
  <row row="8">
   <cell col-end="0" col-start="0" row-end="8" row-start="8" text="AD ~ Time-of-day">
   </cell>
   <cell col-end="1" col-start="1" row-end="8" row-start="8" text="0.0001">
   </cell>
   <cell col-end="2" col-start="2" row-end="8" row-start="8" text="0.487">
   </cell>
   <cell col-end="3" col-start="3" row-end="8" row-start="8" text="0.485">
   </cell>
   <cell col-end="4" col-start="4" row-end="8" row-start="8" text="&lt;0.001">
   </cell>
   <cell col-end="5" col-start="5" row-end="8" row-start="8" text="0.563">
   </cell>
   <cell col-end="6" col-start="6" row-end="8" row-start="8" text="1132">
   </cell>
  </row>
  <row row="9">
   <cell col-end="0" col-start="0" row-end="9" row-start="9" text="AE ~ Time-of-day">
   </cell>
   <cell col-end="1" col-start="1" row-end="9" row-start="9" text="−0.0002">
   </cell>
   <cell col-end="2" col-start="2" row-end="9" row-start="9" text="3.508">
   </cell>
   <cell col-end="3" col-start="3" row-end="9" row-start="9" text="0.061">
   </cell>
   <cell col-end="4" col-start="4" row-end="9" row-start="9" text="0.003">
   </cell>
   <cell col-end="5" col-start="5" row-end="9" row-start="9" text="359.4">
   </cell>
   <cell col-end="6" col-start="6" row-end="9" row-start="9" text="1132">
   </cell>
  </row>
  <row row="10">
   <cell col-end="0" col-start="0" row-end="10" row-start="10" text="NDSI ~ Time-of-day">
   </cell>
   <cell col-end="1" col-start="1" row-end="10" row-start="10" text="0.0009">
   </cell>
   <cell col-end="2" col-start="2" row-end="10" row-start="10" text="58.71">
   </cell>
   <cell col-end="3" col-start="3" row-end="10" row-start="10" text="&lt;0.001">
   </cell>
   <cell col-end="4" col-start="4" row-end="10" row-start="10" text="0.049">
   </cell>
   <cell col-end="5" col-start="5" row-end="10" row-start="10" text="0.289">
   </cell>
   <cell col-end="6" col-start="6" row-end="10" row-start="10" text="1132">
   </cell>
  </row>
  <statements>
   <statement id="0" text="All the values given in p-value is &gt;0." type="">
   </statement>
   <statement id="1" text="Degrees of freedom is differentiated into 1145 and 1132." type="">
   </statement>
   <statement id="2" text="Degrees of freedom is differentiated into 1189 and 1547." type="">
   </statement>
   <statement id="3" text="The are 7 different columns in the given table." type="">
   </statement>
   <statement id="4" text="There are 15 types of Linear model." type="">
   </statement>
  </statements>
 </table>
</document>