<document>
 <table id="Table 1">
  <caption text="

   Purification chart of bevacizumab using Ac-PHQGQHIGVSK-agarose matrix.
  
">
  </caption>
  <row row="0">
   <cell col-end="0" col-start="0" row-end="0" row-start="0" text="Sample">
   </cell>
   <cell col-end="1" col-start="1" row-end="0" row-start="0" text="b
      

     Total protein (mg)">
   </cell>
   <cell col-end="2" col-start="2" row-end="0" row-start="0" text="c
      

     Total bevacizumab (mg)">
   </cell>
   <cell col-end="3" col-start="3" row-end="0" row-start="0" text="d
      

     Purity %">
   </cell>
   <cell col-end="4" col-start="4" row-end="0" row-start="0" text="Fold purification">
   </cell>
   <cell col-end="5" col-start="5" row-end="0" row-start="0" text="Yield
     
     (%)">
   </cell>
  </row>
  <row row="1">
   <cell col-end="0" col-start="0" row-end="1" row-start="1" text="a
      

     Crude sample">
   </cell>
   <cell col-end="1" col-start="1" row-end="1" row-start="1" text="0.487">
   </cell>
   <cell col-end="2" col-start="2" row-end="1" row-start="1" text="0.219">
   </cell>
   <cell col-end="3" col-start="3" row-end="1" row-start="1" text="45.0">
   </cell>
   <cell col-end="4" col-start="4" row-end="1" row-start="1" text="1.0">
   </cell>
   <cell col-end="5" col-start="5" row-end="1" row-start="1" text="100">
   </cell>
  </row>
  <row row="2">
   <cell col-end="0" col-start="0" row-end="2" row-start="2" text="Eluate fraction">
   </cell>
   <cell col-end="1" col-start="1" row-end="2" row-start="2" text="0.210">
   </cell>
   <cell col-end="2" col-start="2" row-end="2" row-start="2" text="0.206">
   </cell>
   <cell col-end="3" col-start="3" row-end="2" row-start="2" text="98.1">
   </cell>
   <cell col-end="4" col-start="4" row-end="2" row-start="2" text="2.2">
   </cell>
   <cell col-end="5" col-start="5" row-end="2" row-start="2" text="94.1">
   </cell>
  </row>
  <statements>
   <statement id="0" text="All the values of samples are same." type="">
   </statement>
   <statement id="2" text="The Fold purification of Eluate fraction is low." type="">
   </statement>
   <statement id="3" text="The Purity % is 100 for all samples." type="">
   </statement>
   <statement id="4" text="The Total protein (mg) is same for all samples." type="">
   </statement>
   <statement id="5" text="The Total protein (mg)of Crude sample is 0.487." type="">
   </statement>
   <statement id="6" text="The Yield (%) is below 80." type="">
   </statement>
  </statements>
 </table>
</document>