<document>
 <table id="Table 1">
  <caption text="

   Results of elemental analysis.
  
">
  </caption>
  <row row="0">
   <cell col-end="0" col-start="0" row-end="0" row-start="0" text="Sample name">
   </cell>
   <cell col-end="1" col-start="1" row-end="0" row-start="0" text="%C">
   </cell>
   <cell col-end="2" col-start="2" row-end="0" row-start="0" text="%H">
   </cell>
   <cell col-end="3" col-start="3" row-end="0" row-start="0" text="%N">
   </cell>
   <cell col-end="4" col-start="4" row-end="0" row-start="0" text="%Bi">
   </cell>
   <cell col-end="5" col-start="5" row-end="0" row-start="0" text="%Ti">
   </cell>
   <cell col-end="6" col-start="6" row-end="0" row-start="0" text="%Br">
   </cell>
   <cell col-end="7" col-start="7" row-end="0" row-start="0" text="%Fe">
   </cell>
  </row>
  <row row="1">
   <cell col-end="0" col-start="0" row-end="1" row-start="1" text="Bismuth titanate">
   </cell>
   <cell col-end="1" col-start="1" row-end="1" row-start="1" text="–">
   </cell>
   <cell col-end="2" col-start="2" row-end="1" row-start="1" text="–">
   </cell>
   <cell col-end="3" col-start="3" row-end="1" row-start="1" text="–">
   </cell>
   <cell col-end="4" col-start="4" row-end="1" row-start="1" text="71.43">
   </cell>
   <cell col-end="5" col-start="5" row-end="1" row-start="1" text="11.19">
   </cell>
   <cell col-end="6" col-start="6" row-end="1" row-start="1" text="–">
   </cell>
   <cell col-end="7" col-start="7" row-end="1" row-start="1" text="–">
   </cell>
  </row>
  <row row="2">
   <cell col-end="0" col-start="0" row-end="2" row-start="2" text="BT-NH
     
      2">
   </cell>
   <cell col-end="1" col-start="1" row-end="2" row-start="2" text="0.35">
   </cell>
   <cell col-end="2" col-start="2" row-end="2" row-start="2" text="0.33">
   </cell>
   <cell col-end="3" col-start="3" row-end="2" row-start="2" text="0.04">
   </cell>
   <cell col-end="4" col-start="4" row-end="2" row-start="2" text="66.81">
   </cell>
   <cell col-end="5" col-start="5" row-end="2" row-start="2" text="12.87">
   </cell>
   <cell col-end="6" col-start="6" row-end="2" row-start="2" text="–">
   </cell>
   <cell col-end="7" col-start="7" row-end="2" row-start="2" text="–">
   </cell>
  </row>
  <row row="3">
   <cell col-end="0" col-start="0" row-end="3" row-start="3" text="BT-Br">
   </cell>
   <cell col-end="1" col-start="1" row-end="3" row-start="3" text="0.46">
   </cell>
   <cell col-end="2" col-start="2" row-end="3" row-start="3" text="0.21">
   </cell>
   <cell col-end="3" col-start="3" row-end="3" row-start="3" text="0.06">
   </cell>
   <cell col-end="4" col-start="4" row-end="3" row-start="3" text="64.41">
   </cell>
   <cell col-end="5" col-start="5" row-end="3" row-start="3" text="14.42">
   </cell>
   <cell col-end="6" col-start="6" row-end="3" row-start="3" text="0.32">
   </cell>
   <cell col-end="7" col-start="7" row-end="3" row-start="3" text="–">
   </cell>
  </row>
  <row row="4">
   <cell col-end="0" col-start="0" row-end="4" row-start="4" text="BT-PolyNIPAm-co-GMA">
   </cell>
   <cell col-end="1" col-start="1" row-end="4" row-start="4" text="16.14">
   </cell>
   <cell col-end="2" col-start="2" row-end="4" row-start="4" text="1.96">
   </cell>
   <cell col-end="3" col-start="3" row-end="4" row-start="4" text="0.23">
   </cell>
   <cell col-end="4" col-start="4" row-end="4" row-start="4" text="51.06">
   </cell>
   <cell col-end="5" col-start="5" row-end="4" row-start="4" text="10.37">
   </cell>
   <cell col-end="6" col-start="6" row-end="4" row-start="4" text="0.03">
   </cell>
   <cell col-end="7" col-start="7" row-end="4" row-start="4" text="–">
   </cell>
  </row>
  <row row="5">
   <cell col-end="0" col-start="0" row-end="5" row-start="5" text="BT-PolyNIPAm-co-GMA-OH">
   </cell>
   <cell col-end="1" col-start="1" row-end="5" row-start="5" text="14.42">
   </cell>
   <cell col-end="2" col-start="2" row-end="5" row-start="5" text="2.30">
   </cell>
   <cell col-end="3" col-start="3" row-end="5" row-start="5" text="0.08">
   </cell>
   <cell col-end="4" col-start="4" row-end="5" row-start="5" text="52.13">
   </cell>
   <cell col-end="5" col-start="5" row-end="5" row-start="5" text="9.67">
   </cell>
   <cell col-end="6" col-start="6" row-end="5" row-start="5" text="0.02">
   </cell>
   <cell col-end="7" col-start="7" row-end="5" row-start="5" text="–">
   </cell>
  </row>
  <row row="6">
   <cell col-end="0" col-start="0" row-end="6" row-start="6" text="BT-PolyNIPAm-co-GMA-OH-Fe">
   </cell>
   <cell col-end="1" col-start="1" row-end="6" row-start="6" text="14.88">
   </cell>
   <cell col-end="2" col-start="2" row-end="6" row-start="6" text="2.32">
   </cell>
   <cell col-end="3" col-start="3" row-end="6" row-start="6" text="0.13">
   </cell>
   <cell col-end="4" col-start="4" row-end="6" row-start="6" text="49.44">
   </cell>
   <cell col-end="5" col-start="5" row-end="6" row-start="6" text="9.52">
   </cell>
   <cell col-end="6" col-start="6" row-end="6" row-start="6" text="0.02">
   </cell>
   <cell col-end="7" col-start="7" row-end="6" row-start="6" text="0.59">
   </cell>
  </row>
  <statements>
   <statement id="0" text="BT-PolyNIPAm-co-GMA-OH-Fe %N is 0.13." type="">
   </statement>
   <statement id="2" text="Sample name Bismuth titanate %Bi is 71.43." type="">
   </statement>
   <statement id="3" text="Sample name Bismuth titanate %H is 71.45." type="">
   </statement>
   <statement id="4" text="Sample name BT-Br %Ti is 14.42." type="">
   </statement>
  </statements>
 </table>
</document>