<document>
 <table id="Table 2">
  <caption text="

   Participant demographic information, untreated vs. DTC-treated BPD. SEM = Standard error of the mean.
  
">
  </caption>
  <row row="0">
   <cell col-end="0" col-start="0" row-end="0" row-start="0" text="">
   </cell>
   <cell col-end="2" col-start="1" row-end="0" row-start="0" text="Untreated BPD (N=20)">
   </cell>
   <cell col-end="4" col-start="3" row-end="0" row-start="0" text="DTC-treated (N=23)">
   </cell>
   <cell col-end="6" col-start="5" row-end="0" row-start="0" text="">
   </cell>
  </row>
  <row row="1">
   <cell col-end="0" col-start="0" row-end="1" row-start="1" text="">
   </cell>
   <cell col-end="1" col-start="1" row-end="1" row-start="1" text="Mean">
   </cell>
   <cell col-end="2" col-start="2" row-end="1" row-start="1" text="SEM">
   </cell>
   <cell col-end="3" col-start="3" row-end="1" row-start="1" text="Mean">
   </cell>
   <cell col-end="4" col-start="4" row-end="1" row-start="1" text="SEM">
   </cell>
   <cell col-end="5" col-start="5" row-end="1" row-start="1" text="Z
     
     -stat">
   </cell>
   <cell col-end="6" col-start="6" row-end="1" row-start="1" text="p-value">
   </cell>
  </row>
  <row row="2">
   <cell col-end="0" col-start="0" row-end="2" row-start="2" text="Age on date of participation">
   </cell>
   <cell col-end="1" col-start="1" row-end="2" row-start="2" text="39.500">
   </cell>
   <cell col-end="2" col-start="2" row-end="2" row-start="2" text="2.561">
   </cell>
   <cell col-end="3" col-start="3" row-end="2" row-start="2" text="41.609">
   </cell>
   <cell col-end="4" col-start="4" row-end="2" row-start="2" text="2.205">
   </cell>
   <cell col-end="5" col-start="5" row-end="2" row-start="2" text="-0.573">
   </cell>
   <cell col-end="6" col-start="6" row-end="2" row-start="2" text="0.567">
   </cell>
  </row>
  <row row="3">
   <cell col-end="0" col-start="0" row-end="3" row-start="3" text="Highest level of education">
   </cell>
   <cell col-end="1" col-start="1" row-end="3" row-start="3" text="2.412">
   </cell>
   <cell col-end="2" col-start="2" row-end="3" row-start="3" text="0.195">
   </cell>
   <cell col-end="3" col-start="3" row-end="3" row-start="3" text="2.632">
   </cell>
   <cell col-end="4" col-start="4" row-end="3" row-start="3" text="0.211">
   </cell>
   <cell col-end="5" col-start="5" row-end="3" row-start="3" text="-0.748">
   </cell>
   <cell col-end="6" col-start="6" row-end="3" row-start="3" text="0.455">
   </cell>
  </row>
  <row row="4">
   <cell col-end="0" col-start="0" row-end="4" row-start="4" text="Psychopathy">
   </cell>
   <cell col-end="1" col-start="1" row-end="4" row-start="4" text="42.053">
   </cell>
   <cell col-end="2" col-start="2" row-end="4" row-start="4" text="2.024">
   </cell>
   <cell col-end="3" col-start="3" row-end="4" row-start="4" text="40.217">
   </cell>
   <cell col-end="4" col-start="4" row-end="4" row-start="4" text="2.628">
   </cell>
   <cell col-end="5" col-start="5" row-end="4" row-start="4" text="0.999">
   </cell>
   <cell col-end="6" col-start="6" row-end="4" row-start="4" text="0.318">
   </cell>
  </row>
  <row row="5">
   <cell col-end="0" col-start="0" row-end="5" row-start="5" text="Personality inventory for DSM-V">
   </cell>
   <cell col-end="1" col-start="1" row-end="5" row-start="5" text="39.950">
   </cell>
   <cell col-end="2" col-start="2" row-end="5" row-start="5" text="3.042">
   </cell>
   <cell col-end="3" col-start="3" row-end="5" row-start="5" text="33.478">
   </cell>
   <cell col-end="4" col-start="4" row-end="5" row-start="5" text="3.029">
   </cell>
   <cell col-end="5" col-start="5" row-end="5" row-start="5" text="1.572">
   </cell>
   <cell col-end="6" col-start="6" row-end="5" row-start="5" text="0.116">
   </cell>
  </row>
  <row row="6">
   <cell col-end="0" col-start="0" row-end="6" row-start="6" text="Borderline evaluation of severity over time (BEST)">
   </cell>
   <cell col-end="1" col-start="1" row-end="6" row-start="6" text="41.444">
   </cell>
   <cell col-end="2" col-start="2" row-end="6" row-start="6" text="1.975">
   </cell>
   <cell col-end="3" col-start="3" row-end="6" row-start="6" text="26.867">
   </cell>
   <cell col-end="4" col-start="4" row-end="6" row-start="6" text="1.956">
   </cell>
   <cell col-end="5" col-start="5" row-end="6" row-start="6" text="3.690">
   </cell>
   <cell col-end="6" col-start="6" row-end="6" row-start="6" text="&lt;0.001">
   </cell>
  </row>
  <statements>
   <statement id="0" text="Age on date of participation and Personality inventory for DSM-V has accurate mean value under Untreated BPD." type="">
   </statement>
   <statement id="1" text="Borderline evaluation of severity over time (BEST) has the lowest p-value." type="">
   </statement>
   <statement id="2" text="Next, we compared performance on the moral inference task for DTC-treated and untreated BPD participants who were matched for sex, age, education, self-report psychopathy, and clinically relevant personality traits ( Table 2 )." type="">
   </statement>
   <statement id="3" text="Only Age on date of participation and highest level of education has negative Z-stat value." type="">
   </statement>
   <statement id="4" text="Only Age on date of participation and highest level of education has positive Z-stat value." type="">
   </statement>
   <statement id="6" text="Psychopathy and Highest level of education has same z-stat value." type="">
   </statement>
   <statement id="7" text="The p-value of Borderline evaluation of severity over time (BEST) is &gt;0.001." type="">
   </statement>
  </statements>
 </table>
</document>