<document>
 <table id="Table 2">
  <caption text="

   Effect of the added semantic features to classification performance, where all text segments (tweets/comments per user or segments per news article) are used. The best performing feature selection heuristic for the majority of top performing classifiers was “rarest terms” or “Closeness centrality”, indicating that only a handful of hypernyms carry added value, relevant for classification. Note that the results in the table correspond to the best performing combination of a classifier and a given heuristic.
  
">
  </caption>
  <row row="0">
   <cell col-end="0" col-start="0" row-end="0" row-start="0" text="# Semantic">
   </cell>
   <cell col-end="1" col-start="1" row-end="0" row-start="0" text="Learner">
   </cell>
   <cell col-end="2" col-start="2" row-end="0" row-start="0" text="PAN (Age)">
   </cell>
   <cell col-end="3" col-start="3" row-end="0" row-start="0" text="PAN (Gender)">
   </cell>
   <cell col-end="4" col-start="4" row-end="0" row-start="0" text="MBTI">
   </cell>
   <cell col-end="5" col-start="5" row-end="0" row-start="0" text="BBC News">
   </cell>
   <cell col-end="6" col-start="6" row-end="0" row-start="0" text="Drugs (effect)">
   </cell>
   <cell col-end="7" col-start="7" row-end="0" row-start="0" text="Drugs (side)">
   </cell>
  </row>
  <row row="1">
   <cell col-end="0" col-start="0" row-end="1" row-start="1" text="0">
   </cell>
   <cell col-end="1" col-start="1" row-end="1" row-start="1" text="HILSTM">
   </cell>
   <cell col-end="2" col-start="2" row-end="1" row-start="1" text="0.422">
   </cell>
   <cell col-end="3" col-start="3" row-end="1" row-start="1" text="0.752">
   </cell>
   <cell col-end="4" col-start="4" row-end="1" row-start="1" text="0.407">
   </cell>
   <cell col-end="5" col-start="5" row-end="1" row-start="1" text="0.833">
   </cell>
   <cell col-end="6" col-start="6" row-end="1" row-start="1" text="0.443">
   </cell>
   <cell col-end="7" col-start="7" row-end="1" row-start="1" text="0.514">
   </cell>
  </row>
  <row row="2">
   <cell col-end="0" col-start="0" row-end="2" row-start="2" text="0">
   </cell>
   <cell col-end="1" col-start="1" row-end="2" row-start="2" text="SVM (Martinc et al.)">
   </cell>
   <cell col-end="2" col-start="2" row-end="2" row-start="2" text="0.417">
   </cell>
   <cell col-end="3" col-start="3" row-end="2" row-start="2" text="0.814">
   </cell>
   <cell col-end="4" col-start="4" row-end="2" row-start="2" text="Image 1">
   </cell>
   <cell col-end="5" col-start="5" row-end="2" row-start="2" text="0.983">
   </cell>
   <cell col-end="6" col-start="6" row-end="2" row-start="2" text="0.468">
   </cell>
   <cell col-end="7" col-start="7" row-end="2" row-start="2" text="0.503">
   </cell>
  </row>
  <row row="3">
   <cell col-end="0" col-start="0" row-end="3" row-start="3" text="0">
   </cell>
   <cell col-end="1" col-start="1" row-end="3" row-start="3" text="SVM (generic)">
   </cell>
   <cell col-end="2" col-start="2" row-end="3" row-start="3" text="0.424">
   </cell>
   <cell col-end="3" col-start="3" row-end="3" row-start="3" text="0.751">
   </cell>
   <cell col-end="4" col-start="4" row-end="3" row-start="3" text="0.556">
   </cell>
   <cell col-end="5" col-start="5" row-end="3" row-start="3" text="0.967">
   </cell>
   <cell col-end="6" col-start="6" row-end="3" row-start="3" text="0.445">
   </cell>
   <cell col-end="7" col-start="7" row-end="3" row-start="3" text="0.462">
   </cell>
  </row>
  <row row="4">
   <cell col-end="0" col-start="0" row-end="4" row-start="4" text="256 (doc2vec)">
   </cell>
   <cell col-end="1" col-start="1" row-end="4" row-start="4" text="SVM (Martinc et al.)">
   </cell>
   <cell col-end="2" col-start="2" row-end="4" row-start="4" text="0.422">
   </cell>
   <cell col-end="3" col-start="3" row-end="4" row-start="4" text="Image 2">
   </cell>
   <cell col-end="4" col-start="4" row-end="4" row-start="4" text="0.675">
   </cell>
   <cell col-end="5" col-start="5" row-end="4" row-start="4" text="0.979">
   </cell>
   <cell col-end="6" col-start="6" row-end="4" row-start="4" text="0.416">
   </cell>
   <cell col-end="7" col-start="7" row-end="4" row-start="4" text="Image 3">
   </cell>
  </row>
  <row row="5">
   <cell col-end="0" col-start="0" row-end="5" row-start="5" text="30 (tax2vec)">
   </cell>
   <cell col-end="1" col-start="1" row-end="5" row-start="5" text="DNN">
   </cell>
   <cell col-end="2" col-start="2" row-end="5" row-start="5" text="0.400">
   </cell>
   <cell col-end="3" col-start="3" row-end="5" row-start="5" text="0.511">
   </cell>
   <cell col-end="4" col-start="4" row-end="5" row-start="5" text="0.182">
   </cell>
   <cell col-end="5" col-start="5" row-end="5" row-start="5" text="0.353">
   </cell>
   <cell col-end="6" col-start="6" row-end="5" row-start="5" text="0.400">
   </cell>
   <cell col-end="7" col-start="7" row-end="5" row-start="5" text="0.321">
   </cell>
  </row>
  <row row="6">
   <cell col-end="0" col-start="0" row-end="6" row-start="6" text="10 (tax2vec)">
   </cell>
   <cell col-end="1" col-start="1" row-end="6" row-start="6" text="SVM (Martinc et al.)">
   </cell>
   <cell col-end="2" col-start="2" row-end="6" row-start="6" text="0.445">
   </cell>
   <cell col-end="3" col-start="3" row-end="6" row-start="6" text="0.815">
   </cell>
   <cell col-end="4" col-start="4" row-end="6" row-start="6" text="0.679">
   </cell>
   <cell col-end="5" col-start="5" row-end="6" row-start="6" text="Image 4">
   </cell>
   <cell col-end="6" col-start="6" row-end="6" row-start="6" text="Image 5">
   </cell>
   <cell col-end="7" col-start="7" row-end="6" row-start="6" text="0.506">
   </cell>
  </row>
  <row row="7">
   <cell col-end="0" col-start="0" row-end="7" row-start="7" text="">
   </cell>
   <cell col-end="1" col-start="1" row-end="7" row-start="7" text="SVM (generic)">
   </cell>
   <cell col-end="2" col-start="2" row-end="7" row-start="7" text="Image 6">
   </cell>
   <cell col-end="3" col-start="3" row-end="7" row-start="7" text="0.781">
   </cell>
   <cell col-end="4" col-start="4" row-end="7" row-start="7" text="0.556">
   </cell>
   <cell col-end="5" col-start="5" row-end="7" row-start="7" text="0.972">
   </cell>
   <cell col-end="6" col-start="6" row-end="7" row-start="7" text="0.445">
   </cell>
   <cell col-end="7" col-start="7" row-end="7" row-start="7" text="0.469">
   </cell>
  </row>
  <row row="8">
   <cell col-end="0" col-start="0" row-end="8" row-start="8" text="25 (tax2vec)">
   </cell>
   <cell col-end="1" col-start="1" row-end="8" row-start="8" text="SVM (Martinc et al.)">
   </cell>
   <cell col-end="2" col-start="2" row-end="8" row-start="8" text="0.454">
   </cell>
   <cell col-end="3" col-start="3" row-end="8" row-start="8" text="0.814">
   </cell>
   <cell col-end="4" col-start="4" row-end="8" row-start="8" text="0.681">
   </cell>
   <cell col-end="5" col-start="5" row-end="8" row-start="8" text="0.984">
   </cell>
   <cell col-end="6" col-start="6" row-end="8" row-start="8" text="0.468">
   </cell>
   <cell col-end="7" col-start="7" row-end="8" row-start="8" text="0.500">
   </cell>
  </row>
  <row row="9">
   <cell col-end="0" col-start="0" row-end="9" row-start="9" text="">
   </cell>
   <cell col-end="1" col-start="1" row-end="9" row-start="9" text="SVM (generic)">
   </cell>
   <cell col-end="2" col-start="2" row-end="9" row-start="9" text="0.484">
   </cell>
   <cell col-end="3" col-start="3" row-end="9" row-start="9" text="0.755">
   </cell>
   <cell col-end="4" col-start="4" row-end="9" row-start="9" text="0.554">
   </cell>
   <cell col-end="5" col-start="5" row-end="9" row-start="9" text="0.967">
   </cell>
   <cell col-end="6" col-start="6" row-end="9" row-start="9" text="0.449">
   </cell>
   <cell col-end="7" col-start="7" row-end="9" row-start="9" text="0.466">
   </cell>
  </row>
  <row row="10">
   <cell col-end="0" col-start="0" row-end="10" row-start="10" text="50 (tax2vec)">
   </cell>
   <cell col-end="1" col-start="1" row-end="10" row-start="10" text="SVM (Martinc et al.)">
   </cell>
   <cell col-end="2" col-start="2" row-end="10" row-start="10" text="0.439">
   </cell>
   <cell col-end="3" col-start="3" row-end="10" row-start="10" text="0.814">
   </cell>
   <cell col-end="4" col-start="4" row-end="10" row-start="10" text="0.681">
   </cell>
   <cell col-end="5" col-start="5" row-end="10" row-start="10" text="0.983">
   </cell>
   <cell col-end="6" col-start="6" row-end="10" row-start="10" text="0.462">
   </cell>
   <cell col-end="7" col-start="7" row-end="10" row-start="10" text="0.499">
   </cell>
  </row>
  <row row="11">
   <cell col-end="0" col-start="0" row-end="11" row-start="11" text="">
   </cell>
   <cell col-end="1" col-start="1" row-end="11" row-start="11" text="SVM (generic)">
   </cell>
   <cell col-end="2" col-start="2" row-end="11" row-start="11" text="0.444">
   </cell>
   <cell col-end="3" col-start="3" row-end="11" row-start="11" text="0.751">
   </cell>
   <cell col-end="4" col-start="4" row-end="11" row-start="11" text="0.554">
   </cell>
   <cell col-end="5" col-start="5" row-end="11" row-start="11" text="0.963">
   </cell>
   <cell col-end="6" col-start="6" row-end="11" row-start="11" text="0.446">
   </cell>
   <cell col-end="7" col-start="7" row-end="11" row-start="11" text="0.463">
   </cell>
  </row>
  <row row="12">
   <cell col-end="0" col-start="0" row-end="12" row-start="12" text="100 (tax2vec)">
   </cell>
   <cell col-end="1" col-start="1" row-end="12" row-start="12" text="SVM (Martinc et al.)">
   </cell>
   <cell col-end="2" col-start="2" row-end="12" row-start="12" text="0.424">
   </cell>
   <cell col-end="3" col-start="3" row-end="12" row-start="12" text="0.816">
   </cell>
   <cell col-end="4" col-start="4" row-end="12" row-start="12" text="0.678">
   </cell>
   <cell col-end="5" col-start="5" row-end="12" row-start="12" text="0.984">
   </cell>
   <cell col-end="6" col-start="6" row-end="12" row-start="12" text="0.466">
   </cell>
   <cell col-end="7" col-start="7" row-end="12" row-start="12" text="0.496">
   </cell>
  </row>
  <row row="13">
   <cell col-end="0" col-start="0" row-end="13" row-start="13" text="">
   </cell>
   <cell col-end="1" col-start="1" row-end="13" row-start="13" text="SVM (generic)">
   </cell>
   <cell col-end="2" col-start="2" row-end="13" row-start="13" text="0.422">
   </cell>
   <cell col-end="3" col-start="3" row-end="13" row-start="13" text="0.749">
   </cell>
   <cell col-end="4" col-start="4" row-end="13" row-start="13" text="0.551">
   </cell>
   <cell col-end="5" col-start="5" row-end="13" row-start="13" text="0.958">
   </cell>
   <cell col-end="6" col-start="6" row-end="13" row-start="13" text="0.443">
   </cell>
   <cell col-end="7" col-start="7" row-end="13" row-start="13" text="0.460">
   </cell>
  </row>
  <row row="14">
   <cell col-end="0" col-start="0" row-end="14" row-start="14" text="500 (tax2vec)">
   </cell>
   <cell col-end="1" col-start="1" row-end="14" row-start="14" text="SVM (Martinc et al.)">
   </cell>
   <cell col-end="2" col-start="2" row-end="14" row-start="14" text="0.383">
   </cell>
   <cell col-end="3" col-start="3" row-end="14" row-start="14" text="0.797">
   </cell>
   <cell col-end="4" col-start="4" row-end="14" row-start="14" text="0.662">
   </cell>
   <cell col-end="5" col-start="5" row-end="14" row-start="14" text="0.975">
   </cell>
   <cell col-end="6" col-start="6" row-end="14" row-start="14" text="0.450">
   </cell>
   <cell col-end="7" col-start="7" row-end="14" row-start="14" text="0.470">
   </cell>
  </row>
  <row row="15">
   <cell col-end="0" col-start="0" row-end="15" row-start="15" text="">
   </cell>
   <cell col-end="1" col-start="1" row-end="15" row-start="15" text="SVM (generic)">
   </cell>
   <cell col-end="2" col-start="2" row-end="15" row-start="15" text="0.400">
   </cell>
   <cell col-end="3" col-start="3" row-end="15" row-start="15" text="0.724">
   </cell>
   <cell col-end="4" col-start="4" row-end="15" row-start="15" text="0.532">
   </cell>
   <cell col-end="5" col-start="5" row-end="15" row-start="15" text="0.909">
   </cell>
   <cell col-end="6" col-start="6" row-end="15" row-start="15" text="0.424">
   </cell>
   <cell col-end="7" col-start="7" row-end="15" row-start="15" text="0.438">
   </cell>
  </row>
  <row row="16">
   <cell col-end="0" col-start="0" row-end="16" row-start="16" text="1000 (tax2vec)">
   </cell>
   <cell col-end="1" col-start="1" row-end="16" row-start="16" text="SVM (Martinc et al.)">
   </cell>
   <cell col-end="2" col-start="2" row-end="16" row-start="16" text="0.368">
   </cell>
   <cell col-end="3" col-start="3" row-end="16" row-start="16" text="0.783">
   </cell>
   <cell col-end="4" col-start="4" row-end="16" row-start="16" text="0.647">
   </cell>
   <cell col-end="5" col-start="5" row-end="16" row-start="16" text="0.964">
   </cell>
   <cell col-end="6" col-start="6" row-end="16" row-start="16" text="0.436">
   </cell>
   <cell col-end="7" col-start="7" row-end="16" row-start="16" text="0.466">
   </cell>
  </row>
  <row row="17">
   <cell col-end="0" col-start="0" row-end="17" row-start="17" text="">
   </cell>
   <cell col-end="1" col-start="1" row-end="17" row-start="17" text="SVM (generic)">
   </cell>
   <cell col-end="2" col-start="2" row-end="17" row-start="17" text="0.373">
   </cell>
   <cell col-end="3" col-start="3" row-end="17" row-start="17" text="0.701">
   </cell>
   <cell col-end="4" col-start="4" row-end="17" row-start="17" text="0.512">
   </cell>
   <cell col-end="5" col-start="5" row-end="17" row-start="17" text="0.851">
   </cell>
   <cell col-end="6" col-start="6" row-end="17" row-start="17" text="0.407">
   </cell>
   <cell col-end="7" col-start="7" row-end="17" row-start="17" text="0.420">
   </cell>
  </row>
  <statements>
   <statement id="1" text="The highest PAN (age) is 0.422." type="">
   </statement>
   <statement id="2" text="The highest PAN (age) is 0.484." type="">
   </statement>
   <statement id="3" text="The highest PAN (Gender) is 0.511." type="">
   </statement>
   <statement id="4" text="The lowest Drugs ( effect ) 0.468." type="">
   </statement>
   <statement id="5" text="The lowest Drugs (side) 0.514." type="">
   </statement>
   <statement id="6" text="There are different types of Learner ." type="">
   </statement>
  </statements>
 </table>
 <table id="Table 4">
  <caption text="

   Most informative features with respect to the target class (ranked by MI)—Classes represent news topics (BBC) and different age intervals (PAN 2016 (Age)). Individual target classes are sorted according to a descending mutual information with respect to a given feature.
  
">
  </caption>
  <row row="0">
   <cell col-end="0" col-start="0" row-end="0" row-start="0" text="">
   </cell>
   <cell col-end="1" col-start="1" row-end="0" row-start="0" text="">
   </cell>
   <cell col-end="6" col-start="2" row-end="0" row-start="0" text="Sorted target class-mutual information pairs">
   </cell>
  </row>
  <row row="1">
   <cell col-end="0" col-start="0" row-end="1" row-start="1" text="Semantic feature">
   </cell>
   <cell col-end="1" col-start="1" row-end="1" row-start="1" text="Average MI">
   </cell>
   <cell col-end="2" col-start="2" row-end="1" row-start="1" text="Class 1">
   </cell>
   <cell col-end="3" col-start="3" row-end="1" row-start="1" text="Class 2">
   </cell>
   <cell col-end="4" col-start="4" row-end="1" row-start="1" text="Class 3">
   </cell>
   <cell col-end="5" col-start="5" row-end="1" row-start="1" text="Class 4">
   </cell>
   <cell col-end="6" col-start="6" row-end="1" row-start="1" text="Class 5">
   </cell>
  </row>
  <row row="2">
   <cell col-end="0" col-start="0" row-end="2" row-start="2" text="BBC News data set">
   </cell>
   <cell col-end="1" col-start="1" row-end="2" row-start="2" text="">
   </cell>
   <cell col-end="2" col-start="2" row-end="2" row-start="2" text="">
   </cell>
   <cell col-end="3" col-start="3" row-end="2" row-start="2" text="">
   </cell>
   <cell col-end="4" col-start="4" row-end="2" row-start="2" text="">
   </cell>
   <cell col-end="5" col-start="5" row-end="2" row-start="2" text="">
   </cell>
   <cell col-end="6" col-start="6" row-end="2" row-start="2" text="">
   </cell>
  </row>
  <row row="3">
   <cell col-end="0" col-start="0" row-end="3" row-start="3" text="tory.n.03">
   </cell>
   <cell col-end="1" col-start="1" row-end="3" row-start="3" text="0.057">
   </cell>
   <cell col-end="2" col-start="2" row-end="3" row-start="3" text="politics:0.14">
   </cell>
   <cell col-end="3" col-start="3" row-end="3" row-start="3" text="entertainment:0.05">
   </cell>
   <cell col-end="4" col-start="4" row-end="3" row-start="3" text="business:0.03">
   </cell>
   <cell col-end="5" col-start="5" row-end="3" row-start="3" text="sport:0.01">
   </cell>
   <cell col-end="6" col-start="6" row-end="3" row-start="3" text="x">
   </cell>
  </row>
  <row row="4">
   <cell col-end="0" col-start="0" row-end="4" row-start="4" text="movie.n.01">
   </cell>
   <cell col-end="1" col-start="1" row-end="4" row-start="4" text="0.059">
   </cell>
   <cell col-end="2" col-start="2" row-end="4" row-start="4" text="business:0.14">
   </cell>
   <cell col-end="3" col-start="3" row-end="4" row-start="4" text="politics:0.04">
   </cell>
   <cell col-end="4" col-start="4" row-end="4" row-start="4" text="entertainment:0.04">
   </cell>
   <cell col-end="5" col-start="5" row-end="4" row-start="4" text="sport:0.02">
   </cell>
   <cell col-end="6" col-start="6" row-end="4" row-start="4" text="x">
   </cell>
  </row>
  <row row="5">
   <cell col-end="0" col-start="0" row-end="5" row-start="5" text="conservative.n.01">
   </cell>
   <cell col-end="1" col-start="1" row-end="5" row-start="5" text="0.061">
   </cell>
   <cell col-end="2" col-start="2" row-end="5" row-start="5" text="politics:0.15">
   </cell>
   <cell col-end="3" col-start="3" row-end="5" row-start="5" text="entertainment:0.05">
   </cell>
   <cell col-end="4" col-start="4" row-end="5" row-start="5" text="business:0.03">
   </cell>
   <cell col-end="5" col-start="5" row-end="5" row-start="5" text="sport:0.01">
   </cell>
   <cell col-end="6" col-start="6" row-end="5" row-start="5" text="x">
   </cell>
  </row>
  <row row="6">
   <cell col-end="0" col-start="0" row-end="6" row-start="6" text="vote.n.02">
   </cell>
   <cell col-end="1" col-start="1" row-end="6" row-start="6" text="0.061">
   </cell>
   <cell col-end="2" col-start="2" row-end="6" row-start="6" text="business:0.15">
   </cell>
   <cell col-end="3" col-start="3" row-end="6" row-start="6" text="entertainment:0.04">
   </cell>
   <cell col-end="4" col-start="4" row-end="6" row-start="6" text="politics:0.04">
   </cell>
   <cell col-end="5" col-start="5" row-end="6" row-start="6" text="sport:0.02">
   </cell>
   <cell col-end="6" col-start="6" row-end="6" row-start="6" text="x">
   </cell>
  </row>
  <row row="7">
   <cell col-end="0" col-start="0" row-end="7" row-start="7" text="election.n.01">
   </cell>
   <cell col-end="1" col-start="1" row-end="7" row-start="7" text="0.063">
   </cell>
   <cell col-end="2" col-start="2" row-end="7" row-start="7" text="entertainment:0.16">
   </cell>
   <cell col-end="3" col-start="3" row-end="7" row-start="7" text="business:0.05">
   </cell>
   <cell col-end="4" col-start="4" row-end="7" row-start="7" text="politics:0.04">
   </cell>
   <cell col-end="5" col-start="5" row-end="7" row-start="7" text="sport:0.0">
   </cell>
   <cell col-end="6" col-start="6" row-end="7" row-start="7" text="x">
   </cell>
  </row>
  <row row="8">
   <cell col-end="0" col-start="0" row-end="8" row-start="8" text="topology.n.04">
   </cell>
   <cell col-end="1" col-start="1" row-end="8" row-start="8" text="0.063">
   </cell>
   <cell col-end="2" col-start="2" row-end="8" row-start="8" text="entertainment:0.16">
   </cell>
   <cell col-end="3" col-start="3" row-end="8" row-start="8" text="business:0.05">
   </cell>
   <cell col-end="4" col-start="4" row-end="8" row-start="8" text="politics:0.04">
   </cell>
   <cell col-end="5" col-start="5" row-end="8" row-start="8" text="sport:0.0">
   </cell>
   <cell col-end="6" col-start="6" row-end="8" row-start="8" text="x">
   </cell>
  </row>
  <row row="9">
   <cell col-end="0" col-start="0" row-end="9" row-start="9" text="mercantile_establishment.n.01">
   </cell>
   <cell col-end="1" col-start="1" row-end="9" row-start="9" text="0.068">
   </cell>
   <cell col-end="2" col-start="2" row-end="9" row-start="9" text="politics:0.17">
   </cell>
   <cell col-end="3" col-start="3" row-end="9" row-start="9" text="business:0.07">
   </cell>
   <cell col-end="4" col-start="4" row-end="9" row-start="9" text="entertainment:0.03">
   </cell>
   <cell col-end="5" col-start="5" row-end="9" row-start="9" text="sport:0.01">
   </cell>
   <cell col-end="6" col-start="6" row-end="9" row-start="9" text="x">
   </cell>
  </row>
  <row row="10">
   <cell col-end="0" col-start="0" row-end="10" row-start="10" text="star_topology.n.01">
   </cell>
   <cell col-end="1" col-start="1" row-end="10" row-start="10" text="0.069">
   </cell>
   <cell col-end="2" col-start="2" row-end="10" row-start="10" text="politics:0.17">
   </cell>
   <cell col-end="3" col-start="3" row-end="10" row-start="10" text="business:0.07">
   </cell>
   <cell col-end="4" col-start="4" row-end="10" row-start="10" text="entertainment:0.03">
   </cell>
   <cell col-end="5" col-start="5" row-end="10" row-start="10" text="sport:0.01">
   </cell>
   <cell col-end="6" col-start="6" row-end="10" row-start="10" text="x">
   </cell>
  </row>
  <row row="11">
   <cell col-end="0" col-start="0" row-end="11" row-start="11" text="rightist.n.01">
   </cell>
   <cell col-end="1" col-start="1" row-end="11" row-start="11" text="0.074">
   </cell>
   <cell col-end="2" col-start="2" row-end="11" row-start="11" text="politics:0.18">
   </cell>
   <cell col-end="3" col-start="3" row-end="11" row-start="11" text="business:0.06">
   </cell>
   <cell col-end="4" col-start="4" row-end="11" row-start="11" text="entertainment:0.04">
   </cell>
   <cell col-end="5" col-start="5" row-end="11" row-start="11" text="sport:0.01">
   </cell>
   <cell col-end="6" col-start="6" row-end="11" row-start="11" text="x">
   </cell>
  </row>
  <row row="12">
   <cell col-end="0" col-start="0" row-end="12" row-start="12" text="marketplace.n.02">
   </cell>
   <cell col-end="1" col-start="1" row-end="12" row-start="12" text="0.087">
   </cell>
   <cell col-end="2" col-start="2" row-end="12" row-start="12" text="entertainment:0.22">
   </cell>
   <cell col-end="3" col-start="3" row-end="12" row-start="12" text="business:0.06">
   </cell>
   <cell col-end="4" col-start="4" row-end="12" row-start="12" text="politics:0.05">
   </cell>
   <cell col-end="5" col-start="5" row-end="12" row-start="12" text="sport:0.01">
   </cell>
   <cell col-end="6" col-start="6" row-end="12" row-start="12" text="x">
   </cell>
  </row>
  <row row="13">
   <cell col-end="0" col-start="0" row-end="13" row-start="13" text="PAN (Age) data set">
   </cell>
   <cell col-end="1" col-start="1" row-end="13" row-start="13" text="">
   </cell>
   <cell col-end="2" col-start="2" row-end="13" row-start="13" text="">
   </cell>
   <cell col-end="3" col-start="3" row-end="13" row-start="13" text="">
   </cell>
   <cell col-end="4" col-start="4" row-end="13" row-start="13" text="">
   </cell>
   <cell col-end="5" col-start="5" row-end="13" row-start="13" text="">
   </cell>
   <cell col-end="6" col-start="6" row-end="13" row-start="13" text="">
   </cell>
  </row>
  <row row="14">
   <cell col-end="0" col-start="0" row-end="14" row-start="14" text="hippie.n.01">
   </cell>
   <cell col-end="1" col-start="1" row-end="14" row-start="14" text="0.007">
   </cell>
   <cell col-end="2" col-start="2" row-end="14" row-start="14" text="25-34:0.01">
   </cell>
   <cell col-end="3" col-start="3" row-end="14" row-start="14" text="35-49:0.01">
   </cell>
   <cell col-end="4" col-start="4" row-end="14" row-start="14" text="18-24:0.0">
   </cell>
   <cell col-end="5" col-start="5" row-end="14" row-start="14" text="65-xx:0.0">
   </cell>
   <cell col-end="6" col-start="6" row-end="14" row-start="14" text="50-64:0.0">
   </cell>
  </row>
  <row row="15">
   <cell col-end="0" col-start="0" row-end="15" row-start="15" text="ceremony.n.03">
   </cell>
   <cell col-end="1" col-start="1" row-end="15" row-start="15" text="0.007">
   </cell>
   <cell col-end="2" col-start="2" row-end="15" row-start="15" text="25-34:0.01">
   </cell>
   <cell col-end="3" col-start="3" row-end="15" row-start="15" text="35-49:0.01">
   </cell>
   <cell col-end="4" col-start="4" row-end="15" row-start="15" text="18-24:0.01">
   </cell>
   <cell col-end="5" col-start="5" row-end="15" row-start="15" text="65-xx:0.0">
   </cell>
   <cell col-end="6" col-start="6" row-end="15" row-start="15" text="50-64:0.0">
   </cell>
  </row>
  <row row="16">
   <cell col-end="0" col-start="0" row-end="16" row-start="16" text="resource.n.02">
   </cell>
   <cell col-end="1" col-start="1" row-end="16" row-start="16" text="0.008">
   </cell>
   <cell col-end="2" col-start="2" row-end="16" row-start="16" text="50-64:0.02">
   </cell>
   <cell col-end="3" col-start="3" row-end="16" row-start="16" text="18-24:0.01">
   </cell>
   <cell col-end="4" col-start="4" row-end="16" row-start="16" text="25-34:0.0">
   </cell>
   <cell col-end="5" col-start="5" row-end="16" row-start="16" text="65-xx:0.0">
   </cell>
   <cell col-end="6" col-start="6" row-end="16" row-start="16" text="35-49:0.0">
   </cell>
  </row>
  <row row="17">
   <cell col-end="0" col-start="0" row-end="17" row-start="17" text="draw.v.07">
   </cell>
   <cell col-end="1" col-start="1" row-end="17" row-start="17" text="0.008">
   </cell>
   <cell col-end="2" col-start="2" row-end="17" row-start="17" text="25-34:0.02">
   </cell>
   <cell col-end="3" col-start="3" row-end="17" row-start="17" text="35-49:0.01">
   </cell>
   <cell col-end="4" col-start="4" row-end="17" row-start="17" text="50-64:0.01">
   </cell>
   <cell col-end="5" col-start="5" row-end="17" row-start="17" text="65-xx:0.0">
   </cell>
   <cell col-end="6" col-start="6" row-end="17" row-start="17" text="18-24:0.0">
   </cell>
  </row>
  <row row="18">
   <cell col-end="0" col-start="0" row-end="18" row-start="18" text="observation.n.02">
   </cell>
   <cell col-end="1" col-start="1" row-end="18" row-start="18" text="0.008">
   </cell>
   <cell col-end="2" col-start="2" row-end="18" row-start="18" text="25-34:0.02">
   </cell>
   <cell col-end="3" col-start="3" row-end="18" row-start="18" text="35-49:0.01">
   </cell>
   <cell col-end="4" col-start="4" row-end="18" row-start="18" text="50-64:0.01">
   </cell>
   <cell col-end="5" col-start="5" row-end="18" row-start="18" text="65-xx:0.0">
   </cell>
   <cell col-end="6" col-start="6" row-end="18" row-start="18" text="18-24:0.0">
   </cell>
  </row>
  <row row="19">
   <cell col-end="0" col-start="0" row-end="19" row-start="19" text="wine.n.01">
   </cell>
   <cell col-end="1" col-start="1" row-end="19" row-start="19" text="0.008">
   </cell>
   <cell col-end="2" col-start="2" row-end="19" row-start="19" text="35-49:0.02">
   </cell>
   <cell col-end="3" col-start="3" row-end="19" row-start="19" text="25-34:0.01">
   </cell>
   <cell col-end="4" col-start="4" row-end="19" row-start="19" text="18-24:0.01">
   </cell>
   <cell col-end="5" col-start="5" row-end="19" row-start="19" text="50-64:0.01">
   </cell>
   <cell col-end="6" col-start="6" row-end="19" row-start="19" text="65-xx:0.0">
   </cell>
  </row>
  <row row="20">
   <cell col-end="0" col-start="0" row-end="20" row-start="20" text="suck.v.02">
   </cell>
   <cell col-end="1" col-start="1" row-end="20" row-start="20" text="0.008">
   </cell>
   <cell col-end="2" col-start="2" row-end="20" row-start="20" text="25-34:0.02">
   </cell>
   <cell col-end="3" col-start="3" row-end="20" row-start="20" text="50-64:0.02">
   </cell>
   <cell col-end="4" col-start="4" row-end="20" row-start="20" text="35-49:0.0">
   </cell>
   <cell col-end="5" col-start="5" row-end="20" row-start="20" text="65-xx:0.0">
   </cell>
   <cell col-end="6" col-start="6" row-end="20" row-start="20" text="18-24:0.0">
   </cell>
  </row>
  <row row="21">
   <cell col-end="0" col-start="0" row-end="21" row-start="21" text="sleep.n.03">
   </cell>
   <cell col-end="1" col-start="1" row-end="21" row-start="21" text="0.008">
   </cell>
   <cell col-end="2" col-start="2" row-end="21" row-start="21" text="25-34:0.02">
   </cell>
   <cell col-end="3" col-start="3" row-end="21" row-start="21" text="50-64:0.02">
   </cell>
   <cell col-end="4" col-start="4" row-end="21" row-start="21" text="35-49:0.0">
   </cell>
   <cell col-end="5" col-start="5" row-end="21" row-start="21" text="65-xx:0.0">
   </cell>
   <cell col-end="6" col-start="6" row-end="21" row-start="21" text="18-24:0.0">
   </cell>
  </row>
  <row row="22">
   <cell col-end="0" col-start="0" row-end="22" row-start="22" text="recognize.v.09">
   </cell>
   <cell col-end="1" col-start="1" row-end="22" row-start="22" text="0.009">
   </cell>
   <cell col-end="2" col-start="2" row-end="22" row-start="22" text="25-34:0.02">
   </cell>
   <cell col-end="3" col-start="3" row-end="22" row-start="22" text="35-49:0.02">
   </cell>
   <cell col-end="4" col-start="4" row-end="22" row-start="22" text="18-24:0.0">
   </cell>
   <cell col-end="5" col-start="5" row-end="22" row-start="22" text="50-64:0.0">
   </cell>
   <cell col-end="6" col-start="6" row-end="22" row-start="22" text="65-xx:0.0">
   </cell>
  </row>
  <row row="23">
   <cell col-end="0" col-start="0" row-end="23" row-start="23" text="weather.v.04">
   </cell>
   <cell col-end="1" col-start="1" row-end="23" row-start="23" text="0.009">
   </cell>
   <cell col-end="2" col-start="2" row-end="23" row-start="23" text="25-34:0.02">
   </cell>
   <cell col-end="3" col-start="3" row-end="23" row-start="23" text="50-64:0.02">
   </cell>
   <cell col-end="4" col-start="4" row-end="23" row-start="23" text="35-49:0.0">
   </cell>
   <cell col-end="5" col-start="5" row-end="23" row-start="23" text="18-24:0.0">
   </cell>
   <cell col-end="6" col-start="6" row-end="23" row-start="23" text="65-xx:0.0">
   </cell>
  </row>
  <row row="24">
   <cell col-end="0" col-start="0" row-end="24" row-start="24" text="invention.n.02">
   </cell>
   <cell col-end="1" col-start="1" row-end="24" row-start="24" text="0.009">
   </cell>
   <cell col-end="2" col-start="2" row-end="24" row-start="24" text="25-34:0.02">
   </cell>
   <cell col-end="3" col-start="3" row-end="24" row-start="24" text="35-49:0.01">
   </cell>
   <cell col-end="4" col-start="4" row-end="24" row-start="24" text="18-24:0.01">
   </cell>
   <cell col-end="5" col-start="5" row-end="24" row-start="24" text="50-64:0.0">
   </cell>
   <cell col-end="6" col-start="6" row-end="24" row-start="24" text="65-xx:0.0">
   </cell>
  </row>
  <row row="25">
   <cell col-end="0" col-start="0" row-end="25" row-start="25" text="yankee.n.03">
   </cell>
   <cell col-end="1" col-start="1" row-end="25" row-start="25" text="0.01">
   </cell>
   <cell col-end="2" col-start="2" row-end="25" row-start="25" text="50-64:0.02">
   </cell>
   <cell col-end="3" col-start="3" row-end="25" row-start="25" text="18-24:0.01">
   </cell>
   <cell col-end="4" col-start="4" row-end="25" row-start="25" text="25-34:0.01">
   </cell>
   <cell col-end="5" col-start="5" row-end="25" row-start="25" text="35-49:0.0">
   </cell>
   <cell col-end="6" col-start="6" row-end="25" row-start="25" text="65-xx:0.0">
   </cell>
  </row>
  <statements>
   <statement id="3" text="The Average MI is having unique values." type="">
   </statement>
   <statement id="4" text="The Average MI of PAN (Age) data set is unique." type="">
   </statement>
   <statement id="6" text="The Sorted target class-mutual information pairs are of five classes." type="">
   </statement>
  </statements>
 </table>
</document>