<document>
 <table id="Table 4">
  <caption text="

   Parameters describing the coefficients of the far history force ODEs (
   
    Eq. (26)
   
   ), through the expressions in
   
    Eqs. (27)–(29)
   
   . Valid in the range
   



       10
      


        −
       

        3
       



      ≤
     


       t
      

       0
      

       *
      


      ≤
     

      10
     


   and 0.25 ≤
   
    r
    
     i
    

   ≤ 2.
  
">
  </caption>
  <row row="0">
   <cell col-end="0" col-start="0" row-end="0" row-start="0" text="k">
   </cell>
   <cell col-end="1" col-start="1" row-end="0" row-start="0" text="m">
   </cell>
   <cell col-end="2" col-start="2" row-end="0" row-start="0" text="c
     

      0,
      
       k,m">
   </cell>
   <cell col-end="3" col-start="3" row-end="0" row-start="0" text="c
     

      1,
      
       k,m">
   </cell>
   <cell col-end="4" col-start="4" row-end="0" row-start="0" text="c
     

      2,
      
       k,m">
   </cell>
   <cell col-end="5" col-start="5" row-end="0" row-start="0" text="x
     

      1,
      
       k,m">
   </cell>
   <cell col-end="6" col-start="6" row-end="0" row-start="0" text="x
     

      2,
      
       k,m">
   </cell>
  </row>
  <row row="1">
   <cell col-end="0" col-start="0" row-end="1" row-start="1" text="0">
   </cell>
   <cell col-end="1" col-start="1" row-end="1" row-start="1" text="0">
   </cell>
   <cell col-end="2" col-start="2" row-end="1" row-start="1" text="0.004045">
   </cell>
   <cell col-end="3" col-start="3" row-end="1" row-start="1" text="0.011788">
   </cell>
   <cell col-end="4" col-start="4" row-end="1" row-start="1" text="-0.851409">
   </cell>
   <cell col-end="5" col-start="5" row-end="1" row-start="1" text="1.464787">
   </cell>
   <cell col-end="6" col-start="6" row-end="1" row-start="1" text="0.422501">
   </cell>
  </row>
  <row row="2">
   <cell col-end="0" col-start="0" row-end="2" row-start="2" text="0">
   </cell>
   <cell col-end="1" col-start="1" row-end="2" row-start="2" text="1">
   </cell>
   <cell col-end="2" col-start="2" row-end="2" row-start="2" text="0.184350">
   </cell>
   <cell col-end="3" col-start="3" row-end="2" row-start="2" text="0.009672">
   </cell>
   <cell col-end="4" col-start="4" row-end="2" row-start="2" text="-0.425408">
   </cell>
   <cell col-end="5" col-start="5" row-end="2" row-start="2" text="0.785093">
   </cell>
   <cell col-end="6" col-start="6" row-end="2" row-start="2" text="-0.078301">
   </cell>
  </row>
  <row row="3">
   <cell col-end="0" col-start="0" row-end="3" row-start="3" text="0">
   </cell>
   <cell col-end="1" col-start="1" row-end="3" row-start="3" text="2">
   </cell>
   <cell col-end="2" col-start="2" row-end="3" row-start="3" text="0.000746">
   </cell>
   <cell col-end="3" col-start="3" row-end="3" row-start="3" text="0.014390">
   </cell>
   <cell col-end="4" col-start="4" row-end="3" row-start="3" text="-1.262288">
   </cell>
   <cell col-end="5" col-start="5" row-end="3" row-start="3" text="0.585753">
   </cell>
   <cell col-end="6" col-start="6" row-end="3" row-start="3" text="-0.118737">
   </cell>
  </row>
  <row row="4">
   <cell col-end="0" col-start="0" row-end="4" row-start="4" text="0">
   </cell>
   <cell col-end="1" col-start="1" row-end="4" row-start="4" text="3">
   </cell>
   <cell col-end="2" col-start="2" row-end="4" row-start="4" text="0.021708">
   </cell>
   <cell col-end="3" col-start="3" row-end="4" row-start="4" text="0.016611">
   </cell>
   <cell col-end="4" col-start="4" row-end="4" row-start="4" text="-0.867352">
   </cell>
   <cell col-end="5" col-start="5" row-end="4" row-start="4" text="-0.077407">
   </cell>
   <cell col-end="6" col-start="6" row-end="4" row-start="4" text="-0.016665">
   </cell>
  </row>
  <row row="5">
   <cell col-end="0" col-start="0" row-end="5" row-start="5" text="0">
   </cell>
   <cell col-end="1" col-start="1" row-end="5" row-start="5" text="0">
   </cell>
   <cell col-end="2" col-start="2" row-end="5" row-start="5" text="0.536783">
   </cell>
   <cell col-end="3" col-start="3" row-end="5" row-start="5" text="0.005453">
   </cell>
   <cell col-end="4" col-start="4" row-end="5" row-start="5" text="-1.430163">
   </cell>
   <cell col-end="5" col-start="5" row-end="5" row-start="5" text="1.001435">
   </cell>
   <cell col-end="6" col-start="6" row-end="5" row-start="5" text="-0.003566">
   </cell>
  </row>
  <row row="6">
   <cell col-end="0" col-start="0" row-end="6" row-start="6" text="0">
   </cell>
   <cell col-end="1" col-start="1" row-end="6" row-start="6" text="1">
   </cell>
   <cell col-end="2" col-start="2" row-end="6" row-start="6" text="1.683212">
   </cell>
   <cell col-end="3" col-start="3" row-end="6" row-start="6" text="0.003598">
   </cell>
   <cell col-end="4" col-start="4" row-end="6" row-start="6" text="-0.773872">
   </cell>
   <cell col-end="5" col-start="5" row-end="6" row-start="6" text="0.415345">
   </cell>
   <cell col-end="6" col-start="6" row-end="6" row-start="6" text="-0.136697">
   </cell>
  </row>
  <row row="7">
   <cell col-end="0" col-start="0" row-end="7" row-start="7" text="0">
   </cell>
   <cell col-end="1" col-start="1" row-end="7" row-start="7" text="2">
   </cell>
   <cell col-end="2" col-start="2" row-end="7" row-start="7" text="0.316350">
   </cell>
   <cell col-end="3" col-start="3" row-end="7" row-start="7" text="0.004367">
   </cell>
   <cell col-end="4" col-start="4" row-end="7" row-start="7" text="-1.423649">
   </cell>
   <cell col-end="5" col-start="5" row-end="7" row-start="7" text="0.536055">
   </cell>
   <cell col-end="6" col-start="6" row-end="7" row-start="7" text="-0.205041">
   </cell>
  </row>
  <row row="8">
   <cell col-end="0" col-start="0" row-end="8" row-start="8" text="0">
   </cell>
   <cell col-end="1" col-start="1" row-end="8" row-start="8" text="3">
   </cell>
   <cell col-end="2" col-start="2" row-end="8" row-start="8" text="0.420423">
   </cell>
   <cell col-end="3" col-start="3" row-end="8" row-start="8" text="0.000677">
   </cell>
   <cell col-end="4" col-start="4" row-end="8" row-start="8" text="-0.670551">
   </cell>
   <cell col-end="5" col-start="5" row-end="8" row-start="8" text="-0.032671">
   </cell>
   <cell col-end="6" col-start="6" row-end="8" row-start="8" text="-0.021047">
   </cell>
  </row>
  <statements>
   <statement id="0" text="All the values observed to be unique." type="">
   </statement>
   <statement id="4" text="The k is having 0 for all ." type="">
   </statement>
  </statements>
 </table>
 <table id="Table 5">
  <caption text="

   Parameters describing the liquid-solid fluidised bed demonstration case, fluid and particle properties.
  
">
  </caption>
  <row row="0">
   <cell col-end="0" col-start="0" row-end="0" row-start="0" text="Property">
   </cell>
   <cell col-end="1" col-start="1" row-end="0" row-start="0" text="">
   </cell>
   <cell col-end="2" col-start="2" row-end="0" row-start="0" text="Value">
   </cell>
   <cell col-end="3" col-start="3" row-end="0" row-start="0" text="Unit">
   </cell>
  </row>
  <row row="1">
   <cell col-end="0" col-start="0" row-end="1" row-start="1" text="Reactor diameter">
   </cell>
   <cell col-end="1" col-start="1" row-end="1" row-start="1" text="D
      
       R">
   </cell>
   <cell col-end="2" col-start="2" row-end="1" row-start="1" text="0.1">
   </cell>
   <cell col-end="3" col-start="3" row-end="1" row-start="1" text="m">
   </cell>
  </row>
  <row row="2">
   <cell col-end="0" col-start="0" row-end="2" row-start="2" text="Reactor length">
   </cell>
   <cell col-end="1" col-start="1" row-end="2" row-start="2" text="L
      
       R">
   </cell>
   <cell col-end="2" col-start="2" row-end="2" row-start="2" text="0.5">
   </cell>
   <cell col-end="3" col-start="3" row-end="2" row-start="2" text="m">
   </cell>
  </row>
  <row row="3">
   <cell col-end="0" col-start="0" row-end="3" row-start="3" text="Inlet velocity">
   </cell>
   <cell col-end="1" col-start="1" row-end="3" row-start="3" text="U
     

      0">
   </cell>
   <cell col-end="2" col-start="2" row-end="3" row-start="3" text="0.15">
   </cell>
   <cell col-end="3" col-start="3" row-end="3" row-start="3" text="m/s">
   </cell>
  </row>
  <row row="4">
   <cell col-end="0" col-start="0" row-end="4" row-start="4" text="CFD time step size">
   </cell>
   <cell col-end="1" col-start="1" row-end="4" row-start="4" text="Δ
     
      t
      
       CFD">
   </cell>
   <cell col-end="2" col-start="2" row-end="4" row-start="4" text="5
       

        ·
       


         10
        


          −
         

          4">
   </cell>
   <cell col-end="3" col-start="3" row-end="4" row-start="4" text="s">
   </cell>
  </row>
  <row row="5">
   <cell col-end="0" col-start="0" row-end="5" row-start="5" text="CFD cell size">
   </cell>
   <cell col-end="1" col-start="1" row-end="5" row-start="5" text="Δ
     
      x
      
       CFD">
   </cell>
   <cell col-end="2" col-start="2" row-end="5" row-start="5" text="6.6">
   </cell>
   <cell col-end="3" col-start="3" row-end="5" row-start="5" text="mm">
   </cell>
  </row>
  <row row="6">
   <cell col-end="0" col-start="0" row-end="6" row-start="6" text="Fluid density">
   </cell>
   <cell col-end="1" col-start="1" row-end="6" row-start="6" text="ρ
      
       f">
   </cell>
   <cell col-end="2" col-start="2" row-end="6" row-start="6" text="1000">
   </cell>
   <cell col-end="3" col-start="3" row-end="6" row-start="6" text="kg/m
     
      3">
   </cell>
  </row>
  <row row="7">
   <cell col-end="0" col-start="0" row-end="7" row-start="7" text="Fluid viscosity">
   </cell>
   <cell col-end="1" col-start="1" row-end="7" row-start="7" text="ν
      
       f">
   </cell>
   <cell col-end="2" col-start="2" row-end="7" row-start="7" text="10
       


         −
        

         6">
   </cell>
   <cell col-end="3" col-start="3" row-end="7" row-start="7" text="m
     
      2
     
     /s">
   </cell>
  </row>
  <row row="8">
   <cell col-end="0" col-start="0" row-end="8" row-start="8" text="Particle size">
   </cell>
   <cell col-end="1" col-start="1" row-end="8" row-start="8" text="d
      
       p">
   </cell>
   <cell col-end="2" col-start="2" row-end="8" row-start="8" text="2.0">
   </cell>
   <cell col-end="3" col-start="3" row-end="8" row-start="8" text="mm">
   </cell>
  </row>
  <row row="9">
   <cell col-end="0" col-start="0" row-end="9" row-start="9" text="Number of particles">
   </cell>
   <cell col-end="1" col-start="1" row-end="9" row-start="9" text="N
      
       p">
   </cell>
   <cell col-end="2" col-start="2" row-end="9" row-start="9" text="200,000">
   </cell>
   <cell col-end="3" col-start="3" row-end="9" row-start="9" text="-">
   </cell>
  </row>
  <row row="10">
   <cell col-end="0" col-start="0" row-end="10" row-start="10" text="Packed bed height">
   </cell>
   <cell col-end="1" col-start="1" row-end="10" row-start="10" text="H
     

      0">
   </cell>
   <cell col-end="2" col-start="2" row-end="10" row-start="10" text="0.2">
   </cell>
   <cell col-end="3" col-start="3" row-end="10" row-start="10" text="m">
   </cell>
  </row>
  <row row="11">
   <cell col-end="0" col-start="0" row-end="11" row-start="11" text="Particle density">
   </cell>
   <cell col-end="1" col-start="1" row-end="11" row-start="11" text="ρ
      
       p">
   </cell>
   <cell col-end="2" col-start="2" row-end="11" row-start="11" text="8000">
   </cell>
   <cell col-end="3" col-start="3" row-end="11" row-start="11" text="kg/m
     
      3">
   </cell>
  </row>
  <row row="12">
   <cell col-end="0" col-start="0" row-end="12" row-start="12" text="DEM time step size">
   </cell>
   <cell col-end="1" col-start="1" row-end="12" row-start="12" text="Δ
     
      t
      
       DEM">
   </cell>
   <cell col-end="2" col-start="2" row-end="12" row-start="12" text="10
       


         −
        

         5">
   </cell>
   <cell col-end="3" col-start="3" row-end="12" row-start="12" text="s">
   </cell>
  </row>
  <row row="13">
   <cell col-end="0" col-start="0" row-end="13" row-start="13" text="Young’s modulus">
   </cell>
   <cell col-end="1" col-start="1" row-end="13" row-start="13" text="Y">
   </cell>
   <cell col-end="2" col-start="2" row-end="13" row-start="13" text="5.0">
   </cell>
   <cell col-end="3" col-start="3" row-end="13" row-start="13" text="MPa">
   </cell>
  </row>
  <row row="14">
   <cell col-end="0" col-start="0" row-end="14" row-start="14" text="Poisson’s ratio">
   </cell>
   <cell col-end="1" col-start="1" row-end="14" row-start="14" text="ν
      
       p">
   </cell>
   <cell col-end="2" col-start="2" row-end="14" row-start="14" text="0.45">
   </cell>
   <cell col-end="3" col-start="3" row-end="14" row-start="14" text="-">
   </cell>
  </row>
  <row row="15">
   <cell col-end="0" col-start="0" row-end="15" row-start="15" text="Restitution coeff.">
   </cell>
   <cell col-end="1" col-start="1" row-end="15" row-start="15" text="e
      
       p">
   </cell>
   <cell col-end="2" col-start="2" row-end="15" row-start="15" text="0.3">
   </cell>
   <cell col-end="3" col-start="3" row-end="15" row-start="15" text="-">
   </cell>
  </row>
  <row row="16">
   <cell col-end="0" col-start="0" row-end="16" row-start="16" text="Friction coeff.">
   </cell>
   <cell col-end="1" col-start="1" row-end="16" row-start="16" text="μ
      
       p">
   </cell>
   <cell col-end="2" col-start="2" row-end="16" row-start="16" text="0.5">
   </cell>
   <cell col-end="3" col-start="3" row-end="16" row-start="16" text="-">
   </cell>
  </row>
  <row row="17">
   <cell col-end="0" col-start="0" row-end="17" row-start="17" text="Rolling friction coeff.">
   </cell>
   <cell col-end="1" col-start="1" row-end="17" row-start="17" text="μ
     


       p,roll">
   </cell>
   <cell col-end="2" col-start="2" row-end="17" row-start="17" text="0.2">
   </cell>
   <cell col-end="3" col-start="3" row-end="17" row-start="17" text="-">
   </cell>
  </row>
  <row row="18">
   <cell col-end="0" col-start="0" row-end="18" row-start="18" text="Rolling damping coeff.">
   </cell>
   <cell col-end="1" col-start="1" row-end="18" row-start="18" text="η
     


       p,roll">
   </cell>
   <cell col-end="2" col-start="2" row-end="18" row-start="18" text="0.3">
   </cell>
   <cell col-end="3" col-start="3" row-end="18" row-start="18" text="-">
   </cell>
  </row>
  <statements>
   <statement id="3" text="Property of Reactor diameter has the lowest value of 0.1." type="">
   </statement>
   <statement id="4" text="Property of Reactor length has the Unit of m." type="">
   </statement>
   <statement id="6" text="There are eight different Property of Parameters describing the liquid-solid fluidised bed demonstration case, fluid and particle properties." type="">
   </statement>
  </statements>
 </table>
</document>