<document>
 <table id="Table 1">
  <caption text="

   Investigated parameters and their value range.
  
">
  </caption>
  <row row="0">
   <cell col-end="0" col-start="0" row-end="0" row-start="0" text="Parameter">
   </cell>
   <cell col-end="1" col-start="1" row-end="0" row-start="0" text="Value(s)">
   </cell>
  </row>
  <row row="1">
   <cell col-end="0" col-start="0" row-end="1" row-start="1" text="Estuary length (
     
      Z
     
     ) [km]">
   </cell>
   <cell col-end="1" col-start="1" row-end="1" row-start="1" text="40, 60, 80, 100, 160">
   </cell>
  </row>
  <row row="2">
   <cell col-end="0" col-start="0" row-end="2" row-start="2" text="Estuary width (
     
      B
     
     ) [km]">
   </cell>
   <cell col-end="1" col-start="1" row-end="2" row-start="2" text="1">
   </cell>
  </row>
  <row row="3">
   <cell col-end="0" col-start="0" row-end="3" row-start="3" text="Estuary depth (
     
      h
     
     ) [m]">
   </cell>
   <cell col-end="1" col-start="1" row-end="3" row-start="3" text="5">
   </cell>
  </row>
  <row row="4">
   <cell col-end="0" col-start="0" row-end="4" row-start="4" text="Restricted width (
     
      RW
     
     ) [%]">
   </cell>
   <cell col-end="1" col-start="1" row-end="4" row-start="4" text="0, 10, 20, 30, 40, 50, 60,70, 80, 90">
   </cell>
  </row>
  <row row="5">
   <cell col-end="0" col-start="0" row-end="5" row-start="5" text="Restriction length (
     
      RL
     
     ) [m]">
   </cell>
   <cell col-end="1" col-start="1" row-end="5" row-start="5" text="500">
   </cell>
  </row>
  <row row="6">
   <cell col-end="0" col-start="0" row-end="6" row-start="6" text="Restriction distance from the entrance (
     
      RD
     
     ) [m]">
   </cell>
   <cell col-end="1" col-start="1" row-end="6" row-start="6" text="400">
   </cell>
  </row>
  <row row="7">
   <cell col-end="0" col-start="0" row-end="7" row-start="7" text="Tidal range (TR) [m]">
   </cell>
   <cell col-end="1" col-start="1" row-end="7" row-start="7" text="1, 4">
   </cell>
  </row>
  <row row="8">
   <cell col-end="0" col-start="0" row-end="8" row-start="8" text="Sea level rise [m]">
   </cell>
   <cell col-end="1" col-start="1" row-end="8" row-start="8" text="0, 1, 2">
   </cell>
  </row>
  <row row="9">
   <cell col-end="0" col-start="0" row-end="9" row-start="9" text="Tidal period (
     
      T
     
     ) [hour]">
   </cell>
   <cell col-end="1" col-start="1" row-end="9" row-start="9" text="12.42">
   </cell>
  </row>
  <row row="10">
   <cell col-end="0" col-start="0" row-end="10" row-start="10" text="Manning coefficient
     
      n
     
     [s/m
     
      1/3
     
     ]">
   </cell>
   <cell col-end="1" col-start="1" row-end="10" row-start="10" text="0.03">
   </cell>
  </row>
  <statements>
   <statement id="0" text="12.42 is the value given for Tidal period ( T ) [hour] ." type="">
   </statement>
   <statement id="1" text="82.42 is the value given for Tidal period ( T ) [hour] ." type="">
   </statement>
   <statement id="2" text="92.42 is the value given for Tidal period ( T ) [hour] ." type="">
   </statement>
   <statement id="3" text="Compare to all the Restriction length ( RL ) [m] parameter has the highest value of 500." type="">
   </statement>
   <statement id="4" text="Manning coefficient n [s/m 1/3 ] parameter has the least value of 0.03 compare to all other values." type="">
   </statement>
   <statement id="6" text="Table 1 presents the parameters that were varied across the simulation cases." type="">
   </statement>
   <statement id="8" text="There are three heads in the table- Parameter, diameter and Value(s)." type="">
   </statement>
   <statement id="9" text="There are two heads in the table- Parameter and Value(s)." type="">
   </statement>
  </statements>
 </table>
</document>