<document>
 <table id="Table 1">
  <caption text="

   Sex, age, BMI, years since AN onset, and binge behavior of the study participants by group.
  
">
  </caption>
  <legend text="

   AN = anorexia nervosa, AN-REC = recovered from anorexia nervosa, CTRL = healthy controls, IQR = interquartile range.
  
">
  </legend>
  <row row="0">
   <cell col-end="0" col-start="0" row-end="0" row-start="0" text="Characteristics">
   </cell>
   <cell col-end="1" col-start="1" row-end="0" row-start="0" text="AN">
   </cell>
   <cell col-end="2" col-start="2" row-end="0" row-start="0" text="AN-REC">
   </cell>
   <cell col-end="3" col-start="3" row-end="0" row-start="0" text="CTRL">
   </cell>
  </row>
  <row row="1">
   <cell col-end="0" col-start="0" row-end="1" row-start="1" text="n">
   </cell>
   <cell col-end="1" col-start="1" row-end="1" row-start="1" text="113">
   </cell>
   <cell col-end="2" col-start="2" row-end="1" row-start="1" text="113">
   </cell>
   <cell col-end="3" col-start="3" row-end="1" row-start="1" text="114">
   </cell>
  </row>
  <row row="2">
   <cell col-end="0" col-start="0" row-end="2" row-start="2" text="Females (%)">
   </cell>
   <cell col-end="1" col-start="1" row-end="2" row-start="2" text="100%">
   </cell>
   <cell col-end="2" col-start="2" row-end="2" row-start="2" text="100%">
   </cell>
   <cell col-end="3" col-start="3" row-end="2" row-start="2" text="100%">
   </cell>
  </row>
  <row row="3">
   <cell col-end="0" col-start="0" row-end="3" row-start="3" text="Age (years) (median [IQR])">
   </cell>
   <cell col-end="1" col-start="1" row-end="3" row-start="3" text="27.7 (24.0–31.0)">
   </cell>
   <cell col-end="2" col-start="2" row-end="3" row-start="3" text="27.7 (24.0–31.0)">
   </cell>
   <cell col-end="3" col-start="3" row-end="3" row-start="3" text="27.8 (24.0–31.0)">
   </cell>
  </row>
  <row row="4">
   <cell col-end="0" col-start="0" row-end="4" row-start="4" text="BMI (kg/m
     
      2
     
     ) (median [IQR])">
   </cell>
   <cell col-end="1" col-start="1" row-end="4" row-start="4" text="15.8 (15.0–17.0)">
   </cell>
   <cell col-end="2" col-start="2" row-end="4" row-start="4" text="23.4 (20.0–24.5)">
   </cell>
   <cell col-end="3" col-start="3" row-end="4" row-start="4" text="24.3 (22.0–26.0)">
   </cell>
  </row>
  <row row="5">
   <cell col-end="0" col-start="0" row-end="5" row-start="5" text="Years since AN onset (median [IQR])">
   </cell>
   <cell col-end="1" col-start="1" row-end="5" row-start="5" text="10.8 (6.0–15.0)">
   </cell>
   <cell col-end="2" col-start="2" row-end="5" row-start="5" text="10.7 (6.0–14.0)">
   </cell>
   <cell col-end="3" col-start="3" row-end="5" row-start="5" text="-">
   </cell>
  </row>
  <row row="6">
   <cell col-end="0" col-start="0" row-end="6" row-start="6" text="AN with binge episode(s) n (%);">
   </cell>
   <cell col-end="1" col-start="1" row-end="6" row-start="6" text="">
   </cell>
   <cell col-end="2" col-start="2" row-end="6" row-start="6" text="">
   </cell>
   <cell col-end="3" col-start="3" row-end="6" row-start="6" text="">
   </cell>
  </row>
  <row row="7">
   <cell col-end="0" col-start="0" row-end="7" row-start="7" text="current">
   </cell>
   <cell col-end="1" col-start="1" row-end="7" row-start="7" text="26 (23.0%)">
   </cell>
   <cell col-end="2" col-start="2" row-end="7" row-start="7" text="-">
   </cell>
   <cell col-end="3" col-start="3" row-end="7" row-start="7" text="-">
   </cell>
  </row>
  <row row="8">
   <cell col-end="0" col-start="0" row-end="8" row-start="8" text="past">
   </cell>
   <cell col-end="1" col-start="1" row-end="8" row-start="8" text="14 (12.4%)">
   </cell>
   <cell col-end="2" col-start="2" row-end="8" row-start="8" text="-">
   </cell>
   <cell col-end="3" col-start="3" row-end="8" row-start="8" text="-">
   </cell>
  </row>
  <row row="9">
   <cell col-end="0" col-start="0" row-end="9" row-start="9" text="never">
   </cell>
   <cell col-end="1" col-start="1" row-end="9" row-start="9" text="53 (46.9%)">
   </cell>
   <cell col-end="2" col-start="2" row-end="9" row-start="9" text="-">
   </cell>
   <cell col-end="3" col-start="3" row-end="9" row-start="9" text="-">
   </cell>
  </row>
  <row row="10">
   <cell col-end="0" col-start="0" row-end="10" row-start="10" text="information not available">
   </cell>
   <cell col-end="1" col-start="1" row-end="10" row-start="10" text="20 (17.7%)">
   </cell>
   <cell col-end="2" col-start="2" row-end="10" row-start="10" text="-">
   </cell>
   <cell col-end="3" col-start="3" row-end="10" row-start="10" text="-">
   </cell>
  </row>
  <statements>
   <statement id="3" text="Clinical characteristics of the study population are summarized in Table 1 ." type="">
   </statement>
   <statement id="5" text="The Females (%) under all three stages is 100%." type="">
   </statement>
   <statement id="6" text="The Females (%) under all three stages is 500%." type="">
   </statement>
   <statement id="7" text="24.3 (22.026.0) is the highest BMI (kg/m 2 ) (median [IQR]) value under CTRL." type="">
   </statement>
   <statement id="8" text="AN has 26 (23.0%) as the value for current Characteristics." type="">
   </statement>
  </statements>
 </table>
</document>