<document>
 <table id="Table 3">
  <caption text="

   Subgroup analysis of chronic kidney disease risk in groups stratified by age, sex, and comorbidities in the primary Sjögren's syndrome and control cohorts.
  
">
  </caption>
  <row row="0">
   <cell col-end="0" col-start="0" row-end="1" row-start="0" text="Subgroup">
   </cell>
   <cell col-end="2" col-start="1" row-end="0" row-start="0" text="Primary Sjögren's syndrome">
   </cell>
   <cell col-end="4" col-start="3" row-end="0" row-start="0" text="Control Cohort">
   </cell>
   <cell col-end="7" col-start="5" row-end="0" row-start="0" text="Compared to the control cohort">
   </cell>
  </row>
  <row row="1">
   <cell col-end="1" col-start="1" row-end="1" row-start="1" text="Event">
   </cell>
   <cell col-end="2" col-start="2" row-end="1" row-start="1" text="Total">
   </cell>
   <cell col-end="3" col-start="3" row-end="1" row-start="1" text="Event">
   </cell>
   <cell col-end="4" col-start="4" row-end="1" row-start="1" text="Total">
   </cell>
   <cell col-end="5" col-start="5" row-end="1" row-start="1" text="Adjusted HR (95% CI)
     

       a">
   </cell>
   <cell col-end="6" col-start="6" row-end="1" row-start="1" text="P-value">
   </cell>
   <cell col-end="7" col-start="7" row-end="1" row-start="1" text="P
     
      interaction">
   </cell>
  </row>
  <row row="2">
   <cell col-end="0" col-start="0" row-end="2" row-start="2" text="Sex">
   </cell>
   <cell col-end="1" col-start="1" row-end="2" row-start="2" text="">
   </cell>
   <cell col-end="2" col-start="2" row-end="2" row-start="2" text="">
   </cell>
   <cell col-end="3" col-start="3" row-end="2" row-start="2" text="">
   </cell>
   <cell col-end="4" col-start="4" row-end="2" row-start="2" text="">
   </cell>
   <cell col-end="5" col-start="5" row-end="2" row-start="2" text="">
   </cell>
   <cell col-end="6" col-start="6" row-end="2" row-start="2" text="">
   </cell>
   <cell col-end="7" col-start="7" row-end="2" row-start="2" text="&lt;0.001">
   </cell>
  </row>
  <row row="3">
   <cell col-end="0" col-start="0" row-end="3" row-start="3" text="Female">
   </cell>
   <cell col-end="1" col-start="1" row-end="3" row-start="3" text="870">
   </cell>
   <cell col-end="2" col-start="2" row-end="3" row-start="3" text="15 836">
   </cell>
   <cell col-end="3" col-start="3" row-end="3" row-start="3" text="2645">
   </cell>
   <cell col-end="4" col-start="4" row-end="3" row-start="3" text="79 180">
   </cell>
   <cell col-end="5" col-start="5" row-end="3" row-start="3" text="1.57 (1.45–1.70)">
   </cell>
   <cell col-end="6" col-start="6" row-end="3" row-start="3" text="&lt;0.001">
   </cell>
   <cell col-end="7" col-start="7" row-end="3" row-start="3" text="">
   </cell>
  </row>
  <row row="4">
   <cell col-end="0" col-start="0" row-end="4" row-start="4" text="Male">
   </cell>
   <cell col-end="1" col-start="1" row-end="4" row-start="4" text="138">
   </cell>
   <cell col-end="2" col-start="2" row-end="4" row-start="4" text="1669">
   </cell>
   <cell col-end="3" col-start="3" row-end="4" row-start="4" text="528">
   </cell>
   <cell col-end="4" col-start="4" row-end="4" row-start="4" text="8345">
   </cell>
   <cell col-end="5" col-start="5" row-end="4" row-start="4" text="1.10 (0.91–1.34)">
   </cell>
   <cell col-end="6" col-start="6" row-end="4" row-start="4" text="0.33">
   </cell>
   <cell col-end="7" col-start="7" row-end="4" row-start="4" text="">
   </cell>
  </row>
  <row row="5">
   <cell col-end="0" col-start="0" row-end="5" row-start="5" text="Age, years">
   </cell>
   <cell col-end="1" col-start="1" row-end="5" row-start="5" text="">
   </cell>
   <cell col-end="2" col-start="2" row-end="5" row-start="5" text="">
   </cell>
   <cell col-end="3" col-start="3" row-end="5" row-start="5" text="">
   </cell>
   <cell col-end="4" col-start="4" row-end="5" row-start="5" text="">
   </cell>
   <cell col-end="5" col-start="5" row-end="5" row-start="5" text="">
   </cell>
   <cell col-end="6" col-start="6" row-end="5" row-start="5" text="">
   </cell>
   <cell col-end="7" col-start="7" row-end="5" row-start="5" text="&lt;0.001">
   </cell>
  </row>
  <row row="6">
   <cell col-end="0" col-start="0" row-end="6" row-start="6" text="18-29">
   </cell>
   <cell col-end="1" col-start="1" row-end="6" row-start="6" text="26">
   </cell>
   <cell col-end="2" col-start="2" row-end="6" row-start="6" text="810">
   </cell>
   <cell col-end="3" col-start="3" row-end="6" row-start="6" text="25">
   </cell>
   <cell col-end="4" col-start="4" row-end="6" row-start="6" text="6050">
   </cell>
   <cell col-end="5" col-start="5" row-end="6" row-start="6" text="7.73 (4.3–13.9)">
   </cell>
   <cell col-end="6" col-start="6" row-end="6" row-start="6" text="&lt;0.001">
   </cell>
   <cell col-end="7" col-start="7" row-end="6" row-start="6" text="">
   </cell>
  </row>
  <row row="7">
   <cell col-end="0" col-start="0" row-end="7" row-start="7" text="30-39">
   </cell>
   <cell col-end="1" col-start="1" row-end="7" row-start="7" text="64">
   </cell>
   <cell col-end="2" col-start="2" row-end="7" row-start="7" text="2046">
   </cell>
   <cell col-end="3" col-start="3" row-end="7" row-start="7" text="97">
   </cell>
   <cell col-end="4" col-start="4" row-end="7" row-start="7" text="12 419">
   </cell>
   <cell col-end="5" col-start="5" row-end="7" row-start="7" text="3.84 (2.75–5.35)">
   </cell>
   <cell col-end="6" col-start="6" row-end="7" row-start="7" text="&lt;0.001">
   </cell>
   <cell col-end="7" col-start="7" row-end="7" row-start="7" text="">
   </cell>
  </row>
  <row row="8">
   <cell col-end="0" col-start="0" row-end="8" row-start="8" text="40-49">
   </cell>
   <cell col-end="1" col-start="1" row-end="8" row-start="8" text="130">
   </cell>
   <cell col-end="2" col-start="2" row-end="8" row-start="8" text="3941">
   </cell>
   <cell col-end="3" col-start="3" row-end="8" row-start="8" text="324">
   </cell>
   <cell col-end="4" col-start="4" row-end="8" row-start="8" text="22 740">
   </cell>
   <cell col-end="5" col-start="5" row-end="8" row-start="8" text="2.07 (1.66–2.57)">
   </cell>
   <cell col-end="6" col-start="6" row-end="8" row-start="8" text="&lt;0.001">
   </cell>
   <cell col-end="7" col-start="7" row-end="8" row-start="8" text="">
   </cell>
  </row>
  <row row="9">
   <cell col-end="0" col-start="0" row-end="9" row-start="9" text="50-59">
   </cell>
   <cell col-end="1" col-start="1" row-end="9" row-start="9" text="236">
   </cell>
   <cell col-end="2" col-start="2" row-end="9" row-start="9" text="5416">
   </cell>
   <cell col-end="3" col-start="3" row-end="9" row-start="9" text="659">
   </cell>
   <cell col-end="4" col-start="4" row-end="9" row-start="9" text="22 669">
   </cell>
   <cell col-end="5" col-start="5" row-end="9" row-start="9" text="1.44 (1.23–1.68)">
   </cell>
   <cell col-end="6" col-start="6" row-end="9" row-start="9" text="&lt;0.001">
   </cell>
   <cell col-end="7" col-start="7" row-end="9" row-start="9" text="">
   </cell>
  </row>
  <row row="10">
   <cell col-end="0" col-start="0" row-end="10" row-start="10" text="≥60">
   </cell>
   <cell col-end="1" col-start="1" row-end="10" row-start="10" text="552">
   </cell>
   <cell col-end="2" col-start="2" row-end="10" row-start="10" text="5292">
   </cell>
   <cell col-end="3" col-start="3" row-end="10" row-start="10" text="2068">
   </cell>
   <cell col-end="4" col-start="4" row-end="10" row-start="10" text="23 647">
   </cell>
   <cell col-end="5" col-start="5" row-end="10" row-start="10" text="1.24 (1.13–1.37)">
   </cell>
   <cell col-end="6" col-start="6" row-end="10" row-start="10" text="&lt;0.001">
   </cell>
   <cell col-end="7" col-start="7" row-end="10" row-start="10" text="">
   </cell>
  </row>
  <row row="11">
   <cell col-end="0" col-start="0" row-end="11" row-start="11" text="Comorbid condition, n">
   </cell>
   <cell col-end="1" col-start="1" row-end="11" row-start="11" text="">
   </cell>
   <cell col-end="2" col-start="2" row-end="11" row-start="11" text="">
   </cell>
   <cell col-end="3" col-start="3" row-end="11" row-start="11" text="">
   </cell>
   <cell col-end="4" col-start="4" row-end="11" row-start="11" text="">
   </cell>
   <cell col-end="5" col-start="5" row-end="11" row-start="11" text="">
   </cell>
   <cell col-end="6" col-start="6" row-end="11" row-start="11" text="">
   </cell>
   <cell col-end="7" col-start="7" row-end="11" row-start="11" text="&lt;0.001">
   </cell>
  </row>
  <row row="12">
   <cell col-end="0" col-start="0" row-end="12" row-start="12" text="0">
   </cell>
   <cell col-end="1" col-start="1" row-end="12" row-start="12" text="487">
   </cell>
   <cell col-end="2" col-start="2" row-end="12" row-start="12" text="12 111">
   </cell>
   <cell col-end="3" col-start="3" row-end="12" row-start="12" text="1371">
   </cell>
   <cell col-end="4" col-start="4" row-end="12" row-start="12" text="68 007">
   </cell>
   <cell col-end="5" col-start="5" row-end="12" row-start="12" text="1.95 (1.74–2.16)">
   </cell>
   <cell col-end="6" col-start="6" row-end="12" row-start="12" text="&lt;0.001">
   </cell>
   <cell col-end="7" col-start="7" row-end="12" row-start="12" text="">
   </cell>
  </row>
  <row row="13">
   <cell col-end="0" col-start="0" row-end="13" row-start="13" text="1-2">
   </cell>
   <cell col-end="1" col-start="1" row-end="13" row-start="13" text="402">
   </cell>
   <cell col-end="2" col-start="2" row-end="13" row-start="13" text="4595">
   </cell>
   <cell col-end="3" col-start="3" row-end="13" row-start="13" text="1301">
   </cell>
   <cell col-end="4" col-start="4" row-end="13" row-start="13" text="15 995">
   </cell>
   <cell col-end="5" col-start="5" row-end="13" row-start="13" text="1.14 (1.02–1.28)">
   </cell>
   <cell col-end="6" col-start="6" row-end="13" row-start="13" text="0.02">
   </cell>
   <cell col-end="7" col-start="7" row-end="13" row-start="13" text="">
   </cell>
  </row>
  <row row="14">
   <cell col-end="0" col-start="0" row-end="14" row-start="14" text="≥3">
   </cell>
   <cell col-end="1" col-start="1" row-end="14" row-start="14" text="119">
   </cell>
   <cell col-end="2" col-start="2" row-end="14" row-start="14" text="799">
   </cell>
   <cell col-end="3" col-start="3" row-end="14" row-start="14" text="501">
   </cell>
   <cell col-end="4" col-start="4" row-end="14" row-start="14" text="3523">
   </cell>
   <cell col-end="5" col-start="5" row-end="14" row-start="14" text="1.03 (0.84–1.27)">
   </cell>
   <cell col-end="6" col-start="6" row-end="14" row-start="14" text="0.78">
   </cell>
   <cell col-end="7" col-start="7" row-end="14" row-start="14" text="">
   </cell>
  </row>
  <statements>
   <statement id="0" text="All the values given in the table consists of positive values." type="">
   </statement>
   <statement id="2" text="The highest total is 15836 of Female in Primary Sjogren's syndrome." type="">
   </statement>
   <statement id="3" text="The lowest Event in Control Cohort is 25 of age 18-29." type="">
   </statement>
   <statement id="5" text="The subgroups are divided into 4 sub heads" type="">
   </statement>
  </statements>
 </table>
</document>