<document>
 <table id="Table 1">
  <caption text="

   Statistical summary of the physical and chemical data obtained for the five water groups and of seawater (SW). SD stands for standard deviation.
  
">
  </caption>
  <row row="0">
   <cell col-end="0" col-start="0" row-end="0" row-start="0" text="Group">
   </cell>
   <cell col-end="1" col-start="1" row-end="0" row-start="0" text="">
   </cell>
   <cell col-end="2" col-start="2" row-end="0" row-start="0" text="EC">
   </cell>
   <cell col-end="3" col-start="3" row-end="0" row-start="0" text="DO">
   </cell>
   <cell col-end="4" col-start="4" row-end="0" row-start="0" text="pH">
   </cell>
   <cell col-end="5" col-start="5" row-end="0" row-start="0" text="Cl
     
      −">
   </cell>
   <cell col-end="6" col-start="6" row-end="0" row-start="0" text="NO
     
      3
     

      −">
   </cell>
   <cell col-end="7" col-start="7" row-end="0" row-start="0" text="SO
     
      4
     

      2−">
   </cell>
   <cell col-end="8" col-start="8" row-end="0" row-start="0" text="HCO
     
      3
     

      −">
   </cell>
   <cell col-end="9" col-start="9" row-end="0" row-start="0" text="Na
     
      +">
   </cell>
   <cell col-end="10" col-start="10" row-end="0" row-start="0" text="K
     
      +">
   </cell>
   <cell col-end="11" col-start="11" row-end="0" row-start="0" text="Mg
     
      2+">
   </cell>
   <cell col-end="12" col-start="12" row-end="0" row-start="0" text="Ca
     
      2+">
   </cell>
   <cell col-end="13" col-start="13" row-end="0" row-start="0" text="δ
     
      18
     
     O">
   </cell>
   <cell col-end="14" col-start="14" row-end="0" row-start="0" text="δ
     
      2
     
     H">
   </cell>
  </row>
  <row row="1">
   <cell col-end="0" col-start="0" row-end="1" row-start="1" text="">
   </cell>
   <cell col-end="1" col-start="1" row-end="1" row-start="1" text="">
   </cell>
   <cell col-end="2" col-start="2" row-end="1" row-start="1" text="(μS/cm)">
   </cell>
   <cell col-end="3" col-start="3" row-end="1" row-start="1" text="(mg/L)">
   </cell>
   <cell col-end="4" col-start="4" row-end="1" row-start="1" text="">
   </cell>
   <cell col-end="5" col-start="5" row-end="1" row-start="1" text="(mg/L)">
   </cell>
   <cell col-end="6" col-start="6" row-end="1" row-start="1" text="(mg/L)">
   </cell>
   <cell col-end="7" col-start="7" row-end="1" row-start="1" text="(mg/L)">
   </cell>
   <cell col-end="8" col-start="8" row-end="1" row-start="1" text="(mg/L)">
   </cell>
   <cell col-end="9" col-start="9" row-end="1" row-start="1" text="(mg/L)">
   </cell>
   <cell col-end="10" col-start="10" row-end="1" row-start="1" text="(mg/L)">
   </cell>
   <cell col-end="11" col-start="11" row-end="1" row-start="1" text="(mg/L)">
   </cell>
   <cell col-end="12" col-start="12" row-end="1" row-start="1" text="(mg/L)">
   </cell>
   <cell col-end="13" col-start="13" row-end="1" row-start="1" text="(‰)">
   </cell>
   <cell col-end="14" col-start="14" row-end="1" row-start="1" text="(‰)">
   </cell>
  </row>
  <row row="2">
   <cell col-end="0" col-start="0" row-end="2" row-start="2" text="C1">
   </cell>
   <cell col-end="1" col-start="1" row-end="2" row-start="2" text="Average">
   </cell>
   <cell col-end="2" col-start="2" row-end="2" row-start="2" text="1440">
   </cell>
   <cell col-end="3" col-start="3" row-end="2" row-start="2" text="58">
   </cell>
   <cell col-end="4" col-start="4" row-end="2" row-start="2" text="7.4">
   </cell>
   <cell col-end="5" col-start="5" row-end="2" row-start="2" text="251">
   </cell>
   <cell col-end="6" col-start="6" row-end="2" row-start="2" text="5">
   </cell>
   <cell col-end="7" col-start="7" row-end="2" row-start="2" text="74">
   </cell>
   <cell col-end="8" col-start="8" row-end="2" row-start="2" text="329">
   </cell>
   <cell col-end="9" col-start="9" row-end="2" row-start="2" text="125">
   </cell>
   <cell col-end="10" col-start="10" row-end="2" row-start="2" text="11">
   </cell>
   <cell col-end="11" col-start="11" row-end="2" row-start="2" text="39">
   </cell>
   <cell col-end="12" col-start="12" row-end="2" row-start="2" text="131">
   </cell>
   <cell col-end="13" col-start="13" row-end="2" row-start="2" text="−5.0">
   </cell>
   <cell col-end="14" col-start="14" row-end="2" row-start="2" text="−29.1">
   </cell>
  </row>
  <row row="3">
   <cell col-end="0" col-start="0" row-end="3" row-start="3" text="">
   </cell>
   <cell col-end="1" col-start="1" row-end="3" row-start="3" text="SD">
   </cell>
   <cell col-end="2" col-start="2" row-end="3" row-start="3" text="640">
   </cell>
   <cell col-end="3" col-start="3" row-end="3" row-start="3" text="96">
   </cell>
   <cell col-end="4" col-start="4" row-end="3" row-start="3" text="0.3">
   </cell>
   <cell col-end="5" col-start="5" row-end="3" row-start="3" text="200">
   </cell>
   <cell col-end="6" col-start="6" row-end="3" row-start="3" text="3">
   </cell>
   <cell col-end="7" col-start="7" row-end="3" row-start="3" text="41">
   </cell>
   <cell col-end="8" col-start="8" row-end="3" row-start="3" text="83">
   </cell>
   <cell col-end="9" col-start="9" row-end="3" row-start="3" text="98">
   </cell>
   <cell col-end="10" col-start="10" row-end="3" row-start="3" text="13">
   </cell>
   <cell col-end="11" col-start="11" row-end="3" row-start="3" text="20">
   </cell>
   <cell col-end="12" col-start="12" row-end="3" row-start="3" text="29">
   </cell>
   <cell col-end="13" col-start="13" row-end="3" row-start="3" text="0.4">
   </cell>
   <cell col-end="14" col-start="14" row-end="3" row-start="3" text="2.6">
   </cell>
  </row>
  <row row="4">
   <cell col-end="0" col-start="0" row-end="4" row-start="4" text="C2">
   </cell>
   <cell col-end="1" col-start="1" row-end="4" row-start="4" text="Average">
   </cell>
   <cell col-end="2" col-start="2" row-end="4" row-start="4" text="4310">
   </cell>
   <cell col-end="3" col-start="3" row-end="4" row-start="4" text="118">
   </cell>
   <cell col-end="4" col-start="4" row-end="4" row-start="4" text="7.4">
   </cell>
   <cell col-end="5" col-start="5" row-end="4" row-start="4" text="1620">
   </cell>
   <cell col-end="6" col-start="6" row-end="4" row-start="4" text="23">
   </cell>
   <cell col-end="7" col-start="7" row-end="4" row-start="4" text="233">
   </cell>
   <cell col-end="8" col-start="8" row-end="4" row-start="4" text="316">
   </cell>
   <cell col-end="9" col-start="9" row-end="4" row-start="4" text="704">
   </cell>
   <cell col-end="10" col-start="10" row-end="4" row-start="4" text="25">
   </cell>
   <cell col-end="11" col-start="11" row-end="4" row-start="4" text="114">
   </cell>
   <cell col-end="12" col-start="12" row-end="4" row-start="4" text="193">
   </cell>
   <cell col-end="13" col-start="13" row-end="4" row-start="4" text="−4.8">
   </cell>
   <cell col-end="14" col-start="14" row-end="4" row-start="4" text="−28.1">
   </cell>
  </row>
  <row row="5">
   <cell col-end="0" col-start="0" row-end="5" row-start="5" text="">
   </cell>
   <cell col-end="1" col-start="1" row-end="5" row-start="5" text="SD">
   </cell>
   <cell col-end="2" col-start="2" row-end="5" row-start="5" text="1020">
   </cell>
   <cell col-end="3" col-start="3" row-end="5" row-start="5" text="66">
   </cell>
   <cell col-end="4" col-start="4" row-end="5" row-start="5" text="0.3">
   </cell>
   <cell col-end="5" col-start="5" row-end="5" row-start="5" text="447">
   </cell>
   <cell col-end="6" col-start="6" row-end="5" row-start="5" text="12">
   </cell>
   <cell col-end="7" col-start="7" row-end="5" row-start="5" text="61">
   </cell>
   <cell col-end="8" col-start="8" row-end="5" row-start="5" text="43">
   </cell>
   <cell col-end="9" col-start="9" row-end="5" row-start="5" text="204">
   </cell>
   <cell col-end="10" col-start="10" row-end="5" row-start="5" text="25">
   </cell>
   <cell col-end="11" col-start="11" row-end="5" row-start="5" text="38">
   </cell>
   <cell col-end="12" col-start="12" row-end="5" row-start="5" text="52">
   </cell>
   <cell col-end="13" col-start="13" row-end="5" row-start="5" text="0.2">
   </cell>
   <cell col-end="14" col-start="14" row-end="5" row-start="5" text="1.4">
   </cell>
  </row>
  <row row="6">
   <cell col-end="0" col-start="0" row-end="6" row-start="6" text="C3">
   </cell>
   <cell col-end="1" col-start="1" row-end="6" row-start="6" text="Average">
   </cell>
   <cell col-end="2" col-start="2" row-end="6" row-start="6" text="2440">
   </cell>
   <cell col-end="3" col-start="3" row-end="6" row-start="6" text="111">
   </cell>
   <cell col-end="4" col-start="4" row-end="6" row-start="6" text="8.4">
   </cell>
   <cell col-end="5" col-start="5" row-end="6" row-start="6" text="755">
   </cell>
   <cell col-end="6" col-start="6" row-end="6" row-start="6" text="4">
   </cell>
   <cell col-end="7" col-start="7" row-end="6" row-start="6" text="90">
   </cell>
   <cell col-end="8" col-start="8" row-end="6" row-start="6" text="111">
   </cell>
   <cell col-end="9" col-start="9" row-end="6" row-start="6" text="356">
   </cell>
   <cell col-end="10" col-start="10" row-end="6" row-start="6" text="6">
   </cell>
   <cell col-end="11" col-start="11" row-end="6" row-start="6" text="66">
   </cell>
   <cell col-end="12" col-start="12" row-end="6" row-start="6" text="123">
   </cell>
   <cell col-end="13" col-start="13" row-end="6" row-start="6" text="−1.7">
   </cell>
   <cell col-end="14" col-start="14" row-end="6" row-start="6" text="−12.1">
   </cell>
  </row>
  <row row="7">
   <cell col-end="0" col-start="0" row-end="7" row-start="7" text="">
   </cell>
   <cell col-end="1" col-start="1" row-end="7" row-start="7" text="SD">
   </cell>
   <cell col-end="2" col-start="2" row-end="7" row-start="7" text="790">
   </cell>
   <cell col-end="3" col-start="3" row-end="7" row-start="7" text="11">
   </cell>
   <cell col-end="4" col-start="4" row-end="7" row-start="7" text="0.6">
   </cell>
   <cell col-end="5" col-start="5" row-end="7" row-start="7" text="241">
   </cell>
   <cell col-end="6" col-start="6" row-end="7" row-start="7" text="1">
   </cell>
   <cell col-end="7" col-start="7" row-end="7" row-start="7" text="28">
   </cell>
   <cell col-end="8" col-start="8" row-end="7" row-start="7" text="74">
   </cell>
   <cell col-end="9" col-start="9" row-end="7" row-start="7" text="127">
   </cell>
   <cell col-end="10" col-start="10" row-end="7" row-start="7" text="5">
   </cell>
   <cell col-end="11" col-start="11" row-end="7" row-start="7" text="19">
   </cell>
   <cell col-end="12" col-start="12" row-end="7" row-start="7" text="43">
   </cell>
   <cell col-end="13" col-start="13" row-end="7" row-start="7" text="0.8">
   </cell>
   <cell col-end="14" col-start="14" row-end="7" row-start="7" text="5.9">
   </cell>
  </row>
  <row row="8">
   <cell col-end="0" col-start="0" row-end="8" row-start="8" text="C4">
   </cell>
   <cell col-end="1" col-start="1" row-end="8" row-start="8" text="Average">
   </cell>
   <cell col-end="2" col-start="2" row-end="8" row-start="8" text="4280">
   </cell>
   <cell col-end="3" col-start="3" row-end="8" row-start="8" text="118">
   </cell>
   <cell col-end="4" col-start="4" row-end="8" row-start="8" text="8.0">
   </cell>
   <cell col-end="5" col-start="5" row-end="8" row-start="8" text="1550">
   </cell>
   <cell col-end="6" col-start="6" row-end="8" row-start="8" text="6">
   </cell>
   <cell col-end="7" col-start="7" row-end="8" row-start="8" text="175">
   </cell>
   <cell col-end="8" col-start="8" row-end="8" row-start="8" text="116">
   </cell>
   <cell col-end="9" col-start="9" row-end="8" row-start="8" text="680">
   </cell>
   <cell col-end="10" col-start="10" row-end="8" row-start="8" text="6">
   </cell>
   <cell col-end="11" col-start="11" row-end="8" row-start="8" text="104">
   </cell>
   <cell col-end="12" col-start="12" row-end="8" row-start="8" text="167">
   </cell>
   <cell col-end="13" col-start="13" row-end="8" row-start="8" text="−2.0">
   </cell>
   <cell col-end="14" col-start="14" row-end="8" row-start="8" text="−12.6">
   </cell>
  </row>
  <row row="9">
   <cell col-end="0" col-start="0" row-end="9" row-start="9" text="">
   </cell>
   <cell col-end="1" col-start="1" row-end="9" row-start="9" text="SD">
   </cell>
   <cell col-end="2" col-start="2" row-end="9" row-start="9" text="1500">
   </cell>
   <cell col-end="3" col-start="3" row-end="9" row-start="9" text="29">
   </cell>
   <cell col-end="4" col-start="4" row-end="9" row-start="9" text="0.7">
   </cell>
   <cell col-end="5" col-start="5" row-end="9" row-start="9" text="500">
   </cell>
   <cell col-end="6" col-start="6" row-end="9" row-start="9" text="3">
   </cell>
   <cell col-end="7" col-start="7" row-end="9" row-start="9" text="72">
   </cell>
   <cell col-end="8" col-start="8" row-end="9" row-start="9" text="69">
   </cell>
   <cell col-end="9" col-start="9" row-end="9" row-start="9" text="255">
   </cell>
   <cell col-end="10" col-start="10" row-end="9" row-start="9" text="7">
   </cell>
   <cell col-end="11" col-start="11" row-end="9" row-start="9" text="41">
   </cell>
   <cell col-end="12" col-start="12" row-end="9" row-start="9" text="53">
   </cell>
   <cell col-end="13" col-start="13" row-end="9" row-start="9" text="1.0">
   </cell>
   <cell col-end="14" col-start="14" row-end="9" row-start="9" text="8.2">
   </cell>
  </row>
  <row row="10">
   <cell col-end="0" col-start="0" row-end="10" row-start="10" text="C5">
   </cell>
   <cell col-end="1" col-start="1" row-end="10" row-start="10" text="Average">
   </cell>
   <cell col-end="2" col-start="2" row-end="10" row-start="10" text="22600">
   </cell>
   <cell col-end="3" col-start="3" row-end="10" row-start="10" text="−27">
   </cell>
   <cell col-end="4" col-start="4" row-end="10" row-start="10" text="7.1">
   </cell>
   <cell col-end="5" col-start="5" row-end="10" row-start="10" text="9600">
   </cell>
   <cell col-end="6" col-start="6" row-end="10" row-start="10" text="30">
   </cell>
   <cell col-end="7" col-start="7" row-end="10" row-start="10" text="993">
   </cell>
   <cell col-end="8" col-start="8" row-end="10" row-start="10" text="193">
   </cell>
   <cell col-end="9" col-start="9" row-end="10" row-start="10" text="4140">
   </cell>
   <cell col-end="10" col-start="10" row-end="10" row-start="10" text="170">
   </cell>
   <cell col-end="11" col-start="11" row-end="10" row-start="10" text="660">
   </cell>
   <cell col-end="12" col-start="12" row-end="10" row-start="10" text="555">
   </cell>
   <cell col-end="13" col-start="13" row-end="10" row-start="10" text="−2.7">
   </cell>
   <cell col-end="14" col-start="14" row-end="10" row-start="10" text="−13.8">
   </cell>
  </row>
  <row row="11">
   <cell col-end="0" col-start="0" row-end="11" row-start="11" text="">
   </cell>
   <cell col-end="1" col-start="1" row-end="11" row-start="11" text="SD">
   </cell>
   <cell col-end="2" col-start="2" row-end="11" row-start="11" text="9920">
   </cell>
   <cell col-end="3" col-start="3" row-end="11" row-start="11" text="118">
   </cell>
   <cell col-end="4" col-start="4" row-end="11" row-start="11" text="0.3">
   </cell>
   <cell col-end="5" col-start="5" row-end="11" row-start="11" text="6200">
   </cell>
   <cell col-end="6" col-start="6" row-end="11" row-start="11" text="19">
   </cell>
   <cell col-end="7" col-start="7" row-end="11" row-start="11" text="654">
   </cell>
   <cell col-end="8" col-start="8" row-end="11" row-start="11" text="152">
   </cell>
   <cell col-end="9" col-start="9" row-end="11" row-start="11" text="2670">
   </cell>
   <cell col-end="10" col-start="10" row-end="11" row-start="11" text="86">
   </cell>
   <cell col-end="11" col-start="11" row-end="11" row-start="11" text="565">
   </cell>
   <cell col-end="12" col-start="12" row-end="11" row-start="11" text="340">
   </cell>
   <cell col-end="13" col-start="13" row-end="11" row-start="11" text="1.5">
   </cell>
   <cell col-end="14" col-start="14" row-end="11" row-start="11" text="8.0">
   </cell>
  </row>
  <row row="12">
   <cell col-end="0" col-start="0" row-end="12" row-start="12" text="SW">
   </cell>
   <cell col-end="1" col-start="1" row-end="12" row-start="12" text="Average">
   </cell>
   <cell col-end="2" col-start="2" row-end="12" row-start="12" text="48670">
   </cell>
   <cell col-end="3" col-start="3" row-end="12" row-start="12" text="109">
   </cell>
   <cell col-end="4" col-start="4" row-end="12" row-start="12" text="8.1">
   </cell>
   <cell col-end="5" col-start="5" row-end="12" row-start="12" text="23900">
   </cell>
   <cell col-end="6" col-start="6" row-end="12" row-start="12" text="50">
   </cell>
   <cell col-end="7" col-start="7" row-end="12" row-start="12" text="2763">
   </cell>
   <cell col-end="8" col-start="8" row-end="12" row-start="12" text="66">
   </cell>
   <cell col-end="9" col-start="9" row-end="12" row-start="12" text="10800">
   </cell>
   <cell col-end="10" col-start="10" row-end="12" row-start="12" text="196">
   </cell>
   <cell col-end="11" col-start="11" row-end="12" row-start="12" text="1610">
   </cell>
   <cell col-end="12" col-start="12" row-end="12" row-start="12" text="1130">
   </cell>
   <cell col-end="13" col-start="13" row-end="12" row-start="12" text="0.0">
   </cell>
   <cell col-end="14" col-start="14" row-end="12" row-start="12" text="3.8">
   </cell>
  </row>
  <row row="13">
   <cell col-end="0" col-start="0" row-end="13" row-start="13" text="">
   </cell>
   <cell col-end="1" col-start="1" row-end="13" row-start="13" text="SD">
   </cell>
   <cell col-end="2" col-start="2" row-end="13" row-start="13" text="2850">
   </cell>
   <cell col-end="3" col-start="3" row-end="13" row-start="13" text="1">
   </cell>
   <cell col-end="4" col-start="4" row-end="13" row-start="13" text="0.4">
   </cell>
   <cell col-end="5" col-start="5" row-end="13" row-start="13" text="1870">
   </cell>
   <cell col-end="6" col-start="6" row-end="13" row-start="13" text="2">
   </cell>
   <cell col-end="7" col-start="7" row-end="13" row-start="13" text="65">
   </cell>
   <cell col-end="8" col-start="8" row-end="13" row-start="13" text="65">
   </cell>
   <cell col-end="9" col-start="9" row-end="13" row-start="13" text="99">
   </cell>
   <cell col-end="10" col-start="10" row-end="13" row-start="13" text="112">
   </cell>
   <cell col-end="11" col-start="11" row-end="13" row-start="13" text="350">
   </cell>
   <cell col-end="12" col-start="12" row-end="13" row-start="13" text="100">
   </cell>
   <cell col-end="13" col-start="13" row-end="13" row-start="13" text="0.2">
   </cell>
   <cell col-end="14" col-start="14" row-end="13" row-start="13" text="0.2">
   </cell>
  </row>
  <statements>
   <statement id="4" text="Sea water has low mg of chlorine composition." type="">
   </statement>
   <statement id="5" text="There are five water groups and of seawater given in the table." type="">
   </statement>
   <statement id="7" text="Water group C1 and C2 has same average pH value." type="">
   </statement>
   <statement id="8" text="Water group C3 different mg of DO and HCO 3 ." type="">
   </statement>
  </statements>
 </table>
 <table id="Table 2">
  <caption text="

   Mann-Kendall test and Sen’s slope estimator for Naha and Chichijima tide gauge stations. The positive and negative
   
    z
   
   -value indicate upward and downward trend, respectively. The
   
    k
   
   -value is calculated by multiplying the square root of variance and the inverse normal distribution using confidence level of 0.05. The detail calculation methods are provided by
   
    Zaiontz (2020)
   
   .
  
">
  </caption>
  <row row="0">
   <cell col-end="2" col-start="0" row-end="0" row-start="0" text="Mann-Kendall test">
   </cell>
   <cell col-end="5" col-start="3" row-end="0" row-start="0" text="Sen’s slope estimator">
   </cell>
  </row>
  <row row="1">
   <cell col-end="0" col-start="0" row-end="1" row-start="1" text="">
   </cell>
   <cell col-end="1" col-start="1" row-end="1" row-start="1" text="Naha">
   </cell>
   <cell col-end="2" col-start="2" row-end="1" row-start="1" text="Chichi-jima">
   </cell>
   <cell col-end="3" col-start="3" row-end="1" row-start="1" text="">
   </cell>
   <cell col-end="4" col-start="4" row-end="1" row-start="1" text="Naha">
   </cell>
   <cell col-end="5" col-start="5" row-end="1" row-start="1" text="Chichi-jima">
   </cell>
  </row>
  <row row="2">
   <cell col-end="0" col-start="0" row-end="2" row-start="2" text="Number of data">
   </cell>
   <cell col-end="1" col-start="1" row-end="2" row-start="2" text="468">
   </cell>
   <cell col-end="2" col-start="2" row-end="2" row-start="2" text="468">
   </cell>
   <cell col-end="3" col-start="3" row-end="2" row-start="2" text="Number of pair">
   </cell>
   <cell col-end="4" col-start="4" row-end="2" row-start="2" text="109278">
   </cell>
   <cell col-end="5" col-start="5" row-end="2" row-start="2" text="109278">
   </cell>
  </row>
  <row row="3">
   <cell col-end="0" col-start="0" row-end="3" row-start="3" text="Confidence level">
   </cell>
   <cell col-end="1" col-start="1" row-end="3" row-start="3" text="0.05">
   </cell>
   <cell col-end="2" col-start="2" row-end="3" row-start="3" text="0.05">
   </cell>
   <cell col-end="3" col-start="3" row-end="3" row-start="3" text="k
     
     -value">
   </cell>
   <cell col-end="4" col-start="4" row-end="3" row-start="3" text="6625">
   </cell>
   <cell col-end="5" col-start="5" row-end="3" row-start="3" text="6625">
   </cell>
  </row>
  <row row="4">
   <cell col-end="0" col-start="0" row-end="4" row-start="4" text="v
       

        a
       

        r
       

        i
       

        a
       

        n
       

        c
       

        e">
   </cell>
   <cell col-end="1" col-start="1" row-end="4" row-start="4" text="3380">
   </cell>
   <cell col-end="2" col-start="2" row-end="4" row-start="4" text="3380">
   </cell>
   <cell col-end="3" col-start="3" row-end="4" row-start="4" text="Sen's slope for 35-y (m)">
   </cell>
   <cell col-end="4" col-start="4" row-end="4" row-start="4" text="0.081">
   </cell>
   <cell col-end="5" col-start="5" row-end="4" row-start="4" text="0.134">
   </cell>
  </row>
  <row row="5">
   <cell col-end="0" col-start="0" row-end="5" row-start="5" text="p
     
     -value">
   </cell>
   <cell col-end="1" col-start="1" row-end="5" row-start="5" text="8.9 × 10
     
      −10">
   </cell>
   <cell col-end="2" col-start="2" row-end="5" row-start="5" text="6.7 × 10
     
      −26">
   </cell>
   <cell col-end="3" col-start="3" row-end="5" row-start="5" text="Upper level for 35-y (m)">
   </cell>
   <cell col-end="4" col-start="4" row-end="5" row-start="5" text="0.118">
   </cell>
   <cell col-end="5" col-start="5" row-end="5" row-start="5" text="0.167">
   </cell>
  </row>
  <row row="6">
   <cell col-end="0" col-start="0" row-end="6" row-start="6" text="z
     
     -value">
   </cell>
   <cell col-end="1" col-start="1" row-end="6" row-start="6" text="6.13">
   </cell>
   <cell col-end="2" col-start="2" row-end="6" row-start="6" text="10.52">
   </cell>
   <cell col-end="3" col-start="3" row-end="6" row-start="6" text="Lower level for 35-y (m)">
   </cell>
   <cell col-end="4" col-start="4" row-end="6" row-start="6" text="0.043">
   </cell>
   <cell col-end="5" col-start="5" row-end="6" row-start="6" text="0.102">
   </cell>
  </row>
  <row row="7">
   <cell col-end="0" col-start="0" row-end="7" row-start="7" text="Trend">
   </cell>
   <cell col-end="1" col-start="1" row-end="7" row-start="7" text="Upward">
   </cell>
   <cell col-end="2" col-start="2" row-end="7" row-start="7" text="Upward">
   </cell>
   <cell col-end="3" col-start="3" row-end="7" row-start="7" text="">
   </cell>
   <cell col-end="4" col-start="4" row-end="7" row-start="7" text="">
   </cell>
   <cell col-end="5" col-start="5" row-end="7" row-start="7" text="">
   </cell>
  </row>
  <statements>
   <statement id="1" text="Chichi-jima has 1.102 for Lower level for 45-y (m)." type="">
   </statement>
   <statement id="5" text="Upper level for 35-y (m) for Naha is 0.118" type="">
   </statement>
   <statement id="7" text="z -value of Naha is 3380." type="">
   </statement>
   <statement id="8" text="z -value of Naha is 6.13." type="">
   </statement>
  </statements>
 </table>
</document>