<document>
 <table id="Table 1">
  <caption text="

   Elemental composition of the bulk tailings and tailings concentrate (%).
  
">
  </caption>
  <legend text="

   TS: total sulfur content; C
   
    org
   
   : organic carbon.
  
">
  </legend>
  <row row="0">
   <cell col-end="0" col-start="0" row-end="0" row-start="0" text="Tailings">
   </cell>
   <cell col-end="1" col-start="1" row-end="0" row-start="0" text="C
     
      org">
   </cell>
   <cell col-end="2" col-start="2" row-end="0" row-start="0" text="Fe">
   </cell>
   <cell col-end="3" col-start="3" row-end="0" row-start="0" text="TS">
   </cell>
   <cell col-end="4" col-start="4" row-end="0" row-start="0" text="S
     
      2−">
   </cell>
   <cell col-end="5" col-start="5" row-end="0" row-start="0" text="S
     
      0">
   </cell>
   <cell col-end="6" col-start="6" row-end="0" row-start="0" text="Co">
   </cell>
   <cell col-end="7" col-start="7" row-end="0" row-start="0" text="Cu">
   </cell>
   <cell col-end="8" col-start="8" row-end="0" row-start="0" text="Zn">
   </cell>
   <cell col-end="9" col-start="9" row-end="0" row-start="0" text="Pb">
   </cell>
   <cell col-end="10" col-start="10" row-end="0" row-start="0" text="As">
   </cell>
  </row>
  <row row="1">
   <cell col-end="0" col-start="0" row-end="1" row-start="1" text="Bulk">
   </cell>
   <cell col-end="1" col-start="1" row-end="1" row-start="1" text="0.16">
   </cell>
   <cell col-end="2" col-start="2" row-end="1" row-start="1" text="10.2">
   </cell>
   <cell col-end="3" col-start="3" row-end="1" row-start="1" text="9.28">
   </cell>
   <cell col-end="4" col-start="4" row-end="1" row-start="1" text="7.52">
   </cell>
   <cell col-end="5" col-start="5" row-end="1" row-start="1" text="0.08">
   </cell>
   <cell col-end="6" col-start="6" row-end="1" row-start="1" text="0.02">
   </cell>
   <cell col-end="7" col-start="7" row-end="1" row-start="1" text="0.12">
   </cell>
   <cell col-end="8" col-start="8" row-end="1" row-start="1" text="1.49">
   </cell>
   <cell col-end="9" col-start="9" row-end="1" row-start="1" text="1.35">
   </cell>
   <cell col-end="10" col-start="10" row-end="1" row-start="1" text="0.08">
   </cell>
  </row>
  <row row="2">
   <cell col-end="0" col-start="0" row-end="2" row-start="2" text="Concentr.">
   </cell>
   <cell col-end="1" col-start="1" row-end="2" row-start="2" text="1.44">
   </cell>
   <cell col-end="2" col-start="2" row-end="2" row-start="2" text="27.9">
   </cell>
   <cell col-end="3" col-start="3" row-end="2" row-start="2" text="34.25">
   </cell>
   <cell col-end="4" col-start="4" row-end="2" row-start="2" text="30.7">
   </cell>
   <cell col-end="5" col-start="5" row-end="2" row-start="2" text="0.10">
   </cell>
   <cell col-end="6" col-start="6" row-end="2" row-start="2" text="0.06">
   </cell>
   <cell col-end="7" col-start="7" row-end="2" row-start="2" text="0.57">
   </cell>
   <cell col-end="8" col-start="8" row-end="2" row-start="2" text="4.85">
   </cell>
   <cell col-end="9" col-start="9" row-end="2" row-start="2" text="4.09">
   </cell>
   <cell col-end="10" col-start="10" row-end="2" row-start="2" text="0.25">
   </cell>
  </row>
  <statements>
   <statement id="1" text="Bulk tailings of C org have the value of 0.16." type="">
   </statement>
   <statement id="2" text="Bulk tailings of Cu have the value of 17.7." type="">
   </statement>
   <statement id="3" text="Bulk tailings of Pb have the value of 0.24." type="">
   </statement>
   <statement id="4" text="Microbial communities grown on tailings concentrate produced a heat output of 109 W/g ( Fig. 4 b), which was 2.7 times higher than for bulk tailings, but lower than values obtained for copper concentrate bioleaching at higher temperature" type="">
   </statement>
   <statement id="5" text="tailings concentr of C org have the value of 1.44." type="">
   </statement>
   <statement id="6" text="The higher sulfide content related to pyrite in the tailings concentrate than in the bulk tailings ( Table 1 )" type="">
   </statement>
   <statement id="8" text="There are two different Elemental composition." type="">
   </statement>
   <statement id="9" text="Bulk tailings of Fe have the value of 10.2." type="">
   </statement>
  </statements>
 </table>
</document>