<document>
 <table id="Table 1">
  <caption text="

   Basic descriptives of three types of traders at produce lane.
  
">
  </caption>
  <row row="0">
   <cell col-end="0" col-start="0" row-end="0" row-start="0" text="Variables">
   </cell>
   <cell col-end="1" col-start="1" row-end="0" row-start="0" text="Retail">
   </cell>
   <cell col-end="2" col-start="2" row-end="0" row-start="0" text="Retail &amp; Wholesale">
   </cell>
   <cell col-end="3" col-start="3" row-end="0" row-start="0" text="Wholesale">
   </cell>
  </row>
  <row row="1">
   <cell col-end="0" col-start="0" row-end="1" row-start="1" text="Total number">
   </cell>
   <cell col-end="1" col-start="1" row-end="1" row-start="1" text="51">
   </cell>
   <cell col-end="2" col-start="2" row-end="1" row-start="1" text="12">
   </cell>
   <cell col-end="3" col-start="3" row-end="1" row-start="1" text="29">
   </cell>
  </row>
  <row row="2">
   <cell col-end="0" col-start="0" row-end="2" row-start="2" text="Gender (% male)">
   </cell>
   <cell col-end="1" col-start="1" row-end="2" row-start="2" text="6.0%">
   </cell>
   <cell col-end="2" col-start="2" row-end="2" row-start="2" text="7.7%">
   </cell>
   <cell col-end="3" col-start="3" row-end="2" row-start="2" text="76.0%">
   </cell>
  </row>
  <row row="3">
   <cell col-end="0" col-start="0" row-end="3" row-start="3" text="Age">
   </cell>
   <cell col-end="1" col-start="1" row-end="3" row-start="3" text="38.64 (11.91)">
   </cell>
   <cell col-end="2" col-start="2" row-end="3" row-start="3" text="43.13 (7.30)">
   </cell>
   <cell col-end="3" col-start="3" row-end="3" row-start="3" text="43.92 (10.09)">
   </cell>
  </row>
  <row row="4">
   <cell col-end="0" col-start="0" row-end="4" row-start="4" text="Education (in years)">
   </cell>
   <cell col-end="1" col-start="1" row-end="4" row-start="4" text="8.67 (3.93)">
   </cell>
   <cell col-end="2" col-start="2" row-end="4" row-start="4" text="9.46 (3.78)">
   </cell>
   <cell col-end="3" col-start="3" row-end="4" row-start="4" text="8.75 (2.61)">
   </cell>
  </row>
  <row row="5">
   <cell col-end="0" col-start="0" row-end="5" row-start="5" text="No of years on produce lane">
   </cell>
   <cell col-end="1" col-start="1" row-end="5" row-start="5" text="4.33 (2.60)">
   </cell>
   <cell col-end="2" col-start="2" row-end="5" row-start="5" text="11.00 (5.89)">
   </cell>
   <cell col-end="3" col-start="3" row-end="5" row-start="5" text="12.06 (5.95)">
   </cell>
  </row>
  <row row="6">
   <cell col-end="0" col-start="0" row-end="6" row-start="6" text="No of people in one store">
   </cell>
   <cell col-end="1" col-start="1" row-end="6" row-start="6" text="3.83 (1.70)">
   </cell>
   <cell col-end="2" col-start="2" row-end="6" row-start="6" text="1.56 (0.73)">
   </cell>
   <cell col-end="3" col-start="3" row-end="6" row-start="6" text="1.71 (1.12)">
   </cell>
  </row>
  <row row="7">
   <cell col-end="0" col-start="0" row-end="7" row-start="7" text="Average rent pp/month (USD)">
   </cell>
   <cell col-end="1" col-start="1" row-end="7" row-start="7" text="25.74 (12.52)">
   </cell>
   <cell col-end="2" col-start="2" row-end="7" row-start="7" text="62.56 (25.14)">
   </cell>
   <cell col-end="3" col-start="3" row-end="7" row-start="7" text="78.63 (41.04)">
   </cell>
  </row>
  <row row="8">
   <cell col-end="0" col-start="0" row-end="8" row-start="8" text="Capacity of store (tons)">
   </cell>
   <cell col-end="1" col-start="1" row-end="8" row-start="8" text="34.00 (29.84)">
   </cell>
   <cell col-end="2" col-start="2" row-end="8" row-start="8" text="32.46 (26.20)">
   </cell>
   <cell col-end="3" col-start="3" row-end="8" row-start="8" text="47.00 (43.09)">
   </cell>
  </row>
  <row row="9">
   <cell col-end="0" col-start="0" row-end="9" row-start="9" text="Average capacity pp (tons)">
   </cell>
   <cell col-end="1" col-start="1" row-end="9" row-start="9" text="8.62 (4.45)">
   </cell>
   <cell col-end="2" col-start="2" row-end="9" row-start="9" text="29.06 (28.50)">
   </cell>
   <cell col-end="3" col-start="3" row-end="9" row-start="9" text="42.18 (45.82)">
   </cell>
  </row>
  <statements>
   <statement id="0" text="All retailers and R&amp;W shared storage space, and some smaller wholesalers as well." type="">
   </statement>
   <statement id="2" text="The highest education number is 9.46(3.78)." type="">
   </statement>
   <statement id="3" text="The highest Retail &amp; Wholesale is 1.56(0.73)." type="">
   </statement>
   <statement id="4" text="The highest Retail is 51." type="">
   </statement>
   <statement id="6" text="The lowest Retail is 51." type="">
   </statement>
   <statement id="8" text="There are 4 different types of variables in the given table." type="">
   </statement>
   <statement id="9" text="There are 9 different types of variables in the given table." type="">
   </statement>
   <statement id="10" text="There is no value for Capacity of store (tons)." type="">
   </statement>
  </statements>
 </table>
</document>