<document>
 <table id="Table 1">
  <caption text="


    87
   
   Sr/
   
    86
   
   Sr ratios for all samples and percentage
   
    87
   
   Sr/
   
    86
   
   Sr ratios attributed to sea spray.
  
">
  </caption>
  <row row="0">
   <cell col-end="0" col-start="0" row-end="0" row-start="0" text="Transect 1">
   </cell>
   <cell col-end="1" col-start="1" row-end="0" row-start="0" text="Specimen Identification">
   </cell>
   <cell col-end="2" col-start="2" row-end="0" row-start="0" text="87
     
     Sr/
     
      86
     
     Sr">
   </cell>
   <cell col-end="3" col-start="3" row-end="0" row-start="0" text="Sr concentration (ppm)">
   </cell>
   <cell col-end="4" col-start="4" row-end="0" row-start="0" text="Transect 2">
   </cell>
   <cell col-end="5" col-start="5" row-end="0" row-start="0" text="Specimen Identification">
   </cell>
   <cell col-end="6" col-start="6" row-end="0" row-start="0" text="87
     
     Sr/
     
      86
     
     Sr">
   </cell>
   <cell col-end="7" col-start="7" row-end="0" row-start="0" text="Sr concentration (ppm)">
   </cell>
  </row>
  <row row="1">
   <cell col-end="0" col-start="0" row-end="1" row-start="1" text="Position 1, 0m">
   </cell>
   <cell col-end="1" col-start="1" row-end="1" row-start="1" text="ACL-5529 IRE-GALW-0062">
   </cell>
   <cell col-end="2" col-start="2" row-end="1" row-start="1" text="0.71003">
   </cell>
   <cell col-end="3" col-start="3" row-end="1" row-start="1" text="NA">
   </cell>
   <cell col-end="4" col-start="4" row-end="1" row-start="1" text="Position 1, 0m">
   </cell>
   <cell col-end="5" col-start="5" row-end="1" row-start="1" text="ACL-5534 IRE-GALW-0072">
   </cell>
   <cell col-end="6" col-start="6" row-end="1" row-start="1" text="0.70982">
   </cell>
   <cell col-end="7" col-start="7" row-end="1" row-start="1" text="76">
   </cell>
  </row>
  <row row="2">
   <cell col-end="0" col-start="0" row-end="2" row-start="2" text="Position 2, 50m">
   </cell>
   <cell col-end="1" col-start="1" row-end="2" row-start="2" text="ACL-5530 IRE-GALW-0064">
   </cell>
   <cell col-end="2" col-start="2" row-end="2" row-start="2" text="0.70925">
   </cell>
   <cell col-end="3" col-start="3" row-end="2" row-start="2" text="152">
   </cell>
   <cell col-end="4" col-start="4" row-end="2" row-start="2" text="Position 2, 50m">
   </cell>
   <cell col-end="5" col-start="5" row-end="2" row-start="2" text="ACL-5535 IRE-GALW-0074">
   </cell>
   <cell col-end="6" col-start="6" row-end="2" row-start="2" text="0.70931">
   </cell>
   <cell col-end="7" col-start="7" row-end="2" row-start="2" text="122">
   </cell>
  </row>
  <row row="3">
   <cell col-end="0" col-start="0" row-end="3" row-start="3" text="Position 3,10 0m">
   </cell>
   <cell col-end="1" col-start="1" row-end="3" row-start="3" text="ACL-5531 IRE-GALW-0066">
   </cell>
   <cell col-end="2" col-start="2" row-end="3" row-start="3" text="0.70929">
   </cell>
   <cell col-end="3" col-start="3" row-end="3" row-start="3" text="59">
   </cell>
   <cell col-end="4" col-start="4" row-end="3" row-start="3" text="Position 3,10 0m">
   </cell>
   <cell col-end="5" col-start="5" row-end="3" row-start="3" text="ACL-5536 IRE-GALW-0076">
   </cell>
   <cell col-end="6" col-start="6" row-end="3" row-start="3" text="0.70927">
   </cell>
   <cell col-end="7" col-start="7" row-end="3" row-start="3" text="68">
   </cell>
  </row>
  <row row="4">
   <cell col-end="0" col-start="0" row-end="4" row-start="4" text="Position 4, 150m">
   </cell>
   <cell col-end="1" col-start="1" row-end="4" row-start="4" text="ACL-5532 IRE-GALW-0068">
   </cell>
   <cell col-end="2" col-start="2" row-end="4" row-start="4" text="0.70931">
   </cell>
   <cell col-end="3" col-start="3" row-end="4" row-start="4" text="85">
   </cell>
   <cell col-end="4" col-start="4" row-end="4" row-start="4" text="Position 4, 150m">
   </cell>
   <cell col-end="5" col-start="5" row-end="4" row-start="4" text="ACL-5537 IRE-GALW-0078">
   </cell>
   <cell col-end="6" col-start="6" row-end="4" row-start="4" text="0.70947">
   </cell>
   <cell col-end="7" col-start="7" row-end="4" row-start="4" text="54">
   </cell>
  </row>
  <row row="5">
   <cell col-end="0" col-start="0" row-end="5" row-start="5" text="Position 5, 200m">
   </cell>
   <cell col-end="1" col-start="1" row-end="5" row-start="5" text="ACL-5533 IRE-GALW-0070">
   </cell>
   <cell col-end="2" col-start="2" row-end="5" row-start="5" text="0.70932">
   </cell>
   <cell col-end="3" col-start="3" row-end="5" row-start="5" text="47">
   </cell>
   <cell col-end="4" col-start="4" row-end="5" row-start="5" text="Position 5, 200m">
   </cell>
   <cell col-end="5" col-start="5" row-end="5" row-start="5" text="ACL-5538 IRE-GALW-0080">
   </cell>
   <cell col-end="6" col-start="6" row-end="5" row-start="5" text="0.70930">
   </cell>
   <cell col-end="7" col-start="7" row-end="5" row-start="5" text="59">
   </cell>
  </row>
  <row row="6">
   <cell col-end="0" col-start="0" row-end="6" row-start="6" text="Average">
   </cell>
   <cell col-end="1" col-start="1" row-end="6" row-start="6" text="">
   </cell>
   <cell col-end="2" col-start="2" row-end="6" row-start="6" text="0.70944">
   </cell>
   <cell col-end="3" col-start="3" row-end="6" row-start="6" text="86">
   </cell>
   <cell col-end="4" col-start="4" row-end="6" row-start="6" text="Average">
   </cell>
   <cell col-end="5" col-start="5" row-end="6" row-start="6" text="">
   </cell>
   <cell col-end="6" col-start="6" row-end="6" row-start="6" text="0.70943">
   </cell>
   <cell col-end="7" col-start="7" row-end="6" row-start="6" text="76">
   </cell>
  </row>
  <row row="7">
   <cell col-end="0" col-start="0" row-end="7" row-start="7" text="Standard Deviation">
   </cell>
   <cell col-end="1" col-start="1" row-end="7" row-start="7" text="">
   </cell>
   <cell col-end="2" col-start="2" row-end="7" row-start="7" text="0.00030">
   </cell>
   <cell col-end="3" col-start="3" row-end="7" row-start="7" text="47">
   </cell>
   <cell col-end="4" col-start="4" row-end="7" row-start="7" text="Standard Deviation">
   </cell>
   <cell col-end="5" col-start="5" row-end="7" row-start="7" text="">
   </cell>
   <cell col-end="6" col-start="6" row-end="7" row-start="7" text="0.00023">
   </cell>
   <cell col-end="7" col-start="7" row-end="7" row-start="7" text="27">
   </cell>
  </row>
  <row row="8">
   <cell col-end="0" col-start="0" row-end="8" row-start="8" text="Transect 3">
   </cell>
   <cell col-end="1" col-start="1" row-end="8" row-start="8" text="Specimen Identification">
   </cell>
   <cell col-end="2" col-start="2" row-end="8" row-start="8" text="87
     
     Sr/
     
      86
     
     Sr">
   </cell>
   <cell col-end="3" col-start="3" row-end="8" row-start="8" text="Sr concentration (ppm)">
   </cell>
   <cell col-end="4" col-start="4" row-end="8" row-start="8" text="Controls">
   </cell>
   <cell col-end="5" col-start="5" row-end="8" row-start="8" text="Specimen Identification">
   </cell>
   <cell col-end="6" col-start="6" row-end="8" row-start="8" text="87
     
     Sr/
     
      86
     
     Sr">
   </cell>
   <cell col-end="7" col-start="7" row-end="8" row-start="8" text="Sr concentration (ppm)">
   </cell>
  </row>
  <row row="9">
   <cell col-end="0" col-start="0" row-end="9" row-start="9" text="Position 1, 0m">
   </cell>
   <cell col-end="1" col-start="1" row-end="9" row-start="9" text="ACL-5539 IRE-GALW-0082">
   </cell>
   <cell col-end="2" col-start="2" row-end="9" row-start="9" text="0.71020">
   </cell>
   <cell col-end="3" col-start="3" row-end="9" row-start="9" text="113">
   </cell>
   <cell col-end="4" col-start="4" row-end="9" row-start="9" text="Hilltop Control 1">
   </cell>
   <cell col-end="5" col-start="5" row-end="9" row-start="9" text="ACL-5544 IRE-GALW-0092">
   </cell>
   <cell col-end="6" col-start="6" row-end="9" row-start="9" text="0.71151">
   </cell>
   <cell col-end="7" col-start="7" row-end="9" row-start="9" text="58">
   </cell>
  </row>
  <row row="10">
   <cell col-end="0" col-start="0" row-end="10" row-start="10" text="Position 2, 50m">
   </cell>
   <cell col-end="1" col-start="1" row-end="10" row-start="10" text="ACL-5540 IRE-GALW-0084">
   </cell>
   <cell col-end="2" col-start="2" row-end="10" row-start="10" text="0.70926">
   </cell>
   <cell col-end="3" col-start="3" row-end="10" row-start="10" text="29">
   </cell>
   <cell col-end="4" col-start="4" row-end="10" row-start="10" text="Hilltop Control 2">
   </cell>
   <cell col-end="5" col-start="5" row-end="10" row-start="10" text="ACL-5545 IRE-GALW-0094">
   </cell>
   <cell col-end="6" col-start="6" row-end="10" row-start="10" text="0.70974">
   </cell>
   <cell col-end="7" col-start="7" row-end="10" row-start="10" text="">
   </cell>
  </row>
  <row row="11">
   <cell col-end="0" col-start="0" row-end="11" row-start="11" text="Position 3,10 0m">
   </cell>
   <cell col-end="1" col-start="1" row-end="11" row-start="11" text="ACL-5541 IRE-GALW-0084">
   </cell>
   <cell col-end="2" col-start="2" row-end="11" row-start="11" text="0.71040">
   </cell>
   <cell col-end="3" col-start="3" row-end="11" row-start="11" text="24">
   </cell>
   <cell col-end="4" col-start="4" row-end="11" row-start="11" text="Hilltop Control 3">
   </cell>
   <cell col-end="5" col-start="5" row-end="11" row-start="11" text="ACL-5546 IRE-GALW-0096">
   </cell>
   <cell col-end="6" col-start="6" row-end="11" row-start="11" text="0.70986">
   </cell>
   <cell col-end="7" col-start="7" row-end="11" row-start="11" text="">
   </cell>
  </row>
  <row row="12">
   <cell col-end="0" col-start="0" row-end="12" row-start="12" text="Position 4, 150m">
   </cell>
   <cell col-end="1" col-start="1" row-end="12" row-start="12" text="ACL-5542 IRE-GALW-0088">
   </cell>
   <cell col-end="2" col-start="2" row-end="12" row-start="12" text="0.70938">
   </cell>
   <cell col-end="3" col-start="3" row-end="12" row-start="12" text="40">
   </cell>
   <cell col-end="4" col-start="4" row-end="12" row-start="12" text="Average">
   </cell>
   <cell col-end="5" col-start="5" row-end="12" row-start="12" text="">
   </cell>
   <cell col-end="6" col-start="6" row-end="12" row-start="12" text="0.71037">
   </cell>
   <cell col-end="7" col-start="7" row-end="12" row-start="12" text="">
   </cell>
  </row>
  <row row="13">
   <cell col-end="0" col-start="0" row-end="13" row-start="13" text="Position 5, 200m">
   </cell>
   <cell col-end="1" col-start="1" row-end="13" row-start="13" text="ACL-5543 IRE-GALW-0090">
   </cell>
   <cell col-end="2" col-start="2" row-end="13" row-start="13" text="0.70938">
   </cell>
   <cell col-end="3" col-start="3" row-end="13" row-start="13" text="22">
   </cell>
   <cell col-end="4" col-start="4" row-end="13" row-start="13" text="Standard Deviation">
   </cell>
   <cell col-end="5" col-start="5" row-end="13" row-start="13" text="">
   </cell>
   <cell col-end="6" col-start="6" row-end="13" row-start="13" text="0.00099">
   </cell>
   <cell col-end="7" col-start="7" row-end="13" row-start="13" text="">
   </cell>
  </row>
  <row row="14">
   <cell col-end="0" col-start="0" row-end="14" row-start="14" text="Average">
   </cell>
   <cell col-end="1" col-start="1" row-end="14" row-start="14" text="">
   </cell>
   <cell col-end="2" col-start="2" row-end="14" row-start="14" text="0.70972">
   </cell>
   <cell col-end="3" col-start="3" row-end="14" row-start="14" text="46">
   </cell>
   <cell col-end="4" col-start="4" row-end="14" row-start="14" text="">
   </cell>
   <cell col-end="5" col-start="5" row-end="14" row-start="14" text="">
   </cell>
   <cell col-end="6" col-start="6" row-end="14" row-start="14" text="">
   </cell>
   <cell col-end="7" col-start="7" row-end="14" row-start="14" text="">
   </cell>
  </row>
  <row row="15">
   <cell col-end="0" col-start="0" row-end="15" row-start="15" text="Standard Deviation">
   </cell>
   <cell col-end="1" col-start="1" row-end="15" row-start="15" text="">
   </cell>
   <cell col-end="2" col-start="2" row-end="15" row-start="15" text="0.00053">
   </cell>
   <cell col-end="3" col-start="3" row-end="15" row-start="15" text="38">
   </cell>
   <cell col-end="4" col-start="4" row-end="15" row-start="15" text="">
   </cell>
   <cell col-end="5" col-start="5" row-end="15" row-start="15" text="">
   </cell>
   <cell col-end="6" col-start="6" row-end="15" row-start="15" text="">
   </cell>
   <cell col-end="7" col-start="7" row-end="15" row-start="15" text="">
   </cell>
  </row>
  <statements>
   <statement id="1" text="0.70925 is the 87 Sr/ 86 Sr value for Position 2, 50m." type="">
   </statement>
   <statement id="2" text="0.70929 is the 87 Sr/ 86 Sr value for Position 3,10 0m." type="">
   </statement>
   <statement id="3" text="0.70931 is the 87 Sr/ 86 Sr value for Position 4, 150m." type="">
   </statement>
   <statement id="4" text="0.71003 is the 87 Sr/ 86 Sr value for Position 1, 0m." type="">
   </statement>
   <statement id="6" text="0.87456 is the 87 Sr/ 86 Sr value for Position 3,10 0m." type="">
   </statement>
   <statement id="7" text="The concentration for the control sample is [Sr] =" type="">
   </statement>
   <statement id="8" text="Transect 1 has five potion with unique for each position." type="">
   </statement>
  </statements>
 </table>
</document>