<document>
 <table id="Table 2">
  <caption text="

   Prescribing Characteristics.
  
">
  </caption>
  <row row="0">
   <cell col-end="0" col-start="0" row-end="0" row-start="0" text="">
   </cell>
   <cell col-end="2" col-start="1" row-end="0" row-start="0" text="Overall (n = 528)">
   </cell>
   <cell col-end="4" col-start="3" row-end="0" row-start="0" text="Opioid Rx (n = 412)">
   </cell>
   <cell col-end="6" col-start="5" row-end="0" row-start="0" text="Non-Opioid Rx (n = 116)">
   </cell>
   <cell col-end="7" col-start="7" row-end="0" row-start="0" text="t">
   </cell>
   <cell col-end="8" col-start="8" row-end="0" row-start="0" text="p
     
     -value">
   </cell>
  </row>
  <row row="1">
   <cell col-end="8" col-start="0" row-end="1" row-start="1" text="Mean (S.D.) Range">
   </cell>
  </row>
  <row row="2">
   <cell col-end="0" col-start="0" row-end="2" row-start="2" text="Prescriptions">
   </cell>
   <cell col-end="1" col-start="1" row-end="2" row-start="2" text="11.0 (12.0)">
   </cell>
   <cell col-end="2" col-start="2" row-end="2" row-start="2" text="1–64">
   </cell>
   <cell col-end="3" col-start="3" row-end="2" row-start="2" text="11.7 (12.7)">
   </cell>
   <cell col-end="4" col-start="4" row-end="2" row-start="2" text="1–64">
   </cell>
   <cell col-end="5" col-start="5" row-end="2" row-start="2" text="8.6 (8.7)">
   </cell>
   <cell col-end="6" col-start="6" row-end="2" row-start="2" text="1–44">
   </cell>
   <cell col-end="7" col-start="7" row-end="2" row-start="2" text="3.076">
   </cell>
   <cell col-end="8" col-start="8" row-end="2" row-start="2" text="0.002">
   </cell>
  </row>
  <row row="3">
   <cell col-end="0" col-start="0" row-end="3" row-start="3" text="Providers">
   </cell>
   <cell col-end="1" col-start="1" row-end="3" row-start="3" text="2.9 (2.5)">
   </cell>
   <cell col-end="2" col-start="2" row-end="3" row-start="3" text="1–19">
   </cell>
   <cell col-end="3" col-start="3" row-end="3" row-start="3" text="3.2 (2.7)">
   </cell>
   <cell col-end="4" col-start="4" row-end="3" row-start="3" text="1–19">
   </cell>
   <cell col-end="5" col-start="5" row-end="3" row-start="3" text="1.8 (1.2)">
   </cell>
   <cell col-end="6" col-start="6" row-end="3" row-start="3" text="1–8">
   </cell>
   <cell col-end="7" col-start="7" row-end="3" row-start="3" text="7.908">
   </cell>
   <cell col-end="8" col-start="8" row-end="3" row-start="3" text="&lt;0.001">
   </cell>
  </row>
  <row row="4">
   <cell col-end="0" col-start="0" row-end="4" row-start="4" text="Dispensers">
   </cell>
   <cell col-end="1" col-start="1" row-end="4" row-start="4" text="2.6 (2.0)">
   </cell>
   <cell col-end="2" col-start="2" row-end="4" row-start="4" text="1–14">
   </cell>
   <cell col-end="3" col-start="3" row-end="4" row-start="4" text="2.7 (2.1)">
   </cell>
   <cell col-end="4" col-start="4" row-end="4" row-start="4" text="1–14">
   </cell>
   <cell col-end="5" col-start="5" row-end="4" row-start="4" text="2.1 (1.4)">
   </cell>
   <cell col-end="6" col-start="6" row-end="4" row-start="4" text="1–8">
   </cell>
   <cell col-end="7" col-start="7" row-end="4" row-start="4" text="3.471">
   </cell>
   <cell col-end="8" col-start="8" row-end="4" row-start="4" text="0.001">
   </cell>
  </row>
  <statements>
   <statement id="1" text="Non-Opioid Rx (n = 116) Prescriptions Mean (S.D) range is 3.471." type="">
   </statement>
   <statement id="2" text="Non-Opioid Rx (n = 116) Providers Mean (S.D) range is 3.2 (2.7)." type="">
   </statement>
   <statement id="3" text="Opioid Rx (n = 412) Providers Mean (S.D) range is 3.2 (2.7) and 119." type="">
   </statement>
   <statement id="5" text="Range 18) providers and 2.1" type="">
   </statement>
  </statements>
 </table>
</document>