<document>
 <table id="Table 1">
  <caption text="

   MicroRNAs (miRNAs) found to be enriched in
   
    Trichinella spiralis
   
   -secreted material. The sequence, potential homology to annotated
   
    Caehorhabditis elegans
   
   and human miRNAs, and the number of potential targets in mammalian 3′ untranslated regions are shown.
  
">
  </caption>
  <legend text="

   MSL, muscle stage larvae.
  
">
  </legend>
  <row row="0">
   <cell col-end="0" col-start="0" row-end="0" row-start="0" text="Name">
   </cell>
   <cell col-end="1" col-start="1" row-end="0" row-start="0" text="Sequence">
   </cell>
   <cell col-end="2" col-start="2" row-end="0" row-start="0" text="Caenorhabditis elegans
     
     homologue">
   </cell>
   <cell col-end="3" col-start="3" row-end="0" row-start="0" text="Mammalian homologue">
   </cell>
   <cell col-end="4" col-start="4" row-end="0" row-start="0" text="Number of target UTRs (mouse)">
   </cell>
   <cell col-end="5" col-start="5" row-end="0" row-start="0" text="Enrichment secreted material (MSL)">
   </cell>
   <cell col-end="6" col-start="6" row-end="0" row-start="0" text="Enrichment secreted material (adult)">
   </cell>
  </row>
  <row row="1">
   <cell col-end="0" col-start="0" row-end="1" row-start="1" text="Tsp miR_68">
   </cell>
   <cell col-end="1" col-start="1" row-end="1" row-start="1" text="TGAGATCACCGTGAAAGCCT">
   </cell>
   <cell col-end="2" col-start="2" row-end="1" row-start="1" text="miR-80">
   </cell>
   <cell col-end="3" col-start="3" row-end="1" row-start="1" text="n/a">
   </cell>
   <cell col-end="4" col-start="4" row-end="1" row-start="1" text="3430">
   </cell>
   <cell col-end="5" col-start="5" row-end="1" row-start="1" text="16.4">
   </cell>
   <cell col-end="6" col-start="6" row-end="1" row-start="1" text="2.6">
   </cell>
  </row>
  <row row="2">
   <cell col-end="0" col-start="0" row-end="2" row-start="2" text="Tsp miR 15">
   </cell>
   <cell col-end="1" col-start="1" row-end="2" row-start="2" text="TGAGGTAGTAGGTTGTATAGTT">
   </cell>
   <cell col-end="2" col-start="2" row-end="2" row-start="2" text="let7">
   </cell>
   <cell col-end="3" col-start="3" row-end="2" row-start="2" text="let7">
   </cell>
   <cell col-end="4" col-start="4" row-end="2" row-start="2" text="3815">
   </cell>
   <cell col-end="5" col-start="5" row-end="2" row-start="2" text="13.5">
   </cell>
   <cell col-end="6" col-start="6" row-end="2" row-start="2" text="0.25">
   </cell>
  </row>
  <row row="3">
   <cell col-end="0" col-start="0" row-end="3" row-start="3" text="Tsp miR 41">
   </cell>
   <cell col-end="1" col-start="1" row-end="3" row-start="3" text="TCACCGGTTACTAAAACATGCAT">
   </cell>
   <cell col-end="2" col-start="2" row-end="3" row-start="3" text="n/a">
   </cell>
   <cell col-end="3" col-start="3" row-end="3" row-start="3" text="n/a">
   </cell>
   <cell col-end="4" col-start="4" row-end="3" row-start="3" text="606">
   </cell>
   <cell col-end="5" col-start="5" row-end="3" row-start="3" text="10.3">
   </cell>
   <cell col-end="6" col-start="6" row-end="3" row-start="3" text="0.0035">
   </cell>
  </row>
  <row row="4">
   <cell col-end="0" col-start="0" row-end="4" row-start="4" text="Tsp miR-65">
   </cell>
   <cell col-end="1" col-start="1" row-end="4" row-start="4" text="AACCCGTAGATCCGAACTTGT">
   </cell>
   <cell col-end="2" col-start="2" row-end="4" row-start="4" text="miR-51">
   </cell>
   <cell col-end="3" col-start="3" row-end="4" row-start="4" text="miR-100">
   </cell>
   <cell col-end="4" col-start="4" row-end="4" row-start="4" text="483">
   </cell>
   <cell col-end="5" col-start="5" row-end="4" row-start="4" text="8.5">
   </cell>
   <cell col-end="6" col-start="6" row-end="4" row-start="4" text="34.7">
   </cell>
  </row>
  <row row="5">
   <cell col-end="0" col-start="0" row-end="5" row-start="5" text="Tspi miR-19">
   </cell>
   <cell col-end="1" col-start="1" row-end="5" row-start="5" text="GTGAGCAAAGTTTCAGGTGTGT">
   </cell>
   <cell col-end="2" col-start="2" row-end="5" row-start="5" text="miR-87">
   </cell>
   <cell col-end="3" col-start="3" row-end="5" row-start="5" text="n/a">
   </cell>
   <cell col-end="4" col-start="4" row-end="5" row-start="5" text="4476">
   </cell>
   <cell col-end="5" col-start="5" row-end="5" row-start="5" text="7.6">
   </cell>
   <cell col-end="6" col-start="6" row-end="5" row-start="5" text="0.0067">
   </cell>
  </row>
  <row row="6">
   <cell col-end="0" col-start="0" row-end="6" row-start="6" text="Tsp miR-72">
   </cell>
   <cell col-end="1" col-start="1" row-end="6" row-start="6" text="TCACCGGTCCATTTTATCTTCT">
   </cell>
   <cell col-end="2" col-start="2" row-end="6" row-start="6" text="n/a">
   </cell>
   <cell col-end="3" col-start="3" row-end="6" row-start="6" text="n/a">
   </cell>
   <cell col-end="4" col-start="4" row-end="6" row-start="6" text="606">
   </cell>
   <cell col-end="5" col-start="5" row-end="6" row-start="6" text="3.7">
   </cell>
   <cell col-end="6" col-start="6" row-end="6" row-start="6" text="0.80">
   </cell>
  </row>
  <row row="7">
   <cell col-end="0" col-start="0" row-end="7" row-start="7" text="Tsp miR-8">
   </cell>
   <cell col-end="1" col-start="1" row-end="7" row-start="7" text="CGGATAGCACTTTTGGTAGCT">
   </cell>
   <cell col-end="2" col-start="2" row-end="7" row-start="7" text="n/a">
   </cell>
   <cell col-end="3" col-start="3" row-end="7" row-start="7" text="n/a">
   </cell>
   <cell col-end="4" col-start="4" row-end="7" row-start="7" text="2624">
   </cell>
   <cell col-end="5" col-start="5" row-end="7" row-start="7" text="3.6">
   </cell>
   <cell col-end="6" col-start="6" row-end="7" row-start="7" text="0.94">
   </cell>
  </row>
  <row row="8">
   <cell col-end="0" col-start="0" row-end="8" row-start="8" text="Tsp miR-60">
   </cell>
   <cell col-end="1" col-start="1" row-end="8" row-start="8" text="AGGCAAGATGTTGGCATAGCT">
   </cell>
   <cell col-end="2" col-start="2" row-end="8" row-start="8" text="miR-72">
   </cell>
   <cell col-end="3" col-start="3" row-end="8" row-start="8" text="miR-31">
   </cell>
   <cell col-end="4" col-start="4" row-end="8" row-start="8" text="4568">
   </cell>
   <cell col-end="5" col-start="5" row-end="8" row-start="8" text="1.8">
   </cell>
   <cell col-end="6" col-start="6" row-end="8" row-start="8" text="1.5">
   </cell>
  </row>
  <row row="9">
   <cell col-end="0" col-start="0" row-end="9" row-start="9" text="Tsp miR-78">
   </cell>
   <cell col-end="1" col-start="1" row-end="9" row-start="9" text="TAACCGTTTCCCTCTTTCAGTGC">
   </cell>
   <cell col-end="2" col-start="2" row-end="9" row-start="9" text="n/a">
   </cell>
   <cell col-end="3" col-start="3" row-end="9" row-start="9" text="n/a">
   </cell>
   <cell col-end="4" col-start="4" row-end="9" row-start="9" text="738">
   </cell>
   <cell col-end="5" col-start="5" row-end="9" row-start="9" text="1.8">
   </cell>
   <cell col-end="6" col-start="6" row-end="9" row-start="9" text="2.8">
   </cell>
  </row>
  <row row="10">
   <cell col-end="0" col-start="0" row-end="10" row-start="10" text="Tsp miR-85">
   </cell>
   <cell col-end="1" col-start="1" row-end="10" row-start="10" text="TCACCGGATCATTTTATCTT">
   </cell>
   <cell col-end="2" col-start="2" row-end="10" row-start="10" text="n/a">
   </cell>
   <cell col-end="3" col-start="3" row-end="10" row-start="10" text="n/a">
   </cell>
   <cell col-end="4" col-start="4" row-end="10" row-start="10" text="824">
   </cell>
   <cell col-end="5" col-start="5" row-end="10" row-start="10" text="1.7">
   </cell>
   <cell col-end="6" col-start="6" row-end="10" row-start="10" text="0.088">
   </cell>
  </row>
  <statements>
   <statement id="1" text="Caenorhabditis elegans homologue of Tsp miR_68 is miR-51." type="">
   </statement>
   <statement id="2" text="Caenorhabditis elegans homologue of Tsp miR_68 is miR-80." type="">
   </statement>
   <statement id="3" text="Enrichment secreted material (adult) have the highest value for Tsp miR-65 of 34.7." type="">
   </statement>
   <statement id="5" text="Enrichment secreted material (MSL) have the highest value for Tsp miR_68 of 16.4." type="">
   </statement>
   <statement id="7" text="Mammalian homologue of Tsp miR_68 is let7." type="">
   </statement>
   <statement id="9" text="miR-80 is the Caenorhabditis elegans homologue of Tsp miR_15" type="">
   </statement>
   <statement id="10" text="miR-80 is the Caenorhabditis elegans homologue of Tsp miR_68" type="">
   </statement>
   <statement id="14" text="There are five different categories of Sequences." type="">
   </statement>
  </statements>
 </table>
</document>