<document>
 <table id="Table 2">
  <caption text="

   Selected diffusion coefficients from literature in comparison to this work.
  
">
  </caption>
  <legend text="

   D
   
    ox
   
   refers to the diffusion coefficient of the oxidant (hexachloroiridate(IV) or hexacyanoferrate(III), D
   
    red
   
   refers to that of the reductant (hexachloroiridate(III) or hexacyanoferrate(II)).
  
">
  </legend>
  <row row="0">
   <cell col-end="0" col-start="0" row-end="0" row-start="0" text="Redox couple">
   </cell>
   <cell col-end="1" col-start="1" row-end="0" row-start="0" text="Medium">
   </cell>
   <cell col-end="2" col-start="2" row-end="0" row-start="0" text="D
     
      ox
     
     /10
     
      −10
     
     m
     
      2
     
     /s">
   </cell>
   <cell col-end="3" col-start="3" row-end="0" row-start="0" text="D
     
      red
     
     /10
     
      −10
     
     m
     
      2
     
     /s">
   </cell>
   <cell col-end="4" col-start="4" row-end="0" row-start="0" text="Reference">
   </cell>
  </row>
  <row row="1">
   <cell col-end="0" col-start="0" row-end="1" row-start="1" text="Hexacyanoferrate">
   </cell>
   <cell col-end="1" col-start="1" row-end="1" row-start="1" text="1.0 M KCl">
   </cell>
   <cell col-end="2" col-start="2" row-end="1" row-start="1" text="5.88">
   </cell>
   <cell col-end="3" col-start="3" row-end="1" row-start="1" text="6.77">
   </cell>
   <cell col-end="4" col-start="4" row-end="1" row-start="1" text="[
     
      28
     
     ,
     
      29
     
     ]">
   </cell>
  </row>
  <row row="2">
   <cell col-end="0" col-start="0" row-end="2" row-start="2" text="Hexacyanoferrate">
   </cell>
   <cell col-end="1" col-start="1" row-end="2" row-start="2" text="0.5 M NaOH">
   </cell>
   <cell col-end="2" col-start="2" row-end="2" row-start="2" text="6.29">
   </cell>
   <cell col-end="3" col-start="3" row-end="2" row-start="2" text="7.17">
   </cell>
   <cell col-end="4" col-start="4" row-end="2" row-start="2" text="[
     
      30
     
     ]">
   </cell>
  </row>
  <row row="3">
   <cell col-end="0" col-start="0" row-end="3" row-start="3" text="Hexacyanoferrate">
   </cell>
   <cell col-end="1" col-start="1" row-end="3" row-start="3" text="0.5 M KNO
     
      3">
   </cell>
   <cell col-end="2" col-start="2" row-end="3" row-start="3" text="6.09">
   </cell>
   <cell col-end="3" col-start="3" row-end="3" row-start="3" text="7.09">
   </cell>
   <cell col-end="4" col-start="4" row-end="3" row-start="3" text="This work">
   </cell>
  </row>
  <row row="4">
   <cell col-end="0" col-start="0" row-end="4" row-start="4" text="Hexachloroiridate">
   </cell>
   <cell col-end="1" col-start="1" row-end="4" row-start="4" text="0.1 M KNO
     
      3">
   </cell>
   <cell col-end="2" col-start="2" row-end="4" row-start="4" text="8.93">
   </cell>
   <cell col-end="3" col-start="3" row-end="4" row-start="4" text="//">
   </cell>
   <cell col-end="4" col-start="4" row-end="4" row-start="4" text="[
     
      18
     
     ]">
   </cell>
  </row>
  <row row="5">
   <cell col-end="0" col-start="0" row-end="5" row-start="5" text="Hexachloroiridate">
   </cell>
   <cell col-end="1" col-start="1" row-end="5" row-start="5" text="0.5 M KNO
     
      3">
   </cell>
   <cell col-end="2" col-start="2" row-end="5" row-start="5" text="8.46">
   </cell>
   <cell col-end="3" col-start="3" row-end="5" row-start="5" text="//">
   </cell>
   <cell col-end="4" col-start="4" row-end="5" row-start="5" text="[
     
      31
     
     ]">
   </cell>
  </row>
  <row row="6">
   <cell col-end="0" col-start="0" row-end="6" row-start="6" text="Hexachloroiridate">
   </cell>
   <cell col-end="1" col-start="1" row-end="6" row-start="6" text="0.5 M KNO
     
      3
     

     0.1 M Acetate">
   </cell>
   <cell col-end="2" col-start="2" row-end="6" row-start="6" text="8.38">
   </cell>
   <cell col-end="3" col-start="3" row-end="6" row-start="6" text="6.10
     
      ⁎">
   </cell>
   <cell col-end="4" col-start="4" row-end="6" row-start="6" text="This work">
   </cell>
  </row>
  <statements>
   <statement id="2" text="Every Redox couple has different D ox /10 10 m 2 /s value." type="">
   </statement>
   <statement id="3" text="Hexachloroiridate with medium 0.5 M KNO 3 does not have D ox value." type="">
   </statement>
   <statement id="4" text="Hexachloroiridate with medium 0.5 M KNO 3 does not have D red value." type="">
   </statement>
   <statement id="6" text="Hexacyanoferrate and Hexachloroiridate has same medium." type="">
   </statement>
  </statements>
 </table>
 <table id="Table 3">
  <caption text="

   Summarizing comparison between the hexachloroiridate and hexacyanoferrate redox couple.
  
">
  </caption>
  <row row="0">
   <cell col-end="0" col-start="0" row-end="0" row-start="0" text="">
   </cell>
   <cell col-end="1" col-start="1" row-end="0" row-start="0" text="Hexachloroiridate">
   </cell>
   <cell col-end="2" col-start="2" row-end="0" row-start="0" text="Hexacyanoferrate">
   </cell>
  </row>
  <row row="1">
   <cell col-end="0" col-start="0" row-end="1" row-start="1" text="Reaction">
   </cell>
   <cell col-end="1" col-start="1" row-end="1" row-start="1" text="IrCl
     
      6
     

      3−
     
     ⇌ IrCl
     
      6
     

      2−
     
     + e
     
      −">
   </cell>
   <cell col-end="2" col-start="2" row-end="1" row-start="1" text="Fe(CN)
     
      6
     

      4−
     
     ⇌ Fe(CN)
     
      6
     

      3−
     
     + e
     
      −">
   </cell>
  </row>
  <row row="2">
   <cell col-end="0" col-start="0" row-end="2" row-start="2" text="Redox potential">
   </cell>
   <cell col-end="1" col-start="1" row-end="2" row-start="2" text="+0.8665 V
     
      /SHE
     
     [
     
      4
     
     ]">
   </cell>
   <cell col-end="2" col-start="2" row-end="2" row-start="2" text="+0.358 V
     
      /SHE
     
     [
     
      4
     
     ]">
   </cell>
  </row>
  <row row="3">
   <cell col-end="0" col-start="0" row-end="3" row-start="3" text="Reduction plateau (Pt)">
   </cell>
   <cell col-end="1" col-start="1" row-end="3" row-start="3" text="+0.75 V
     
      /SHE
     
     to −0.25 V
     
      /SHE">
   </cell>
   <cell col-end="2" col-start="2" row-end="3" row-start="3" text="+0.2 V
     
      /SHE
     
     to −0.6 V
     
      /SHE">
   </cell>
  </row>
  <row row="4">
   <cell col-end="0" col-start="0" row-end="4" row-start="4" text="Oxidation plateau (Pt)">
   </cell>
   <cell col-end="1" col-start="1" row-end="4" row-start="4" text="+0.95 V
     
      /SHE
     
     to +1.1 V
     
      /SHE">
   </cell>
   <cell col-end="2" col-start="2" row-end="4" row-start="4" text="+0.5 V
     
      /SHE
     
     to +1.1 V
     
      /SHE">
   </cell>
  </row>
  <row row="5">
   <cell col-end="0" col-start="0" row-end="5" row-start="5" text="Diffusion coefficient">
   </cell>
   <cell col-end="1" col-start="1" row-end="5" row-start="5" text="8.38 * 10
     
      −10
     
     m
     
      2
     
     /s">
   </cell>
   <cell col-end="2" col-start="2" row-end="5" row-start="5" text="6.09 * 10
     
      −10
     
     m
     
      2
     
     /s">
   </cell>
  </row>
  <row row="6">
   <cell col-end="0" col-start="0" row-end="6" row-start="6" text="Solution pH">
   </cell>
   <cell col-end="1" col-start="1" row-end="6" row-start="6" text="pH &lt; 5">
   </cell>
   <cell col-end="2" col-start="2" row-end="6" row-start="6" text="Avoid strong acids">
   </cell>
  </row>
  <row row="7">
   <cell col-end="0" col-start="0" row-end="7" row-start="7" text="Stability in solution:">
   </cell>
   <cell col-end="1" col-start="1" row-end="7" row-start="7" text="A few days to weeks [
     
      18
     
     ]">
   </cell>
   <cell col-end="2" col-start="2" row-end="7" row-start="7" text="Refresh daily [
     
      12
     
     ]">
   </cell>
  </row>
  <row row="8">
   <cell col-end="0" col-start="0" row-end="8" row-start="8" text="Stability during reduction (RDE)">
   </cell>
   <cell col-end="1" col-start="1" row-end="8" row-start="8" text="39.2% loss after 16 h">
   </cell>
   <cell col-end="2" col-start="2" row-end="8" row-start="8" text="19.5% loss after 16 h">
   </cell>
  </row>
  <row row="9">
   <cell col-end="0" col-start="0" row-end="9" row-start="9" text="Loss of concentration due to:">
   </cell>
   <cell col-end="1" col-start="1" row-end="9" row-start="9" text="Spontaneous reduction
     
     Hydroxide formation">
   </cell>
   <cell col-end="2" col-start="2" row-end="9" row-start="9" text="Electrode poisoning
     
     Photosensitivity">
   </cell>
  </row>
  <row row="10">
   <cell col-end="0" col-start="0" row-end="10" row-start="10" text="UV-VIS Extinction coefficient">
   </cell>
   <cell col-end="1" col-start="1" row-end="10" row-start="10" text="4.06 mM
     
      −1
     
     cm
     
      −1
     
     at 488 nm">
   </cell>
   <cell col-end="2" col-start="2" row-end="10" row-start="10" text="1.064 mM
     
      −1
     
     cm
     
      −1
     
     at 420 nm">
   </cell>
  </row>
  <statements>
   <statement id="1" text="Hexachloroiridate and Hexacyanoferrate are two redox couple given in the given." type="">
   </statement>
   <statement id="3" text="Hexacyanoferrate has lowest percent of Stability during reduction (RDE)." type="">
   </statement>
   <statement id="4" text="In Table 3 the main differences between both redox couples are summarized." type="">
   </statement>
   <statement id="6" text="Stability during reduction (RDE) does not have PH value." type="">
   </statement>
  </statements>
 </table>
</document>