<document>
 <table id="Table 1">
  <caption text="

   Investigation on the failure mode during the screw pull-out
  
">
  </caption>
  <row row="0">
   <cell col-end="0" col-start="0" row-end="0" row-start="0" text="Sample number">
   </cell>
   <cell col-end="1" col-start="1" row-end="0" row-start="0" text="Sample type">
   </cell>
   <cell col-end="2" col-start="2" row-end="0" row-start="0" text="Diameter, (mm)">
   </cell>
   <cell col-end="3" col-start="3" row-end="0" row-start="0" text="Depth (mm)">
   </cell>
   <cell col-end="4" col-start="4" row-end="0" row-start="0" text="Reaction ring">
   </cell>
   <cell col-end="5" col-start="5" row-end="0" row-start="0" text="Failure type">
   </cell>
  </row>
  <row row="1">
   <cell col-end="0" col-start="0" row-end="1" row-start="1" text="1">
   </cell>
   <cell col-end="1" col-start="1" row-end="1" row-start="1" text="Mortar">
   </cell>
   <cell col-end="2" col-start="2" row-end="1" row-start="1" text="9.0">
   </cell>
   <cell col-end="3" col-start="3" row-end="1" row-start="1" text="60">
   </cell>
   <cell col-end="4" col-start="4" row-end="1" row-start="1" text="No">
   </cell>
   <cell col-end="5" col-start="5" row-end="1" row-start="1" text="Splitting">
   </cell>
  </row>
  <row row="2">
   <cell col-end="0" col-start="0" row-end="2" row-start="2" text="2">
   </cell>
   <cell col-end="1" col-start="1" row-end="2" row-start="2" text="Mortar">
   </cell>
   <cell col-end="2" col-start="2" row-end="2" row-start="2" text="9.0">
   </cell>
   <cell col-end="3" col-start="3" row-end="2" row-start="2" text="60">
   </cell>
   <cell col-end="4" col-start="4" row-end="2" row-start="2" text="No">
   </cell>
   <cell col-end="5" col-start="5" row-end="2" row-start="2" text="Pull-out">
   </cell>
  </row>
  <row row="3">
   <cell col-end="0" col-start="0" row-end="3" row-start="3" text="3">
   </cell>
   <cell col-end="1" col-start="1" row-end="3" row-start="3" text="Mortar">
   </cell>
   <cell col-end="2" col-start="2" row-end="3" row-start="3" text="8.5">
   </cell>
   <cell col-end="3" col-start="3" row-end="3" row-start="3" text="60">
   </cell>
   <cell col-end="4" col-start="4" row-end="3" row-start="3" text="No">
   </cell>
   <cell col-end="5" col-start="5" row-end="3" row-start="3" text="Splitting">
   </cell>
  </row>
  <row row="4">
   <cell col-end="0" col-start="0" row-end="4" row-start="4" text="4">
   </cell>
   <cell col-end="1" col-start="1" row-end="4" row-start="4" text="Mortar">
   </cell>
   <cell col-end="2" col-start="2" row-end="4" row-start="4" text="9.0">
   </cell>
   <cell col-end="3" col-start="3" row-end="4" row-start="4" text="60">
   </cell>
   <cell col-end="4" col-start="4" row-end="4" row-start="4" text="Yes">
   </cell>
   <cell col-end="5" col-start="5" row-end="4" row-start="4" text="Pull-out">
   </cell>
  </row>
  <row row="5">
   <cell col-end="0" col-start="0" row-end="5" row-start="5" text="5">
   </cell>
   <cell col-end="1" col-start="1" row-end="5" row-start="5" text="Mortar">
   </cell>
   <cell col-end="2" col-start="2" row-end="5" row-start="5" text="9.0">
   </cell>
   <cell col-end="3" col-start="3" row-end="5" row-start="5" text="60">
   </cell>
   <cell col-end="4" col-start="4" row-end="5" row-start="5" text="Yes">
   </cell>
   <cell col-end="5" col-start="5" row-end="5" row-start="5" text="Pull-out">
   </cell>
  </row>
  <row row="6">
   <cell col-end="0" col-start="0" row-end="6" row-start="6" text="6">
   </cell>
   <cell col-end="1" col-start="1" row-end="6" row-start="6" text="Mortar">
   </cell>
   <cell col-end="2" col-start="2" row-end="6" row-start="6" text="9.5">
   </cell>
   <cell col-end="3" col-start="3" row-end="6" row-start="6" text="60">
   </cell>
   <cell col-end="4" col-start="4" row-end="6" row-start="6" text="Yes">
   </cell>
   <cell col-end="5" col-start="5" row-end="6" row-start="6" text="Pull-out">
   </cell>
  </row>
  <row row="7">
   <cell col-end="0" col-start="0" row-end="7" row-start="7" text="7">
   </cell>
   <cell col-end="1" col-start="1" row-end="7" row-start="7" text="Mortar">
   </cell>
   <cell col-end="2" col-start="2" row-end="7" row-start="7" text="9.5">
   </cell>
   <cell col-end="3" col-start="3" row-end="7" row-start="7" text="60">
   </cell>
   <cell col-end="4" col-start="4" row-end="7" row-start="7" text="Yes">
   </cell>
   <cell col-end="5" col-start="5" row-end="7" row-start="7" text="Pull-out">
   </cell>
  </row>
  <statements>
   <statement id="0" text="All the observed values are unique." type="">
   </statement>
   <statement id="1" text="Splitting is the majority Failure type." type="">
   </statement>
   <statement id="2" text="Table 1 shows the results of the investigation on the failure mode in mortar during the screw pull-out operation." type="">
   </statement>
   <statement id="3" text="The Depth (mm) is 60 for all sample numbers." type="">
   </statement>
   <statement id="6" text="There are seven Sample number in the table." type="">
   </statement>
  </statements>
 </table>
 <table id="Table 3">
  <caption text="

   Mix proportions for the investigation of the influence of compressive strength on pullout load
  
">
  </caption>
  <row row="0">
   <cell col-end="0" col-start="0" row-end="0" row-start="0" text="Mix">
   </cell>
   <cell col-end="1" col-start="1" row-end="0" row-start="0" text="Water-cement ratio">
   </cell>
   <cell col-end="2" col-start="2" row-end="0" row-start="0" text="Cement content (kg/m
     
      3
     
     )">
   </cell>
   <cell col-end="3" col-start="3" row-end="0" row-start="0" text="Sand-cement ratio">
   </cell>
   <cell col-end="4" col-start="4" row-end="0" row-start="0" text="Age of testing (days)">
   </cell>
   <cell col-end="5" col-start="5" row-end="0" row-start="0" text="Curing">
   </cell>
  </row>
  <row row="1">
   <cell col-end="0" col-start="0" row-end="1" row-start="1" text="Mix 1">
   </cell>
   <cell col-end="1" col-start="1" row-end="1" row-start="1" text="0.50">
   </cell>
   <cell col-end="2" col-start="2" row-end="1" row-start="1" text="450">
   </cell>
   <cell col-end="3" col-start="3" row-end="1" row-start="1" text="3">
   </cell>
   <cell col-end="4" col-start="4" row-end="1" row-start="1" text="7/14/28/100">
   </cell>
   <cell col-end="5" col-start="5" row-end="1" row-start="1" text="Water">
   </cell>
  </row>
  <row row="2">
   <cell col-end="0" col-start="0" row-end="2" row-start="2" text="Mix 2">
   </cell>
   <cell col-end="1" col-start="1" row-end="2" row-start="2" text="0.60">
   </cell>
   <cell col-end="2" col-start="2" row-end="2" row-start="2" text="450">
   </cell>
   <cell col-end="3" col-start="3" row-end="2" row-start="2" text="3">
   </cell>
   <cell col-end="4" col-start="4" row-end="2" row-start="2" text="7/14/28/100">
   </cell>
   <cell col-end="5" col-start="5" row-end="2" row-start="2" text="Water">
   </cell>
  </row>
  <statements>
   <statement id="1" text="Curing is done with water only for Mix 1 mixtures." type="">
   </statement>
   <statement id="6" text="Water cement and sand cement ratio is different of Mix 1." type="">
   </statement>
  </statements>
 </table>
</document>