<document>
 <table id="Table 2">
  <caption text="

   Sell of produce by destination.
   

     a
    


">
  </caption>
  <row row="0">
   <cell col-end="0" col-start="0" row-end="0" row-start="0" text="Buyer">
   </cell>
   <cell col-end="1" col-start="1" row-end="0" row-start="0" text="Animal produce">
   </cell>
   <cell col-end="2" col-start="2" row-end="0" row-start="0" text="Crop produce">
   </cell>
   <cell col-end="3" col-start="3" row-end="0" row-start="0" text="Total">
   </cell>
  </row>
  <row row="1">
   <cell col-end="0" col-start="0" row-end="1" row-start="1" text="Local middleman">
   </cell>
   <cell col-end="1" col-start="1" row-end="1" row-start="1" text="20">
   </cell>
   <cell col-end="2" col-start="2" row-end="1" row-start="1" text="22">
   </cell>
   <cell col-end="3" col-start="3" row-end="1" row-start="1" text="42">
   </cell>
  </row>
  <row row="2">
   <cell col-end="0" col-start="0" row-end="2" row-start="2" text="Cooperative">
   </cell>
   <cell col-end="1" col-start="1" row-end="2" row-start="2" text="0">
   </cell>
   <cell col-end="2" col-start="2" row-end="2" row-start="2" text="2">
   </cell>
   <cell col-end="3" col-start="3" row-end="2" row-start="2" text="2">
   </cell>
  </row>
  <row row="3">
   <cell col-end="0" col-start="0" row-end="3" row-start="3" text="Wholesaler">
   </cell>
   <cell col-end="1" col-start="1" row-end="3" row-start="3" text="3">
   </cell>
   <cell col-end="2" col-start="2" row-end="3" row-start="3" text="24">
   </cell>
   <cell col-end="3" col-start="3" row-end="3" row-start="3" text="27">
   </cell>
  </row>
  <row row="4">
   <cell col-end="0" col-start="0" row-end="4" row-start="4" text="Retailer">
   </cell>
   <cell col-end="1" col-start="1" row-end="4" row-start="4" text="5">
   </cell>
   <cell col-end="2" col-start="2" row-end="4" row-start="4" text="12">
   </cell>
   <cell col-end="3" col-start="3" row-end="4" row-start="4" text="17">
   </cell>
  </row>
  <row row="5">
   <cell col-end="0" col-start="0" row-end="5" row-start="5" text="Local market">
   </cell>
   <cell col-end="1" col-start="1" row-end="5" row-start="5" text="6">
   </cell>
   <cell col-end="2" col-start="2" row-end="5" row-start="5" text="38">
   </cell>
   <cell col-end="3" col-start="3" row-end="5" row-start="5" text="44">
   </cell>
  </row>
  <row row="6">
   <cell col-end="0" col-start="0" row-end="6" row-start="6" text="Supermarket">
   </cell>
   <cell col-end="1" col-start="1" row-end="6" row-start="6" text="2">
   </cell>
   <cell col-end="2" col-start="2" row-end="6" row-start="6" text="0">
   </cell>
   <cell col-end="3" col-start="3" row-end="6" row-start="6" text="2">
   </cell>
  </row>
  <row row="7">
   <cell col-end="0" col-start="0" row-end="7" row-start="7" text="Final consumer">
   </cell>
   <cell col-end="1" col-start="1" row-end="7" row-start="7" text="34">
   </cell>
   <cell col-end="2" col-start="2" row-end="7" row-start="7" text="69">
   </cell>
   <cell col-end="3" col-start="3" row-end="7" row-start="7" text="105">
   </cell>
  </row>
  <statements>
   <statement id="0" text="All the values in the given table is &lt;0." type="">
   </statement>
   <statement id="2" text="The crop produce in supermarket and the animal produce in cooperative is 1." type="">
   </statement>
   <statement id="3" text="The lowest Crop produce is 69 in Final consumer." type="">
   </statement>
   <statement id="4" text="The total of Cooperative and Supermarket is same as 2." type="">
   </statement>
   <statement id="5" text="The total of Cooperative and Supermarket is same as 4." type="">
   </statement>
   <statement id="6" text="There are 7 types of Buyer in the given table." type="">
   </statement>
   <statement id="7" text="There are 9 types of Buyer in the given table." type="">
   </statement>
  </statements>
 </table>
 <table id="Table 3">
  <caption text="

   Food self-provisioning and exchange in Sogamoso.
  
">
  </caption>
  <row row="0">
   <cell col-end="0" col-start="0" row-end="0" row-start="0" text="Variables">
   </cell>
   <cell col-end="1" col-start="1" row-end="0" row-start="0" text="Type A (N = 32)">
   </cell>
   <cell col-end="2" col-start="2" row-end="0" row-start="0" text="Type B (N = 38)">
   </cell>
   <cell col-end="3" col-start="3" row-end="0" row-start="0" text="Type C (N = 54)">
   </cell>
   <cell col-end="4" col-start="4" row-end="0" row-start="0" text="Type D (N = 36)">
   </cell>
   <cell col-end="5" col-start="5" row-end="0" row-start="0" text="Total (N = 160)">
   </cell>
  </row>
  <row row="1">
   <cell col-end="0" col-start="0" row-end="1" row-start="1" text="Number of households that consumed at least part of own animal production">
   </cell>
   <cell col-end="1" col-start="1" row-end="1" row-start="1" text="8 (25.0)">
   </cell>
   <cell col-end="2" col-start="2" row-end="1" row-start="1" text="21 (55.3)">
   </cell>
   <cell col-end="3" col-start="3" row-end="1" row-start="1" text="16 (29.6)">
   </cell>
   <cell col-end="4" col-start="4" row-end="1" row-start="1" text="5 (13.9)">
   </cell>
   <cell col-end="5" col-start="5" row-end="1" row-start="1" text="50 (31.3)">
   </cell>
  </row>
  <row row="2">
   <cell col-end="0" col-start="0" row-end="2" row-start="2" text="Number of households that consumed at least part of own vegetable, fruit and/or herbs production">
   </cell>
   <cell col-end="1" col-start="1" row-end="2" row-start="2" text="23 (71.9)">
   </cell>
   <cell col-end="2" col-start="2" row-end="2" row-start="2" text="31 (81.6)">
   </cell>
   <cell col-end="3" col-start="3" row-end="2" row-start="2" text="40 (74.1)">
   </cell>
   <cell col-end="4" col-start="4" row-end="2" row-start="2" text="26 (72.2)">
   </cell>
   <cell col-end="5" col-start="5" row-end="2" row-start="2" text="120 (75.0)">
   </cell>
  </row>
  <row row="3">
   <cell col-end="0" col-start="0" row-end="3" row-start="3" text="Number of households that consumed at least part of either own animal production, and own production of vegetable, fruit and/or herbs">
   </cell>
   <cell col-end="1" col-start="1" row-end="3" row-start="3" text="23 (71.9)">
   </cell>
   <cell col-end="2" col-start="2" row-end="3" row-start="3" text="36 (94.7)">
   </cell>
   <cell col-end="3" col-start="3" row-end="3" row-start="3" text="46 (85.2)">
   </cell>
   <cell col-end="4" col-start="4" row-end="3" row-start="3" text="28 (77.8)">
   </cell>
   <cell col-end="5" col-start="5" row-end="3" row-start="3" text="133 (83.1)">
   </cell>
  </row>
  <row row="4">
   <cell col-end="0" col-start="0" row-end="4" row-start="4" text="Number of households that exchanged own livestock and/or animal production">
   </cell>
   <cell col-end="1" col-start="1" row-end="4" row-start="4" text="0 (0.0)">
   </cell>
   <cell col-end="2" col-start="2" row-end="4" row-start="4" text="3 (7.9)">
   </cell>
   <cell col-end="3" col-start="3" row-end="4" row-start="4" text="5 (9.3)">
   </cell>
   <cell col-end="4" col-start="4" row-end="4" row-start="4" text="4 (11.1)">
   </cell>
   <cell col-end="5" col-start="5" row-end="4" row-start="4" text="12 (7.5)">
   </cell>
  </row>
  <row row="5">
   <cell col-end="0" col-start="0" row-end="5" row-start="5" text="Number of households that exchanged own vegetables, fruit, and/or herbs">
   </cell>
   <cell col-end="1" col-start="1" row-end="5" row-start="5" text="4 (12.5)">
   </cell>
   <cell col-end="2" col-start="2" row-end="5" row-start="5" text="10 (26.3)">
   </cell>
   <cell col-end="3" col-start="3" row-end="5" row-start="5" text="15 (27.8)">
   </cell>
   <cell col-end="4" col-start="4" row-end="5" row-start="5" text="11 (30.6)">
   </cell>
   <cell col-end="5" col-start="5" row-end="5" row-start="5" text="40 (25.0)">
   </cell>
  </row>
  <row row="6">
   <cell col-end="0" col-start="0" row-end="6" row-start="6" text="Number of households that exchanged own livestock and/or animal production, and/or own vegetables, fruit, and/or herbs">
   </cell>
   <cell col-end="1" col-start="1" row-end="6" row-start="6" text="4 (12.5)">
   </cell>
   <cell col-end="2" col-start="2" row-end="6" row-start="6" text="10 (26.3)">
   </cell>
   <cell col-end="3" col-start="3" row-end="6" row-start="6" text="16 (29.6)">
   </cell>
   <cell col-end="4" col-start="4" row-end="6" row-start="6" text="12 (33.3)">
   </cell>
   <cell col-end="5" col-start="5" row-end="6" row-start="6" text="42 (26.3)">
   </cell>
  </row>
  <statements>
   <statement id="0" text="In relation to this point, types B, C, and D, which had higher engagement rates in FSPE ( Table 3 ), tended to use fewer chemical inputs than type A ( Table 1 )." type="">
   </statement>
   <statement id="1" text="Number of households that exchanged own vegetables, fruit, and/or herbs of Type D is 11(30.6)." type="">
   </statement>
   <statement id="2" text="The Highest value in TypeB is 133 (83.1)." type="">
   </statement>
   <statement id="3" text="The Lowest value in TypeC is 12 (7.5)." type="">
   </statement>
   <statement id="4" text="The Lowest value in TypeD is 42 (26.3)." type="">
   </statement>
   <statement id="5" text="They have different kinds of variables given." type="">
   </statement>
  </statements>
 </table>
</document>