<document>
 <table id="Table 5">
  <caption text="

   Group Comparisons for ROCS Scales.
  
">
  </caption>
  <legend text="


    Note.
   
   HC = healthy control group; MDD = major depressive disorder; ROCS = Rumination on Obsessions and Compulsions Scale; OCD = obsessive-compulsive disorder.
  


    a, b, c
   
   Different subscripts indicate differences between groups with two-tailed
   
    p
   
   &lt; .05 after Holm correction for family-wise error rate.
  
">
  </legend>
  <row row="0">
   <cell col-end="0" col-start="0" row-end="1" row-start="0" text="Scale">
   </cell>
   <cell col-end="1" col-start="1" row-end="0" row-start="0" text="OCD (
     
      n
     
     = 99)">
   </cell>
   <cell col-end="2" col-start="2" row-end="0" row-start="0" text="MDD (
     
      n
     
     = 74)">
   </cell>
   <cell col-end="3" col-start="3" row-end="0" row-start="0" text="HC (
     
      n
     
     = 35)">
   </cell>
  </row>
  <row row="1">
   <cell col-end="1" col-start="1" row-end="1" row-start="1" text="M (SD)">
   </cell>
   <cell col-end="2" col-start="2" row-end="1" row-start="1" text="M (SD)">
   </cell>
   <cell col-end="3" col-start="3" row-end="1" row-start="1" text="M (SD)">
   </cell>
  </row>
  <row row="2">
   <cell col-end="0" col-start="0" row-end="2" row-start="2" text="1. Total mental neutralizing">
   </cell>
   <cell col-end="1" col-start="1" row-end="2" row-start="2" text="1.79
     
      a
     
     (0.76)">
   </cell>
   <cell col-end="2" col-start="2" row-end="2" row-start="2" text="1.58
     
      b
     
     (0.66)">
   </cell>
   <cell col-end="3" col-start="3" row-end="2" row-start="2" text="0.92
     
      c
     
     (0.61)">
   </cell>
  </row>
  <row row="3">
   <cell col-end="0" col-start="0" row-end="3" row-start="3" text="2. Arguing with self">
   </cell>
   <cell col-end="1" col-start="1" row-end="3" row-start="3" text="1.98
     
      a
     
     (1.06)">
   </cell>
   <cell col-end="2" col-start="2" row-end="3" row-start="3" text="1.62
     
      b
     
     (0.87)">
   </cell>
   <cell col-end="3" col-start="3" row-end="3" row-start="3" text="1.13
     
      c
     
     (0.78)">
   </cell>
  </row>
  <row row="4">
   <cell col-end="0" col-start="0" row-end="4" row-start="4" text="3. Reconstruction and rituals">
   </cell>
   <cell col-end="1" col-start="1" row-end="4" row-start="4" text="1.74
     
      a
     
     (1.04)">
   </cell>
   <cell col-end="2" col-start="2" row-end="4" row-start="4" text="1.36
     
      b
     
     (0.80)">
   </cell>
   <cell col-end="3" col-start="3" row-end="4" row-start="4" text="0.51
     
      c
     
     (0.51)">
   </cell>
  </row>
  <row row="5">
   <cell col-end="0" col-start="0" row-end="5" row-start="5" text="4. Effort against thought">
   </cell>
   <cell col-end="1" col-start="1" row-end="5" row-start="5" text="1.72
     
      ab
     
     (0.95)">
   </cell>
   <cell col-end="2" col-start="2" row-end="5" row-start="5" text="1.76
     
      a
     
     (0.76)">
   </cell>
   <cell col-end="3" col-start="3" row-end="5" row-start="5" text="1.18
     
      b
     
     (0.81)">
   </cell>
  </row>
  <row row="6">
   <cell col-end="0" col-start="0" row-end="6" row-start="6" text="5. OCD symptom rumination">
   </cell>
   <cell col-end="1" col-start="1" row-end="6" row-start="6" text="2.26
     
      a
     
     (0.83)">
   </cell>
   <cell col-end="2" col-start="2" row-end="6" row-start="6" text="1.99
     
      a
     
     (0.96)">
   </cell>
   <cell col-end="3" col-start="3" row-end="6" row-start="6" text="1.87
     
      b
     
     (1.05)">
   </cell>
  </row>
  <row row="7">
   <cell col-end="0" col-start="0" row-end="7" row-start="7" text="6. Acceptance">
   </cell>
   <cell col-end="1" col-start="1" row-end="7" row-start="7" text="1.00
     
      a
     
     (0.87)">
   </cell>
   <cell col-end="2" col-start="2" row-end="7" row-start="7" text="1.45
     
      b
     
     (0.78)">
   </cell>
   <cell col-end="3" col-start="3" row-end="7" row-start="7" text="1.83
     
      c
     
     (1.00)">
   </cell>
  </row>
  <statements>
   <statement id="3" text="There are 6 different types of scale in the given table." type="">
   </statement>
  </statements>
 </table>
</document>