<document>
 <table id="Table 4">
  <caption text="

   Correlations of the trait and trait-specific method factors in the CT-C(M-1) model.
  
">
  </caption>
  <legend text="


    Note
   
   . S = self-report; T = teacher report; M = mother report; F = father report. EMO = emotional inclusion, SOC = social inclusion, ASC = academic self-concept. All parameters set to 0 by definition are represented by a dash.
  
">
  </legend>
  <row row="0">
   <cell col-end="0" col-start="0" row-end="2" row-start="0" text="">
   </cell>
   <cell col-end="3" col-start="1" row-end="0" row-start="0" text="Trait factors">
   </cell>
   <cell col-end="12" col-start="4" row-end="0" row-start="0" text="Trait-specific method factors">
   </cell>
  </row>
  <row row="1">
   <cell col-end="3" col-start="1" row-end="1" row-start="1" text="Self-report">
   </cell>
   <cell col-end="6" col-start="4" row-end="1" row-start="1" text="Teacher report">
   </cell>
   <cell col-end="9" col-start="7" row-end="1" row-start="1" text="Mother report">
   </cell>
   <cell col-end="12" col-start="10" row-end="1" row-start="1" text="Father report">
   </cell>
  </row>
  <row row="2">
   <cell col-end="1" col-start="1" row-end="2" row-start="2" text="EMO">
   </cell>
   <cell col-end="2" col-start="2" row-end="2" row-start="2" text="SOC">
   </cell>
   <cell col-end="3" col-start="3" row-end="2" row-start="2" text="ASC">
   </cell>
   <cell col-end="4" col-start="4" row-end="2" row-start="2" text="EMO">
   </cell>
   <cell col-end="5" col-start="5" row-end="2" row-start="2" text="SOC">
   </cell>
   <cell col-end="6" col-start="6" row-end="2" row-start="2" text="ASC">
   </cell>
   <cell col-end="7" col-start="7" row-end="2" row-start="2" text="EMO">
   </cell>
   <cell col-end="8" col-start="8" row-end="2" row-start="2" text="SOC">
   </cell>
   <cell col-end="9" col-start="9" row-end="2" row-start="2" text="ASC">
   </cell>
   <cell col-end="10" col-start="10" row-end="2" row-start="2" text="EMO">
   </cell>
   <cell col-end="11" col-start="11" row-end="2" row-start="2" text="SOC">
   </cell>
   <cell col-end="12" col-start="12" row-end="2" row-start="2" text="ASC">
   </cell>
  </row>
  <row row="3">
   <cell col-end="0" col-start="0" row-end="3" row-start="3" text="EMO-S">
   </cell>
   <cell col-end="1" col-start="1" row-end="3" row-start="3" text="">
   </cell>
   <cell col-end="2" col-start="2" row-end="3" row-start="3" text="">
   </cell>
   <cell col-end="3" col-start="3" row-end="3" row-start="3" text="">
   </cell>
   <cell col-end="4" col-start="4" row-end="3" row-start="3" text="">
   </cell>
   <cell col-end="5" col-start="5" row-end="3" row-start="3" text="">
   </cell>
   <cell col-end="6" col-start="6" row-end="3" row-start="3" text="">
   </cell>
   <cell col-end="7" col-start="7" row-end="3" row-start="3" text="">
   </cell>
   <cell col-end="8" col-start="8" row-end="3" row-start="3" text="">
   </cell>
   <cell col-end="9" col-start="9" row-end="3" row-start="3" text="">
   </cell>
   <cell col-end="10" col-start="10" row-end="3" row-start="3" text="">
   </cell>
   <cell col-end="11" col-start="11" row-end="3" row-start="3" text="">
   </cell>
   <cell col-end="12" col-start="12" row-end="3" row-start="3" text="">
   </cell>
  </row>
  <row row="4">
   <cell col-end="0" col-start="0" row-end="4" row-start="4" text="SOC-S">
   </cell>
   <cell col-end="1" col-start="1" row-end="4" row-start="4" text="0.43
     

       ⁎⁎⁎">
   </cell>
   <cell col-end="2" col-start="2" row-end="4" row-start="4" text="">
   </cell>
   <cell col-end="3" col-start="3" row-end="4" row-start="4" text="">
   </cell>
   <cell col-end="4" col-start="4" row-end="4" row-start="4" text="">
   </cell>
   <cell col-end="5" col-start="5" row-end="4" row-start="4" text="">
   </cell>
   <cell col-end="6" col-start="6" row-end="4" row-start="4" text="">
   </cell>
   <cell col-end="7" col-start="7" row-end="4" row-start="4" text="">
   </cell>
   <cell col-end="8" col-start="8" row-end="4" row-start="4" text="">
   </cell>
   <cell col-end="9" col-start="9" row-end="4" row-start="4" text="">
   </cell>
   <cell col-end="10" col-start="10" row-end="4" row-start="4" text="">
   </cell>
   <cell col-end="11" col-start="11" row-end="4" row-start="4" text="">
   </cell>
   <cell col-end="12" col-start="12" row-end="4" row-start="4" text="">
   </cell>
  </row>
  <row row="5">
   <cell col-end="0" col-start="0" row-end="5" row-start="5" text="ASC-S">
   </cell>
   <cell col-end="1" col-start="1" row-end="5" row-start="5" text="0.40
     

       ⁎⁎⁎">
   </cell>
   <cell col-end="2" col-start="2" row-end="5" row-start="5" text="0.38
     

       ⁎⁎⁎">
   </cell>
   <cell col-end="3" col-start="3" row-end="5" row-start="5" text="">
   </cell>
   <cell col-end="4" col-start="4" row-end="5" row-start="5" text="">
   </cell>
   <cell col-end="5" col-start="5" row-end="5" row-start="5" text="">
   </cell>
   <cell col-end="6" col-start="6" row-end="5" row-start="5" text="">
   </cell>
   <cell col-end="7" col-start="7" row-end="5" row-start="5" text="">
   </cell>
   <cell col-end="8" col-start="8" row-end="5" row-start="5" text="">
   </cell>
   <cell col-end="9" col-start="9" row-end="5" row-start="5" text="">
   </cell>
   <cell col-end="10" col-start="10" row-end="5" row-start="5" text="">
   </cell>
   <cell col-end="11" col-start="11" row-end="5" row-start="5" text="">
   </cell>
   <cell col-end="12" col-start="12" row-end="5" row-start="5" text="">
   </cell>
  </row>
  <row row="6">
   <cell col-end="0" col-start="0" row-end="6" row-start="6" text="EMO-T">
   </cell>
   <cell col-end="1" col-start="1" row-end="6" row-start="6" text="–">
   </cell>
   <cell col-end="2" col-start="2" row-end="6" row-start="6" text="0.18
     

       ⁎⁎⁎">
   </cell>
   <cell col-end="3" col-start="3" row-end="6" row-start="6" text="0.22
     

       ⁎⁎⁎">
   </cell>
   <cell col-end="4" col-start="4" row-end="6" row-start="6" text="">
   </cell>
   <cell col-end="5" col-start="5" row-end="6" row-start="6" text="">
   </cell>
   <cell col-end="6" col-start="6" row-end="6" row-start="6" text="">
   </cell>
   <cell col-end="7" col-start="7" row-end="6" row-start="6" text="">
   </cell>
   <cell col-end="8" col-start="8" row-end="6" row-start="6" text="">
   </cell>
   <cell col-end="9" col-start="9" row-end="6" row-start="6" text="">
   </cell>
   <cell col-end="10" col-start="10" row-end="6" row-start="6" text="">
   </cell>
   <cell col-end="11" col-start="11" row-end="6" row-start="6" text="">
   </cell>
   <cell col-end="12" col-start="12" row-end="6" row-start="6" text="">
   </cell>
  </row>
  <row row="7">
   <cell col-end="0" col-start="0" row-end="7" row-start="7" text="SOC-T">
   </cell>
   <cell col-end="1" col-start="1" row-end="7" row-start="7" text="−0.02">
   </cell>
   <cell col-end="2" col-start="2" row-end="7" row-start="7" text="–">
   </cell>
   <cell col-end="3" col-start="3" row-end="7" row-start="7" text="0.11
     

       ⁎">
   </cell>
   <cell col-end="4" col-start="4" row-end="7" row-start="7" text="0.62
     

       ⁎⁎⁎">
   </cell>
   <cell col-end="5" col-start="5" row-end="7" row-start="7" text="">
   </cell>
   <cell col-end="6" col-start="6" row-end="7" row-start="7" text="">
   </cell>
   <cell col-end="7" col-start="7" row-end="7" row-start="7" text="">
   </cell>
   <cell col-end="8" col-start="8" row-end="7" row-start="7" text="">
   </cell>
   <cell col-end="9" col-start="9" row-end="7" row-start="7" text="">
   </cell>
   <cell col-end="10" col-start="10" row-end="7" row-start="7" text="">
   </cell>
   <cell col-end="11" col-start="11" row-end="7" row-start="7" text="">
   </cell>
   <cell col-end="12" col-start="12" row-end="7" row-start="7" text="">
   </cell>
  </row>
  <row row="8">
   <cell col-end="0" col-start="0" row-end="8" row-start="8" text="ASC-T">
   </cell>
   <cell col-end="1" col-start="1" row-end="8" row-start="8" text="−0.19
     

       ⁎⁎⁎">
   </cell>
   <cell col-end="2" col-start="2" row-end="8" row-start="8" text="−0.11
     

       ⁎">
   </cell>
   <cell col-end="3" col-start="3" row-end="8" row-start="8" text="–">
   </cell>
   <cell col-end="4" col-start="4" row-end="8" row-start="8" text="0.38
     

       ⁎⁎⁎">
   </cell>
   <cell col-end="5" col-start="5" row-end="8" row-start="8" text="0.41
     

       ⁎⁎⁎">
   </cell>
   <cell col-end="6" col-start="6" row-end="8" row-start="8" text="">
   </cell>
   <cell col-end="7" col-start="7" row-end="8" row-start="8" text="">
   </cell>
   <cell col-end="8" col-start="8" row-end="8" row-start="8" text="">
   </cell>
   <cell col-end="9" col-start="9" row-end="8" row-start="8" text="">
   </cell>
   <cell col-end="10" col-start="10" row-end="8" row-start="8" text="">
   </cell>
   <cell col-end="11" col-start="11" row-end="8" row-start="8" text="">
   </cell>
   <cell col-end="12" col-start="12" row-end="8" row-start="8" text="">
   </cell>
  </row>
  <row row="9">
   <cell col-end="0" col-start="0" row-end="9" row-start="9" text="EMO-M">
   </cell>
   <cell col-end="1" col-start="1" row-end="9" row-start="9" text="–">
   </cell>
   <cell col-end="2" col-start="2" row-end="9" row-start="9" text="0.18
     

       ⁎">
   </cell>
   <cell col-end="3" col-start="3" row-end="9" row-start="9" text="0.14
     

       ⁎">
   </cell>
   <cell col-end="4" col-start="4" row-end="9" row-start="9" text="0.30
     

       ⁎⁎⁎">
   </cell>
   <cell col-end="5" col-start="5" row-end="9" row-start="9" text="0.23
     

       ⁎⁎">
   </cell>
   <cell col-end="6" col-start="6" row-end="9" row-start="9" text="0.22
     

       ⁎⁎">
   </cell>
   <cell col-end="7" col-start="7" row-end="9" row-start="9" text="">
   </cell>
   <cell col-end="8" col-start="8" row-end="9" row-start="9" text="">
   </cell>
   <cell col-end="9" col-start="9" row-end="9" row-start="9" text="">
   </cell>
   <cell col-end="10" col-start="10" row-end="9" row-start="9" text="">
   </cell>
   <cell col-end="11" col-start="11" row-end="9" row-start="9" text="">
   </cell>
   <cell col-end="12" col-start="12" row-end="9" row-start="9" text="">
   </cell>
  </row>
  <row row="10">
   <cell col-end="0" col-start="0" row-end="10" row-start="10" text="SOC-M">
   </cell>
   <cell col-end="1" col-start="1" row-end="10" row-start="10" text="−0.08">
   </cell>
   <cell col-end="2" col-start="2" row-end="10" row-start="10" text="–">
   </cell>
   <cell col-end="3" col-start="3" row-end="10" row-start="10" text="−0.05">
   </cell>
   <cell col-end="4" col-start="4" row-end="10" row-start="10" text="0.24
     

       ⁎⁎">
   </cell>
   <cell col-end="5" col-start="5" row-end="10" row-start="10" text="0.45
     

       ⁎⁎⁎">
   </cell>
   <cell col-end="6" col-start="6" row-end="10" row-start="10" text="0.34
     

       ⁎⁎⁎">
   </cell>
   <cell col-end="7" col-start="7" row-end="10" row-start="10" text="0.69
     

       ⁎⁎⁎">
   </cell>
   <cell col-end="8" col-start="8" row-end="10" row-start="10" text="">
   </cell>
   <cell col-end="9" col-start="9" row-end="10" row-start="10" text="">
   </cell>
   <cell col-end="10" col-start="10" row-end="10" row-start="10" text="">
   </cell>
   <cell col-end="11" col-start="11" row-end="10" row-start="10" text="">
   </cell>
   <cell col-end="12" col-start="12" row-end="10" row-start="10" text="">
   </cell>
  </row>
  <row row="11">
   <cell col-end="0" col-start="0" row-end="11" row-start="11" text="ASC-M">
   </cell>
   <cell col-end="1" col-start="1" row-end="11" row-start="11" text="−0.10">
   </cell>
   <cell col-end="2" col-start="2" row-end="11" row-start="11" text="−0.18
     

       ⁎">
   </cell>
   <cell col-end="3" col-start="3" row-end="11" row-start="11" text="–">
   </cell>
   <cell col-end="4" col-start="4" row-end="11" row-start="11" text="0.16
     

       ⁎">
   </cell>
   <cell col-end="5" col-start="5" row-end="11" row-start="11" text="0.28
     

       ⁎⁎⁎">
   </cell>
   <cell col-end="6" col-start="6" row-end="11" row-start="11" text="0.58
     

       ⁎⁎⁎">
   </cell>
   <cell col-end="7" col-start="7" row-end="11" row-start="11" text="0.46
     

       ⁎⁎⁎">
   </cell>
   <cell col-end="8" col-start="8" row-end="11" row-start="11" text="0.60
     

       ⁎⁎⁎">
   </cell>
   <cell col-end="9" col-start="9" row-end="11" row-start="11" text="">
   </cell>
   <cell col-end="10" col-start="10" row-end="11" row-start="11" text="">
   </cell>
   <cell col-end="11" col-start="11" row-end="11" row-start="11" text="">
   </cell>
   <cell col-end="12" col-start="12" row-end="11" row-start="11" text="">
   </cell>
  </row>
  <row row="12">
   <cell col-end="0" col-start="0" row-end="12" row-start="12" text="EMO-F">
   </cell>
   <cell col-end="1" col-start="1" row-end="12" row-start="12" text="–">
   </cell>
   <cell col-end="2" col-start="2" row-end="12" row-start="12" text="0.08">
   </cell>
   <cell col-end="3" col-start="3" row-end="12" row-start="12" text="0.14
     

       ⁎">
   </cell>
   <cell col-end="4" col-start="4" row-end="12" row-start="12" text="0.28
     

       ⁎⁎⁎">
   </cell>
   <cell col-end="5" col-start="5" row-end="12" row-start="12" text="0.20
     

       ⁎">
   </cell>
   <cell col-end="6" col-start="6" row-end="12" row-start="12" text="0.13">
   </cell>
   <cell col-end="7" col-start="7" row-end="12" row-start="12" text="0.73
     

       ⁎⁎⁎">
   </cell>
   <cell col-end="8" col-start="8" row-end="12" row-start="12" text="0.55
     

       ⁎⁎⁎">
   </cell>
   <cell col-end="9" col-start="9" row-end="12" row-start="12" text="0.29
     

       ⁎⁎⁎">
   </cell>
   <cell col-end="10" col-start="10" row-end="12" row-start="12" text="">
   </cell>
   <cell col-end="11" col-start="11" row-end="12" row-start="12" text="">
   </cell>
   <cell col-end="12" col-start="12" row-end="12" row-start="12" text="">
   </cell>
  </row>
  <row row="13">
   <cell col-end="0" col-start="0" row-end="13" row-start="13" text="SOC-F">
   </cell>
   <cell col-end="1" col-start="1" row-end="13" row-start="13" text="0.02">
   </cell>
   <cell col-end="2" col-start="2" row-end="13" row-start="13" text="–">
   </cell>
   <cell col-end="3" col-start="3" row-end="13" row-start="13" text="−0.06">
   </cell>
   <cell col-end="4" col-start="4" row-end="13" row-start="13" text="0.23
     

       ⁎⁎">
   </cell>
   <cell col-end="5" col-start="5" row-end="13" row-start="13" text="0.27
     

       ⁎⁎">
   </cell>
   <cell col-end="6" col-start="6" row-end="13" row-start="13" text="0.24
     

       ⁎⁎">
   </cell>
   <cell col-end="7" col-start="7" row-end="13" row-start="13" text="0.47
     

       ⁎⁎⁎">
   </cell>
   <cell col-end="8" col-start="8" row-end="13" row-start="13" text="0.75
     

       ⁎⁎⁎">
   </cell>
   <cell col-end="9" col-start="9" row-end="13" row-start="13" text="0.41
     

       ⁎⁎⁎">
   </cell>
   <cell col-end="10" col-start="10" row-end="13" row-start="13" text="0.71
     

       ⁎⁎⁎">
   </cell>
   <cell col-end="11" col-start="11" row-end="13" row-start="13" text="">
   </cell>
   <cell col-end="12" col-start="12" row-end="13" row-start="13" text="">
   </cell>
  </row>
  <row row="14">
   <cell col-end="0" col-start="0" row-end="14" row-start="14" text="ASC-F">
   </cell>
   <cell col-end="1" col-start="1" row-end="14" row-start="14" text="−0.12">
   </cell>
   <cell col-end="2" col-start="2" row-end="14" row-start="14" text="−0.06">
   </cell>
   <cell col-end="3" col-start="3" row-end="14" row-start="14" text="–">
   </cell>
   <cell col-end="4" col-start="4" row-end="14" row-start="14" text="0.17">
   </cell>
   <cell col-end="5" col-start="5" row-end="14" row-start="14" text="0.17">
   </cell>
   <cell col-end="6" col-start="6" row-end="14" row-start="14" text="0.49
     

       ⁎⁎⁎">
   </cell>
   <cell col-end="7" col-start="7" row-end="14" row-start="14" text="0.39
     

       ⁎⁎⁎">
   </cell>
   <cell col-end="8" col-start="8" row-end="14" row-start="14" text="0.44
     

       ⁎⁎⁎">
   </cell>
   <cell col-end="9" col-start="9" row-end="14" row-start="14" text="0.92
     

       ⁎⁎⁎">
   </cell>
   <cell col-end="10" col-start="10" row-end="14" row-start="14" text="0.46
     

       ⁎⁎⁎">
   </cell>
   <cell col-end="11" col-start="11" row-end="14" row-start="14" text="0.54
     

       ⁎⁎⁎">
   </cell>
   <cell col-end="12" col-start="12" row-end="14" row-start="14" text="">
   </cell>
  </row>
  <statements>
   <statement id="1" text="Father report under SOC of ASC-F is 0.54." type="">
   </statement>
   <statement id="2" text="Mother report under ASC of EMO-F is 0.25." type="">
   </statement>
   <statement id="5" text="Self report under EMO of SOC-S is 0.43." type="">
   </statement>
   <statement id="6" text="Teacher report under SOC of EMO-M is 0.22." type="">
   </statement>
  </statements>
 </table>
 <table id="Table 6">
  <caption text="

   Standardized regression coefficients and standard errors (in parentheses) on trait and method factors in the MIMIC models.
  
">
  </caption>
  <legend text="


    Note
   
   . EMO = emotional inclusion, SOC = social inclusion, ASC = academic self-concept. SEN = special educational needs. Coding: gender 0 = male, 1 = female; SEN 0 = without SEN, 1 = with SEN.
  
">
  </legend>
  <row row="0">
   <cell col-end="0" col-start="0" row-end="2" row-start="0" text="">
   </cell>
   <cell col-end="3" col-start="1" row-end="0" row-start="0" text="Trait factors">
   </cell>
   <cell col-end="12" col-start="4" row-end="0" row-start="0" text="Trait-specific method factors">
   </cell>
  </row>
  <row row="1">
   <cell col-end="3" col-start="1" row-end="1" row-start="1" text="Self-report (S)">
   </cell>
   <cell col-end="6" col-start="4" row-end="1" row-start="1" text="Teacher report (T)">
   </cell>
   <cell col-end="9" col-start="7" row-end="1" row-start="1" text="Mother report (M)">
   </cell>
   <cell col-end="12" col-start="10" row-end="1" row-start="1" text="Father report (F)">
   </cell>
  </row>
  <row row="2">
   <cell col-end="1" col-start="1" row-end="2" row-start="2" text="EMO-S">
   </cell>
   <cell col-end="2" col-start="2" row-end="2" row-start="2" text="SOC-S">
   </cell>
   <cell col-end="3" col-start="3" row-end="2" row-start="2" text="ASC-S">
   </cell>
   <cell col-end="4" col-start="4" row-end="2" row-start="2" text="EMO-T">
   </cell>
   <cell col-end="5" col-start="5" row-end="2" row-start="2" text="SOC-T">
   </cell>
   <cell col-end="6" col-start="6" row-end="2" row-start="2" text="ASC-T">
   </cell>
   <cell col-end="7" col-start="7" row-end="2" row-start="2" text="EMO-M">
   </cell>
   <cell col-end="8" col-start="8" row-end="2" row-start="2" text="SOC-M">
   </cell>
   <cell col-end="9" col-start="9" row-end="2" row-start="2" text="ASC-M">
   </cell>
   <cell col-end="10" col-start="10" row-end="2" row-start="2" text="EMO-F">
   </cell>
   <cell col-end="11" col-start="11" row-end="2" row-start="2" text="SOC-F">
   </cell>
   <cell col-end="12" col-start="12" row-end="2" row-start="2" text="ASC-F">
   </cell>
  </row>
  <row row="3">
   <cell col-end="0" col-start="0" row-end="3" row-start="3" text="Gender">
   </cell>
   <cell col-end="1" col-start="1" row-end="3" row-start="3" text="0.262
     

       ⁎⁎⁎
      

     (0.039)">
   </cell>
   <cell col-end="2" col-start="2" row-end="3" row-start="3" text="0.078 (0.045)">
   </cell>
   <cell col-end="3" col-start="3" row-end="3" row-start="3" text="0.029 (0.044)">
   </cell>
   <cell col-end="4" col-start="4" row-end="3" row-start="3" text="0.235
     

       ⁎⁎⁎
      

     (0.047)">
   </cell>
   <cell col-end="5" col-start="5" row-end="3" row-start="3" text="0.209
     

       ⁎⁎⁎
      

     (0.047)">
   </cell>
   <cell col-end="6" col-start="6" row-end="3" row-start="3" text="−0.011 (0.051)">
   </cell>
   <cell col-end="7" col-start="7" row-end="3" row-start="3" text="0.137
     

       ⁎
      

     (0.060)">
   </cell>
   <cell col-end="8" col-start="8" row-end="3" row-start="3" text="0.137
     

       ⁎
      

     (0.062)">
   </cell>
   <cell col-end="9" col-start="9" row-end="3" row-start="3" text="0.070 (0.063)">
   </cell>
   <cell col-end="10" col-start="10" row-end="3" row-start="3" text="0.044 (0.068)">
   </cell>
   <cell col-end="11" col-start="11" row-end="3" row-start="3" text="0.134 (0.070)">
   </cell>
   <cell col-end="12" col-start="12" row-end="3" row-start="3" text="0.034 (0.072)">
   </cell>
  </row>
  <row row="4">
   <cell col-end="0" col-start="0" row-end="4" row-start="4" text="SEN">
   </cell>
   <cell col-end="1" col-start="1" row-end="4" row-start="4" text="−0.023 (0.040)">
   </cell>
   <cell col-end="2" col-start="2" row-end="4" row-start="4" text="−0.100
     

       ⁎⁎
      

     (0.041)">
   </cell>
   <cell col-end="3" col-start="3" row-end="4" row-start="4" text="−0.169
     

       ⁎⁎⁎
      

     (0.035)">
   </cell>
   <cell col-end="4" col-start="4" row-end="4" row-start="4" text="−0.217
     

       ⁎⁎⁎
      

     (0.043)">
   </cell>
   <cell col-end="5" col-start="5" row-end="4" row-start="4" text="−0.295
     

       ⁎⁎⁎
      

     (0.045)">
   </cell>
   <cell col-end="6" col-start="6" row-end="4" row-start="4" text="−0.425
     

       ⁎⁎⁎
      

     (0.041)">
   </cell>
   <cell col-end="7" col-start="7" row-end="4" row-start="4" text="−0.063 (0.068)">
   </cell>
   <cell col-end="8" col-start="8" row-end="4" row-start="4" text="−0.150
     

       ⁎
      

     (0.066)">
   </cell>
   <cell col-end="9" col-start="9" row-end="4" row-start="4" text="−0.370
     

       ⁎⁎⁎
      

     (0.058)">
   </cell>
   <cell col-end="10" col-start="10" row-end="4" row-start="4" text="−0.085 (0.075)">
   </cell>
   <cell col-end="11" col-start="11" row-end="4" row-start="4" text="−0.189
     

       ⁎
      

     (0.076)">
   </cell>
   <cell col-end="12" col-start="12" row-end="4" row-start="4" text="−0.425
     

       ⁎⁎⁎
      

     (0.068)">
   </cell>
  </row>
  <statements>
   <statement id="2" text="The table has been divided into two factors - Trait factors and Trait-specific method factors." type="">
   </statement>
   <statement id="4" text="The value of ASC-S under Self-report (S) is 8.029 (0.644) under Gender." type="">
   </statement>
   <statement id="5" text="The values of Gender is SAME under all types of reports." type="">
   </statement>
  </statements>
 </table>
</document>