<document>
 <table id="Table 3">
  <caption text="

   The number of reference trees for different species regarding the extracted segments (trees from classes 1 and 2,
   ).
  
">
  </caption>
  <row row="0">
   <cell col-end="0" col-start="0" row-end="0" row-start="0" text="Species">
   </cell>
   <cell col-end="9" col-start="1" row-end="0" row-start="0" text="Nr of segments: Nr of reference trees">
   </cell>
   <cell col-end="10" col-start="10" row-end="0" row-start="0" text="All">
   </cell>
  </row>
  <row row="1">
   <cell col-end="0" col-start="0" row-end="1" row-start="1" text="">
   </cell>
   <cell col-end="5" col-start="1" row-end="1" row-start="1" text="Oversegmentation">
   </cell>
   <cell col-end="6" col-start="6" row-end="1" row-start="1" text="Correct">
   </cell>
   <cell col-end="9" col-start="7" row-end="1" row-start="1" text="Undersegmentation">
   </cell>
   <cell col-end="10" col-start="10" row-end="1" row-start="1" text="">
   </cell>
  </row>
  <row row="2">
   <cell col-end="0" col-start="0" row-end="2" row-start="2" text="">
   </cell>
   <cell col-end="1" col-start="1" row-end="2" row-start="2" text="6:1">
   </cell>
   <cell col-end="2" col-start="2" row-end="2" row-start="2" text="5:1">
   </cell>
   <cell col-end="3" col-start="3" row-end="2" row-start="2" text="4:1">
   </cell>
   <cell col-end="4" col-start="4" row-end="2" row-start="2" text="3:1">
   </cell>
   <cell col-end="5" col-start="5" row-end="2" row-start="2" text="2:1">
   </cell>
   <cell col-end="6" col-start="6" row-end="2" row-start="2" text="1:1">
   </cell>
   <cell col-end="7" col-start="7" row-end="2" row-start="2" text="1:2">
   </cell>
   <cell col-end="8" col-start="8" row-end="2" row-start="2" text="1:3">
   </cell>
   <cell col-end="9" col-start="9" row-end="2" row-start="2" text="1:4">
   </cell>
   <cell col-end="10" col-start="10" row-end="2" row-start="2" text="">
   </cell>
  </row>
  <row row="3">
   <cell col-end="0" col-start="0" row-end="3" row-start="3" text="Birch">
   </cell>
   <cell col-end="1" col-start="1" row-end="3" row-start="3" text="1">
   </cell>
   <cell col-end="2" col-start="2" row-end="3" row-start="3" text="0">
   </cell>
   <cell col-end="3" col-start="3" row-end="3" row-start="3" text="0">
   </cell>
   <cell col-end="4" col-start="4" row-end="3" row-start="3" text="0">
   </cell>
   <cell col-end="5" col-start="5" row-end="3" row-start="3" text="5">
   </cell>
   <cell col-end="6" col-start="6" row-end="3" row-start="3" text="71">
   </cell>
   <cell col-end="7" col-start="7" row-end="3" row-start="3" text="45">
   </cell>
   <cell col-end="8" col-start="8" row-end="3" row-start="3" text="6">
   </cell>
   <cell col-end="9" col-start="9" row-end="3" row-start="3" text="4">
   </cell>
   <cell col-end="10" col-start="10" row-end="3" row-start="3" text="132">
   </cell>
  </row>
  <row row="4">
   <cell col-end="0" col-start="0" row-end="4" row-start="4" text="Oak">
   </cell>
   <cell col-end="1" col-start="1" row-end="4" row-start="4" text="0">
   </cell>
   <cell col-end="2" col-start="2" row-end="4" row-start="4" text="0">
   </cell>
   <cell col-end="3" col-start="3" row-end="4" row-start="4" text="3">
   </cell>
   <cell col-end="4" col-start="4" row-end="4" row-start="4" text="0">
   </cell>
   <cell col-end="5" col-start="5" row-end="4" row-start="4" text="7">
   </cell>
   <cell col-end="6" col-start="6" row-end="4" row-start="4" text="53">
   </cell>
   <cell col-end="7" col-start="7" row-end="4" row-start="4" text="19">
   </cell>
   <cell col-end="8" col-start="8" row-end="4" row-start="4" text="8">
   </cell>
   <cell col-end="9" col-start="9" row-end="4" row-start="4" text="3">
   </cell>
   <cell col-end="10" col-start="10" row-end="4" row-start="4" text="93">
   </cell>
  </row>
  <row row="5">
   <cell col-end="0" col-start="0" row-end="5" row-start="5" text="Hornbeam">
   </cell>
   <cell col-end="1" col-start="1" row-end="5" row-start="5" text="0">
   </cell>
   <cell col-end="2" col-start="2" row-end="5" row-start="5" text="0">
   </cell>
   <cell col-end="3" col-start="3" row-end="5" row-start="5" text="0">
   </cell>
   <cell col-end="4" col-start="4" row-end="5" row-start="5" text="0">
   </cell>
   <cell col-end="5" col-start="5" row-end="5" row-start="5" text="6">
   </cell>
   <cell col-end="6" col-start="6" row-end="5" row-start="5" text="75">
   </cell>
   <cell col-end="7" col-start="7" row-end="5" row-start="5" text="40">
   </cell>
   <cell col-end="8" col-start="8" row-end="5" row-start="5" text="13">
   </cell>
   <cell col-end="9" col-start="9" row-end="5" row-start="5" text="1">
   </cell>
   <cell col-end="10" col-start="10" row-end="5" row-start="5" text="135">
   </cell>
  </row>
  <row row="6">
   <cell col-end="0" col-start="0" row-end="6" row-start="6" text="Maple">
   </cell>
   <cell col-end="1" col-start="1" row-end="6" row-start="6" text="0">
   </cell>
   <cell col-end="2" col-start="2" row-end="6" row-start="6" text="0">
   </cell>
   <cell col-end="3" col-start="3" row-end="6" row-start="6" text="0">
   </cell>
   <cell col-end="4" col-start="4" row-end="6" row-start="6" text="2">
   </cell>
   <cell col-end="5" col-start="5" row-end="6" row-start="6" text="1">
   </cell>
   <cell col-end="6" col-start="6" row-end="6" row-start="6" text="9">
   </cell>
   <cell col-end="7" col-start="7" row-end="6" row-start="6" text="4">
   </cell>
   <cell col-end="8" col-start="8" row-end="6" row-start="6" text="3">
   </cell>
   <cell col-end="9" col-start="9" row-end="6" row-start="6" text="0">
   </cell>
   <cell col-end="10" col-start="10" row-end="6" row-start="6" text="19">
   </cell>
  </row>
  <row row="7">
   <cell col-end="0" col-start="0" row-end="7" row-start="7" text="Lime">
   </cell>
   <cell col-end="1" col-start="1" row-end="7" row-start="7" text="0">
   </cell>
   <cell col-end="2" col-start="2" row-end="7" row-start="7" text="0">
   </cell>
   <cell col-end="3" col-start="3" row-end="7" row-start="7" text="1">
   </cell>
   <cell col-end="4" col-start="4" row-end="7" row-start="7" text="0">
   </cell>
   <cell col-end="5" col-start="5" row-end="7" row-start="7" text="5">
   </cell>
   <cell col-end="6" col-start="6" row-end="7" row-start="7" text="35">
   </cell>
   <cell col-end="7" col-start="7" row-end="7" row-start="7" text="18">
   </cell>
   <cell col-end="8" col-start="8" row-end="7" row-start="7" text="7">
   </cell>
   <cell col-end="9" col-start="9" row-end="7" row-start="7" text="0">
   </cell>
   <cell col-end="10" col-start="10" row-end="7" row-start="7" text="66">
   </cell>
  </row>
  <row row="8">
   <cell col-end="0" col-start="0" row-end="8" row-start="8" text="Alder">
   </cell>
   <cell col-end="1" col-start="1" row-end="8" row-start="8" text="0">
   </cell>
   <cell col-end="2" col-start="2" row-end="8" row-start="8" text="0">
   </cell>
   <cell col-end="3" col-start="3" row-end="8" row-start="8" text="0">
   </cell>
   <cell col-end="4" col-start="4" row-end="8" row-start="8" text="0">
   </cell>
   <cell col-end="5" col-start="5" row-end="8" row-start="8" text="2">
   </cell>
   <cell col-end="6" col-start="6" row-end="8" row-start="8" text="58">
   </cell>
   <cell col-end="7" col-start="7" row-end="8" row-start="8" text="31">
   </cell>
   <cell col-end="8" col-start="8" row-end="8" row-start="8" text="11">
   </cell>
   <cell col-end="9" col-start="9" row-end="8" row-start="8" text="0">
   </cell>
   <cell col-end="10" col-start="10" row-end="8" row-start="8" text="102">
   </cell>
  </row>
  <row row="9">
   <cell col-end="0" col-start="0" row-end="9" row-start="9" text="Poplar">
   </cell>
   <cell col-end="1" col-start="1" row-end="9" row-start="9" text="0">
   </cell>
   <cell col-end="2" col-start="2" row-end="9" row-start="9" text="0">
   </cell>
   <cell col-end="3" col-start="3" row-end="9" row-start="9" text="0">
   </cell>
   <cell col-end="4" col-start="4" row-end="9" row-start="9" text="1">
   </cell>
   <cell col-end="5" col-start="5" row-end="9" row-start="9" text="2">
   </cell>
   <cell col-end="6" col-start="6" row-end="9" row-start="9" text="8">
   </cell>
   <cell col-end="7" col-start="7" row-end="9" row-start="9" text="6">
   </cell>
   <cell col-end="8" col-start="8" row-end="9" row-start="9" text="2">
   </cell>
   <cell col-end="9" col-start="9" row-end="9" row-start="9" text="0">
   </cell>
   <cell col-end="10" col-start="10" row-end="9" row-start="9" text="19">
   </cell>
  </row>
  <row row="10">
   <cell col-end="0" col-start="0" row-end="10" row-start="10" text="Pine">
   </cell>
   <cell col-end="1" col-start="1" row-end="10" row-start="10" text="0">
   </cell>
   <cell col-end="2" col-start="2" row-end="10" row-start="10" text="0">
   </cell>
   <cell col-end="3" col-start="3" row-end="10" row-start="10" text="0">
   </cell>
   <cell col-end="4" col-start="4" row-end="10" row-start="10" text="2">
   </cell>
   <cell col-end="5" col-start="5" row-end="10" row-start="10" text="6">
   </cell>
   <cell col-end="6" col-start="6" row-end="10" row-start="10" text="229">
   </cell>
   <cell col-end="7" col-start="7" row-end="10" row-start="10" text="62">
   </cell>
   <cell col-end="8" col-start="8" row-end="10" row-start="10" text="31">
   </cell>
   <cell col-end="9" col-start="9" row-end="10" row-start="10" text="4">
   </cell>
   <cell col-end="10" col-start="10" row-end="10" row-start="10" text="334">
   </cell>
  </row>
  <row row="11">
   <cell col-end="0" col-start="0" row-end="11" row-start="11" text="Spruce">
   </cell>
   <cell col-end="1" col-start="1" row-end="11" row-start="11" text="0">
   </cell>
   <cell col-end="2" col-start="2" row-end="11" row-start="11" text="0">
   </cell>
   <cell col-end="3" col-start="3" row-end="11" row-start="11" text="0">
   </cell>
   <cell col-end="4" col-start="4" row-end="11" row-start="11" text="1">
   </cell>
   <cell col-end="5" col-start="5" row-end="11" row-start="11" text="2">
   </cell>
   <cell col-end="6" col-start="6" row-end="11" row-start="11" text="179">
   </cell>
   <cell col-end="7" col-start="7" row-end="11" row-start="11" text="73">
   </cell>
   <cell col-end="8" col-start="8" row-end="11" row-start="11" text="30">
   </cell>
   <cell col-end="9" col-start="9" row-end="11" row-start="11" text="4">
   </cell>
   <cell col-end="10" col-start="10" row-end="11" row-start="11" text="289">
   </cell>
  </row>
  <row row="12">
   <cell col-end="0" col-start="0" row-end="12" row-start="12" text="Other">
   </cell>
   <cell col-end="1" col-start="1" row-end="12" row-start="12" text="0">
   </cell>
   <cell col-end="2" col-start="2" row-end="12" row-start="12" text="0">
   </cell>
   <cell col-end="3" col-start="3" row-end="12" row-start="12" text="0">
   </cell>
   <cell col-end="4" col-start="4" row-end="12" row-start="12" text="0">
   </cell>
   <cell col-end="5" col-start="5" row-end="12" row-start="12" text="0">
   </cell>
   <cell col-end="6" col-start="6" row-end="12" row-start="12" text="7">
   </cell>
   <cell col-end="7" col-start="7" row-end="12" row-start="12" text="0">
   </cell>
   <cell col-end="8" col-start="8" row-end="12" row-start="12" text="0">
   </cell>
   <cell col-end="9" col-start="9" row-end="12" row-start="12" text="0">
   </cell>
   <cell col-end="10" col-start="10" row-end="12" row-start="12" text="7">
   </cell>
  </row>
  <row row="13">
   <cell col-end="0" col-start="0" row-end="13" row-start="13" text="All">
   </cell>
   <cell col-end="1" col-start="1" row-end="13" row-start="13" text="1">
   </cell>
   <cell col-end="2" col-start="2" row-end="13" row-start="13" text="0">
   </cell>
   <cell col-end="3" col-start="3" row-end="13" row-start="13" text="4">
   </cell>
   <cell col-end="4" col-start="4" row-end="13" row-start="13" text="6">
   </cell>
   <cell col-end="5" col-start="5" row-end="13" row-start="13" text="36">
   </cell>
   <cell col-end="6" col-start="6" row-end="13" row-start="13" text="724">
   </cell>
   <cell col-end="7" col-start="7" row-end="13" row-start="13" text="298">
   </cell>
   <cell col-end="8" col-start="8" row-end="13" row-start="13" text="111">
   </cell>
   <cell col-end="9" col-start="9" row-end="13" row-start="13" text="16">
   </cell>
   <cell col-end="10" col-start="10" row-end="13" row-start="13" text="1196">
   </cell>
  </row>
  <statements>
   <statement id="0" text="Oak of Oversegmentation in 2:1 is having 7 and highest ." type="">
   </statement>
   <statement id="2" text="The Correct value of all is 724." type="">
   </statement>
   <statement id="5" text="Undersegmentation of 1:2 is having the total of 298." type="">
   </statement>
  </statements>
 </table>
</document>