<document>
 <table id="Table 1">
  <caption text="

   Summary of previously reported cases of COVID-19-associated pulmonary aspergillosis.
  
">
  </caption>
  <legend text="

   *number with CAPA/total number in the report
  

   AmB-d, amphotericin b deoxycholate; AND, anidulafungin; BAL, bronchoalveolar lavage; CAPA, COVID-19-associated pulmonary aspergillosis; CAS, caspofungin; GM, galactomannan; ISA, isavuconazole; L-AmB, liposomal amphotericin; NR, not reported; VOR, voriconazole
  
">
  </legend>
  <row row="0">
   <cell col-end="0" col-start="0" row-end="0" row-start="0" text="Study">
   </cell>
   <cell col-end="1" col-start="1" row-end="0" row-start="0" text="Country">
   </cell>
   <cell col-end="2" col-start="2" row-end="0" row-start="0" text="CAPA*">
   </cell>
   <cell col-end="3" col-start="3" row-end="0" row-start="0" text="Aspergillus species">
   </cell>
   <cell col-end="4" col-start="4" row-end="0" row-start="0" text="Aspergillus species in culture">
   </cell>
   <cell col-end="5" col-start="5" row-end="0" row-start="0" text="Serum or BAL GM positive">
   </cell>
   <cell col-end="6" col-start="6" row-end="0" row-start="0" text="BAL Aspergillus PCR positive">
   </cell>
   <cell col-end="7" col-start="7" row-end="0" row-start="0" text="Initial Antifungal Therapy">
   </cell>
   <cell col-end="8" col-start="8" row-end="0" row-start="0" text="In-hospital mortality">
   </cell>
  </row>
  <row row="1">
   <cell col-end="0" col-start="0" row-end="1" row-start="1" text="Alanio, 2020 [
     ]">
   </cell>
   <cell col-end="1" col-start="1" row-end="1" row-start="1" text="France">
   </cell>
   <cell col-end="2" col-start="2" row-end="1" row-start="1" text="9/27">
   </cell>
   <cell col-end="3" col-start="3" row-end="1" row-start="1" text="A. fumigatus
     
     (7/9)">
   </cell>
   <cell col-end="4" col-start="4" row-end="1" row-start="1" text="7/9">
   </cell>
   <cell col-end="5" col-start="5" row-end="1" row-start="1" text="3/9">
   </cell>
   <cell col-end="6" col-start="6" row-end="1" row-start="1" text="4/9">
   </cell>
   <cell col-end="7" col-start="7" row-end="1" row-start="1" text="VOR (1/9)
     
     CAS (1/9)
     
     None (7/9)">
   </cell>
   <cell col-end="8" col-start="8" row-end="1" row-start="1" text="4/9">
   </cell>
  </row>
  <row row="2">
   <cell col-end="0" col-start="0" row-end="2" row-start="2" text="Koehler, 2020 [
     ]">
   </cell>
   <cell col-end="1" col-start="1" row-end="2" row-start="2" text="Germany">
   </cell>
   <cell col-end="2" col-start="2" row-end="2" row-start="2" text="5/19">
   </cell>
   <cell col-end="3" col-start="3" row-end="2" row-start="2" text="A. fumigatus
     
     (5/5)">
   </cell>
   <cell col-end="4" col-start="4" row-end="2" row-start="2" text="3/5">
   </cell>
   <cell col-end="5" col-start="5" row-end="2" row-start="2" text="4/5">
   </cell>
   <cell col-end="6" col-start="6" row-end="2" row-start="2" text="4/5">
   </cell>
   <cell col-end="7" col-start="7" row-end="2" row-start="2" text="VOR (2/5)
     
     ISA (1/5)
     
     CAS (2/5)">
   </cell>
   <cell col-end="8" col-start="8" row-end="2" row-start="2" text="3/5">
   </cell>
  </row>
  <row row="3">
   <cell col-end="0" col-start="0" row-end="3" row-start="3" text="Rutsaert, 2020 [
     ]">
   </cell>
   <cell col-end="1" col-start="1" row-end="3" row-start="3" text="The Netherlands">
   </cell>
   <cell col-end="2" col-start="2" row-end="3" row-start="3" text="7/34">
   </cell>
   <cell col-end="3" col-start="3" row-end="3" row-start="3" text="A. fumigatus
     
     (5/7)
     

      A. flavus
     
     (1/7)">
   </cell>
   <cell col-end="4" col-start="4" row-end="3" row-start="3" text="6/7">
   </cell>
   <cell col-end="5" col-start="5" row-end="3" row-start="3" text="6/7">
   </cell>
   <cell col-end="6" col-start="6" row-end="3" row-start="3" text="NR">
   </cell>
   <cell col-end="7" col-start="7" row-end="3" row-start="3" text="VOR (4/7)
     
     VOR/ISA (2/7)
     
     None (1/7)">
   </cell>
   <cell col-end="8" col-start="8" row-end="3" row-start="3" text="4/7">
   </cell>
  </row>
  <row row="4">
   <cell col-end="0" col-start="0" row-end="4" row-start="4" text="Nasir, 2020 [
     ]">
   </cell>
   <cell col-end="1" col-start="1" row-end="4" row-start="4" text="Pakistan">
   </cell>
   <cell col-end="2" col-start="2" row-end="4" row-start="4" text="5/23">
   </cell>
   <cell col-end="3" col-start="3" row-end="4" row-start="4" text="A. flavus
     
     (3/5)
     

      A. niger
     
     (1/5)
     

      A. fumigatus and A. flavus
     
     (1/5)">
   </cell>
   <cell col-end="4" col-start="4" row-end="4" row-start="4" text="5/5">
   </cell>
   <cell col-end="5" col-start="5" row-end="4" row-start="4" text="0/5">
   </cell>
   <cell col-end="6" col-start="6" row-end="4" row-start="4" text="NR">
   </cell>
   <cell col-end="7" col-start="7" row-end="4" row-start="4" text="VOR (3/5)
     
     AmB-d (2/5)">
   </cell>
   <cell col-end="8" col-start="8" row-end="4" row-start="4" text="3/5">
   </cell>
  </row>
  <row row="5">
   <cell col-end="0" col-start="0" row-end="5" row-start="5" text="van Arkel, 2020 [
     ]">
   </cell>
   <cell col-end="1" col-start="1" row-end="5" row-start="5" text="The Netherlands">
   </cell>
   <cell col-end="2" col-start="2" row-end="5" row-start="5" text="6/31">
   </cell>
   <cell col-end="3" col-start="3" row-end="5" row-start="5" text="A. fumigatus
     
     (6/6)">
   </cell>
   <cell col-end="4" col-start="4" row-end="5" row-start="5" text="5/6">
   </cell>
   <cell col-end="5" col-start="5" row-end="5" row-start="5" text="3/6">
   </cell>
   <cell col-end="6" col-start="6" row-end="5" row-start="5" text="NR">
   </cell>
   <cell col-end="7" col-start="7" row-end="5" row-start="5" text="VOR plus AND (5/6)
     
     L-AmB (1/6)">
   </cell>
   <cell col-end="8" col-start="8" row-end="5" row-start="5" text="4/6">
   </cell>
  </row>
  <row row="6">
   <cell col-end="0" col-start="0" row-end="6" row-start="6" text="Blaize, 2020 [
     ]">
   </cell>
   <cell col-end="1" col-start="1" row-end="6" row-start="6" text="France">
   </cell>
   <cell col-end="2" col-start="2" row-end="6" row-start="6" text="1/1">
   </cell>
   <cell col-end="3" col-start="3" row-end="6" row-start="6" text="A. fumigatus">
   </cell>
   <cell col-end="4" col-start="4" row-end="6" row-start="6" text="1/1">
   </cell>
   <cell col-end="5" col-start="5" row-end="6" row-start="6" text="0/1">
   </cell>
   <cell col-end="6" col-start="6" row-end="6" row-start="6" text="1/1">
   </cell>
   <cell col-end="7" col-start="7" row-end="6" row-start="6" text="None">
   </cell>
   <cell col-end="8" col-start="8" row-end="6" row-start="6" text="1/1">
   </cell>
  </row>
  <row row="7">
   <cell col-end="0" col-start="0" row-end="7" row-start="7" text="Lahmer, 2020 [
     ]">
   </cell>
   <cell col-end="1" col-start="1" row-end="7" row-start="7" text="Germany">
   </cell>
   <cell col-end="2" col-start="2" row-end="7" row-start="7" text="2/2">
   </cell>
   <cell col-end="3" col-start="3" row-end="7" row-start="7" text="A. fumigatus
     
     (2/2)">
   </cell>
   <cell col-end="4" col-start="4" row-end="7" row-start="7" text="2/2">
   </cell>
   <cell col-end="5" col-start="5" row-end="7" row-start="7" text="2/2">
   </cell>
   <cell col-end="6" col-start="6" row-end="7" row-start="7" text="NR">
   </cell>
   <cell col-end="7" col-start="7" row-end="7" row-start="7" text="L-AmB (2/2)">
   </cell>
   <cell col-end="8" col-start="8" row-end="7" row-start="7" text="2/2">
   </cell>
  </row>
  <row row="8">
   <cell col-end="0" col-start="0" row-end="8" row-start="8" text="Wang, 2020 [
     ]">
   </cell>
   <cell col-end="1" col-start="1" row-end="8" row-start="8" text="China">
   </cell>
   <cell col-end="2" col-start="2" row-end="8" row-start="8" text="8/104">
   </cell>
   <cell col-end="3" col-start="3" row-end="8" row-start="8" text="A. fumigatus">
   </cell>
   <cell col-end="4" col-start="4" row-end="8" row-start="8" text="8/8">
   </cell>
   <cell col-end="5" col-start="5" row-end="8" row-start="8" text="NR">
   </cell>
   <cell col-end="6" col-start="6" row-end="8" row-start="8" text="NR">
   </cell>
   <cell col-end="7" col-start="7" row-end="8" row-start="8" text="NR">
   </cell>
   <cell col-end="8" col-start="8" row-end="8" row-start="8" text="NR">
   </cell>
  </row>
  <row row="9">
   <cell col-end="0" col-start="0" row-end="9" row-start="9" text="Antinori, 2020 [
     ]">
   </cell>
   <cell col-end="1" col-start="1" row-end="9" row-start="9" text="Italy">
   </cell>
   <cell col-end="2" col-start="2" row-end="9" row-start="9" text="1/1">
   </cell>
   <cell col-end="3" col-start="3" row-end="9" row-start="9" text="A. fumigatus">
   </cell>
   <cell col-end="4" col-start="4" row-end="9" row-start="9" text="1/1">
   </cell>
   <cell col-end="5" col-start="5" row-end="9" row-start="9" text="1/1">
   </cell>
   <cell col-end="6" col-start="6" row-end="9" row-start="9" text="1/1">
   </cell>
   <cell col-end="7" col-start="7" row-end="9" row-start="9" text="L-AmB">
   </cell>
   <cell col-end="8" col-start="8" row-end="9" row-start="9" text="1/1">
   </cell>
  </row>
  <row row="10">
   <cell col-end="0" col-start="0" row-end="10" row-start="10" text="Ferreira, 2020 [
     ]">
   </cell>
   <cell col-end="1" col-start="1" row-end="10" row-start="10" text="France">
   </cell>
   <cell col-end="2" col-start="2" row-end="10" row-start="10" text="1/1">
   </cell>
   <cell col-end="3" col-start="3" row-end="10" row-start="10" text="A. fumigatus">
   </cell>
   <cell col-end="4" col-start="4" row-end="10" row-start="10" text="1/1">
   </cell>
   <cell col-end="5" col-start="5" row-end="10" row-start="10" text="0/1">
   </cell>
   <cell col-end="6" col-start="6" row-end="10" row-start="10" text="1/1">
   </cell>
   <cell col-end="7" col-start="7" row-end="10" row-start="10" text="None">
   </cell>
   <cell col-end="8" col-start="8" row-end="10" row-start="10" text="1/1">
   </cell>
  </row>
  <row row="11">
   <cell col-end="0" col-start="0" row-end="11" row-start="11" text="Meijer, 2020 [
     ]">
   </cell>
   <cell col-end="1" col-start="1" row-end="11" row-start="11" text="France">
   </cell>
   <cell col-end="2" col-start="2" row-end="11" row-start="11" text="1/1">
   </cell>
   <cell col-end="3" col-start="3" row-end="11" row-start="11" text="A. fumigatus">
   </cell>
   <cell col-end="4" col-start="4" row-end="11" row-start="11" text="1/1">
   </cell>
   <cell col-end="5" col-start="5" row-end="11" row-start="11" text="1/1">
   </cell>
   <cell col-end="6" col-start="6" row-end="11" row-start="11" text="NR">
   </cell>
   <cell col-end="7" col-start="7" row-end="11" row-start="11" text="VOR plus CAS">
   </cell>
   <cell col-end="8" col-start="8" row-end="11" row-start="11" text="1/1">
   </cell>
  </row>
  <row row="12">
   <cell col-end="0" col-start="0" row-end="12" row-start="12" text="Prattes, 2020 [
     ]">
   </cell>
   <cell col-end="1" col-start="1" row-end="12" row-start="12" text="Austria">
   </cell>
   <cell col-end="2" col-start="2" row-end="12" row-start="12" text="1/1">
   </cell>
   <cell col-end="3" col-start="3" row-end="12" row-start="12" text="A. fumigatus">
   </cell>
   <cell col-end="4" col-start="4" row-end="12" row-start="12" text="1/1">
   </cell>
   <cell col-end="5" col-start="5" row-end="12" row-start="12" text="0/1">
   </cell>
   <cell col-end="6" col-start="6" row-end="12" row-start="12" text="NR">
   </cell>
   <cell col-end="7" col-start="7" row-end="12" row-start="12" text="VOR">
   </cell>
   <cell col-end="8" col-start="8" row-end="12" row-start="12" text="1/1">
   </cell>
  </row>
  <row row="13">
   <cell col-end="0" col-start="0" row-end="13" row-start="13" text="Sharma, 2020 [
     ]">
   </cell>
   <cell col-end="1" col-start="1" row-end="13" row-start="13" text="Australia">
   </cell>
   <cell col-end="2" col-start="2" row-end="13" row-start="13" text="1/1">
   </cell>
   <cell col-end="3" col-start="3" row-end="13" row-start="13" text="A. fumigatus">
   </cell>
   <cell col-end="4" col-start="4" row-end="13" row-start="13" text="1/1">
   </cell>
   <cell col-end="5" col-start="5" row-end="13" row-start="13" text="NR">
   </cell>
   <cell col-end="6" col-start="6" row-end="13" row-start="13" text="NR">
   </cell>
   <cell col-end="7" col-start="7" row-end="13" row-start="13" text="VOR">
   </cell>
   <cell col-end="8" col-start="8" row-end="13" row-start="13" text="0/1">
   </cell>
  </row>
  <statements>
   <statement id="1" text="France had previously reported 7/9 Aspergillus species in culture under study of Alanio, 2020." type="">
   </statement>
   <statement id="5" text="Nasir, 2020 study had reported Pakistan 5/23 for CAPA" type="">
   </statement>
   <statement id="8" text="van Arkel, 2020 study had reported France 5/23 for CAPA" type="">
   </statement>
  </statements>
 </table>
</document>