<document>
 <table id="Table 2">
  <caption text="

   Mixes proportions.
  
">
  </caption>
  <row row="0">
   <cell col-end="0" col-start="0" row-end="1" row-start="0" text="Mix ID">
   </cell>
   <cell col-end="6" col-start="1" row-end="0" row-start="0" text="Proportions by Wight (%)">
   </cell>
  </row>
  <row row="1">
   <cell col-end="1" col-start="1" row-end="1" row-start="1" text="Clay">
   </cell>
   <cell col-end="2" col-start="2" row-end="1" row-start="1" text="Sludge">
   </cell>
   <cell col-end="3" col-start="3" row-end="1" row-start="1" text="RSA">
   </cell>
   <cell col-end="4" col-start="4" row-end="1" row-start="1" text="SBA">
   </cell>
   <cell col-end="5" col-start="5" row-end="1" row-start="1" text="WSA">
   </cell>
   <cell col-end="6" col-start="6" row-end="1" row-start="1" text="Water to raw materials%">
   </cell>
  </row>
  <row row="2">
   <cell col-end="0" col-start="0" row-end="2" row-start="2" text="Control">
   </cell>
   <cell col-end="1" col-start="1" row-end="2" row-start="2" text="50">
   </cell>
   <cell col-end="2" col-start="2" row-end="2" row-start="2" text="50">
   </cell>
   <cell col-end="3" col-start="3" row-end="2" row-start="2" text="–">
   </cell>
   <cell col-end="4" col-start="4" row-end="2" row-start="2" text="–">
   </cell>
   <cell col-end="5" col-start="5" row-end="2" row-start="2" text="–">
   </cell>
   <cell col-end="6" col-start="6" row-end="2" row-start="2" text="35">
   </cell>
  </row>
  <row row="3">
   <cell col-end="0" col-start="0" row-end="3" row-start="3" text="M-5RSA">
   </cell>
   <cell col-end="1" col-start="1" row-end="3" row-start="3" text="50">
   </cell>
   <cell col-end="2" col-start="2" row-end="3" row-start="3" text="45">
   </cell>
   <cell col-end="3" col-start="3" row-end="3" row-start="3" text="5">
   </cell>
   <cell col-end="4" col-start="4" row-end="3" row-start="3" text="–">
   </cell>
   <cell col-end="5" col-start="5" row-end="3" row-start="3" text="–">
   </cell>
   <cell col-end="6" col-start="6" row-end="3" row-start="3" text="35">
   </cell>
  </row>
  <row row="4">
   <cell col-end="0" col-start="0" row-end="4" row-start="4" text="M-10RSA">
   </cell>
   <cell col-end="1" col-start="1" row-end="4" row-start="4" text="50">
   </cell>
   <cell col-end="2" col-start="2" row-end="4" row-start="4" text="40">
   </cell>
   <cell col-end="3" col-start="3" row-end="4" row-start="4" text="10">
   </cell>
   <cell col-end="4" col-start="4" row-end="4" row-start="4" text="–">
   </cell>
   <cell col-end="5" col-start="5" row-end="4" row-start="4" text="–">
   </cell>
   <cell col-end="6" col-start="6" row-end="4" row-start="4" text="38">
   </cell>
  </row>
  <row row="5">
   <cell col-end="0" col-start="0" row-end="5" row-start="5" text="M-15RSA">
   </cell>
   <cell col-end="1" col-start="1" row-end="5" row-start="5" text="50">
   </cell>
   <cell col-end="2" col-start="2" row-end="5" row-start="5" text="35">
   </cell>
   <cell col-end="3" col-start="3" row-end="5" row-start="5" text="15">
   </cell>
   <cell col-end="4" col-start="4" row-end="5" row-start="5" text="–">
   </cell>
   <cell col-end="5" col-start="5" row-end="5" row-start="5" text="–">
   </cell>
   <cell col-end="6" col-start="6" row-end="5" row-start="5" text="38">
   </cell>
  </row>
  <row row="6">
   <cell col-end="0" col-start="0" row-end="6" row-start="6" text="M-5SBA">
   </cell>
   <cell col-end="1" col-start="1" row-end="6" row-start="6" text="50">
   </cell>
   <cell col-end="2" col-start="2" row-end="6" row-start="6" text="45">
   </cell>
   <cell col-end="3" col-start="3" row-end="6" row-start="6" text="–">
   </cell>
   <cell col-end="4" col-start="4" row-end="6" row-start="6" text="5">
   </cell>
   <cell col-end="5" col-start="5" row-end="6" row-start="6" text="–">
   </cell>
   <cell col-end="6" col-start="6" row-end="6" row-start="6" text="38">
   </cell>
  </row>
  <row row="7">
   <cell col-end="0" col-start="0" row-end="7" row-start="7" text="M-10SBA">
   </cell>
   <cell col-end="1" col-start="1" row-end="7" row-start="7" text="50">
   </cell>
   <cell col-end="2" col-start="2" row-end="7" row-start="7" text="40">
   </cell>
   <cell col-end="3" col-start="3" row-end="7" row-start="7" text="–">
   </cell>
   <cell col-end="4" col-start="4" row-end="7" row-start="7" text="10">
   </cell>
   <cell col-end="5" col-start="5" row-end="7" row-start="7" text="–">
   </cell>
   <cell col-end="6" col-start="6" row-end="7" row-start="7" text="40">
   </cell>
  </row>
  <row row="8">
   <cell col-end="0" col-start="0" row-end="8" row-start="8" text="M-15SBA">
   </cell>
   <cell col-end="1" col-start="1" row-end="8" row-start="8" text="50">
   </cell>
   <cell col-end="2" col-start="2" row-end="8" row-start="8" text="35">
   </cell>
   <cell col-end="3" col-start="3" row-end="8" row-start="8" text="–">
   </cell>
   <cell col-end="4" col-start="4" row-end="8" row-start="8" text="15">
   </cell>
   <cell col-end="5" col-start="5" row-end="8" row-start="8" text="–">
   </cell>
   <cell col-end="6" col-start="6" row-end="8" row-start="8" text="40">
   </cell>
  </row>
  <row row="9">
   <cell col-end="0" col-start="0" row-end="9" row-start="9" text="M-5WSA">
   </cell>
   <cell col-end="1" col-start="1" row-end="9" row-start="9" text="50">
   </cell>
   <cell col-end="2" col-start="2" row-end="9" row-start="9" text="45">
   </cell>
   <cell col-end="3" col-start="3" row-end="9" row-start="9" text="–">
   </cell>
   <cell col-end="4" col-start="4" row-end="9" row-start="9" text="–">
   </cell>
   <cell col-end="5" col-start="5" row-end="9" row-start="9" text="5">
   </cell>
   <cell col-end="6" col-start="6" row-end="9" row-start="9" text="38">
   </cell>
  </row>
  <row row="10">
   <cell col-end="0" col-start="0" row-end="10" row-start="10" text="M-10WSA">
   </cell>
   <cell col-end="1" col-start="1" row-end="10" row-start="10" text="50">
   </cell>
   <cell col-end="2" col-start="2" row-end="10" row-start="10" text="40">
   </cell>
   <cell col-end="3" col-start="3" row-end="10" row-start="10" text="–">
   </cell>
   <cell col-end="4" col-start="4" row-end="10" row-start="10" text="–">
   </cell>
   <cell col-end="5" col-start="5" row-end="10" row-start="10" text="10">
   </cell>
   <cell col-end="6" col-start="6" row-end="10" row-start="10" text="38">
   </cell>
  </row>
  <row row="11">
   <cell col-end="0" col-start="0" row-end="11" row-start="11" text="M-15WSA">
   </cell>
   <cell col-end="1" col-start="1" row-end="11" row-start="11" text="50">
   </cell>
   <cell col-end="2" col-start="2" row-end="11" row-start="11" text="35">
   </cell>
   <cell col-end="3" col-start="3" row-end="11" row-start="11" text="–">
   </cell>
   <cell col-end="4" col-start="4" row-end="11" row-start="11" text="–">
   </cell>
   <cell col-end="5" col-start="5" row-end="11" row-start="11" text="15">
   </cell>
   <cell col-end="6" col-start="6" row-end="11" row-start="11" text="40">
   </cell>
  </row>
  <statements>
   <statement id="2" text="The highest water to raw materials value is 38 for M-10SBA, M-15SBA and M-15WSA." type="">
   </statement>
   <statement id="3" text="The highest water to raw materials value is 40 for M-10SBA, M-15SBA and M-15WSA." type="">
   </statement>
   <statement id="4" text="The lowest sludge value is 35 for M-15RSA, M-15SBA and M-15WSA." type="">
   </statement>
   <statement id="5" text="The nine mixtures were divided into three groups, namely, RSA, SBA and WSA." type="">
   </statement>
  </statements>
 </table>
</document>