<document>
 <table id="Table 2">
  <caption text="

   A Diffusion model for Serious Games.
  
">
  </caption>
  <row row="0">
   <cell col-end="0" col-start="0" row-end="0" row-start="0" text="Diffusion of Serious Games">
   </cell>
   <cell col-end="1" col-start="1" row-end="0" row-start="0" text="Fun">
   </cell>
   <cell col-end="2" col-start="2" row-end="0" row-start="0" text="Feedback">
   </cell>
   <cell col-end="3" col-start="3" row-end="0" row-start="0" text="Flow">
   </cell>
  </row>
  <row row="1">
   <cell col-end="0" col-start="0" row-end="1" row-start="1" text="Relevance">
   </cell>
   <cell col-end="1" col-start="1" row-end="1" row-start="1" text="Perceived enjoyment">
   </cell>
   <cell col-end="2" col-start="2" row-end="1" row-start="1" text="Perceived usefulness">
   </cell>
   <cell col-end="3" col-start="3" row-end="1" row-start="1" text="Experience and Habit">
   </cell>
  </row>
  <row row="2">
   <cell col-end="0" col-start="0" row-end="2" row-start="2" text="Requirements">
   </cell>
   <cell col-end="1" col-start="1" row-end="2" row-start="2" text="Information Quality">
   </cell>
   <cell col-end="2" col-start="2" row-end="2" row-start="2" text="Information quality">
   </cell>
   <cell col-end="3" col-start="3" row-end="2" row-start="2" text="Ease of Use">
   </cell>
  </row>
  <row row="3">
   <cell col-end="0" col-start="0" row-end="3" row-start="3" text="Reliability">
   </cell>
   <cell col-end="1" col-start="1" row-end="3" row-start="3" text="Social influence and Trust">
   </cell>
   <cell col-end="2" col-start="2" row-end="3" row-start="3" text="System Quality">
   </cell>
   <cell col-end="3" col-start="3" row-end="3" row-start="3" text="Trust and perceived risks">
   </cell>
  </row>
  <statements>
   <statement id="4" text="The relevance in Fun and Feedback is Perceived enjoyment." type="">
   </statement>
   <statement id="5" text="The Reliability of all 3 scenarios is same." type="">
   </statement>
   <statement id="7" text="There are 3 types of Diffusion of Serious Games." type="">
   </statement>
   <statement id="8" text="There are 4 types of Diffusion of Serious Games." type="">
   </statement>
  </statements>
 </table>
</document>