<document>
 <table id="Table 2">
  <caption text="

   Fitting parameters for
   
    k
   

    sk
   
   and
   
    μ
   

    sk
   
   of the rhombic dodecahedral model [
   
    4
   
   ].
  
">
  </caption>
  <row row="0">
   <cell col-end="0" col-start="0" row-end="0" row-start="0" text="">
   </cell>
   <cell col-end="3" col-start="1" row-end="0" row-start="0" text="k
      
       sk">
   </cell>
   <cell col-end="6" col-start="4" row-end="0" row-start="0" text="μ
      
       sk">
   </cell>
  </row>
  <row row="1">
   <cell col-end="0" col-start="0" row-end="1" row-start="1" text="j">
   </cell>
   <cell col-end="1" col-start="1" row-end="1" row-start="1" text="a
          

           ˆ
          




          1
         

          j">
   </cell>
   <cell col-end="2" col-start="2" row-end="1" row-start="1" text="a
          

           ˆ
          




          2
         

          j">
   </cell>
   <cell col-end="3" col-start="3" row-end="1" row-start="1" text="a
          

           ˆ
          




          1
         

          j">
   </cell>
   <cell col-end="4" col-start="4" row-end="1" row-start="1" text="b
          

           ˆ
          




          1
         

          j">
   </cell>
   <cell col-end="5" col-start="5" row-end="1" row-start="1" text="b
          

           ˆ
          




          2
         

          j">
   </cell>
   <cell col-end="6" col-start="6" row-end="1" row-start="1" text="b
          

           ˆ
          




          3
         

          j">
   </cell>
  </row>
  <row row="2">
   <cell col-end="0" col-start="0" row-end="2" row-start="2" text="0">
   </cell>
   <cell col-end="1" col-start="1" row-end="2" row-start="2" text="1.8625">
   </cell>
   <cell col-end="2" col-start="2" row-end="2" row-start="2" text="4.5001">
   </cell>
   <cell col-end="3" col-start="3" row-end="2" row-start="2" text="−5.6512">
   </cell>
   <cell col-end="4" col-start="4" row-end="2" row-start="2" text="1.6122">
   </cell>
   <cell col-end="5" col-start="5" row-end="2" row-start="2" text="4.5869">
   </cell>
   <cell col-end="6" col-start="6" row-end="2" row-start="2" text="−7.5395">
   </cell>
  </row>
  <row row="3">
   <cell col-end="0" col-start="0" row-end="3" row-start="3" text="1">
   </cell>
   <cell col-end="1" col-start="1" row-end="3" row-start="3" text="0.52594">
   </cell>
   <cell col-end="2" col-start="2" row-end="3" row-start="3" text="−6.1551">
   </cell>
   <cell col-end="3" col-start="3" row-end="3" row-start="3" text="6.9159">
   </cell>
   <cell col-end="4" col-start="4" row-end="3" row-start="3" text="0.13527">
   </cell>
   <cell col-end="5" col-start="5" row-end="3" row-start="3" text="3.6086">
   </cell>
   <cell col-end="6" col-start="6" row-end="3" row-start="3" text="−4.8676">
   </cell>
  </row>
  <row row="4">
   <cell col-end="0" col-start="0" row-end="4" row-start="4" text="2">
   </cell>
   <cell col-end="1" col-start="1" row-end="4" row-start="4" text="−4.8397">
   </cell>
   <cell col-end="2" col-start="2" row-end="4" row-start="4" text="−4.3634">
   </cell>
   <cell col-end="3" col-start="3" row-end="4" row-start="4" text="29.595">
   </cell>
   <cell col-end="4" col-start="4" row-end="4" row-start="4" text="0">
   </cell>
   <cell col-end="5" col-start="5" row-end="4" row-start="4" text="0">
   </cell>
   <cell col-end="6" col-start="6" row-end="4" row-start="4" text="−4.3182">
   </cell>
  </row>
  <row row="5">
   <cell col-end="0" col-start="0" row-end="5" row-start="5" text="3">
   </cell>
   <cell col-end="1" col-start="1" row-end="5" row-start="5" text="0">
   </cell>
   <cell col-end="2" col-start="2" row-end="5" row-start="5" text="0">
   </cell>
   <cell col-end="3" col-start="3" row-end="5" row-start="5" text="−58.96">
   </cell>
   <cell col-end="4" col-start="4" row-end="5" row-start="5" text="—">
   </cell>
   <cell col-end="5" col-start="5" row-end="5" row-start="5" text="—">
   </cell>
   <cell col-end="6" col-start="6" row-end="5" row-start="5" text="—">
   </cell>
  </row>
  <statements>
   <statement id="0" text=" sk of parameters b  1 j and b  2 j and b  3 j is null at j3." type="">
   </statement>
   <statement id="2" text=" sk of parameters b  1 j and b  2 j is zero at j2." type="">
   </statement>
   <statement id="5" text="k sk and  sk has three fitting parameters each." type="">
   </statement>
  </statements>
 </table>
</document>