<document>
 <table id="Table 1">
  <caption text="

   Population structure with different factors and number of families per factor. (Batch-1 – 2014 year class, Batch-2 – 2015 year class ; AP – Andhra Pradesh Stock, NAP – Non Andhra Pradesh Stock); N – Number of fish per pond. The bold letters indicate different levels of factors and the numbers indicate the number of families within each level of factor. The numbers in the last two row indicates number of fish per pond at the time of stocking and harvest respectively.
  
">
  </caption>
  <row row="0">
   <cell col-end="0" col-start="0" row-end="5" row-start="0" text="Factors and No. of Families per Factor">
   </cell>
   <cell col-end="5" col-start="1" row-end="0" row-start="0" text="Batch 1−39">
   </cell>
   <cell col-end="11" col-start="6" row-end="0" row-start="0" text="Batch 2−39">
   </cell>
  </row>
  <row row="1">
   <cell col-end="5" col-start="1" row-end="1" row-start="1" text="AP Stock – 23">
   </cell>
   <cell col-end="11" col-start="6" row-end="2" row-start="1" text="AP Stock - 39">
   </cell>
  </row>
  <row row="2">
   <cell col-end="5" col-start="1" row-end="2" row-start="2" text="NAP Stock - 16">
   </cell>
  </row>
  <row row="3">
   <cell col-end="3" col-start="1" row-end="3" row-start="3" text="Monoculture - 39">
   </cell>
   <cell col-end="5" col-start="4" row-end="3" row-start="3" text="Polyculture - 39">
   </cell>
   <cell col-end="11" col-start="6" row-end="3" row-start="3" text="Polyculture - 39">
   </cell>
  </row>
  <row row="4">
   <cell col-end="1" col-start="1" row-end="4" row-start="4" text="P 1">
   </cell>
   <cell col-end="2" col-start="2" row-end="4" row-start="4" text="P 3">
   </cell>
   <cell col-end="3" col-start="3" row-end="4" row-start="4" text="P 4">
   </cell>
   <cell col-end="4" col-start="4" row-end="4" row-start="4" text="P 2">
   </cell>
   <cell col-end="5" col-start="5" row-end="4" row-start="4" text="P 5">
   </cell>
   <cell col-end="6" col-start="6" row-end="4" row-start="4" text="P 6">
   </cell>
   <cell col-end="7" col-start="7" row-end="4" row-start="4" text="P 7">
   </cell>
   <cell col-end="8" col-start="8" row-end="4" row-start="4" text="P 8">
   </cell>
   <cell col-end="9" col-start="9" row-end="4" row-start="4" text="P 9">
   </cell>
   <cell col-end="10" col-start="10" row-end="4" row-start="4" text="P 10">
   </cell>
   <cell col-end="11" col-start="11" row-end="4" row-start="4" text="P 11">
   </cell>
  </row>
  <row row="5">
   <cell col-end="1" col-start="1" row-end="5" row-start="5" text="39">
   </cell>
   <cell col-end="2" col-start="2" row-end="5" row-start="5" text="39">
   </cell>
   <cell col-end="3" col-start="3" row-end="5" row-start="5" text="39">
   </cell>
   <cell col-end="4" col-start="4" row-end="5" row-start="5" text="33">
   </cell>
   <cell col-end="5" col-start="5" row-end="5" row-start="5" text="29">
   </cell>
   <cell col-end="6" col-start="6" row-end="5" row-start="5" text="13">
   </cell>
   <cell col-end="7" col-start="7" row-end="5" row-start="5" text="13">
   </cell>
   <cell col-end="8" col-start="8" row-end="5" row-start="5" text="12">
   </cell>
   <cell col-end="9" col-start="9" row-end="5" row-start="5" text="13">
   </cell>
   <cell col-end="10" col-start="10" row-end="5" row-start="5" text="13">
   </cell>
   <cell col-end="11" col-start="11" row-end="5" row-start="5" text="13">
   </cell>
  </row>
  <row row="6">
   <cell col-end="0" col-start="0" row-end="6" row-start="6" text="N (Stocking)">
   </cell>
   <cell col-end="1" col-start="1" row-end="6" row-start="6" text="310">
   </cell>
   <cell col-end="2" col-start="2" row-end="6" row-start="6" text="309">
   </cell>
   <cell col-end="3" col-start="3" row-end="6" row-start="6" text="309">
   </cell>
   <cell col-end="4" col-start="4" row-end="6" row-start="6" text="200">
   </cell>
   <cell col-end="5" col-start="5" row-end="6" row-start="6" text="230">
   </cell>
   <cell col-end="6" col-start="6" row-end="6" row-start="6" text="183">
   </cell>
   <cell col-end="7" col-start="7" row-end="6" row-start="6" text="193">
   </cell>
   <cell col-end="8" col-start="8" row-end="6" row-start="6" text="192">
   </cell>
   <cell col-end="9" col-start="9" row-end="6" row-start="6" text="126">
   </cell>
   <cell col-end="10" col-start="10" row-end="6" row-start="6" text="154">
   </cell>
   <cell col-end="11" col-start="11" row-end="6" row-start="6" text="122">
   </cell>
  </row>
  <row row="7">
   <cell col-end="0" col-start="0" row-end="7" row-start="7" text="N (Harvest)">
   </cell>
   <cell col-end="1" col-start="1" row-end="7" row-start="7" text="232">
   </cell>
   <cell col-end="2" col-start="2" row-end="7" row-start="7" text="232">
   </cell>
   <cell col-end="3" col-start="3" row-end="7" row-start="7" text="236">
   </cell>
   <cell col-end="4" col-start="4" row-end="7" row-start="7" text="101">
   </cell>
   <cell col-end="5" col-start="5" row-end="7" row-start="7" text="148">
   </cell>
   <cell col-end="6" col-start="6" row-end="7" row-start="7" text="101">
   </cell>
   <cell col-end="7" col-start="7" row-end="7" row-start="7" text="79">
   </cell>
   <cell col-end="8" col-start="8" row-end="7" row-start="7" text="76">
   </cell>
   <cell col-end="9" col-start="9" row-end="7" row-start="7" text="53">
   </cell>
   <cell col-end="10" col-start="10" row-end="7" row-start="7" text="71">
   </cell>
   <cell col-end="11" col-start="11" row-end="7" row-start="7" text="84">
   </cell>
  </row>
  <statements>
   <statement id="1" text="The highest P 1 is 39." type="">
   </statement>
   <statement id="2" text="The highest P 8 is 39." type="">
   </statement>
   <statement id="3" text="The lowest P 10 is 13." type="">
   </statement>
   <statement id="6" text="The lowest P 5 is 29." type="">
   </statement>
   <statement id="9" text="There are 2 different types of factors in the given table." type="">
   </statement>
  </statements>
 </table>
 <table id="Table 3">
  <caption text="

   Mean squares and R
   
    2
   
   values of model parameters for traits at stocking.
  
">
  </caption>
  <row row="0">
   <cell col-end="3" col-start="0" row-end="0" row-start="0" text="MSS at stocking">
   </cell>
  </row>
  <row row="1">
   <cell col-end="0" col-start="0" row-end="1" row-start="1" text="Source">
   </cell>
   <cell col-end="1" col-start="1" row-end="1" row-start="1" text="DF">
   </cell>
   <cell col-end="2" col-start="2" row-end="1" row-start="1" text="BW0">
   </cell>
   <cell col-end="3" col-start="3" row-end="1" row-start="1" text="TL0">
   </cell>
  </row>
  <row row="2">
   <cell col-end="0" col-start="0" row-end="2" row-start="2" text="Stock">
   </cell>
   <cell col-end="1" col-start="1" row-end="2" row-start="2" text="1">
   </cell>
   <cell col-end="2" col-start="2" row-end="2" row-start="2" text="291.92">
   </cell>
   <cell col-end="3" col-start="3" row-end="2" row-start="2" text="1.59">
   </cell>
  </row>
  <row row="3">
   <cell col-end="0" col-start="0" row-end="3" row-start="3" text="Batch">
   </cell>
   <cell col-end="1" col-start="1" row-end="3" row-start="3" text="1">
   </cell>
   <cell col-end="2" col-start="2" row-end="3" row-start="3" text="369846.60">
   </cell>
   <cell col-end="3" col-start="3" row-end="3" row-start="3" text="19356.27">
   </cell>
  </row>
  <row row="4">
   <cell col-end="0" col-start="0" row-end="4" row-start="4" text="Sex">
   </cell>
   <cell col-end="1" col-start="1" row-end="4" row-start="4" text="2">
   </cell>
   <cell col-end="2" col-start="2" row-end="4" row-start="4" text="3888.90">
   </cell>
   <cell col-end="3" col-start="3" row-end="4" row-start="4" text="111.33">
   </cell>
  </row>
  <row row="5">
   <cell col-end="0" col-start="0" row-end="5" row-start="5" text="Family">
   </cell>
   <cell col-end="1" col-start="1" row-end="5" row-start="5" text="75">
   </cell>
   <cell col-end="2" col-start="2" row-end="5" row-start="5" text="1524.03">
   </cell>
   <cell col-end="3" col-start="3" row-end="5" row-start="5" text="75.96">
   </cell>
  </row>
  <row row="6">
   <cell col-end="0" col-start="0" row-end="6" row-start="6" text="Error">
   </cell>
   <cell col-end="1" col-start="1" row-end="6" row-start="6" text="2248">
   </cell>
   <cell col-end="2" col-start="2" row-end="6" row-start="6" text="77.50">
   </cell>
   <cell col-end="3" col-start="3" row-end="6" row-start="6" text="2.60">
   </cell>
  </row>
  <row row="7">
   <cell col-end="0" col-start="0" row-end="7" row-start="7" text="R2 %">
   </cell>
   <cell col-end="1" col-start="1" row-end="7" row-start="7" text="">
   </cell>
   <cell col-end="2" col-start="2" row-end="7" row-start="7" text="79 %">
   </cell>
   <cell col-end="3" col-start="3" row-end="7" row-start="7" text="85 %">
   </cell>
  </row>
  <statements>
   <statement id="0" text="MSS at stocking of BW0 for Batch is 369846.60." type="">
   </statement>
   <statement id="1" text="MSS at stocking of BW0 for R2 % is 17 %." type="">
   </statement>
   <statement id="2" text="MSS at stocking of BW0 for R2 % is 79 %." type="">
   </statement>
   <statement id="3" text="MSS at stocking of BW0 for Stock is 121.25." type="">
   </statement>
   <statement id="5" text="MSS at stocking of TL0 for Error is 2.60." type="">
   </statement>
  </statements>
 </table>
</document>