<document>
 <table id="Table 1">
  <caption text="

   Comparison of the yields of pectin and hemicellulose fractions of the bamboo walls. Averages of three biological replicas for each species.
  
">
  </caption>
  <row row="0">
   <cell col-end="0" col-start="0" row-end="0" row-start="0" text="Species">
   </cell>
   <cell col-end="1" col-start="1" row-end="0" row-start="0" text="Pectin
     
      *">
   </cell>
   <cell col-end="2" col-start="2" row-end="0" row-start="0" text="Hemicellulose
     

       ⁎⁎">
   </cell>
   <cell col-end="3" col-start="3" row-end="0" row-start="0" text="Ratio">
   </cell>
  </row>
  <row row="1">
   <cell col-end="0" col-start="0" row-end="1" row-start="1" text="Chusquea capituliflora">
   </cell>
   <cell col-end="1" col-start="1" row-end="1" row-start="1" text="7.4">
   </cell>
   <cell col-end="2" col-start="2" row-end="1" row-start="1" text="54.1">
   </cell>
   <cell col-end="3" col-start="3" row-end="1" row-start="1" text="7.3">
   </cell>
  </row>
  <row row="2">
   <cell col-end="0" col-start="0" row-end="2" row-start="2" text="Filgueirasia arenicola">
   </cell>
   <cell col-end="1" col-start="1" row-end="2" row-start="2" text="7.9">
   </cell>
   <cell col-end="2" col-start="2" row-end="2" row-start="2" text="52.7">
   </cell>
   <cell col-end="3" col-start="3" row-end="2" row-start="2" text="6.7">
   </cell>
  </row>
  <row row="3">
   <cell col-end="0" col-start="0" row-end="3" row-start="3" text="Filgueirasia cannavieira">
   </cell>
   <cell col-end="1" col-start="1" row-end="3" row-start="3" text="6.7">
   </cell>
   <cell col-end="2" col-start="2" row-end="3" row-start="3" text="54.3">
   </cell>
   <cell col-end="3" col-start="3" row-end="3" row-start="3" text="8.2">
   </cell>
  </row>
  <row row="4">
   <cell col-end="0" col-start="0" row-end="4" row-start="4" text="Guadua tagoara">
   </cell>
   <cell col-end="1" col-start="1" row-end="4" row-start="4" text="6.8">
   </cell>
   <cell col-end="2" col-start="2" row-end="4" row-start="4" text="35.4">
   </cell>
   <cell col-end="3" col-start="3" row-end="4" row-start="4" text="5.2">
   </cell>
  </row>
  <row row="5">
   <cell col-end="0" col-start="0" row-end="5" row-start="5" text="Merostachys riedeliana">
   </cell>
   <cell col-end="1" col-start="1" row-end="5" row-start="5" text="8.0">
   </cell>
   <cell col-end="2" col-start="2" row-end="5" row-start="5" text="52.7">
   </cell>
   <cell col-end="3" col-start="3" row-end="5" row-start="5" text="6.6">
   </cell>
  </row>
  <row row="6">
   <cell col-end="0" col-start="0" row-end="6" row-start="6" text="Parodiolyra micrantha">
   </cell>
   <cell col-end="1" col-start="1" row-end="6" row-start="6" text="10.9">
   </cell>
   <cell col-end="2" col-start="2" row-end="6" row-start="6" text="46.4">
   </cell>
   <cell col-end="3" col-start="3" row-end="6" row-start="6" text="4.3">
   </cell>
  </row>
  <statements>
   <statement id="0" text="Filgueirasia arenicola Hemicellulose is 52.7." type="">
   </statement>
   <statement id="1" text="Filgueirasia cannavieira Ratio is 8.2." type="">
   </statement>
   <statement id="2" text="Guadua tagoara Hemicellulose is 35.4." type="">
   </statement>
   <statement id="3" text="Merostachys riedeliana Pectin is 7.4." type="">
   </statement>
   <statement id="4" text="Parodiolyra micrantha Hemicellulose is 6.7." type="">
   </statement>
   <statement id="5" text="Table 1 estimates the amount of pectin and hemicellulose in the cell walls." type="">
   </statement>
   <statement id="6" text="The Highest Hemicellulose is 35.4." type="">
   </statement>
   <statement id="7" text="The highest Pectin is 6.8." type="">
   </statement>
   <statement id="8" text="The highest Ratio is 4.3." type="">
   </statement>
  </statements>
 </table>
 <table id="Table 2">
  <caption text="

   Proportion of arabinoxylan oligosaccharides in the structure of the arabinoxylan present in the 4M fractions of the bamboo walls. Average of 9 digestions with xylanase.
  
">
  </caption>
  <legend text="

   Arabinoxylan from sugarcane was used as standard. Oligos with “0” content was present only in sugarcane arabinoxylan.
  
">
  </legend>
  <row row="0">
   <cell col-end="0" col-start="0" row-end="0" row-start="0" text="Peak n.">
   </cell>
   <cell col-end="1" col-start="1" row-end="0" row-start="0" text="Ret. Time (min)">
   </cell>
   <cell col-end="2" col-start="2" row-end="0" row-start="0" text="C. capituliflora">
   </cell>
   <cell col-end="3" col-start="3" row-end="0" row-start="0" text="F. arenicola">
   </cell>
   <cell col-end="4" col-start="4" row-end="0" row-start="0" text="F. cannavieira">
   </cell>
   <cell col-end="5" col-start="5" row-end="0" row-start="0" text="G. tagoara">
   </cell>
   <cell col-end="6" col-start="6" row-end="0" row-start="0" text="M. riedeliana">
   </cell>
   <cell col-end="7" col-start="7" row-end="0" row-start="0" text="P. micrantha">
   </cell>
  </row>
  <row row="1">
   <cell col-end="0" col-start="0" row-end="1" row-start="1" text="1">
   </cell>
   <cell col-end="1" col-start="1" row-end="1" row-start="1" text="1.87">
   </cell>
   <cell col-end="2" col-start="2" row-end="1" row-start="1" text="0.000">
   </cell>
   <cell col-end="3" col-start="3" row-end="1" row-start="1" text="0.000">
   </cell>
   <cell col-end="4" col-start="4" row-end="1" row-start="1" text="0.000">
   </cell>
   <cell col-end="5" col-start="5" row-end="1" row-start="1" text="0.067">
   </cell>
   <cell col-end="6" col-start="6" row-end="1" row-start="1" text="0.000">
   </cell>
   <cell col-end="7" col-start="7" row-end="1" row-start="1" text="0.000">
   </cell>
  </row>
  <row row="2">
   <cell col-end="0" col-start="0" row-end="2" row-start="2" text="2">
   </cell>
   <cell col-end="1" col-start="1" row-end="2" row-start="2" text="4.22">
   </cell>
   <cell col-end="2" col-start="2" row-end="2" row-start="2" text="0.000">
   </cell>
   <cell col-end="3" col-start="3" row-end="2" row-start="2" text="0.000">
   </cell>
   <cell col-end="4" col-start="4" row-end="2" row-start="2" text="0.000">
   </cell>
   <cell col-end="5" col-start="5" row-end="2" row-start="2" text="0.000">
   </cell>
   <cell col-end="6" col-start="6" row-end="2" row-start="2" text="0.000">
   </cell>
   <cell col-end="7" col-start="7" row-end="2" row-start="2" text="0.000">
   </cell>
  </row>
  <row row="3">
   <cell col-end="0" col-start="0" row-end="3" row-start="3" text="3">
   </cell>
   <cell col-end="1" col-start="1" row-end="3" row-start="3" text="4.88">
   </cell>
   <cell col-end="2" col-start="2" row-end="3" row-start="3" text="0.032">
   </cell>
   <cell col-end="3" col-start="3" row-end="3" row-start="3" text="0.000">
   </cell>
   <cell col-end="4" col-start="4" row-end="3" row-start="3" text="0.000">
   </cell>
   <cell col-end="5" col-start="5" row-end="3" row-start="3" text="0.000">
   </cell>
   <cell col-end="6" col-start="6" row-end="3" row-start="3" text="0.000">
   </cell>
   <cell col-end="7" col-start="7" row-end="3" row-start="3" text="0.000">
   </cell>
  </row>
  <row row="4">
   <cell col-end="0" col-start="0" row-end="4" row-start="4" text="4">
   </cell>
   <cell col-end="1" col-start="1" row-end="4" row-start="4" text="5.35">
   </cell>
   <cell col-end="2" col-start="2" row-end="4" row-start="4" text="0.000">
   </cell>
   <cell col-end="3" col-start="3" row-end="4" row-start="4" text="0.000">
   </cell>
   <cell col-end="4" col-start="4" row-end="4" row-start="4" text="0.000">
   </cell>
   <cell col-end="5" col-start="5" row-end="4" row-start="4" text="0.563">
   </cell>
   <cell col-end="6" col-start="6" row-end="4" row-start="4" text="0.000">
   </cell>
   <cell col-end="7" col-start="7" row-end="4" row-start="4" text="0.000">
   </cell>
  </row>
  <row row="5">
   <cell col-end="0" col-start="0" row-end="5" row-start="5" text="5">
   </cell>
   <cell col-end="1" col-start="1" row-end="5" row-start="5" text="6.49">
   </cell>
   <cell col-end="2" col-start="2" row-end="5" row-start="5" text="13.493">
   </cell>
   <cell col-end="3" col-start="3" row-end="5" row-start="5" text="12.354">
   </cell>
   <cell col-end="4" col-start="4" row-end="5" row-start="5" text="13.949">
   </cell>
   <cell col-end="5" col-start="5" row-end="5" row-start="5" text="19.088">
   </cell>
   <cell col-end="6" col-start="6" row-end="5" row-start="5" text="14.338">
   </cell>
   <cell col-end="7" col-start="7" row-end="5" row-start="5" text="17.036">
   </cell>
  </row>
  <row row="6">
   <cell col-end="0" col-start="0" row-end="6" row-start="6" text="6">
   </cell>
   <cell col-end="1" col-start="1" row-end="6" row-start="6" text="6.74">
   </cell>
   <cell col-end="2" col-start="2" row-end="6" row-start="6" text="0.000">
   </cell>
   <cell col-end="3" col-start="3" row-end="6" row-start="6" text="0.000">
   </cell>
   <cell col-end="4" col-start="4" row-end="6" row-start="6" text="0.000">
   </cell>
   <cell col-end="5" col-start="5" row-end="6" row-start="6" text="0.000">
   </cell>
   <cell col-end="6" col-start="6" row-end="6" row-start="6" text="0.067">
   </cell>
   <cell col-end="7" col-start="7" row-end="6" row-start="6" text="0.000">
   </cell>
  </row>
  <row row="7">
   <cell col-end="0" col-start="0" row-end="7" row-start="7" text="7">
   </cell>
   <cell col-end="1" col-start="1" row-end="7" row-start="7" text="7.34">
   </cell>
   <cell col-end="2" col-start="2" row-end="7" row-start="7" text="0.039">
   </cell>
   <cell col-end="3" col-start="3" row-end="7" row-start="7" text="0.000">
   </cell>
   <cell col-end="4" col-start="4" row-end="7" row-start="7" text="0.000">
   </cell>
   <cell col-end="5" col-start="5" row-end="7" row-start="7" text="0.051">
   </cell>
   <cell col-end="6" col-start="6" row-end="7" row-start="7" text="0.000">
   </cell>
   <cell col-end="7" col-start="7" row-end="7" row-start="7" text="0.000">
   </cell>
  </row>
  <row row="8">
   <cell col-end="0" col-start="0" row-end="8" row-start="8" text="8">
   </cell>
   <cell col-end="1" col-start="1" row-end="8" row-start="8" text="10.86">
   </cell>
   <cell col-end="2" col-start="2" row-end="8" row-start="8" text="39.595">
   </cell>
   <cell col-end="3" col-start="3" row-end="8" row-start="8" text="53.575">
   </cell>
   <cell col-end="4" col-start="4" row-end="8" row-start="8" text="52.796">
   </cell>
   <cell col-end="5" col-start="5" row-end="8" row-start="8" text="42.907">
   </cell>
   <cell col-end="6" col-start="6" row-end="8" row-start="8" text="37.566">
   </cell>
   <cell col-end="7" col-start="7" row-end="8" row-start="8" text="32.491">
   </cell>
  </row>
  <row row="9">
   <cell col-end="0" col-start="0" row-end="9" row-start="9" text="9">
   </cell>
   <cell col-end="1" col-start="1" row-end="9" row-start="9" text="11.23">
   </cell>
   <cell col-end="2" col-start="2" row-end="9" row-start="9" text="17.821">
   </cell>
   <cell col-end="3" col-start="3" row-end="9" row-start="9" text="15.300">
   </cell>
   <cell col-end="4" col-start="4" row-end="9" row-start="9" text="14.729">
   </cell>
   <cell col-end="5" col-start="5" row-end="9" row-start="9" text="18.201">
   </cell>
   <cell col-end="6" col-start="6" row-end="9" row-start="9" text="15.783">
   </cell>
   <cell col-end="7" col-start="7" row-end="9" row-start="9" text="15.839">
   </cell>
  </row>
  <row row="10">
   <cell col-end="0" col-start="0" row-end="10" row-start="10" text="10">
   </cell>
   <cell col-end="1" col-start="1" row-end="10" row-start="10" text="12.74">
   </cell>
   <cell col-end="2" col-start="2" row-end="10" row-start="10" text="1.980">
   </cell>
   <cell col-end="3" col-start="3" row-end="10" row-start="10" text="1.863">
   </cell>
   <cell col-end="4" col-start="4" row-end="10" row-start="10" text="0.896">
   </cell>
   <cell col-end="5" col-start="5" row-end="10" row-start="10" text="0.981">
   </cell>
   <cell col-end="6" col-start="6" row-end="10" row-start="10" text="1.144">
   </cell>
   <cell col-end="7" col-start="7" row-end="10" row-start="10" text="2.747">
   </cell>
  </row>
  <row row="11">
   <cell col-end="0" col-start="0" row-end="11" row-start="11" text="11">
   </cell>
   <cell col-end="1" col-start="1" row-end="11" row-start="11" text="13.20">
   </cell>
   <cell col-end="2" col-start="2" row-end="11" row-start="11" text="0.032">
   </cell>
   <cell col-end="3" col-start="3" row-end="11" row-start="11" text="0.000">
   </cell>
   <cell col-end="4" col-start="4" row-end="11" row-start="11" text="0.000">
   </cell>
   <cell col-end="5" col-start="5" row-end="11" row-start="11" text="0.000">
   </cell>
   <cell col-end="6" col-start="6" row-end="11" row-start="11" text="0.043">
   </cell>
   <cell col-end="7" col-start="7" row-end="11" row-start="11" text="0.000">
   </cell>
  </row>
  <row row="12">
   <cell col-end="0" col-start="0" row-end="12" row-start="12" text="12">
   </cell>
   <cell col-end="1" col-start="1" row-end="12" row-start="12" text="13.84">
   </cell>
   <cell col-end="2" col-start="2" row-end="12" row-start="12" text="0.000">
   </cell>
   <cell col-end="3" col-start="3" row-end="12" row-start="12" text="0.000">
   </cell>
   <cell col-end="4" col-start="4" row-end="12" row-start="12" text="0.000">
   </cell>
   <cell col-end="5" col-start="5" row-end="12" row-start="12" text="0.033">
   </cell>
   <cell col-end="6" col-start="6" row-end="12" row-start="12" text="0.000">
   </cell>
   <cell col-end="7" col-start="7" row-end="12" row-start="12" text="0.000">
   </cell>
  </row>
  <row row="13">
   <cell col-end="0" col-start="0" row-end="13" row-start="13" text="13">
   </cell>
   <cell col-end="1" col-start="1" row-end="13" row-start="13" text="15.56">
   </cell>
   <cell col-end="2" col-start="2" row-end="13" row-start="13" text="0.000">
   </cell>
   <cell col-end="3" col-start="3" row-end="13" row-start="13" text="0.000">
   </cell>
   <cell col-end="4" col-start="4" row-end="13" row-start="13" text="0.000">
   </cell>
   <cell col-end="5" col-start="5" row-end="13" row-start="13" text="0.000">
   </cell>
   <cell col-end="6" col-start="6" row-end="13" row-start="13" text="0.064">
   </cell>
   <cell col-end="7" col-start="7" row-end="13" row-start="13" text="0.000">
   </cell>
  </row>
  <row row="14">
   <cell col-end="0" col-start="0" row-end="14" row-start="14" text="14">
   </cell>
   <cell col-end="1" col-start="1" row-end="14" row-start="14" text="16.48">
   </cell>
   <cell col-end="2" col-start="2" row-end="14" row-start="14" text="0.815">
   </cell>
   <cell col-end="3" col-start="3" row-end="14" row-start="14" text="0.759">
   </cell>
   <cell col-end="4" col-start="4" row-end="14" row-start="14" text="0.850">
   </cell>
   <cell col-end="5" col-start="5" row-end="14" row-start="14" text="0.550">
   </cell>
   <cell col-end="6" col-start="6" row-end="14" row-start="14" text="0.000">
   </cell>
   <cell col-end="7" col-start="7" row-end="14" row-start="14" text="0.000">
   </cell>
  </row>
  <row row="15">
   <cell col-end="0" col-start="0" row-end="15" row-start="15" text="15">
   </cell>
   <cell col-end="1" col-start="1" row-end="15" row-start="15" text="17.68">
   </cell>
   <cell col-end="2" col-start="2" row-end="15" row-start="15" text="0.391">
   </cell>
   <cell col-end="3" col-start="3" row-end="15" row-start="15" text="0.748">
   </cell>
   <cell col-end="4" col-start="4" row-end="15" row-start="15" text="0.793">
   </cell>
   <cell col-end="5" col-start="5" row-end="15" row-start="15" text="0.682">
   </cell>
   <cell col-end="6" col-start="6" row-end="15" row-start="15" text="1.692">
   </cell>
   <cell col-end="7" col-start="7" row-end="15" row-start="15" text="4.088">
   </cell>
  </row>
  <row row="16">
   <cell col-end="0" col-start="0" row-end="16" row-start="16" text="16">
   </cell>
   <cell col-end="1" col-start="1" row-end="16" row-start="16" text="18.50">
   </cell>
   <cell col-end="2" col-start="2" row-end="16" row-start="16" text="0.758">
   </cell>
   <cell col-end="3" col-start="3" row-end="16" row-start="16" text="0.000">
   </cell>
   <cell col-end="4" col-start="4" row-end="16" row-start="16" text="0.000">
   </cell>
   <cell col-end="5" col-start="5" row-end="16" row-start="16" text="0.000">
   </cell>
   <cell col-end="6" col-start="6" row-end="16" row-start="16" text="0.000">
   </cell>
   <cell col-end="7" col-start="7" row-end="16" row-start="16" text="0.000">
   </cell>
  </row>
  <row row="17">
   <cell col-end="0" col-start="0" row-end="17" row-start="17" text="17">
   </cell>
   <cell col-end="1" col-start="1" row-end="17" row-start="17" text="18.99">
   </cell>
   <cell col-end="2" col-start="2" row-end="17" row-start="17" text="10.334">
   </cell>
   <cell col-end="3" col-start="3" row-end="17" row-start="17" text="9.254">
   </cell>
   <cell col-end="4" col-start="4" row-end="17" row-start="17" text="9.308">
   </cell>
   <cell col-end="5" col-start="5" row-end="17" row-start="17" text="7.773">
   </cell>
   <cell col-end="6" col-start="6" row-end="17" row-start="17" text="1.689">
   </cell>
   <cell col-end="7" col-start="7" row-end="17" row-start="17" text="2.957">
   </cell>
  </row>
  <row row="18">
   <cell col-end="0" col-start="0" row-end="18" row-start="18" text="18">
   </cell>
   <cell col-end="1" col-start="1" row-end="18" row-start="18" text="19.43">
   </cell>
   <cell col-end="2" col-start="2" row-end="18" row-start="18" text="3.771">
   </cell>
   <cell col-end="3" col-start="3" row-end="18" row-start="18" text="4.426">
   </cell>
   <cell col-end="4" col-start="4" row-end="18" row-start="18" text="4.660">
   </cell>
   <cell col-end="5" col-start="5" row-end="18" row-start="18" text="2.774">
   </cell>
   <cell col-end="6" col-start="6" row-end="18" row-start="18" text="0.000">
   </cell>
   <cell col-end="7" col-start="7" row-end="18" row-start="18" text="0.000">
   </cell>
  </row>
  <row row="19">
   <cell col-end="0" col-start="0" row-end="19" row-start="19" text="19">
   </cell>
   <cell col-end="1" col-start="1" row-end="19" row-start="19" text="20.26">
   </cell>
   <cell col-end="2" col-start="2" row-end="19" row-start="19" text="0.347">
   </cell>
   <cell col-end="3" col-start="3" row-end="19" row-start="19" text="0.000">
   </cell>
   <cell col-end="4" col-start="4" row-end="19" row-start="19" text="0.365">
   </cell>
   <cell col-end="5" col-start="5" row-end="19" row-start="19" text="0.000">
   </cell>
   <cell col-end="6" col-start="6" row-end="19" row-start="19" text="13.564">
   </cell>
   <cell col-end="7" col-start="7" row-end="19" row-start="19" text="15.642">
   </cell>
  </row>
  <row row="20">
   <cell col-end="0" col-start="0" row-end="20" row-start="20" text="20">
   </cell>
   <cell col-end="1" col-start="1" row-end="20" row-start="20" text="21.73">
   </cell>
   <cell col-end="2" col-start="2" row-end="20" row-start="20" text="0.554">
   </cell>
   <cell col-end="3" col-start="3" row-end="20" row-start="20" text="0.000">
   </cell>
   <cell col-end="4" col-start="4" row-end="20" row-start="20" text="0.000">
   </cell>
   <cell col-end="5" col-start="5" row-end="20" row-start="20" text="0.069">
   </cell>
   <cell col-end="6" col-start="6" row-end="20" row-start="20" text="5.323">
   </cell>
   <cell col-end="7" col-start="7" row-end="20" row-start="20" text="7.255">
   </cell>
  </row>
  <row row="21">
   <cell col-end="0" col-start="0" row-end="21" row-start="21" text="21">
   </cell>
   <cell col-end="1" col-start="1" row-end="21" row-start="21" text="22.83">
   </cell>
   <cell col-end="2" col-start="2" row-end="21" row-start="21" text="4.545">
   </cell>
   <cell col-end="3" col-start="3" row-end="21" row-start="21" text="1.722">
   </cell>
   <cell col-end="4" col-start="4" row-end="21" row-start="21" text="1.506">
   </cell>
   <cell col-end="5" col-start="5" row-end="21" row-start="21" text="2.174">
   </cell>
   <cell col-end="6" col-start="6" row-end="21" row-start="21" text="0.881">
   </cell>
   <cell col-end="7" col-start="7" row-end="21" row-start="21" text="0.378">
   </cell>
  </row>
  <row row="22">
   <cell col-end="0" col-start="0" row-end="22" row-start="22" text="22">
   </cell>
   <cell col-end="1" col-start="1" row-end="22" row-start="22" text="23.58">
   </cell>
   <cell col-end="2" col-start="2" row-end="22" row-start="22" text="1.374">
   </cell>
   <cell col-end="3" col-start="3" row-end="22" row-start="22" text="0.000">
   </cell>
   <cell col-end="4" col-start="4" row-end="22" row-start="22" text="0.062">
   </cell>
   <cell col-end="5" col-start="5" row-end="22" row-start="22" text="1.398">
   </cell>
   <cell col-end="6" col-start="6" row-end="22" row-start="22" text="3.370">
   </cell>
   <cell col-end="7" col-start="7" row-end="22" row-start="22" text="0.463">
   </cell>
  </row>
  <row row="23">
   <cell col-end="0" col-start="0" row-end="23" row-start="23" text="23">
   </cell>
   <cell col-end="1" col-start="1" row-end="23" row-start="23" text="24.56">
   </cell>
   <cell col-end="2" col-start="2" row-end="23" row-start="23" text="0.033">
   </cell>
   <cell col-end="3" col-start="3" row-end="23" row-start="23" text="0.000">
   </cell>
   <cell col-end="4" col-start="4" row-end="23" row-start="23" text="0.000">
   </cell>
   <cell col-end="5" col-start="5" row-end="23" row-start="23" text="0.131">
   </cell>
   <cell col-end="6" col-start="6" row-end="23" row-start="23" text="0.799">
   </cell>
   <cell col-end="7" col-start="7" row-end="23" row-start="23" text="1.105">
   </cell>
  </row>
  <row row="24">
   <cell col-end="0" col-start="0" row-end="24" row-start="24" text="24">
   </cell>
   <cell col-end="1" col-start="1" row-end="24" row-start="24" text="27.35">
   </cell>
   <cell col-end="2" col-start="2" row-end="24" row-start="24" text="0.000">
   </cell>
   <cell col-end="3" col-start="3" row-end="24" row-start="24" text="0.000">
   </cell>
   <cell col-end="4" col-start="4" row-end="24" row-start="24" text="0.000">
   </cell>
   <cell col-end="5" col-start="5" row-end="24" row-start="24" text="0.687">
   </cell>
   <cell col-end="6" col-start="6" row-end="24" row-start="24" text="0.000">
   </cell>
   <cell col-end="7" col-start="7" row-end="24" row-start="24" text="0.000">
   </cell>
  </row>
  <row row="25">
   <cell col-end="0" col-start="0" row-end="25" row-start="25" text="25">
   </cell>
   <cell col-end="1" col-start="1" row-end="25" row-start="25" text="30.30">
   </cell>
   <cell col-end="2" col-start="2" row-end="25" row-start="25" text="0.336">
   </cell>
   <cell col-end="3" col-start="3" row-end="25" row-start="25" text="0.000">
   </cell>
   <cell col-end="4" col-start="4" row-end="25" row-start="25" text="0.000">
   </cell>
   <cell col-end="5" col-start="5" row-end="25" row-start="25" text="0.753">
   </cell>
   <cell col-end="6" col-start="6" row-end="25" row-start="25" text="0.000">
   </cell>
   <cell col-end="7" col-start="7" row-end="25" row-start="25" text="0.000">
   </cell>
  </row>
  <row row="26">
   <cell col-end="0" col-start="0" row-end="26" row-start="26" text="26">
   </cell>
   <cell col-end="1" col-start="1" row-end="26" row-start="26" text="30.97">
   </cell>
   <cell col-end="2" col-start="2" row-end="26" row-start="26" text="0.000">
   </cell>
   <cell col-end="3" col-start="3" row-end="26" row-start="26" text="0.000">
   </cell>
   <cell col-end="4" col-start="4" row-end="26" row-start="26" text="0.000">
   </cell>
   <cell col-end="5" col-start="5" row-end="26" row-start="26" text="0.000">
   </cell>
   <cell col-end="6" col-start="6" row-end="26" row-start="26" text="0.000">
   </cell>
   <cell col-end="7" col-start="7" row-end="26" row-start="26" text="0.000">
   </cell>
  </row>
  <row row="27">
   <cell col-end="0" col-start="0" row-end="27" row-start="27" text="27">
   </cell>
   <cell col-end="1" col-start="1" row-end="27" row-start="27" text="33.45">
   </cell>
   <cell col-end="2" col-start="2" row-end="27" row-start="27" text="1.694">
   </cell>
   <cell col-end="3" col-start="3" row-end="27" row-start="27" text="0.000">
   </cell>
   <cell col-end="4" col-start="4" row-end="27" row-start="27" text="0.000">
   </cell>
   <cell col-end="5" col-start="5" row-end="27" row-start="27" text="0.996">
   </cell>
   <cell col-end="6" col-start="6" row-end="27" row-start="27" text="0.193">
   </cell>
   <cell col-end="7" col-start="7" row-end="27" row-start="27" text="0.000">
   </cell>
  </row>
  <row row="28">
   <cell col-end="0" col-start="0" row-end="28" row-start="28" text="28">
   </cell>
   <cell col-end="1" col-start="1" row-end="28" row-start="28" text="35.19">
   </cell>
   <cell col-end="2" col-start="2" row-end="28" row-start="28" text="0.000">
   </cell>
   <cell col-end="3" col-start="3" row-end="28" row-start="28" text="0.000">
   </cell>
   <cell col-end="4" col-start="4" row-end="28" row-start="28" text="0.000">
   </cell>
   <cell col-end="5" col-start="5" row-end="28" row-start="28" text="0.000">
   </cell>
   <cell col-end="6" col-start="6" row-end="28" row-start="28" text="0.000">
   </cell>
   <cell col-end="7" col-start="7" row-end="28" row-start="28" text="0.000">
   </cell>
  </row>
  <row row="29">
   <cell col-end="0" col-start="0" row-end="29" row-start="29" text="29">
   </cell>
   <cell col-end="1" col-start="1" row-end="29" row-start="29" text="36.80">
   </cell>
   <cell col-end="2" col-start="2" row-end="29" row-start="29" text="0.493">
   </cell>
   <cell col-end="3" col-start="3" row-end="29" row-start="29" text="0.000">
   </cell>
   <cell col-end="4" col-start="4" row-end="29" row-start="29" text="0.000">
   </cell>
   <cell col-end="5" col-start="5" row-end="29" row-start="29" text="0.038">
   </cell>
   <cell col-end="6" col-start="6" row-end="29" row-start="29" text="3.488">
   </cell>
   <cell col-end="7" col-start="7" row-end="29" row-start="29" text="0.000">
   </cell>
  </row>
  <row row="30">
   <cell col-end="0" col-start="0" row-end="30" row-start="30" text="30">
   </cell>
   <cell col-end="1" col-start="1" row-end="30" row-start="30" text="41.96">
   </cell>
   <cell col-end="2" col-start="2" row-end="30" row-start="30" text="1.564">
   </cell>
   <cell col-end="3" col-start="3" row-end="30" row-start="30" text="0.000">
   </cell>
   <cell col-end="4" col-start="4" row-end="30" row-start="30" text="0.088">
   </cell>
   <cell col-end="5" col-start="5" row-end="30" row-start="30" text="0.084">
   </cell>
   <cell col-end="6" col-start="6" row-end="30" row-start="30" text="0.000">
   </cell>
   <cell col-end="7" col-start="7" row-end="30" row-start="30" text="0.000">
   </cell>
  </row>
  <statements>
   <statement id="0" text="C. capituliflora has very less and negative proportion." type="">
   </statement>
   <statement id="3" text="The Highest Proportion of arabinoxylan in C. capituliflora is 39.595." type="">
   </statement>
   <statement id="4" text="The Lowest Proportion of arabinoxylan in F. cannavieira is 0.000 for most of the content." type="">
   </statement>
  </statements>
 </table>
</document>