<document>
 <table id="Table 1">
  <caption text="

   Professional Instruments Used to Calibrate the Simplified Sensing Module Outputs
  
">
  </caption>
  <row row="0">
   <cell col-end="0" col-start="0" row-end="0" row-start="0" text="Sensor">
   </cell>
   <cell col-end="1" col-start="1" row-end="0" row-start="0" text="Output (unit)">
   </cell>
   <cell col-end="2" col-start="2" row-end="0" row-start="0" text="Professional Instrument">
   </cell>
  </row>
  <row row="1">
   <cell col-end="0" col-start="0" row-end="1" row-start="1" text="Adafruit TSL2591">
   </cell>
   <cell col-end="1" col-start="1" row-end="1" row-start="1" text="Spectral irradiance (w/m
     
      2
     
     )">
   </cell>
   <cell col-end="2" col-start="2" row-end="1" row-start="1" text="ASEQ LR1-T v.2">
   </cell>
  </row>
  <row row="2">
   <cell col-end="0" col-start="0" row-end="2" row-start="2" text="">
   </cell>
   <cell col-end="1" col-start="1" row-end="2" row-start="2" text="Visible light illuminance (lux)">
   </cell>
   <cell col-end="2" col-start="2" row-end="2" row-start="2" text="KMT-10MA">
   </cell>
  </row>
  <statements>
   <statement id="0" text="It is also more accurate than other cadmium sulfide cells and enables exact lux calculations both in infrared and full-spectrum diodes [12] ." type="">
   </statement>
   <statement id="3" text="The professional unit used for Adafruit TSL2591 is ASEQ LR1-T v.2." type="">
   </statement>
   <statement id="5" text="There are 3 outputs and 3 professional units in the given table." type="">
   </statement>
   <statement id="6" text="There are 4 different columns in the given table." type="">
   </statement>
  </statements>
 </table>
</document>