<document>
 <table id="Table 2">
  <caption text="

   Comparisons of preferences (I like this) for different tree location options.
  
">
  </caption>
  <row row="0">
   <cell col-end="0" col-start="0" row-end="0" row-start="0" text="Location of cycle track">
   </cell>
   <cell col-end="1" col-start="1" row-end="0" row-start="0" text="Mean">
   </cell>
   <cell col-end="2" col-start="2" row-end="0" row-start="0" text="Std. dev">
   </cell>
   <cell col-end="3" col-start="3" row-end="0" row-start="0" text="P
     
     -value">
   </cell>
  </row>
  <row row="1">
   <cell col-end="0" col-start="0" row-end="1" row-start="1" text="Concord Avenue
     
     (
     
      N
     
     = 172)">
   </cell>
   <cell col-end="1" col-start="1" row-end="1" row-start="1" text="">
   </cell>
   <cell col-end="2" col-start="2" row-end="1" row-start="1" text="">
   </cell>
   <cell col-end="3" col-start="3" row-end="1" row-start="1" text="&lt;0.0001
     

       a">
   </cell>
  </row>
  <row row="2">
   <cell col-end="0" col-start="0" row-end="2" row-start="2" text="1. No trees">
   </cell>
   <cell col-end="1" col-start="1" row-end="2" row-start="2" text="2.0">
   </cell>
   <cell col-end="2" col-start="2" row-end="2" row-start="2" text="1.7">
   </cell>
   <cell col-end="3" col-start="3" row-end="2" row-start="2" text="">
   </cell>
  </row>
  <row row="3">
   <cell col-end="0" col-start="0" row-end="3" row-start="3" text="2. Trees between the sidewalk and the cycle track (with trees still between the cycle track and road)">
   </cell>
   <cell col-end="1" col-start="1" row-end="3" row-start="3" text="6.1">
   </cell>
   <cell col-end="2" col-start="2" row-end="3" row-start="3" text="1.4">
   </cell>
   <cell col-end="3" col-start="3" row-end="3" row-start="3" text="">
   </cell>
  </row>
  <row row="4">
   <cell col-end="0" col-start="0" row-end="4" row-start="4" text="3. Trees between the cycle track and the street/parked cars (this was the existing condition)">
   </cell>
   <cell col-end="1" col-start="1" row-end="4" row-start="4" text="5.4">
   </cell>
   <cell col-end="2" col-start="2" row-end="4" row-start="4" text="1.9">
   </cell>
   <cell col-end="3" col-start="3" row-end="4" row-start="4" text="">
   </cell>
  </row>
  <row row="5">
   <cell col-end="0" col-start="0" row-end="5" row-start="5" text="4. Trees and bushes between the cycle track and the street/parked cars">
   </cell>
   <cell col-end="1" col-start="1" row-end="5" row-start="5" text="6.1">
   </cell>
   <cell col-end="2" col-start="2" row-end="5" row-start="5" text="1.5">
   </cell>
   <cell col-end="3" col-start="3" row-end="5" row-start="5" text="">
   </cell>
  </row>
  <row row="6">
   <cell col-end="0" col-start="0" row-end="6" row-start="6" text="Melnea Cass Boulevard
     
     (
     
      N
     
     = 150)">
   </cell>
   <cell col-end="1" col-start="1" row-end="6" row-start="6" text="">
   </cell>
   <cell col-end="2" col-start="2" row-end="6" row-start="6" text="">
   </cell>
   <cell col-end="3" col-start="3" row-end="6" row-start="6" text="&lt;0.0001
     

       b">
   </cell>
  </row>
  <row row="7">
   <cell col-end="0" col-start="0" row-end="7" row-start="7" text="1. No trees">
   </cell>
   <cell col-end="1" col-start="1" row-end="7" row-start="7" text="2.0">
   </cell>
   <cell col-end="2" col-start="2" row-end="7" row-start="7" text="2.0">
   </cell>
   <cell col-end="3" col-start="3" row-end="7" row-start="7" text="">
   </cell>
  </row>
  <row row="8">
   <cell col-end="0" col-start="0" row-end="8" row-start="8" text="2. Trees between the sidewalk and the cycle track">
   </cell>
   <cell col-end="1" col-start="1" row-end="8" row-start="8" text="4.0">
   </cell>
   <cell col-end="2" col-start="2" row-end="8" row-start="8" text="2.6">
   </cell>
   <cell col-end="3" col-start="3" row-end="8" row-start="8" text="">
   </cell>
  </row>
  <row row="9">
   <cell col-end="0" col-start="0" row-end="9" row-start="9" text="3. Trees between the cycle track and the street/parked cars (this was the existing condition)">
   </cell>
   <cell col-end="1" col-start="1" row-end="9" row-start="9" text="6.7">
   </cell>
   <cell col-end="2" col-start="2" row-end="9" row-start="9" text="1.1">
   </cell>
   <cell col-end="3" col-start="3" row-end="9" row-start="9" text="">
   </cell>
  </row>
  <row row="10">
   <cell col-end="0" col-start="0" row-end="10" row-start="10" text="4. Trees and bushes between the cycle track and the street/parked cars">
   </cell>
   <cell col-end="1" col-start="1" row-end="10" row-start="10" text="6.2">
   </cell>
   <cell col-end="2" col-start="2" row-end="10" row-start="10" text="1.9">
   </cell>
   <cell col-end="3" col-start="3" row-end="10" row-start="10" text="">
   </cell>
  </row>
  <row row="11">
   <cell col-end="0" col-start="0" row-end="11" row-start="11" text="Southwest Corridor
     
     (
     
      N
     
     = 184)">
   </cell>
   <cell col-end="1" col-start="1" row-end="11" row-start="11" text="">
   </cell>
   <cell col-end="2" col-start="2" row-end="11" row-start="11" text="">
   </cell>
   <cell col-end="3" col-start="3" row-end="11" row-start="11" text="&lt;0.0001
     

       c">
   </cell>
  </row>
  <row row="12">
   <cell col-end="0" col-start="0" row-end="12" row-start="12" text="1. No trees">
   </cell>
   <cell col-end="1" col-start="1" row-end="12" row-start="12" text="2.0">
   </cell>
   <cell col-end="2" col-start="2" row-end="12" row-start="12" text="1.5">
   </cell>
   <cell col-end="3" col-start="3" row-end="12" row-start="12" text="">
   </cell>
  </row>
  <row row="13">
   <cell col-end="0" col-start="0" row-end="13" row-start="13" text="2. Trees between the sidewalk and the cycle track (with trees still between the cycle track and road)">
   </cell>
   <cell col-end="1" col-start="1" row-end="13" row-start="13" text="6.5">
   </cell>
   <cell col-end="2" col-start="2" row-end="13" row-start="13" text="1.0">
   </cell>
   <cell col-end="3" col-start="3" row-end="13" row-start="13" text="">
   </cell>
  </row>
  <row row="14">
   <cell col-end="0" col-start="0" row-end="14" row-start="14" text="3. Trees between the cycle track and the street/parked cars (this was the existing condition)">
   </cell>
   <cell col-end="1" col-start="1" row-end="14" row-start="14" text="6.2">
   </cell>
   <cell col-end="2" col-start="2" row-end="14" row-start="14" text="1.1">
   </cell>
   <cell col-end="3" col-start="3" row-end="14" row-start="14" text="">
   </cell>
  </row>
  <row row="15">
   <cell col-end="0" col-start="0" row-end="15" row-start="15" text="4. Trees and bushes between the cycle track and the street/parked cars">
   </cell>
   <cell col-end="1" col-start="1" row-end="15" row-start="15" text="6.3">
   </cell>
   <cell col-end="2" col-start="2" row-end="15" row-start="15" text="1.3">
   </cell>
   <cell col-end="3" col-start="3" row-end="15" row-start="15" text="">
   </cell>
  </row>
  <row row="16">
   <cell col-end="0" col-start="0" row-end="16" row-start="16" text="Vassar Street (
     
      N
     
     = 180)">
   </cell>
   <cell col-end="1" col-start="1" row-end="16" row-start="16" text="">
   </cell>
   <cell col-end="2" col-start="2" row-end="16" row-start="16" text="">
   </cell>
   <cell col-end="3" col-start="3" row-end="16" row-start="16" text="&lt;0.0001
     

       d">
   </cell>
  </row>
  <row row="17">
   <cell col-end="0" col-start="0" row-end="17" row-start="17" text="1. No trees">
   </cell>
   <cell col-end="1" col-start="1" row-end="17" row-start="17" text="2.6">
   </cell>
   <cell col-end="2" col-start="2" row-end="17" row-start="17" text="1.9">
   </cell>
   <cell col-end="3" col-start="3" row-end="17" row-start="17" text="">
   </cell>
  </row>
  <row row="18">
   <cell col-end="0" col-start="0" row-end="18" row-start="18" text="2. Trees between the sidewalk and the cycle track">
   </cell>
   <cell col-end="1" col-start="1" row-end="18" row-start="18" text="4.2">
   </cell>
   <cell col-end="2" col-start="2" row-end="18" row-start="18" text="2.2">
   </cell>
   <cell col-end="3" col-start="3" row-end="18" row-start="18" text="">
   </cell>
  </row>
  <row row="19">
   <cell col-end="0" col-start="0" row-end="19" row-start="19" text="3. Trees between the cycle track and the street/parked cars (this was the existing condition)">
   </cell>
   <cell col-end="1" col-start="1" row-end="19" row-start="19" text="5.0">
   </cell>
   <cell col-end="2" col-start="2" row-end="19" row-start="19" text="1.8">
   </cell>
   <cell col-end="3" col-start="3" row-end="19" row-start="19" text="">
   </cell>
  </row>
  <row row="20">
   <cell col-end="0" col-start="0" row-end="20" row-start="20" text="4. Trees and bushes between the cycle track and the street/parked cars">
   </cell>
   <cell col-end="1" col-start="1" row-end="20" row-start="20" text="5.7">
   </cell>
   <cell col-end="2" col-start="2" row-end="20" row-start="20" text="1.8">
   </cell>
   <cell col-end="3" col-start="3" row-end="20" row-start="20" text="">
   </cell>
  </row>
  <row row="21">
   <cell col-end="0" col-start="0" row-end="21" row-start="21" text="Western Avenue
     
     (
     
      N
     
     = 150)">
   </cell>
   <cell col-end="1" col-start="1" row-end="21" row-start="21" text="">
   </cell>
   <cell col-end="2" col-start="2" row-end="21" row-start="21" text="">
   </cell>
   <cell col-end="3" col-start="3" row-end="21" row-start="21" text="&lt;0.0001
     

       e">
   </cell>
  </row>
  <row row="22">
   <cell col-end="0" col-start="0" row-end="22" row-start="22" text="1. No trees (this was the existing condition)">
   </cell>
   <cell col-end="1" col-start="1" row-end="22" row-start="22" text="5.3">
   </cell>
   <cell col-end="2" col-start="2" row-end="22" row-start="22" text="1.9">
   </cell>
   <cell col-end="3" col-start="3" row-end="22" row-start="22" text="">
   </cell>
  </row>
  <row row="23">
   <cell col-end="0" col-start="0" row-end="23" row-start="23" text="2. Trees between the sidewalk and the cycle track">
   </cell>
   <cell col-end="1" col-start="1" row-end="23" row-start="23" text="6.3">
   </cell>
   <cell col-end="2" col-start="2" row-end="23" row-start="23" text="1.2">
   </cell>
   <cell col-end="3" col-start="3" row-end="23" row-start="23" text="">
   </cell>
  </row>
  <row row="24">
   <cell col-end="0" col-start="0" row-end="24" row-start="24" text="3. Trees between the cycle track and the street/parked cars">
   </cell>
   <cell col-end="1" col-start="1" row-end="24" row-start="24" text="6.0">
   </cell>
   <cell col-end="2" col-start="2" row-end="24" row-start="24" text="1.7">
   </cell>
   <cell col-end="3" col-start="3" row-end="24" row-start="24" text="">
   </cell>
  </row>
  <row row="25">
   <cell col-end="0" col-start="0" row-end="25" row-start="25" text="4. Trees and bushes between the cycle track and the street/parked cars">
   </cell>
   <cell col-end="1" col-start="1" row-end="25" row-start="25" text="6.3">
   </cell>
   <cell col-end="2" col-start="2" row-end="25" row-start="25" text="1.3">
   </cell>
   <cell col-end="3" col-start="3" row-end="25" row-start="25" text="">
   </cell>
  </row>
  <row row="26">
   <cell col-end="0" col-start="0" row-end="26" row-start="26" text="5. Trees between parked cars (this was the only street with parallel parked cars)">
   </cell>
   <cell col-end="1" col-start="1" row-end="26" row-start="26" text="4.1">
   </cell>
   <cell col-end="2" col-start="2" row-end="26" row-start="26" text="2.1">
   </cell>
   <cell col-end="3" col-start="3" row-end="26" row-start="26" text="">
   </cell>
  </row>
  <row row="27">
   <cell col-end="0" col-start="0" row-end="27" row-start="27" text="All Cycle Tracks
     
     (
     
      N
     
     = 836)">
   </cell>
   <cell col-end="1" col-start="1" row-end="27" row-start="27" text="">
   </cell>
   <cell col-end="2" col-start="2" row-end="27" row-start="27" text="">
   </cell>
   <cell col-end="3" col-start="3" row-end="27" row-start="27" text="&lt;0.0001
     

       f">
   </cell>
  </row>
  <row row="28">
   <cell col-end="0" col-start="0" row-end="28" row-start="28" text="1.No trees">
   </cell>
   <cell col-end="1" col-start="1" row-end="28" row-start="28" text="2.7">
   </cell>
   <cell col-end="2" col-start="2" row-end="28" row-start="28" text="2.2">
   </cell>
   <cell col-end="3" col-start="3" row-end="28" row-start="28" text="">
   </cell>
  </row>
  <row row="29">
   <cell col-end="0" col-start="0" row-end="29" row-start="29" text="2.Trees between the sidewalk and the cycle track">
   </cell>
   <cell col-end="1" col-start="1" row-end="29" row-start="29" text="5.4">
   </cell>
   <cell col-end="2" col-start="2" row-end="29" row-start="29" text="2.1">
   </cell>
   <cell col-end="3" col-start="3" row-end="29" row-start="29" text="">
   </cell>
  </row>
  <row row="30">
   <cell col-end="0" col-start="0" row-end="30" row-start="30" text="3.Trees between the cycle track and the street/parked cars">
   </cell>
   <cell col-end="1" col-start="1" row-end="30" row-start="30" text="5.8">
   </cell>
   <cell col-end="2" col-start="2" row-end="30" row-start="30" text="1.7">
   </cell>
   <cell col-end="3" col-start="3" row-end="30" row-start="30" text="">
   </cell>
  </row>
  <row row="31">
   <cell col-end="0" col-start="0" row-end="31" row-start="31" text="4. Trees and bushes between the cycle track and the street/parked cars">
   </cell>
   <cell col-end="1" col-start="1" row-end="31" row-start="31" text="6.1">
   </cell>
   <cell col-end="2" col-start="2" row-end="31" row-start="31" text="1.6">
   </cell>
   <cell col-end="3" col-start="3" row-end="31" row-start="31" text="">
   </cell>
  </row>
  <statements>
   <statement id="0" text="Location of cycle track 1. No trees Mean is 2.0." type="">
   </statement>
   <statement id="2" text="Location of cycle track No trees Mean is 6.1." type="">
   </statement>
   <statement id="3" text="Location of cycle track Trees and bushes between the cycle track and the street/parked cars Mean is 6.1." type="">
   </statement>
  </statements>
 </table>
 <table id="Table 4">
  <caption text="

   Tree location and perception of traffic, pollution, and temperature.
  
">
  </caption>
  <row row="0">
   <cell col-end="0" col-start="0" row-end="0" row-start="0" text="Tree locations (excluding no trees as this was not preferred)">
   </cell>
   <cell col-end="1" col-start="1" row-end="0" row-start="0" text="This blocks perception of traffic mean (Std Dev)">
   </cell>
   <cell col-end="2" col-start="2" row-end="0" row-start="0" text="This lessens pollution exposure">
   </cell>
   <cell col-end="3" col-start="3" row-end="0" row-start="0" text="This make me cooler">
   </cell>
  </row>
  <row row="1">
   <cell col-end="0" col-start="0" row-end="1" row-start="1" text="Trees between cycle track and street/parked cars">
   </cell>
   <cell col-end="1" col-start="1" row-end="1" row-start="1" text="3.7 (2.3)">
   </cell>
   <cell col-end="2" col-start="2" row-end="1" row-start="1" text="4.1 (2.2)">
   </cell>
   <cell col-end="3" col-start="3" row-end="1" row-start="1" text="4.8 (2.2)">
   </cell>
  </row>
  <row row="2">
   <cell col-end="0" col-start="0" row-end="2" row-start="2" text="Trees between sidewalk and cycle track">
   </cell>
   <cell col-end="1" col-start="1" row-end="2" row-start="2" text="3.7 (2.3)">
   </cell>
   <cell col-end="2" col-start="2" row-end="2" row-start="2" text="4.4 (2.2)">
   </cell>
   <cell col-end="3" col-start="3" row-end="2" row-start="2" text="5.2 (2.0)">
   </cell>
  </row>
  <row row="3">
   <cell col-end="0" col-start="0" row-end="3" row-start="3" text="Trees and bushes between cycle track and street/parked cars">
   </cell>
   <cell col-end="1" col-start="1" row-end="3" row-start="3" text="4.7 (2.4)">
   </cell>
   <cell col-end="2" col-start="2" row-end="3" row-start="3" text="5.2 (2.0)">
   </cell>
   <cell col-end="3" col-start="3" row-end="3" row-start="3" text="5.4 (1.9)">
   </cell>
  </row>
  <statements>
   <statement id="2" text="The table contain 5 Perception." type="">
   </statement>
   <statement id="5" text="Trees and bushes between cycle track and street/parked cars will have Same Traffic mean." type="">
   </statement>
   <statement id="7" text="Trees between cycle track and street/parked cars ,Sidewalk and Cycle track will have Same traffic Mean." type="">
   </statement>
   <statement id="9" text="Trees between cycle track and street/parked cars will have Low Temperature." type="">
   </statement>
  </statements>
 </table>
</document>