<document>
 <table id="Table 1">
  <caption text="

   Progesterone and allopregnanolone serum concentrations across a 28-day standardized menstrual cycle.
  
">
  </caption>
  <legend text="

   Blood samples of 32 menstrual cycles from a group of 20 women with and without premenstrual syndrome [
   .
   
    J Clin Endocrinol Metab,
   
   81
   
    ,
   
   1076-82]. For the reference cycle, women provided daily blood samples for progesterone and allopregnanolone assays on cycle days 1–4, and from cycle day 10 throughout the remaining cycle, and furhter until the 4
   
    th
   
   day of menstrual bleeding. Between cycle days 4 and 10, occasional blood samples were taken. The average age of the women was 36.6 years (range 25–44 years). All cycles in the reference group were ovulatory, as defined by plasma progesterone values exceeding 15 nmol/l.
  
">
  </legend>
  <row row="0">
   <cell col-end="0" col-start="0" row-end="0" row-start="0" text="">
   </cell>
   <cell col-end="2" col-start="1" row-end="0" row-start="0" text="Progesterone (nmol/l)">
   </cell>
   <cell col-end="4" col-start="3" row-end="0" row-start="0" text="Allopregnanolone (nmol/l)">
   </cell>
  </row>
  <row row="1">
   <cell col-end="0" col-start="0" row-end="1" row-start="1" text="Menstrual cycle day">
   </cell>
   <cell col-end="1" col-start="1" row-end="1" row-start="1" text="mean">
   </cell>
   <cell col-end="2" col-start="2" row-end="1" row-start="1" text="SD">
   </cell>
   <cell col-end="3" col-start="3" row-end="1" row-start="1" text="mean">
   </cell>
   <cell col-end="4" col-start="4" row-end="1" row-start="1" text="SD">
   </cell>
  </row>
  <row row="2">
   <cell col-end="0" col-start="0" row-end="2" row-start="2" text="1">
   </cell>
   <cell col-end="1" col-start="1" row-end="2" row-start="2" text="4.49">
   </cell>
   <cell col-end="2" col-start="2" row-end="2" row-start="2" text="3.36">
   </cell>
   <cell col-end="3" col-start="3" row-end="2" row-start="2" text="0.87">
   </cell>
   <cell col-end="4" col-start="4" row-end="2" row-start="2" text="0.36">
   </cell>
  </row>
  <row row="3">
   <cell col-end="0" col-start="0" row-end="3" row-start="3" text="2">
   </cell>
   <cell col-end="1" col-start="1" row-end="3" row-start="3" text="3.00">
   </cell>
   <cell col-end="2" col-start="2" row-end="3" row-start="3" text="1.70">
   </cell>
   <cell col-end="3" col-start="3" row-end="3" row-start="3" text="0.73">
   </cell>
   <cell col-end="4" col-start="4" row-end="3" row-start="3" text="0.29">
   </cell>
  </row>
  <row row="4">
   <cell col-end="0" col-start="0" row-end="4" row-start="4" text="3">
   </cell>
   <cell col-end="1" col-start="1" row-end="4" row-start="4" text="2.18">
   </cell>
   <cell col-end="2" col-start="2" row-end="4" row-start="4" text="0.78">
   </cell>
   <cell col-end="3" col-start="3" row-end="4" row-start="4" text="0.79">
   </cell>
   <cell col-end="4" col-start="4" row-end="4" row-start="4" text="0.34">
   </cell>
  </row>
  <row row="5">
   <cell col-end="0" col-start="0" row-end="5" row-start="5" text="4">
   </cell>
   <cell col-end="1" col-start="1" row-end="5" row-start="5" text="2.23">
   </cell>
   <cell col-end="2" col-start="2" row-end="5" row-start="5" text="0.86">
   </cell>
   <cell col-end="3" col-start="3" row-end="5" row-start="5" text="0.77">
   </cell>
   <cell col-end="4" col-start="4" row-end="5" row-start="5" text="0.23">
   </cell>
  </row>
  <row row="6">
   <cell col-end="0" col-start="0" row-end="6" row-start="6" text="5">
   </cell>
   <cell col-end="1" col-start="1" row-end="6" row-start="6" text="2.55">
   </cell>
   <cell col-end="2" col-start="2" row-end="6" row-start="6" text="2.11">
   </cell>
   <cell col-end="3" col-start="3" row-end="6" row-start="6" text="0.51">
   </cell>
   <cell col-end="4" col-start="4" row-end="6" row-start="6" text="0.16">
   </cell>
  </row>
  <row row="7">
   <cell col-end="0" col-start="0" row-end="7" row-start="7" text="6">
   </cell>
   <cell col-end="1" col-start="1" row-end="7" row-start="7" text="2.42">
   </cell>
   <cell col-end="2" col-start="2" row-end="7" row-start="7" text="0.99">
   </cell>
   <cell col-end="3" col-start="3" row-end="7" row-start="7" text="0.47">
   </cell>
   <cell col-end="4" col-start="4" row-end="7" row-start="7" text="0.18">
   </cell>
  </row>
  <row row="8">
   <cell col-end="0" col-start="0" row-end="8" row-start="8" text="7">
   </cell>
   <cell col-end="1" col-start="1" row-end="8" row-start="8" text="2.41">
   </cell>
   <cell col-end="2" col-start="2" row-end="8" row-start="8" text="0.94">
   </cell>
   <cell col-end="3" col-start="3" row-end="8" row-start="8" text="0.48">
   </cell>
   <cell col-end="4" col-start="4" row-end="8" row-start="8" text="0.04">
   </cell>
  </row>
  <row row="9">
   <cell col-end="0" col-start="0" row-end="9" row-start="9" text="8">
   </cell>
   <cell col-end="1" col-start="1" row-end="9" row-start="9" text="2.06">
   </cell>
   <cell col-end="2" col-start="2" row-end="9" row-start="9" text="0.88">
   </cell>
   <cell col-end="3" col-start="3" row-end="9" row-start="9" text="0.47">
   </cell>
   <cell col-end="4" col-start="4" row-end="9" row-start="9" text="0.12">
   </cell>
  </row>
  <row row="10">
   <cell col-end="0" col-start="0" row-end="10" row-start="10" text="9">
   </cell>
   <cell col-end="1" col-start="1" row-end="10" row-start="10" text="1.92">
   </cell>
   <cell col-end="2" col-start="2" row-end="10" row-start="10" text="0.82">
   </cell>
   <cell col-end="3" col-start="3" row-end="10" row-start="10" text="0.47">
   </cell>
   <cell col-end="4" col-start="4" row-end="10" row-start="10" text="0.16">
   </cell>
  </row>
  <row row="11">
   <cell col-end="0" col-start="0" row-end="11" row-start="11" text="10">
   </cell>
   <cell col-end="1" col-start="1" row-end="11" row-start="11" text="2.04">
   </cell>
   <cell col-end="2" col-start="2" row-end="11" row-start="11" text="1.09">
   </cell>
   <cell col-end="3" col-start="3" row-end="11" row-start="11" text="0.44">
   </cell>
   <cell col-end="4" col-start="4" row-end="11" row-start="11" text="0.13">
   </cell>
  </row>
  <row row="12">
   <cell col-end="0" col-start="0" row-end="12" row-start="12" text="11">
   </cell>
   <cell col-end="1" col-start="1" row-end="12" row-start="12" text="2.29">
   </cell>
   <cell col-end="2" col-start="2" row-end="12" row-start="12" text="1.19">
   </cell>
   <cell col-end="3" col-start="3" row-end="12" row-start="12" text="0.44">
   </cell>
   <cell col-end="4" col-start="4" row-end="12" row-start="12" text="0.20">
   </cell>
  </row>
  <row row="13">
   <cell col-end="0" col-start="0" row-end="13" row-start="13" text="12">
   </cell>
   <cell col-end="1" col-start="1" row-end="13" row-start="13" text="2.19">
   </cell>
   <cell col-end="2" col-start="2" row-end="13" row-start="13" text="0.97">
   </cell>
   <cell col-end="3" col-start="3" row-end="13" row-start="13" text="0.81">
   </cell>
   <cell col-end="4" col-start="4" row-end="13" row-start="13" text="0.44">
   </cell>
  </row>
  <row row="14">
   <cell col-end="0" col-start="0" row-end="14" row-start="14" text="13">
   </cell>
   <cell col-end="1" col-start="1" row-end="14" row-start="14" text="2.62">
   </cell>
   <cell col-end="2" col-start="2" row-end="14" row-start="14" text="1.21">
   </cell>
   <cell col-end="3" col-start="3" row-end="14" row-start="14" text="0.69">
   </cell>
   <cell col-end="4" col-start="4" row-end="14" row-start="14" text="0.37">
   </cell>
  </row>
  <row row="15">
   <cell col-end="0" col-start="0" row-end="15" row-start="15" text="14">
   </cell>
   <cell col-end="1" col-start="1" row-end="15" row-start="15" text="4.15">
   </cell>
   <cell col-end="2" col-start="2" row-end="15" row-start="15" text="1.56">
   </cell>
   <cell col-end="3" col-start="3" row-end="15" row-start="15" text="0.88">
   </cell>
   <cell col-end="4" col-start="4" row-end="15" row-start="15" text="0.30">
   </cell>
  </row>
  <row row="16">
   <cell col-end="0" col-start="0" row-end="16" row-start="16" text="15">
   </cell>
   <cell col-end="1" col-start="1" row-end="16" row-start="16" text="5.22">
   </cell>
   <cell col-end="2" col-start="2" row-end="16" row-start="16" text="1.91">
   </cell>
   <cell col-end="3" col-start="3" row-end="16" row-start="16" text="1.02">
   </cell>
   <cell col-end="4" col-start="4" row-end="16" row-start="16" text="0.35">
   </cell>
  </row>
  <row row="17">
   <cell col-end="0" col-start="0" row-end="17" row-start="17" text="16">
   </cell>
   <cell col-end="1" col-start="1" row-end="17" row-start="17" text="12.33">
   </cell>
   <cell col-end="2" col-start="2" row-end="17" row-start="17" text="5.33">
   </cell>
   <cell col-end="3" col-start="3" row-end="17" row-start="17" text="1.30">
   </cell>
   <cell col-end="4" col-start="4" row-end="17" row-start="17" text="0.73">
   </cell>
  </row>
  <row row="18">
   <cell col-end="0" col-start="0" row-end="18" row-start="18" text="17">
   </cell>
   <cell col-end="1" col-start="1" row-end="18" row-start="18" text="21.03">
   </cell>
   <cell col-end="2" col-start="2" row-end="18" row-start="18" text="7.04">
   </cell>
   <cell col-end="3" col-start="3" row-end="18" row-start="18" text="1.44">
   </cell>
   <cell col-end="4" col-start="4" row-end="18" row-start="18" text="0.45">
   </cell>
  </row>
  <row row="19">
   <cell col-end="0" col-start="0" row-end="19" row-start="19" text="18">
   </cell>
   <cell col-end="1" col-start="1" row-end="19" row-start="19" text="30.31">
   </cell>
   <cell col-end="2" col-start="2" row-end="19" row-start="19" text="11.75">
   </cell>
   <cell col-end="3" col-start="3" row-end="19" row-start="19" text="1.64">
   </cell>
   <cell col-end="4" col-start="4" row-end="19" row-start="19" text="0.49">
   </cell>
  </row>
  <row row="20">
   <cell col-end="0" col-start="0" row-end="20" row-start="20" text="19">
   </cell>
   <cell col-end="1" col-start="1" row-end="20" row-start="20" text="34.55">
   </cell>
   <cell col-end="2" col-start="2" row-end="20" row-start="20" text="12.27">
   </cell>
   <cell col-end="3" col-start="3" row-end="20" row-start="20" text="1.80">
   </cell>
   <cell col-end="4" col-start="4" row-end="20" row-start="20" text="0.66">
   </cell>
  </row>
  <row row="21">
   <cell col-end="0" col-start="0" row-end="21" row-start="21" text="20">
   </cell>
   <cell col-end="1" col-start="1" row-end="21" row-start="21" text="41.68">
   </cell>
   <cell col-end="2" col-start="2" row-end="21" row-start="21" text="16.43">
   </cell>
   <cell col-end="3" col-start="3" row-end="21" row-start="21" text="1.83">
   </cell>
   <cell col-end="4" col-start="4" row-end="21" row-start="21" text="0.69">
   </cell>
  </row>
  <row row="22">
   <cell col-end="0" col-start="0" row-end="22" row-start="22" text="21">
   </cell>
   <cell col-end="1" col-start="1" row-end="22" row-start="22" text="42.95">
   </cell>
   <cell col-end="2" col-start="2" row-end="22" row-start="22" text="17.64">
   </cell>
   <cell col-end="3" col-start="3" row-end="22" row-start="22" text="1.87">
   </cell>
   <cell col-end="4" col-start="4" row-end="22" row-start="22" text="0.68">
   </cell>
  </row>
  <row row="23">
   <cell col-end="0" col-start="0" row-end="23" row-start="23" text="22">
   </cell>
   <cell col-end="1" col-start="1" row-end="23" row-start="23" text="40.82">
   </cell>
   <cell col-end="2" col-start="2" row-end="23" row-start="23" text="15.74">
   </cell>
   <cell col-end="3" col-start="3" row-end="23" row-start="23" text="1.96">
   </cell>
   <cell col-end="4" col-start="4" row-end="23" row-start="23" text="0.64">
   </cell>
  </row>
  <row row="24">
   <cell col-end="0" col-start="0" row-end="24" row-start="24" text="23">
   </cell>
   <cell col-end="1" col-start="1" row-end="24" row-start="24" text="41.79">
   </cell>
   <cell col-end="2" col-start="2" row-end="24" row-start="24" text="17.47">
   </cell>
   <cell col-end="3" col-start="3" row-end="24" row-start="24" text="1.96">
   </cell>
   <cell col-end="4" col-start="4" row-end="24" row-start="24" text="0.71">
   </cell>
  </row>
  <row row="25">
   <cell col-end="0" col-start="0" row-end="25" row-start="25" text="24">
   </cell>
   <cell col-end="1" col-start="1" row-end="25" row-start="25" text="36.10">
   </cell>
   <cell col-end="2" col-start="2" row-end="25" row-start="25" text="15.88">
   </cell>
   <cell col-end="3" col-start="3" row-end="25" row-start="25" text="1.87">
   </cell>
   <cell col-end="4" col-start="4" row-end="25" row-start="25" text="0.68">
   </cell>
  </row>
  <row row="26">
   <cell col-end="0" col-start="0" row-end="26" row-start="26" text="25">
   </cell>
   <cell col-end="1" col-start="1" row-end="26" row-start="26" text="27.06">
   </cell>
   <cell col-end="2" col-start="2" row-end="26" row-start="26" text="12.48">
   </cell>
   <cell col-end="3" col-start="3" row-end="26" row-start="26" text="1.68">
   </cell>
   <cell col-end="4" col-start="4" row-end="26" row-start="26" text="0.71">
   </cell>
  </row>
  <row row="27">
   <cell col-end="0" col-start="0" row-end="27" row-start="27" text="26">
   </cell>
   <cell col-end="1" col-start="1" row-end="27" row-start="27" text="21.17">
   </cell>
   <cell col-end="2" col-start="2" row-end="27" row-start="27" text="12.47">
   </cell>
   <cell col-end="3" col-start="3" row-end="27" row-start="27" text="1.39">
   </cell>
   <cell col-end="4" col-start="4" row-end="27" row-start="27" text="0.62">
   </cell>
  </row>
  <row row="28">
   <cell col-end="0" col-start="0" row-end="28" row-start="28" text="27">
   </cell>
   <cell col-end="1" col-start="1" row-end="28" row-start="28" text="13.59">
   </cell>
   <cell col-end="2" col-start="2" row-end="28" row-start="28" text="7.48">
   </cell>
   <cell col-end="3" col-start="3" row-end="28" row-start="28" text="1.14">
   </cell>
   <cell col-end="4" col-start="4" row-end="28" row-start="28" text="0.46">
   </cell>
  </row>
  <row row="29">
   <cell col-end="0" col-start="0" row-end="29" row-start="29" text="28">
   </cell>
   <cell col-end="1" col-start="1" row-end="29" row-start="29" text="7.25">
   </cell>
   <cell col-end="2" col-start="2" row-end="29" row-start="29" text="5.35">
   </cell>
   <cell col-end="3" col-start="3" row-end="29" row-start="29" text="1.12">
   </cell>
   <cell col-end="4" col-start="4" row-end="29" row-start="29" text="0.49">
   </cell>
  </row>
  <statements>
   <statement id="4" text="The mean and SD are calculate for 25 days." type="">
   </statement>
   <statement id="5" text="The mean for Progesterone (nmol/l) is 42.95 for 21 day is highest." type="">
   </statement>
   <statement id="6" text="There are 28 Menstrual cycle day ." type="">
   </statement>
  </statements>
 </table>
</document>