<document>
 <table id="Table 1">
  <caption text="

   The categories and their conditions.
  
">
  </caption>
  <row row="0">
   <cell col-end="0" col-start="0" row-end="0" row-start="0" text="Category">
   </cell>
   <cell col-end="1" col-start="1" row-end="0" row-start="0" text="More likely to be salient">
   </cell>
   <cell col-end="2" col-start="2" row-end="0" row-start="0" text="Less likely to be salient">
   </cell>
  </row>
  <row row="1">
   <cell col-end="0" col-start="0" row-end="1" row-start="1" text="Loudness">
   </cell>
   <cell col-end="1" col-start="1" row-end="1" row-start="1" text="Word intensity of 80 dB">
   </cell>
   <cell col-end="2" col-start="2" row-end="1" row-start="1" text="Word intensity of 60 dB">
   </cell>
  </row>
  <row row="2">
   <cell col-end="0" col-start="0" row-end="2" row-start="2" text="Acoustic Prominence">
   </cell>
   <cell col-end="1" col-start="1" row-end="2" row-start="2" text="/t/pronounced as [p]">
   </cell>
   <cell col-end="2" col-start="2" row-end="2" row-start="2" text="/t/pronounced as [t]">
   </cell>
  </row>
  <row row="3">
   <cell col-end="0" col-start="0" row-end="3" row-start="3" text="Grammatical Gender">
   </cell>
   <cell col-end="1" col-start="1" row-end="3" row-start="3" text="Violation of grammatical gender">
   </cell>
   <cell col-end="2" col-start="2" row-end="3" row-start="3" text="Correct grammatical gender">
   </cell>
  </row>
  <row row="4">
   <cell col-end="0" col-start="0" row-end="4" row-start="4" text="Frequency">
   </cell>
   <cell col-end="1" col-start="1" row-end="4" row-start="4" text="High frequency word">
   </cell>
   <cell col-end="2" col-start="2" row-end="4" row-start="4" text="Low frequency word">
   </cell>
  </row>
  <row row="5">
   <cell col-end="0" col-start="0" row-end="5" row-start="5" text="Conscious Sound Change">
   </cell>
   <cell col-end="1" col-start="1" row-end="5" row-start="5" text="/r/pronounced as [ɹ]">
   </cell>
   <cell col-end="2" col-start="2" row-end="5" row-start="5" text="/r/pronounced as [r]">
   </cell>
  </row>
  <row row="6">
   <cell col-end="0" col-start="0" row-end="6" row-start="6" text="Subconscious Sound Change">
   </cell>
   <cell col-end="1" col-start="1" row-end="6" row-start="6" text="/v/pronounced as [v] (=voiced)">
   </cell>
   <cell col-end="2" col-start="2" row-end="6" row-start="6" text="/v/pronounced as [f] (=voiceless)">
   </cell>
  </row>
  <statements>
   <statement id="0" text="More likely to be salient for Acoustic Prominence is /t/pronounced as [p]." type="">
   </statement>
   <statement id="2" text="More likely to be salient for Grammatical Gender is High frequency word." type="">
   </statement>
   <statement id="3" text="More likely to be salient for Grammatical Gender is Violation of grammatical gender." type="">
   </statement>
   <statement id="4" text="More likely to be salient for Grammatical Gender is/r/pronounced as [] ." type="">
   </statement>
   <statement id="6" text="Stimuli consisted of spoken samples created on the basis of the notions presented in section 2 and divided over six categories that we called Loudness , Acoustic Prominence , Grammatical Gender, Frequency, Conscious Sound Change, and Subconscious Sound Change ( Table 1 )." type="">
   </statement>
   <statement id="7" text="There are six categories and their conditions." type="">
   </statement>
   <statement id="8" text="There are ten categories and their conditions." type="">
   </statement>
  </statements>
 </table>
 <table id="Table 2">
  <caption text="

   Summary of the results of the GAMM model for the effect of Condition and Time for Loudness.
  
">
  </caption>
  <legend text="

   Asterisks indicates significance of: *
   
    p
   
   &lt; 0.05, **
   
    p
   
   &lt; 0.01, ***
   
    p
   
   &lt; 0.001.
  

   The explained deviance of this model is 96%.
  
">
  </legend>
  <row row="0">
   <cell col-end="0" col-start="0" row-end="0" row-start="0" text="">
   </cell>
   <cell col-end="1" col-start="1" row-end="0" row-start="0" text="Parametric coefficients:">
   </cell>
   <cell col-end="2" col-start="2" row-end="0" row-start="0" text="Estimate">
   </cell>
   <cell col-end="3" col-start="3" row-end="0" row-start="0" text="Std.error">
   </cell>
   <cell col-end="4" col-start="4" row-end="0" row-start="0" text="t
     
     -value">
   </cell>
   <cell col-end="5" col-start="5" row-end="0" row-start="0" text="Pr(&gt;|t|)">
   </cell>
   <cell col-end="6" col-start="6" row-end="0" row-start="0" text="">
   </cell>
  </row>
  <row row="1">
   <cell col-end="0" col-start="0" row-end="1" row-start="1" text="1">
   </cell>
   <cell col-end="1" col-start="1" row-end="1" row-start="1" text="(Intercept)">
   </cell>
   <cell col-end="2" col-start="2" row-end="1" row-start="1" text="−0.07005">
   </cell>
   <cell col-end="3" col-start="3" row-end="1" row-start="1" text="0.01364">
   </cell>
   <cell col-end="4" col-start="4" row-end="1" row-start="1" text="−5.134">
   </cell>
   <cell col-end="5" col-start="5" row-end="1" row-start="1" text="2.84e-07">
   </cell>
   <cell col-end="6" col-start="6" row-end="1" row-start="1" text="***">
   </cell>
  </row>
  <row row="2">
   <cell col-end="0" col-start="0" row-end="2" row-start="2" text="2">
   </cell>
   <cell col-end="1" col-start="1" row-end="2" row-start="2" text="ConditionSalient">
   </cell>
   <cell col-end="2" col-start="2" row-end="2" row-start="2" text="0.09348">
   </cell>
   <cell col-end="3" col-start="3" row-end="2" row-start="2" text="0.01944">
   </cell>
   <cell col-end="4" col-start="4" row-end="2" row-start="2" text="4.808">
   </cell>
   <cell col-end="5" col-start="5" row-end="2" row-start="2" text="1.53e-06">
   </cell>
   <cell col-end="6" col-start="6" row-end="2" row-start="2" text="***">
   </cell>
  </row>
  <row row="3">
   <cell col-end="0" col-start="0" row-end="3" row-start="3" text="">
   </cell>
   <cell col-end="1" col-start="1" row-end="3" row-start="3" text="Smooth terms:">
   </cell>
   <cell col-end="2" col-start="2" row-end="3" row-start="3" text="Edf">
   </cell>
   <cell col-end="3" col-start="3" row-end="3" row-start="3" text="Ref.df">
   </cell>
   <cell col-end="4" col-start="4" row-end="3" row-start="3" text="F">
   </cell>
   <cell col-end="5" col-start="5" row-end="3" row-start="3" text="p
      
      -value">
   </cell>
   <cell col-end="6" col-start="6" row-end="3" row-start="3" text="">
   </cell>
  </row>
  <row row="4">
   <cell col-end="0" col-start="0" row-end="4" row-start="4" text="3">
   </cell>
   <cell col-end="1" col-start="1" row-end="4" row-start="4" text="s(Time):ConditionNonSalient">
   </cell>
   <cell col-end="2" col-start="2" row-end="4" row-start="4" text="8.312">
   </cell>
   <cell col-end="3" col-start="3" row-end="4" row-start="4" text="8.422">
   </cell>
   <cell col-end="4" col-start="4" row-end="4" row-start="4" text="6.892">
   </cell>
   <cell col-end="5" col-start="5" row-end="4" row-start="4" text="1.13e-09">
   </cell>
   <cell col-end="6" col-start="6" row-end="4" row-start="4" text="***">
   </cell>
  </row>
  <row row="5">
   <cell col-end="0" col-start="0" row-end="5" row-start="5" text="4">
   </cell>
   <cell col-end="1" col-start="1" row-end="5" row-start="5" text="s(Time):ConditionSalient">
   </cell>
   <cell col-end="2" col-start="2" row-end="5" row-start="5" text="8.811">
   </cell>
   <cell col-end="3" col-start="3" row-end="5" row-start="5" text="8.844">
   </cell>
   <cell col-end="4" col-start="4" row-end="5" row-start="5" text="48.603">
   </cell>
   <cell col-end="5" col-start="5" row-end="5" row-start="5" text="&lt; 2e-16">
   </cell>
   <cell col-end="6" col-start="6" row-end="5" row-start="5" text="***">
   </cell>
  </row>
  <row row="6">
   <cell col-end="0" col-start="0" row-end="6" row-start="6" text="5">
   </cell>
   <cell col-end="1" col-start="1" row-end="6" row-start="6" text="s(Time, Event)">
   </cell>
   <cell col-end="2" col-start="2" row-end="6" row-start="6" text="2085.048">
   </cell>
   <cell col-end="3" col-start="3" row-end="6" row-start="6" text="2159.000">
   </cell>
   <cell col-end="4" col-start="4" row-end="6" row-start="6" text="207.217">
   </cell>
   <cell col-end="5" col-start="5" row-end="6" row-start="6" text="&lt; 2e-16">
   </cell>
   <cell col-end="6" col-start="6" row-end="6" row-start="6" text="***">
   </cell>
  </row>
  <row row="7">
   <cell col-end="0" col-start="0" row-end="7" row-start="7" text="6">
   </cell>
   <cell col-end="1" col-start="1" row-end="7" row-start="7" text="s(XGazePositionRightEye, YGazePositionRightEye)">
   </cell>
   <cell col-end="2" col-start="2" row-end="7" row-start="7" text="28.841">
   </cell>
   <cell col-end="3" col-start="3" row-end="7" row-start="7" text="28.995">
   </cell>
   <cell col-end="4" col-start="4" row-end="7" row-start="7" text="1634.706">
   </cell>
   <cell col-end="5" col-start="5" row-end="7" row-start="7" text="&lt; 2e-16">
   </cell>
   <cell col-end="6" col-start="6" row-end="7" row-start="7" text="***">
   </cell>
  </row>
  <statements>
   <statement id="0" text="Parametric coefficients: (Intercept) Estimate is 0.07005." type="">
   </statement>
   <statement id="1" text="Parametric coefficients: (Intercept) Estimate is 1634.706 ." type="">
   </statement>
   <statement id="5" text="The results of the model fit for the Loudness category can be found in Table 2 ." type="">
   </statement>
  </statements>
 </table>
 <table id="Table 3">
  <caption text="

   Summary of the results of the GAMM model for the effect of Condition and Time for Acoustic Prominence.
  
">
  </caption>
  <legend text="

   Asterisks indicates significance of: *
   
    p
   
   &lt; 0.05, **
   
    p
   
   &lt; 0.01, ***
   
    p
   
   &lt; 0.001.
  

   The explained deviance of this model is 96%.
  
">
  </legend>
  <row row="0">
   <cell col-end="0" col-start="0" row-end="0" row-start="0" text="">
   </cell>
   <cell col-end="1" col-start="1" row-end="0" row-start="0" text="Parametric coefficients:">
   </cell>
   <cell col-end="2" col-start="2" row-end="0" row-start="0" text="Estimate">
   </cell>
   <cell col-end="3" col-start="3" row-end="0" row-start="0" text="Std.error">
   </cell>
   <cell col-end="4" col-start="4" row-end="0" row-start="0" text="t
     
     -value">
   </cell>
   <cell col-end="5" col-start="5" row-end="0" row-start="0" text="Pr(&gt;|t|)">
   </cell>
   <cell col-end="6" col-start="6" row-end="0" row-start="0" text="">
   </cell>
  </row>
  <row row="1">
   <cell col-end="0" col-start="0" row-end="1" row-start="1" text="1">
   </cell>
   <cell col-end="1" col-start="1" row-end="1" row-start="1" text="(Intercept)">
   </cell>
   <cell col-end="2" col-start="2" row-end="1" row-start="1" text="−0.08743">
   </cell>
   <cell col-end="3" col-start="3" row-end="1" row-start="1" text="0.01619">
   </cell>
   <cell col-end="4" col-start="4" row-end="1" row-start="1" text="−5.400">
   </cell>
   <cell col-end="5" col-start="5" row-end="1" row-start="1" text="6.68e-08">
   </cell>
   <cell col-end="6" col-start="6" row-end="1" row-start="1" text="***">
   </cell>
  </row>
  <row row="2">
   <cell col-end="0" col-start="0" row-end="2" row-start="2" text="2">
   </cell>
   <cell col-end="1" col-start="1" row-end="2" row-start="2" text="ConditionSalient">
   </cell>
   <cell col-end="2" col-start="2" row-end="2" row-start="2" text="0.05368">
   </cell>
   <cell col-end="3" col-start="3" row-end="2" row-start="2" text="0.02206">
   </cell>
   <cell col-end="4" col-start="4" row-end="2" row-start="2" text="2.433">
   </cell>
   <cell col-end="5" col-start="5" row-end="2" row-start="2" text="0.015">
   </cell>
   <cell col-end="6" col-start="6" row-end="2" row-start="2" text="*">
   </cell>
  </row>
  <row row="3">
   <cell col-end="0" col-start="0" row-end="3" row-start="3" text="">
   </cell>
   <cell col-end="1" col-start="1" row-end="3" row-start="3" text="Smooth terms:">
   </cell>
   <cell col-end="2" col-start="2" row-end="3" row-start="3" text="Edf">
   </cell>
   <cell col-end="3" col-start="3" row-end="3" row-start="3" text="Ref.df">
   </cell>
   <cell col-end="4" col-start="4" row-end="3" row-start="3" text="F">
   </cell>
   <cell col-end="5" col-start="5" row-end="3" row-start="3" text="p
      
      -value">
   </cell>
   <cell col-end="6" col-start="6" row-end="3" row-start="3" text="">
   </cell>
  </row>
  <row row="4">
   <cell col-end="0" col-start="0" row-end="4" row-start="4" text="3">
   </cell>
   <cell col-end="1" col-start="1" row-end="4" row-start="4" text="s(Time):ConditionNonSalient">
   </cell>
   <cell col-end="2" col-start="2" row-end="4" row-start="4" text="8.098">
   </cell>
   <cell col-end="3" col-start="3" row-end="4" row-start="4" text="8.240">
   </cell>
   <cell col-end="4" col-start="4" row-end="4" row-start="4" text="9.785">
   </cell>
   <cell col-end="5" col-start="5" row-end="4" row-start="4" text="4.15e-11">
   </cell>
   <cell col-end="6" col-start="6" row-end="4" row-start="4" text="***">
   </cell>
  </row>
  <row row="5">
   <cell col-end="0" col-start="0" row-end="5" row-start="5" text="4">
   </cell>
   <cell col-end="1" col-start="1" row-end="5" row-start="5" text="s(Time):ConditionSalient">
   </cell>
   <cell col-end="2" col-start="2" row-end="5" row-start="5" text="8.496">
   </cell>
   <cell col-end="3" col-start="3" row-end="5" row-start="5" text="8.578">
   </cell>
   <cell col-end="4" col-start="4" row-end="5" row-start="5" text="22.816">
   </cell>
   <cell col-end="5" col-start="5" row-end="5" row-start="5" text="&lt; 2e-16">
   </cell>
   <cell col-end="6" col-start="6" row-end="5" row-start="5" text="***">
   </cell>
  </row>
  <row row="6">
   <cell col-end="0" col-start="0" row-end="6" row-start="6" text="5">
   </cell>
   <cell col-end="1" col-start="1" row-end="6" row-start="6" text="s(Time, Event)">
   </cell>
   <cell col-end="2" col-start="2" row-end="6" row-start="6" text="2086.606">
   </cell>
   <cell col-end="3" col-start="3" row-end="6" row-start="6" text="2167.000">
   </cell>
   <cell col-end="4" col-start="4" row-end="6" row-start="6" text="229.136">
   </cell>
   <cell col-end="5" col-start="5" row-end="6" row-start="6" text="&lt; 2e-16">
   </cell>
   <cell col-end="6" col-start="6" row-end="6" row-start="6" text="***">
   </cell>
  </row>
  <row row="7">
   <cell col-end="0" col-start="0" row-end="7" row-start="7" text="6">
   </cell>
   <cell col-end="1" col-start="1" row-end="7" row-start="7" text="s(XGazePositionRightEye, YGazePositionRightEye)">
   </cell>
   <cell col-end="2" col-start="2" row-end="7" row-start="7" text="28.105">
   </cell>
   <cell col-end="3" col-start="3" row-end="7" row-start="7" text="28.807">
   </cell>
   <cell col-end="4" col-start="4" row-end="7" row-start="7" text="1989.894">
   </cell>
   <cell col-end="5" col-start="5" row-end="7" row-start="7" text="&lt; 2e-16">
   </cell>
   <cell col-end="6" col-start="6" row-end="7" row-start="7" text="***">
   </cell>
  </row>
  <statements>
   <statement id="0" text="In rows 1 and 2, we see the estimates for the parametric coefficients." type="">
   </statement>
   <statement id="2" text="Intercept is having lowest estimate and t-value." type="">
   </statement>
   <statement id="7" text="There are six parametric coefficients given with estimated value." type="">
   </statement>
  </statements>
 </table>
 <table id="Table 4">
  <caption text="

   Summary of the results of the GAMM model for the effect of Condition and Time for Grammatical Gender.
  
">
  </caption>
  <legend text="

   Asterisks indicates significance of: *
   
    p
   
   &lt; 0.05, **
   
    p
   
   &lt; 0.01, ***
   
    p
   
   &lt; 0.001.
  

   The explained deviance of this model is 96%.
  
">
  </legend>
  <row row="0">
   <cell col-end="0" col-start="0" row-end="0" row-start="0" text="">
   </cell>
   <cell col-end="1" col-start="1" row-end="0" row-start="0" text="Parametric coefficients:">
   </cell>
   <cell col-end="2" col-start="2" row-end="0" row-start="0" text="Estimate">
   </cell>
   <cell col-end="3" col-start="3" row-end="0" row-start="0" text="Std.error">
   </cell>
   <cell col-end="4" col-start="4" row-end="0" row-start="0" text="t
     
     -value">
   </cell>
   <cell col-end="5" col-start="5" row-end="0" row-start="0" text="Pr(&gt;|t|)">
   </cell>
   <cell col-end="6" col-start="6" row-end="0" row-start="0" text="">
   </cell>
  </row>
  <row row="1">
   <cell col-end="0" col-start="0" row-end="1" row-start="1" text="1">
   </cell>
   <cell col-end="1" col-start="1" row-end="1" row-start="1" text="(Intercept)">
   </cell>
   <cell col-end="2" col-start="2" row-end="1" row-start="1" text="−0.08520">
   </cell>
   <cell col-end="3" col-start="3" row-end="1" row-start="1" text="0.01260">
   </cell>
   <cell col-end="4" col-start="4" row-end="1" row-start="1" text="−6.761">
   </cell>
   <cell col-end="5" col-start="5" row-end="1" row-start="1" text="1.37e-11">
   </cell>
   <cell col-end="6" col-start="6" row-end="1" row-start="1" text="***">
   </cell>
  </row>
  <row row="2">
   <cell col-end="0" col-start="0" row-end="2" row-start="2" text="2">
   </cell>
   <cell col-end="1" col-start="1" row-end="2" row-start="2" text="ConditionSalient">
   </cell>
   <cell col-end="2" col-start="2" row-end="2" row-start="2" text="0.03462">
   </cell>
   <cell col-end="3" col-start="3" row-end="2" row-start="2" text="0.01752">
   </cell>
   <cell col-end="4" col-start="4" row-end="2" row-start="2" text="1.977">
   </cell>
   <cell col-end="5" col-start="5" row-end="2" row-start="2" text="0.0481">
   </cell>
   <cell col-end="6" col-start="6" row-end="2" row-start="2" text="*">
   </cell>
  </row>
  <row row="3">
   <cell col-end="0" col-start="0" row-end="3" row-start="3" text="">
   </cell>
   <cell col-end="1" col-start="1" row-end="3" row-start="3" text="Smooth terms:">
   </cell>
   <cell col-end="2" col-start="2" row-end="3" row-start="3" text="Edf">
   </cell>
   <cell col-end="3" col-start="3" row-end="3" row-start="3" text="Ref.df">
   </cell>
   <cell col-end="4" col-start="4" row-end="3" row-start="3" text="F">
   </cell>
   <cell col-end="5" col-start="5" row-end="3" row-start="3" text="p
      
      -value">
   </cell>
   <cell col-end="6" col-start="6" row-end="3" row-start="3" text="">
   </cell>
  </row>
  <row row="4">
   <cell col-end="0" col-start="0" row-end="4" row-start="4" text="3">
   </cell>
   <cell col-end="1" col-start="1" row-end="4" row-start="4" text="s(Time):ConditionNonSalient">
   </cell>
   <cell col-end="2" col-start="2" row-end="4" row-start="4" text="8.294">
   </cell>
   <cell col-end="3" col-start="3" row-end="4" row-start="4" text="8.404">
   </cell>
   <cell col-end="4" col-start="4" row-end="4" row-start="4" text="9.285">
   </cell>
   <cell col-end="5" col-start="5" row-end="4" row-start="4" text="4.46e-12">
   </cell>
   <cell col-end="6" col-start="6" row-end="4" row-start="4" text="***">
   </cell>
  </row>
  <row row="5">
   <cell col-end="0" col-start="0" row-end="5" row-start="5" text="4">
   </cell>
   <cell col-end="1" col-start="1" row-end="5" row-start="5" text="s(Time):ConditionSalient">
   </cell>
   <cell col-end="2" col-start="2" row-end="5" row-start="5" text="8.356">
   </cell>
   <cell col-end="3" col-start="3" row-end="5" row-start="5" text="8.458">
   </cell>
   <cell col-end="4" col-start="4" row-end="5" row-start="5" text="11.399">
   </cell>
   <cell col-end="5" col-start="5" row-end="5" row-start="5" text="&lt; 2e-16">
   </cell>
   <cell col-end="6" col-start="6" row-end="5" row-start="5" text="***">
   </cell>
  </row>
  <row row="6">
   <cell col-end="0" col-start="0" row-end="6" row-start="6" text="5">
   </cell>
   <cell col-end="1" col-start="1" row-end="6" row-start="6" text="s(Time, Event)">
   </cell>
   <cell col-end="2" col-start="2" row-end="6" row-start="6" text="2372.991">
   </cell>
   <cell col-end="3" col-start="3" row-end="6" row-start="6" text="2446.000">
   </cell>
   <cell col-end="4" col-start="4" row-end="6" row-start="6" text="278.799">
   </cell>
   <cell col-end="5" col-start="5" row-end="6" row-start="6" text="&lt; 2e-16">
   </cell>
   <cell col-end="6" col-start="6" row-end="6" row-start="6" text="***">
   </cell>
  </row>
  <row row="7">
   <cell col-end="0" col-start="0" row-end="7" row-start="7" text="6">
   </cell>
   <cell col-end="1" col-start="1" row-end="7" row-start="7" text="s(XGazePositionRightEye, YGazePositionRightEye)">
   </cell>
   <cell col-end="2" col-start="2" row-end="7" row-start="7" text="28.753">
   </cell>
   <cell col-end="3" col-start="3" row-end="7" row-start="7" text="28.989">
   </cell>
   <cell col-end="4" col-start="4" row-end="7" row-start="7" text="1962.118">
   </cell>
   <cell col-end="5" col-start="5" row-end="7" row-start="7" text="&lt; 2e-16">
   </cell>
   <cell col-end="6" col-start="6" row-end="7" row-start="7" text="***">
   </cell>
  </row>
  <statements>
   <statement id="0" text="In rows 1 and 2, we see the estimates for the parametric coefficients." type="">
   </statement>
   <statement id="1" text="The ConditionSalient of estimate value is 0.03462." type="">
   </statement>
   <statement id="2" text="The ConditionSalient value Estimated is 8.294." type="">
   </statement>
   <statement id="4" text="The results of the model fit for the Gender category can be found in Table 4 ." type="">
   </statement>
  </statements>
 </table>
</document>