<document>
 <table id="Table 1">
  <caption text="

   Different specifications of structural causal models
  
">
  </caption>
  <legend text="

   Based on Table 7.1 from Peters et al. [
   ]. Other popular specifications are nonlinear Gaussian additive noise models and linear non-Gaussian acyclic models, among others.
  
">
  </legend>
  <row row="0">
   <cell col-end="0" col-start="0" row-end="0" row-start="0" text="Structural causal model">
   </cell>
   <cell col-end="1" col-start="1" row-end="0" row-start="0" text="X
       

        i
       


       =
      


        f
       

        i
       





          X
         




             P
            

             A
            


            i
           




         ,
        


          N
         

          i">
   </cell>
  </row>
  <row row="1">
   <cell col-end="0" col-start="0" row-end="1" row-start="1" text="Additive noise model">
   </cell>
   <cell col-end="1" col-start="1" row-end="1" row-start="1" text="X
       

        i
       


       =
      


        f
       

        i
       





          X
         




             P
            

             A
            


            i
           






       +
      


        N
       

        i">
   </cell>
  </row>
  <row row="2">
   <cell col-end="0" col-start="0" row-end="2" row-start="2" text="Causal additive model">
   </cell>
   <cell col-end="1" col-start="1" row-end="2" row-start="2" text="X
       

        i
       


       =
      



         ∑
        


          k
         

          ∈
         



            P
           

            A
           


           i
          






          f
         


           i
          

           k
          






            X
           

            k
           




         +
        


          N
         

          i">
   </cell>
  </row>
  <row row="3">
   <cell col-end="0" col-start="0" row-end="3" row-start="3" text="Linear Gaussian model">
   </cell>
   <cell col-end="1" col-start="1" row-end="3" row-start="3" text="X
       

        i
       


       =
      



         ∑
        


          k
         

          ∈
         



            P
           

            A
           


           i
          






          β
         


           i
          

           k
          




          X
         

          k
         


         +
        


          N
         

          i
         




     and
     


        N
       

        i
       


       ∼
      

       N
      



         0
        

         ,
        


          σ
         

          i">
   </cell>
  </row>
  <statements>
   <statement id="0" text="Additive noise model specifications X i = f i X P A i + N i." type="">
   </statement>
   <statement id="2" text="Causal additive model specifications X i =  k  P A i f i k X k + N i." type="">
   </statement>
   <statement id="4" text="Linear Gaussian model specifications X i =  k  P A i  i k X k + N i and N i  N 0 ,  i." type="">
   </statement>
   <statement id="6" text="Structural causal model specifications X i = f i X P A i , N i." type="">
   </statement>
   <statement id="8" text="They have four structural casual models." type="">
   </statement>
  </statements>
 </table>
 <table id="Table 2">
  <caption text="

   SDG-network strength statistics
  
">
  </caption>
  <legend text="

   Reported connectivity is the average strength (the sum of the weights) of a node’s connections, separated into positive (synergies) and negative (trade-offs) links. Standard deviations are inside round brackets. Nodes with the maximum strength are inside squared brackets.
  
">
  </legend>
  <row row="0">
   <cell col-end="0" col-start="0" row-end="1" row-start="0" text="Method">
   </cell>
   <cell col-end="2" col-start="1" row-end="0" row-start="0" text="EGY
     
     SynergyTrade-off">
   </cell>
   <cell col-end="4" col-start="3" row-end="0" row-start="0" text="IDN
     
     SynergyTrade-off">
   </cell>
   <cell col-end="5" col-start="5" row-end="0" row-start="0" text="M
     
     Synergy">
   </cell>
   <cell col-end="6" col-start="6" row-end="0" row-start="0" text="EX
     
     Trade-off">
   </cell>
   <cell col-end="8" col-start="7" row-end="0" row-start="0" text="TUR
     
     SynergyTrade-off">
   </cell>
  </row>
  <row row="1">
   <cell col-end="1" col-start="1" row-end="1" row-start="1" text="30.99">
   </cell>
   <cell col-end="2" col-start="2" row-end="1" row-start="1" text="25.1">
   </cell>
   <cell col-end="3" col-start="3" row-end="1" row-start="1" text="43.06">
   </cell>
   <cell col-end="4" col-start="4" row-end="1" row-start="1" text="24.48">
   </cell>
   <cell col-end="5" col-start="5" row-end="1" row-start="1" text="37.82">
   </cell>
   <cell col-end="6" col-start="6" row-end="1" row-start="1" text="29.86">
   </cell>
   <cell col-end="7" col-start="7" row-end="1" row-start="1" text="41.43">
   </cell>
   <cell col-end="8" col-start="8" row-end="1" row-start="1" text="30.62">
   </cell>
  </row>
  <row row="2">
   <cell col-end="0" col-start="0" row-end="2" row-start="2" text="lcorr">
   </cell>
   <cell col-end="1" col-start="1" row-end="2" row-start="2" text="(12.11)">
   </cell>
   <cell col-end="2" col-start="2" row-end="2" row-start="2" text="(11.3)">
   </cell>
   <cell col-end="3" col-start="3" row-end="2" row-start="2" text="(19.21)">
   </cell>
   <cell col-end="4" col-start="4" row-end="2" row-start="2" text="(16.51)">
   </cell>
   <cell col-end="5" col-start="5" row-end="2" row-start="2" text="(15.83)">
   </cell>
   <cell col-end="6" col-start="6" row-end="2" row-start="2" text="(14.0)">
   </cell>
   <cell col-end="7" col-start="7" row-end="2" row-start="2" text="(18.66)">
   </cell>
   <cell col-end="8" col-start="8" row-end="2" row-start="2" text="(16.03)">
   </cell>
  </row>
  <row row="3">
   <cell col-end="0" col-start="0" row-end="3" row-start="3" text="">
   </cell>
   <cell col-end="1" col-start="1" row-end="3" row-start="3" text="[31]">
   </cell>
   <cell col-end="2" col-start="2" row-end="3" row-start="3" text="[51]">
   </cell>
   <cell col-end="3" col-start="3" row-end="3" row-start="3" text="[40]">
   </cell>
   <cell col-end="4" col-start="4" row-end="3" row-start="3" text="[43]">
   </cell>
   <cell col-end="5" col-start="5" row-end="3" row-start="3" text="[5]">
   </cell>
   <cell col-end="6" col-start="6" row-end="3" row-start="3" text="[32]">
   </cell>
   <cell col-end="7" col-start="7" row-end="3" row-start="3" text="[45]">
   </cell>
   <cell col-end="8" col-start="8" row-end="3" row-start="3" text="[46]">
   </cell>
  </row>
  <row row="4">
   <cell col-end="0" col-start="0" row-end="4" row-start="4" text="">
   </cell>
   <cell col-end="1" col-start="1" row-end="4" row-start="4" text="12.83">
   </cell>
   <cell col-end="2" col-start="2" row-end="4" row-start="4" text="11.1">
   </cell>
   <cell col-end="3" col-start="3" row-end="4" row-start="4" text="13.01">
   </cell>
   <cell col-end="4" col-start="4" row-end="4" row-start="4" text="11.01">
   </cell>
   <cell col-end="5" col-start="5" row-end="4" row-start="4" text="11.66">
   </cell>
   <cell col-end="6" col-start="6" row-end="4" row-start="4" text="10.44">
   </cell>
   <cell col-end="7" col-start="7" row-end="4" row-start="4" text="13.38">
   </cell>
   <cell col-end="8" col-start="8" row-end="4" row-start="4" text="11.4">
   </cell>
  </row>
  <row row="5">
   <cell col-end="0" col-start="0" row-end="5" row-start="5" text="iota">
   </cell>
   <cell col-end="1" col-start="1" row-end="5" row-start="5" text="(6.53)">
   </cell>
   <cell col-end="2" col-start="2" row-end="5" row-start="5" text="(4.79)">
   </cell>
   <cell col-end="3" col-start="3" row-end="5" row-start="5" text="(5.9)">
   </cell>
   <cell col-end="4" col-start="4" row-end="5" row-start="5" text="(5.0)">
   </cell>
   <cell col-end="5" col-start="5" row-end="5" row-start="5" text="(3.69)">
   </cell>
   <cell col-end="6" col-start="6" row-end="5" row-start="5" text="(4.78)">
   </cell>
   <cell col-end="7" col-start="7" row-end="5" row-start="5" text="(6.2)">
   </cell>
   <cell col-end="8" col-start="8" row-end="5" row-start="5" text="(5.71)">
   </cell>
  </row>
  <row row="6">
   <cell col-end="0" col-start="0" row-end="6" row-start="6" text="">
   </cell>
   <cell col-end="1" col-start="1" row-end="6" row-start="6" text="[5]">
   </cell>
   <cell col-end="2" col-start="2" row-end="6" row-start="6" text="[43]">
   </cell>
   <cell col-end="3" col-start="3" row-end="6" row-start="6" text="[4]">
   </cell>
   <cell col-end="4" col-start="4" row-end="6" row-start="6" text="[7]">
   </cell>
   <cell col-end="5" col-start="5" row-end="6" row-start="6" text="[27]">
   </cell>
   <cell col-end="6" col-start="6" row-end="6" row-start="6" text="[13]">
   </cell>
   <cell col-end="7" col-start="7" row-end="6" row-start="6" text="[36]">
   </cell>
   <cell col-end="8" col-start="8" row-end="6" row-start="6" text="[81]">
   </cell>
  </row>
  <row row="7">
   <cell col-end="0" col-start="0" row-end="7" row-start="7" text="">
   </cell>
   <cell col-end="1" col-start="1" row-end="7" row-start="7" text="21.1">
   </cell>
   <cell col-end="2" col-start="2" row-end="7" row-start="7" text="14.48">
   </cell>
   <cell col-end="3" col-start="3" row-end="7" row-start="7" text="22.23">
   </cell>
   <cell col-end="4" col-start="4" row-end="7" row-start="7" text="11.17">
   </cell>
   <cell col-end="5" col-start="5" row-end="7" row-start="7" text="27.24">
   </cell>
   <cell col-end="6" col-start="6" row-end="7" row-start="7" text="19.06">
   </cell>
   <cell col-end="7" col-start="7" row-end="7" row-start="7" text="26.25">
   </cell>
   <cell col-end="8" col-start="8" row-end="7" row-start="7" text="13.36">
   </cell>
  </row>
  <row row="8">
   <cell col-end="0" col-start="0" row-end="8" row-start="8" text="ccm">
   </cell>
   <cell col-end="1" col-start="1" row-end="8" row-start="8" text="(15.55)">
   </cell>
   <cell col-end="2" col-start="2" row-end="8" row-start="8" text="(10.9)">
   </cell>
   <cell col-end="3" col-start="3" row-end="8" row-start="8" text="(16.86)">
   </cell>
   <cell col-end="4" col-start="4" row-end="8" row-start="8" text="(10.45)">
   </cell>
   <cell col-end="5" col-start="5" row-end="8" row-start="8" text="(17.11)">
   </cell>
   <cell col-end="6" col-start="6" row-end="8" row-start="8" text="(11.62)">
   </cell>
   <cell col-end="7" col-start="7" row-end="8" row-start="8" text="(19.14)">
   </cell>
   <cell col-end="8" col-start="8" row-end="8" row-start="8" text="(11.94)">
   </cell>
  </row>
  <row row="9">
   <cell col-end="0" col-start="0" row-end="9" row-start="9" text="">
   </cell>
   <cell col-end="1" col-start="1" row-end="9" row-start="9" text="[56]">
   </cell>
   <cell col-end="2" col-start="2" row-end="9" row-start="9" text="[68]">
   </cell>
   <cell col-end="3" col-start="3" row-end="9" row-start="9" text="[41]">
   </cell>
   <cell col-end="4" col-start="4" row-end="9" row-start="9" text="[36]">
   </cell>
   <cell col-end="5" col-start="5" row-end="9" row-start="9" text="[23]">
   </cell>
   <cell col-end="6" col-start="6" row-end="9" row-start="9" text="[36]">
   </cell>
   <cell col-end="7" col-start="7" row-end="9" row-start="9" text="[24]">
   </cell>
   <cell col-end="8" col-start="8" row-end="9" row-start="9" text="[36]">
   </cell>
  </row>
  <row row="10">
   <cell col-end="0" col-start="0" row-end="10" row-start="10" text="">
   </cell>
   <cell col-end="1" col-start="1" row-end="10" row-start="10" text="1.29">
   </cell>
   <cell col-end="2" col-start="2" row-end="10" row-start="10" text="0.64">
   </cell>
   <cell col-end="3" col-start="3" row-end="10" row-start="10" text="1.33">
   </cell>
   <cell col-end="4" col-start="4" row-end="10" row-start="10" text="0.53">
   </cell>
   <cell col-end="5" col-start="5" row-end="10" row-start="10" text="1.26">
   </cell>
   <cell col-end="6" col-start="6" row-end="10" row-start="10" text="0.44">
   </cell>
   <cell col-end="7" col-start="7" row-end="10" row-start="10" text="1.15">
   </cell>
   <cell col-end="8" col-start="8" row-end="10" row-start="10" text="0.55">
   </cell>
  </row>
  <row row="11">
   <cell col-end="0" col-start="0" row-end="11" row-start="11" text="pcalg">
   </cell>
   <cell col-end="1" col-start="1" row-end="11" row-start="11" text="(0.82)">
   </cell>
   <cell col-end="2" col-start="2" row-end="11" row-start="11" text="(0.8)">
   </cell>
   <cell col-end="3" col-start="3" row-end="11" row-start="11" text="(0.97)">
   </cell>
   <cell col-end="4" col-start="4" row-end="11" row-start="11" text="(0.66)">
   </cell>
   <cell col-end="5" col-start="5" row-end="11" row-start="11" text="(0.79)">
   </cell>
   <cell col-end="6" col-start="6" row-end="11" row-start="11" text="(0.64)">
   </cell>
   <cell col-end="7" col-start="7" row-end="11" row-start="11" text="(0.86)">
   </cell>
   <cell col-end="8" col-start="8" row-end="11" row-start="11" text="(0.67)">
   </cell>
  </row>
  <row row="12">
   <cell col-end="0" col-start="0" row-end="12" row-start="12" text="">
   </cell>
   <cell col-end="1" col-start="1" row-end="12" row-start="12" text="[74]">
   </cell>
   <cell col-end="2" col-start="2" row-end="12" row-start="12" text="[36]">
   </cell>
   <cell col-end="3" col-start="3" row-end="12" row-start="12" text="[16]">
   </cell>
   <cell col-end="4" col-start="4" row-end="12" row-start="12" text="[35]">
   </cell>
   <cell col-end="5" col-start="5" row-end="12" row-start="12" text="[3]">
   </cell>
   <cell col-end="6" col-start="6" row-end="12" row-start="12" text="[19]">
   </cell>
   <cell col-end="7" col-start="7" row-end="12" row-start="12" text="[11]">
   </cell>
   <cell col-end="8" col-start="8" row-end="12" row-start="12" text="[29]">
   </cell>
  </row>
  <row row="13">
   <cell col-end="0" col-start="0" row-end="13" row-start="13" text="">
   </cell>
   <cell col-end="1" col-start="1" row-end="13" row-start="13" text="8.9">
   </cell>
   <cell col-end="2" col-start="2" row-end="13" row-start="13" text="7.03">
   </cell>
   <cell col-end="3" col-start="3" row-end="13" row-start="13" text="9.63">
   </cell>
   <cell col-end="4" col-start="4" row-end="13" row-start="13" text="7.66">
   </cell>
   <cell col-end="5" col-start="5" row-end="13" row-start="13" text="10.62">
   </cell>
   <cell col-end="6" col-start="6" row-end="13" row-start="13" text="8.0">
   </cell>
   <cell col-end="7" col-start="7" row-end="13" row-start="13" text="6.3">
   </cell>
   <cell col-end="8" col-start="8" row-end="13" row-start="13" text="3.36">
   </cell>
  </row>
  <row row="14">
   <cell col-end="0" col-start="0" row-end="14" row-start="14" text="sparsebn">
   </cell>
   <cell col-end="1" col-start="1" row-end="14" row-start="14" text="(4.89)">
   </cell>
   <cell col-end="2" col-start="2" row-end="14" row-start="14" text="(4.31)">
   </cell>
   <cell col-end="3" col-start="3" row-end="14" row-start="14" text="(5.02)">
   </cell>
   <cell col-end="4" col-start="4" row-end="14" row-start="14" text="(4.33)">
   </cell>
   <cell col-end="5" col-start="5" row-end="14" row-start="14" text="(5.81)">
   </cell>
   <cell col-end="6" col-start="6" row-end="14" row-start="14" text="(5.3)">
   </cell>
   <cell col-end="7" col-start="7" row-end="14" row-start="14" text="(3.8)">
   </cell>
   <cell col-end="8" col-start="8" row-end="14" row-start="14" text="(2.63)">
   </cell>
  </row>
  <row row="15">
   <cell col-end="0" col-start="0" row-end="15" row-start="15" text="">
   </cell>
   <cell col-end="1" col-start="1" row-end="15" row-start="15" text="[85]">
   </cell>
   <cell col-end="2" col-start="2" row-end="15" row-start="15" text="[8]">
   </cell>
   <cell col-end="3" col-start="3" row-end="15" row-start="15" text="[15]">
   </cell>
   <cell col-end="4" col-start="4" row-end="15" row-start="15" text="[42]">
   </cell>
   <cell col-end="5" col-start="5" row-end="15" row-start="15" text="[1]">
   </cell>
   <cell col-end="6" col-start="6" row-end="15" row-start="15" text="[70]">
   </cell>
   <cell col-end="7" col-start="7" row-end="15" row-start="15" text="[3]">
   </cell>
   <cell col-end="8" col-start="8" row-end="15" row-start="15" text="[46]">
   </cell>
  </row>
  <statements>
   <statement id="0" text="EGY SynergyTrade-off in 30.99 of Icorr is (12.11)." type="">
   </statement>
   <statement id="1" text="EX Trade-off in 29.86 of pcalg is (0.64)." type="">
   </statement>
   <statement id="5" text="M Synergy in 37.82 of ccm is 2.63." type="">
   </statement>
   <statement id="7" text="They have eight methods in SDG network." type="">
   </statement>
  </statements>
 </table>
 <table id="Table 3">
  <caption text="

   Top five SDGs by outgoing synergies
  
">
  </caption>
  <legend text="

   The outgoing synergy of an SDG is computed by averaging the weights of positive outgoing links with a destination in nodes (indicators) belonging to a different SDG. In other words, we do not count within-SDG synergies. Each set of five SDGs has been sorted from most to least synergistic (left to right).
  
">
  </legend>
  <row row="0">
   <cell col-end="0" col-start="0" row-end="0" row-start="0" text="Country">
   </cell>
   <cell col-end="1" col-start="1" row-end="0" row-start="0" text="lcorr">
   </cell>
   <cell col-end="2" col-start="2" row-end="0" row-start="0" text="iota">
   </cell>
   <cell col-end="3" col-start="3" row-end="0" row-start="0" text="ccm">
   </cell>
   <cell col-end="4" col-start="4" row-end="0" row-start="0" text="pcalg">
   </cell>
   <cell col-end="5" col-start="5" row-end="0" row-start="0" text="sparsebn">
   </cell>
  </row>
  <row row="1">
   <cell col-end="0" col-start="0" row-end="1" row-start="1" text="EGY">
   </cell>
   <cell col-end="1" col-start="1" row-end="1" row-start="1" text="15, 14, 2, 11, 3">
   </cell>
   <cell col-end="2" col-start="2" row-end="1" row-start="1" text="1, 2, 3, 5, 10">
   </cell>
   <cell col-end="3" col-start="3" row-end="1" row-start="1" text="2, 3, 11, 14, 15">
   </cell>
   <cell col-end="4" col-start="4" row-end="1" row-start="1" text="3, 7, 10, 14, 15">
   </cell>
   <cell col-end="5" col-start="5" row-end="1" row-start="1" text="2, 8, 9, 11, 14">
   </cell>
  </row>
  <row row="2">
   <cell col-end="0" col-start="0" row-end="2" row-start="2" text="IDN">
   </cell>
   <cell col-end="1" col-start="1" row-end="2" row-start="2" text="2, 14, 1, 3, 11">
   </cell>
   <cell col-end="2" col-start="2" row-end="2" row-start="2" text="1, 6, 14, 15, 17">
   </cell>
   <cell col-end="3" col-start="3" row-end="2" row-start="2" text="1, 2, 3, 11, 14">
   </cell>
   <cell col-end="4" col-start="4" row-end="2" row-start="2" text="3, 4, 5, 7, 8">
   </cell>
   <cell col-end="5" col-start="5" row-end="2" row-start="2" text="3, 8, 9, 12, 13">
   </cell>
  </row>
  <row row="3">
   <cell col-end="0" col-start="0" row-end="3" row-start="3" text="MEX">
   </cell>
   <cell col-end="1" col-start="1" row-end="3" row-start="3" text="2, 1, 5, 11, 14">
   </cell>
   <cell col-end="2" col-start="2" row-end="3" row-start="3" text="3, 4, 6, 11, 15">
   </cell>
   <cell col-end="3" col-start="3" row-end="3" row-start="3" text="1, 2, 3, 4, 11">
   </cell>
   <cell col-end="4" col-start="4" row-end="3" row-start="3" text="2, 3, 6, 9, 14">
   </cell>
   <cell col-end="5" col-start="5" row-end="3" row-start="3" text="7, 8, 9, 12, 14">
   </cell>
  </row>
  <row row="4">
   <cell col-end="0" col-start="0" row-end="4" row-start="4" text="TUR">
   </cell>
   <cell col-end="1" col-start="1" row-end="4" row-start="4" text="2, 3, 1, 5, 17">
   </cell>
   <cell col-end="2" col-start="2" row-end="4" row-start="4" text="2, 3, 6, 11, 17">
   </cell>
   <cell col-end="3" col-start="3" row-end="4" row-start="4" text="1, 2, 3, 4, 11">
   </cell>
   <cell col-end="4" col-start="4" row-end="4" row-start="4" text="3, 7, 12, 13, 14">
   </cell>
   <cell col-end="5" col-start="5" row-end="4" row-start="4" text="1, 2, 9, 12, 14">
   </cell>
  </row>
  <statements>
   <statement id="2" text="No country presents the same list of indicators for all methods, and only Egypt and Indonesia exhibit the same list for two methods: lcorr and ccm (although in a different ordering)." type="">
   </statement>
   <statement id="4" text="The lcorr value for EGY is 15, 14, 2, 11, 3." type="">
   </statement>
   <statement id="5" text="The lcorr value for EGY is 2, 3, 6, 9, 14." type="">
   </statement>
   <statement id="6" text="There are 4 types of country." type="">
   </statement>
   <statement id="8" text="There are 7 different types of SDGs given in the table." type="">
   </statement>
  </statements>
 </table>
 <table id="Table 4">
  <caption text="

   Prior-informed false positives and false negatives Method
  
">
  </caption>
  <legend text="

   FP: false positives. FN: false negatives. T: total number of directed edges estimated in the network.
  
">
  </legend>
  <row row="0">
   <cell col-end="0" col-start="0" row-end="0" row-start="0" text="lcorr">
   </cell>
   <cell col-end="1" col-start="1" row-end="0" row-start="0" text="12">
   </cell>
   <cell col-end="2" col-start="2" row-end="0" row-start="0" text="2">
   </cell>
   <cell col-end="3" col-start="3" row-end="0" row-start="0" text="4288">
   </cell>
   <cell col-end="4" col-start="4" row-end="0" row-start="0" text="11">
   </cell>
   <cell col-end="5" col-start="5" row-end="0" row-start="0" text="2">
   </cell>
   <cell col-end="6" col-start="6" row-end="0" row-start="0" text="5130">
   </cell>
   <cell col-end="7" col-start="7" row-end="0" row-start="0" text="14">
   </cell>
   <cell col-end="8" col-start="8" row-end="0" row-start="0" text="0">
   </cell>
   <cell col-end="9" col-start="9" row-end="0" row-start="0" text="5406">
   </cell>
   <cell col-end="10" col-start="10" row-end="0" row-start="0" text="18">
   </cell>
   <cell col-end="11" col-start="11" row-end="0" row-start="0" text="0">
   </cell>
   <cell col-end="12" col-start="12" row-end="0" row-start="0" text="5932">
   </cell>
  </row>
  <row row="1">
   <cell col-end="0" col-start="0" row-end="1" row-start="1" text="iota">
   </cell>
   <cell col-end="1" col-start="1" row-end="1" row-start="1" text="1">
   </cell>
   <cell col-end="2" col-start="2" row-end="1" row-start="1" text="0">
   </cell>
   <cell col-end="3" col-start="3" row-end="1" row-start="1" text="1195">
   </cell>
   <cell col-end="4" col-start="4" row-end="1" row-start="1" text="3">
   </cell>
   <cell col-end="5" col-start="5" row-end="1" row-start="1" text="2">
   </cell>
   <cell col-end="6" col-start="6" row-end="1" row-start="1" text="1207">
   </cell>
   <cell col-end="7" col-start="7" row-end="1" row-start="1" text="1">
   </cell>
   <cell col-end="8" col-start="8" row-end="1" row-start="1" text="1">
   </cell>
   <cell col-end="9" col-start="9" row-end="1" row-start="1" text="1112">
   </cell>
   <cell col-end="10" col-start="10" row-end="1" row-start="1" text="5">
   </cell>
   <cell col-end="11" col-start="11" row-end="1" row-start="1" text="2">
   </cell>
   <cell col-end="12" col-start="12" row-end="1" row-start="1" text="1279">
   </cell>
  </row>
  <row row="2">
   <cell col-end="0" col-start="0" row-end="2" row-start="2" text="ccm">
   </cell>
   <cell col-end="1" col-start="1" row-end="2" row-start="2" text="8">
   </cell>
   <cell col-end="2" col-start="2" row-end="2" row-start="2" text="2">
   </cell>
   <cell col-end="3" col-start="3" row-end="2" row-start="2" text="2799">
   </cell>
   <cell col-end="4" col-start="4" row-end="2" row-start="2" text="8">
   </cell>
   <cell col-end="5" col-start="5" row-end="2" row-start="2" text="2">
   </cell>
   <cell col-end="6" col-start="6" row-end="2" row-start="2" text="2825">
   </cell>
   <cell col-end="7" col-start="7" row-end="2" row-start="2" text="11">
   </cell>
   <cell col-end="8" col-start="8" row-end="2" row-start="2" text="3">
   </cell>
   <cell col-end="9" col-start="9" row-end="2" row-start="2" text="3818">
   </cell>
   <cell col-end="10" col-start="10" row-end="2" row-start="2" text="10">
   </cell>
   <cell col-end="11" col-start="11" row-end="2" row-start="2" text="0">
   </cell>
   <cell col-end="12" col-start="12" row-end="2" row-start="2" text="3357">
   </cell>
  </row>
  <row row="3">
   <cell col-end="0" col-start="0" row-end="3" row-start="3" text="pcalg">
   </cell>
   <cell col-end="1" col-start="1" row-end="3" row-start="3" text="0">
   </cell>
   <cell col-end="2" col-start="2" row-end="3" row-start="3" text="0">
   </cell>
   <cell col-end="3" col-start="3" row-end="3" row-start="3" text="84">
   </cell>
   <cell col-end="4" col-start="4" row-end="3" row-start="3" text="0">
   </cell>
   <cell col-end="5" col-start="5" row-end="3" row-start="3" text="0">
   </cell>
   <cell col-end="6" col-start="6" row-end="3" row-start="3" text="81">
   </cell>
   <cell col-end="7" col-start="7" row-end="3" row-start="3" text="0">
   </cell>
   <cell col-end="8" col-start="8" row-end="3" row-start="3" text="0">
   </cell>
   <cell col-end="9" col-start="9" row-end="3" row-start="3" text="74">
   </cell>
   <cell col-end="10" col-start="10" row-end="3" row-start="3" text="0">
   </cell>
   <cell col-end="11" col-start="11" row-end="3" row-start="3" text="0">
   </cell>
   <cell col-end="12" col-start="12" row-end="3" row-start="3" text="74">
   </cell>
  </row>
  <row row="4">
   <cell col-end="0" col-start="0" row-end="4" row-start="4" text="sparsebn">
   </cell>
   <cell col-end="1" col-start="1" row-end="4" row-start="4" text="0">
   </cell>
   <cell col-end="2" col-start="2" row-end="4" row-start="4" text="0">
   </cell>
   <cell col-end="3" col-start="3" row-end="4" row-start="4" text="693">
   </cell>
   <cell col-end="4" col-start="4" row-end="4" row-start="4" text="4">
   </cell>
   <cell col-end="5" col-start="5" row-end="4" row-start="4" text="3">
   </cell>
   <cell col-end="6" col-start="6" row-end="4" row-start="4" text="752">
   </cell>
   <cell col-end="7" col-start="7" row-end="4" row-start="4" text="2">
   </cell>
   <cell col-end="8" col-start="8" row-end="4" row-start="4" text="1">
   </cell>
   <cell col-end="9" col-start="9" row-end="4" row-start="4" text="810">
   </cell>
   <cell col-end="10" col-start="10" row-end="4" row-start="4" text="0">
   </cell>
   <cell col-end="11" col-start="11" row-end="4" row-start="4" text="0">
   </cell>
   <cell col-end="12" col-start="12" row-end="4" row-start="4" text="420">
   </cell>
  </row>
  <statements>
   <statement id="1" text="All the values given in the table consist of positive values." type="">
   </statement>
   <statement id="5" text="More number of 0's are in ccm row." type="">
   </statement>
   <statement id="9" text="The values of lcorr are more when compared to other scenarios." type="">
   </statement>
  </statements>
 </table>
</document>