<document>
 <table id="Table 1">
  <caption text="

   Survey response rate and number of ATMPs manufactured under exemption pathways by public facilities, per country.
  
">
  </caption>
  <row row="0">
   <cell col-end="0" col-start="0" row-end="0" row-start="0" text="">
   </cell>
   <cell col-end="2" col-start="1" row-end="0" row-start="0" text="Public facilities">
   </cell>
   <cell col-end="4" col-start="3" row-end="0" row-start="0" text="ATMPs (public)">
   </cell>
  </row>
  <row row="1">
   <cell col-end="0" col-start="0" row-end="1" row-start="1" text="">
   </cell>
   <cell col-end="1" col-start="1" row-end="1" row-start="1" text="Recipients (n)">
   </cell>
   <cell col-end="2" col-start="2" row-end="1" row-start="1" text="Respondents (n)/response rate (%)">
   </cell>
   <cell col-end="3" col-start="3" row-end="1" row-start="1" text="HE (n) 2009–2017">
   </cell>
   <cell col-end="4" col-start="4" row-end="1" row-start="1" text="NPU (n) 2015–2017">
   </cell>
  </row>
  <row row="2">
   <cell col-end="0" col-start="0" row-end="2" row-start="2" text="Belgium">
   </cell>
   <cell col-end="1" col-start="1" row-end="2" row-start="2" text="7">
   </cell>
   <cell col-end="2" col-start="2" row-end="2" row-start="2" text="3/43">
   </cell>
   <cell col-end="3" col-start="3" row-end="2" row-start="2" text="0">
   </cell>
   <cell col-end="4" col-start="4" row-end="2" row-start="2" text="0">
   </cell>
  </row>
  <row row="3">
   <cell col-end="0" col-start="0" row-end="3" row-start="3" text="Finland">
   </cell>
   <cell col-end="1" col-start="1" row-end="3" row-start="3" text="2">
   </cell>
   <cell col-end="2" col-start="2" row-end="3" row-start="3" text="1/50">
   </cell>
   <cell col-end="3" col-start="3" row-end="3" row-start="3" text="1">
   </cell>
   <cell col-end="4" col-start="4" row-end="3" row-start="3" text="0">
   </cell>
  </row>
  <row row="4">
   <cell col-end="0" col-start="0" row-end="4" row-start="4" text="France">
   </cell>
   <cell col-end="1" col-start="1" row-end="4" row-start="4" text="1">
   </cell>
   <cell col-end="2" col-start="2" row-end="4" row-start="4" text="1/100">
   </cell>
   <cell col-end="3" col-start="3" row-end="4" row-start="4" text="0">
   </cell>
   <cell col-end="4" col-start="4" row-end="4" row-start="4" text="0">
   </cell>
  </row>
  <row row="5">
   <cell col-end="0" col-start="0" row-end="5" row-start="5" text="Germany">
   </cell>
   <cell col-end="1" col-start="1" row-end="5" row-start="5" text="22">
   </cell>
   <cell col-end="2" col-start="2" row-end="5" row-start="5" text="3/14">
   </cell>
   <cell col-end="3" col-start="3" row-end="5" row-start="5" text="3">
   </cell>
   <cell col-end="4" col-start="4" row-end="5" row-start="5" text="0">
   </cell>
  </row>
  <row row="6">
   <cell col-end="0" col-start="0" row-end="6" row-start="6" text="Italy">
   </cell>
   <cell col-end="1" col-start="1" row-end="6" row-start="6" text="5">
   </cell>
   <cell col-end="2" col-start="2" row-end="6" row-start="6" text="3/60">
   </cell>
   <cell col-end="3" col-start="3" row-end="6" row-start="6" text="2">
   </cell>
   <cell col-end="4" col-start="4" row-end="6" row-start="6" text="5">
   </cell>
  </row>
  <row row="7">
   <cell col-end="0" col-start="0" row-end="7" row-start="7" text="Netherlands">
   </cell>
   <cell col-end="1" col-start="1" row-end="7" row-start="7" text="9">
   </cell>
   <cell col-end="2" col-start="2" row-end="7" row-start="7" text="8/89">
   </cell>
   <cell col-end="3" col-start="3" row-end="7" row-start="7" text="6">
   </cell>
   <cell col-end="4" col-start="4" row-end="7" row-start="7" text="2">
   </cell>
  </row>
  <row row="8">
   <cell col-end="0" col-start="0" row-end="8" row-start="8" text="United Kingdom">
   </cell>
   <cell col-end="1" col-start="1" row-end="8" row-start="8" text="21">
   </cell>
   <cell col-end="2" col-start="2" row-end="8" row-start="8" text="8/38">
   </cell>
   <cell col-end="3" col-start="3" row-end="8" row-start="8" text="0">
   </cell>
   <cell col-end="4" col-start="4" row-end="8" row-start="8" text="4">
   </cell>
  </row>
  <row row="9">
   <cell col-end="0" col-start="0" row-end="9" row-start="9" text="Total">
   </cell>
   <cell col-end="1" col-start="1" row-end="9" row-start="9" text="67">
   </cell>
   <cell col-end="2" col-start="2" row-end="9" row-start="9" text="27/40">
   </cell>
   <cell col-end="3" col-start="3" row-end="9" row-start="9" text="12">
   </cell>
   <cell col-end="4" col-start="4" row-end="9" row-start="9" text="11">
   </cell>
  </row>
  <statements>
   <statement id="1" text="Overall, seven public facilities manufactured 12 ATMPs (Finland n = 1/12, Germany n = 3/12," type="">
   </statement>
   <statement id="2" text="Recipients (n) has a highest value is 67." type="">
   </statement>
   <statement id="4" text="Respondents (n)/response rate (%) has a same value." type="">
   </statement>
   <statement id="6" text="The highest total is 27/40." type="">
   </statement>
   <statement id="7" text="The lowest HE (n) 20092017 is 12." type="">
   </statement>
   <statement id="9" text="The other 20 respondent public facilities did not manufacture ATMPs under an HE license." type="">
   </statement>
   <statement id="10" text="They have 10 different types of countries in the given table." type="">
   </statement>
   <statement id="11" text="They have 7 different types of countries in the given table." type="">
   </statement>
  </statements>
 </table>
</document>