<document>
 <table id="Table 1">
  <caption text="

   A comparison of the proposed model with some related published research.
  
">
  </caption>
  <row row="0">
   <cell col-end="0" col-start="0" row-end="0" row-start="0" text="Papers">
   </cell>
   <cell col-end="1" col-start="1" row-end="0" row-start="0" text="Demand">
   </cell>
   <cell col-end="2" col-start="2" row-end="0" row-start="0" text="Recovery process">
   </cell>
   <cell col-end="3" col-start="3" row-end="0" row-start="0" text="Collection effort investment">
   </cell>
   <cell col-end="4" col-start="4" row-end="0" row-start="0" text="Quality improvement">
   </cell>
   <cell col-end="5" col-start="5" row-end="0" row-start="0" text="Waste disposal">
   </cell>
   <cell col-end="6" col-start="6" row-end="0" row-start="0" text="Rework consideration">
   </cell>
   <cell col-end="7" col-start="7" row-end="0" row-start="0" text="Carbon emission">
   </cell>
   <cell col-end="8" col-start="8" row-end="0" row-start="0" text="Logistical consideration">
   </cell>
  </row>
  <row row="1">
   <cell col-end="0" col-start="0" row-end="1" row-start="1" text="Maiti and Giri">
   </cell>
   <cell col-end="1" col-start="1" row-end="1" row-start="1" text="Price and quality dependent demand">
   </cell>
   <cell col-end="2" col-start="2" row-end="1" row-start="1" text="Remanufacturing">
   </cell>
   <cell col-end="3" col-start="3" row-end="1" row-start="1" text="Yes">
   </cell>
   <cell col-end="4" col-start="4" row-end="1" row-start="1" text="Manufacturing, Remanufacturing">
   </cell>
   <cell col-end="5" col-start="5" row-end="1" row-start="1" text="No">
   </cell>
   <cell col-end="6" col-start="6" row-end="1" row-start="1" text="No">
   </cell>
   <cell col-end="7" col-start="7" row-end="1" row-start="1" text="No">
   </cell>
   <cell col-end="8" col-start="8" row-end="1" row-start="1" text="No">
   </cell>
  </row>
  <row row="2">
   <cell col-end="0" col-start="0" row-end="2" row-start="2" text="Moshtagh et al.">
   </cell>
   <cell col-end="1" col-start="1" row-end="2" row-start="2" text="Deterministic">
   </cell>
   <cell col-end="2" col-start="2" row-end="2" row-start="2" text="Remanufacturing">
   </cell>
   <cell col-end="3" col-start="3" row-end="2" row-start="2" text="No">
   </cell>
   <cell col-end="4" col-start="4" row-end="2" row-start="2" text="No">
   </cell>
   <cell col-end="5" col-start="5" row-end="2" row-start="2" text="Yes">
   </cell>
   <cell col-end="6" col-start="6" row-end="2" row-start="2" text="Yes">
   </cell>
   <cell col-end="7" col-start="7" row-end="2" row-start="2" text="No">
   </cell>
   <cell col-end="8" col-start="8" row-end="2" row-start="2" text="Yes">
   </cell>
  </row>
  <row row="3">
   <cell col-end="0" col-start="0" row-end="3" row-start="3" text="Bai et al.">
   </cell>
   <cell col-end="1" col-start="1" row-end="3" row-start="3" text="Green technology level, selling price, and quality dependent demand">
   </cell>
   <cell col-end="2" col-start="2" row-end="3" row-start="3" text="Remanufacturing and refurbishing">
   </cell>
   <cell col-end="3" col-start="3" row-end="3" row-start="3" text="No">
   </cell>
   <cell col-end="4" col-start="4" row-end="3" row-start="3" text="No">
   </cell>
   <cell col-end="5" col-start="5" row-end="3" row-start="3" text="No">
   </cell>
   <cell col-end="6" col-start="6" row-end="3" row-start="3" text="No">
   </cell>
   <cell col-end="7" col-start="7" row-end="3" row-start="3" text="Carbon cap-and-trade policy">
   </cell>
   <cell col-end="8" col-start="8" row-end="3" row-start="3" text="Yes">
   </cell>
  </row>
  <row row="4">
   <cell col-end="0" col-start="0" row-end="4" row-start="4" text="Jauhari et al.">
   </cell>
   <cell col-end="1" col-start="1" row-end="4" row-start="4" text="Deterministic">
   </cell>
   <cell col-end="2" col-start="2" row-end="4" row-start="4" text="Remanufacturing">
   </cell>
   <cell col-end="3" col-start="3" row-end="4" row-start="4" text="No">
   </cell>
   <cell col-end="4" col-start="4" row-end="4" row-start="4" text="No">
   </cell>
   <cell col-end="5" col-start="5" row-end="4" row-start="4" text="No">
   </cell>
   <cell col-end="6" col-start="6" row-end="4" row-start="4" text="Yes">
   </cell>
   <cell col-end="7" col-start="7" row-end="4" row-start="4" text="No">
   </cell>
   <cell col-end="8" col-start="8" row-end="4" row-start="4" text="Yes">
   </cell>
  </row>
  <row row="5">
   <cell col-end="0" col-start="0" row-end="5" row-start="5" text="Giri and Sharma">
   </cell>
   <cell col-end="1" col-start="1" row-end="5" row-start="5" text="Deterministic">
   </cell>
   <cell col-end="2" col-start="2" row-end="5" row-start="5" text="Remanufacturing">
   </cell>
   <cell col-end="3" col-start="3" row-end="5" row-start="5" text="No">
   </cell>
   <cell col-end="4" col-start="4" row-end="5" row-start="5" text="No">
   </cell>
   <cell col-end="5" col-start="5" row-end="5" row-start="5" text="No">
   </cell>
   <cell col-end="6" col-start="6" row-end="5" row-start="5" text="Yes">
   </cell>
   <cell col-end="7" col-start="7" row-end="5" row-start="5" text="No">
   </cell>
   <cell col-end="8" col-start="8" row-end="5" row-start="5" text="Yes">
   </cell>
  </row>
  <row row="6">
   <cell col-end="0" col-start="0" row-end="6" row-start="6" text="Kundu and Chakrabarti">
   </cell>
   <cell col-end="1" col-start="1" row-end="6" row-start="6" text="Deterministic">
   </cell>
   <cell col-end="2" col-start="2" row-end="6" row-start="6" text="Remanufacturing">
   </cell>
   <cell col-end="3" col-start="3" row-end="6" row-start="6" text="No">
   </cell>
   <cell col-end="4" col-start="4" row-end="6" row-start="6" text="No">
   </cell>
   <cell col-end="5" col-start="5" row-end="6" row-start="6" text="Yes">
   </cell>
   <cell col-end="6" col-start="6" row-end="6" row-start="6" text="No">
   </cell>
   <cell col-end="7" col-start="7" row-end="6" row-start="6" text="Carbon tax, strict carbon cap, and carbon cap-and-trade">
   </cell>
   <cell col-end="8" col-start="8" row-end="6" row-start="6" text="Yes">
   </cell>
  </row>
  <row row="7">
   <cell col-end="0" col-start="0" row-end="7" row-start="7" text="Li et al.">
   </cell>
   <cell col-end="1" col-start="1" row-end="7" row-start="7" text="Retail price and carbon emission reduction level">
   </cell>
   <cell col-end="2" col-start="2" row-end="7" row-start="7" text="Remanufacturing">
   </cell>
   <cell col-end="3" col-start="3" row-end="7" row-start="7" text="No">
   </cell>
   <cell col-end="4" col-start="4" row-end="7" row-start="7" text="No">
   </cell>
   <cell col-end="5" col-start="5" row-end="7" row-start="7" text="No">
   </cell>
   <cell col-end="6" col-start="6" row-end="7" row-start="7" text="No">
   </cell>
   <cell col-end="7" col-start="7" row-end="7" row-start="7" text="Low-carbon CLSC">
   </cell>
   <cell col-end="8" col-start="8" row-end="7" row-start="7" text="No">
   </cell>
  </row>
  <row row="8">
   <cell col-end="0" col-start="0" row-end="8" row-start="8" text="Konstantaras et al.">
   </cell>
   <cell col-end="1" col-start="1" row-end="8" row-start="8" text="Deterministic">
   </cell>
   <cell col-end="2" col-start="2" row-end="8" row-start="8" text="Remanufacturing and refurbishing">
   </cell>
   <cell col-end="3" col-start="3" row-end="8" row-start="8" text="No">
   </cell>
   <cell col-end="4" col-start="4" row-end="8" row-start="8" text="No">
   </cell>
   <cell col-end="5" col-start="5" row-end="8" row-start="8" text="No">
   </cell>
   <cell col-end="6" col-start="6" row-end="8" row-start="8" text="No">
   </cell>
   <cell col-end="7" col-start="7" row-end="8" row-start="8" text="No">
   </cell>
   <cell col-end="8" col-start="8" row-end="8" row-start="8" text="Yes">
   </cell>
  </row>
  <row row="9">
   <cell col-end="0" col-start="0" row-end="9" row-start="9" text="Zerang et al.">
   </cell>
   <cell col-end="1" col-start="1" row-end="9" row-start="9" text="Selling price and market-dependent demand">
   </cell>
   <cell col-end="2" col-start="2" row-end="9" row-start="9" text="Remanufacturing">
   </cell>
   <cell col-end="3" col-start="3" row-end="9" row-start="9" text="Yes">
   </cell>
   <cell col-end="4" col-start="4" row-end="9" row-start="9" text="No">
   </cell>
   <cell col-end="5" col-start="5" row-end="9" row-start="9" text="No">
   </cell>
   <cell col-end="6" col-start="6" row-end="9" row-start="9" text="No">
   </cell>
   <cell col-end="7" col-start="7" row-end="9" row-start="9" text="No">
   </cell>
   <cell col-end="8" col-start="8" row-end="9" row-start="9" text="No">
   </cell>
  </row>
  <row row="10">
   <cell col-end="0" col-start="0" row-end="10" row-start="10" text="Taleizadeh et al.">
   </cell>
   <cell col-end="1" col-start="1" row-end="10" row-start="10" text="Sale price, quality of the product, buy-back price, sales effort, and reference price dependent demand">
   </cell>
   <cell col-end="2" col-start="2" row-end="10" row-start="10" text="Remanufacturing">
   </cell>
   <cell col-end="3" col-start="3" row-end="10" row-start="10" text="Yes">
   </cell>
   <cell col-end="4" col-start="4" row-end="10" row-start="10" text="Manufacturing, Remanufacturing">
   </cell>
   <cell col-end="5" col-start="5" row-end="10" row-start="10" text="No">
   </cell>
   <cell col-end="6" col-start="6" row-end="10" row-start="10" text="No">
   </cell>
   <cell col-end="7" col-start="7" row-end="10" row-start="10" text="No">
   </cell>
   <cell col-end="8" col-start="8" row-end="10" row-start="10" text="No">
   </cell>
  </row>
  <row row="11">
   <cell col-end="0" col-start="0" row-end="11" row-start="11" text="This paper">
   </cell>
   <cell col-end="1" col-start="1" row-end="11" row-start="11" text="Green technology level, selling price, and quality dependent demand">
   </cell>
   <cell col-end="2" col-start="2" row-end="11" row-start="11" text="Remanufacturing and refurbishing">
   </cell>
   <cell col-end="3" col-start="3" row-end="11" row-start="11" text="Yes">
   </cell>
   <cell col-end="4" col-start="4" row-end="11" row-start="11" text="Manufacturing, Remanufacturing, Refurbishing">
   </cell>
   <cell col-end="5" col-start="5" row-end="11" row-start="11" text="Yes">
   </cell>
   <cell col-end="6" col-start="6" row-end="11" row-start="11" text="Yes">
   </cell>
   <cell col-end="7" col-start="7" row-end="11" row-start="11" text="Carbon cap-and-trade policy">
   </cell>
   <cell col-end="8" col-start="8" row-end="11" row-start="11" text="No">
   </cell>
  </row>
  <statements>
   <statement id="2" text="Paper Maiti and Giri does not have any demand." type="">
   </statement>
   <statement id="3" text="Remanufacturing recovery process is done for all papers." type="">
   </statement>
   <statement id="6" text="There is no waste disposal for paper Moshtagh et al." type="">
   </statement>
  </statements>
 </table>
 <table id="Table 2">
  <caption text="

   Results of optimal solution.
  
">
  </caption>
  <row row="0">
   <cell col-end="0" col-start="0" row-end="0" row-start="0" text="Optimal decisions">
   </cell>
   <cell col-end="1" col-start="1" row-end="0" row-start="0" text="Centralized">
   </cell>
   <cell col-end="2" col-start="2" row-end="0" row-start="0" text="Manufacturer-led decentralized">
   </cell>
   <cell col-end="3" col-start="3" row-end="0" row-start="0" text="Retailer-led decentralized">
   </cell>
   <cell col-end="4" col-start="4" row-end="0" row-start="0" text="Collector-led decentralized">
   </cell>
   <cell col-end="5" col-start="5" row-end="0" row-start="0" text="Decentralized (Nash Game)">
   </cell>
  </row>
  <row row="1">
   <cell col-end="0" col-start="0" row-end="1" row-start="1" text="s">
   </cell>
   <cell col-end="1" col-start="1" row-end="1" row-start="1" text="13.22">
   </cell>
   <cell col-end="2" col-start="2" row-end="1" row-start="1" text="6.06">
   </cell>
   <cell col-end="3" col-start="3" row-end="1" row-start="1" text="6.34">
   </cell>
   <cell col-end="4" col-start="4" row-end="1" row-start="1" text="6.9">
   </cell>
   <cell col-end="5" col-start="5" row-end="1" row-start="1" text="6.99">
   </cell>
  </row>
  <row row="2">
   <cell col-end="0" col-start="0" row-end="2" row-start="2" text="P
      
       M">
   </cell>
   <cell col-end="1" col-start="1" row-end="2" row-start="2" text="–">
   </cell>
   <cell col-end="2" col-start="2" row-end="2" row-start="2" text="739.75">
   </cell>
   <cell col-end="3" col-start="3" row-end="2" row-start="2" text="424.60">
   </cell>
   <cell col-end="4" col-start="4" row-end="2" row-start="2" text="421.93">
   </cell>
   <cell col-end="5" col-start="5" row-end="2" row-start="2" text="513.52">
   </cell>
  </row>
  <row row="3">
   <cell col-end="0" col-start="0" row-end="3" row-start="3" text="P
      
       R">
   </cell>
   <cell col-end="1" col-start="1" row-end="3" row-start="3" text="730.11">
   </cell>
   <cell col-end="2" col-start="2" row-end="3" row-start="3" text="988.77">
   </cell>
   <cell col-end="3" col-start="3" row-end="3" row-start="3" text="699.20">
   </cell>
   <cell col-end="4" col-start="4" row-end="3" row-start="3" text="693.85">
   </cell>
   <cell col-end="5" col-start="5" row-end="3" row-start="3" text="877.04">
   </cell>
  </row>
  <row row="4">
   <cell col-end="0" col-start="0" row-end="4" row-start="4" text="Q">
   </cell>
   <cell col-end="1" col-start="1" row-end="4" row-start="4" text="0.79">
   </cell>
   <cell col-end="2" col-start="2" row-end="4" row-start="4" text="0.79">
   </cell>
   <cell col-end="3" col-start="3" row-end="4" row-start="4" text="0.35">
   </cell>
   <cell col-end="4" col-start="4" row-end="4" row-start="4" text="0.32">
   </cell>
   <cell col-end="5" col-start="5" row-end="4" row-start="4" text="0.59">
   </cell>
  </row>
  <row row="5">
   <cell col-end="0" col-start="0" row-end="5" row-start="5" text="τ">
   </cell>
   <cell col-end="1" col-start="1" row-end="5" row-start="5" text="0.74">
   </cell>
   <cell col-end="2" col-start="2" row-end="5" row-start="5" text="0.21">
   </cell>
   <cell col-end="3" col-start="3" row-end="5" row-start="5" text="0.46">
   </cell>
   <cell col-end="4" col-start="4" row-end="5" row-start="5" text="0.47">
   </cell>
   <cell col-end="5" col-start="5" row-end="5" row-start="5" text="0.31">
   </cell>
  </row>
  <row row="6">
   <cell col-end="0" col-start="0" row-end="6" row-start="6" text="Π
     

       M">
   </cell>
   <cell col-end="1" col-start="1" row-end="6" row-start="6" text="–">
   </cell>
   <cell col-end="2" col-start="2" row-end="6" row-start="6" text="16784.40">
   </cell>
   <cell col-end="3" col-start="3" row-end="6" row-start="6" text="14532.30">
   </cell>
   <cell col-end="4" col-start="4" row-end="6" row-start="6" text="14492.20">
   </cell>
   <cell col-end="5" col-start="5" row-end="6" row-start="6" text="14242.60">
   </cell>
  </row>
  <row row="7">
   <cell col-end="0" col-start="0" row-end="7" row-start="7" text="Π
     

       R">
   </cell>
   <cell col-end="1" col-start="1" row-end="7" row-start="7" text="–">
   </cell>
   <cell col-end="2" col-start="2" row-end="7" row-start="7" text="6201.19">
   </cell>
   <cell col-end="3" col-start="3" row-end="7" row-start="7" text="14713.70">
   </cell>
   <cell col-end="4" col-start="4" row-end="7" row-start="7" text="14788.60">
   </cell>
   <cell col-end="5" col-start="5" row-end="7" row-start="7" text="13214.60">
   </cell>
  </row>
  <row row="8">
   <cell col-end="0" col-start="0" row-end="8" row-start="8" text="Π
     

       T">
   </cell>
   <cell col-end="1" col-start="1" row-end="8" row-start="8" text="–">
   </cell>
   <cell col-end="2" col-start="2" row-end="8" row-start="8" text="137.06">
   </cell>
   <cell col-end="3" col-start="3" row-end="8" row-start="8" text="634.55">
   </cell>
   <cell col-end="4" col-start="4" row-end="8" row-start="8" text="653.72">
   </cell>
   <cell col-end="5" col-start="5" row-end="8" row-start="8" text="292.07">
   </cell>
  </row>
  <row row="9">
   <cell col-end="0" col-start="0" row-end="9" row-start="9" text="Π">
   </cell>
   <cell col-end="1" col-start="1" row-end="9" row-start="9" text="30719.50">
   </cell>
   <cell col-end="2" col-start="2" row-end="9" row-start="9" text="23122.70">
   </cell>
   <cell col-end="3" col-start="3" row-end="9" row-start="9" text="29880.50">
   </cell>
   <cell col-end="4" col-start="4" row-end="9" row-start="9" text="29934.50">
   </cell>
   <cell col-end="5" col-start="5" row-end="9" row-start="9" text="27749.30">
   </cell>
  </row>
  <statements>
   <statement id="2" text="23122.70 is the greatest value compare to all under Manufacturer-led decentralized ." type="">
   </statement>
   <statement id="4" text="Compare to all 0.21 is the least value for Manufacturer-led decentralized." type="">
   </statement>
   <statement id="5" text="Optimal decisions S HAS 6.99 as greatest value for Decentralized (Nash Game)." type="">
   </statement>
   <statement id="6" text="Optimal decisions S HAS 8.59 as greatest value for Decentralized (Nash Game)." type="">
   </statement>
   <statement id="7" text="Table has been divided into 3 columns- Retailer-led decentralized , Collector-led decentralized and Decentralized (Nash Game)." type="">
   </statement>
  </statements>
 </table>
 <table id="Table 3">
  <caption text="

   Numerical calculation of the technical condition in each corollary.
  
">
  </caption>
  <legend text="

   LHS = Left hand side in the equation.
  

   RHS = Right hand side in the equation.
  
">
  </legend>
  <row row="0">
   <cell col-end="0" col-start="0" row-end="0" row-start="0" text="Corollaries">
   </cell>
   <cell col-end="1" col-start="1" row-end="0" row-start="0" text="Remarks">
   </cell>
  </row>
  <row row="1">
   <cell col-end="0" col-start="0" row-end="1" row-start="1" text="Corollary 1">
   </cell>
   <cell col-end="1" col-start="1" row-end="1" row-start="1" text="LHS = 0.1, RHS = 4.983, satisfies LHS &lt; RHS in
     
      Eq. (17)">
   </cell>
  </row>
  <row row="2">
   <cell col-end="0" col-start="0" row-end="2" row-start="2" text="">
   </cell>
   <cell col-end="1" col-start="1" row-end="2" row-start="2" text="LHS = −32.674, RHS = −98.807,3, satisfies LHS &gt; RHS in
     
      Eq. (18)">
   </cell>
  </row>
  <row row="3">
   <cell col-end="0" col-start="0" row-end="3" row-start="3" text="Corollary 2">
   </cell>
   <cell col-end="1" col-start="1" row-end="3" row-start="3" text="LHS = −0.2, RHS = 0, satisfies LHS &lt; RHS as the condition for
     
      Corollary 2">
   </cell>
  </row>
  <row row="4">
   <cell col-end="0" col-start="0" row-end="4" row-start="4" text="Corollary 3">
   </cell>
   <cell col-end="1" col-start="1" row-end="4" row-start="4" text="LHS = −6000, RHS =0, satisfies LHS &lt; RHS in
     
      Eq. (28)">
   </cell>
  </row>
  <row row="5">
   <cell col-end="0" col-start="0" row-end="5" row-start="5" text="">
   </cell>
   <cell col-end="1" col-start="1" row-end="5" row-start="5" text="LHS = 6000, RHS =154.402, satisfies LHS &gt; RHS in
     
      Eq. (29)">
   </cell>
  </row>
  <row row="6">
   <cell col-end="0" col-start="0" row-end="6" row-start="6" text="Corollary 4">
   </cell>
   <cell col-end="1" col-start="1" row-end="6" row-start="6" text="LHS = 6, RHS =max{−1.811; 5.012}, satisfies LHS &gt; RHS in
     
      Eq. (34)">
   </cell>
  </row>
  <row row="7">
   <cell col-end="0" col-start="0" row-end="7" row-start="7" text="Corollary 5">
   </cell>
   <cell col-end="1" col-start="1" row-end="7" row-start="7" text="LHS = −6000, RHS =0, satisfies LHS &lt; RHS in
     
      Eq. (39)">
   </cell>
  </row>
  <row row="8">
   <cell col-end="0" col-start="0" row-end="8" row-start="8" text="">
   </cell>
   <cell col-end="1" col-start="1" row-end="8" row-start="8" text="LHS = 6000, RHS =332.212, satisfies LHS &gt; RHS in
     
      Eq. (40)">
   </cell>
  </row>
  <row row="9">
   <cell col-end="0" col-start="0" row-end="9" row-start="9" text="Corollary 6">
   </cell>
   <cell col-end="1" col-start="1" row-end="9" row-start="9" text="LHS = 6, RHS =max{−0.842; −0.642}, satisfies LHS &gt; RHS in
     
      Eq. (43)">
   </cell>
  </row>
  <row row="10">
   <cell col-end="0" col-start="0" row-end="10" row-start="10" text="Corollary 7">
   </cell>
   <cell col-end="1" col-start="1" row-end="10" row-start="10" text="LHS = −0.2, RHS = 0, satisfies LHS &lt; RHS as the condition for
     
      Corollary 7">
   </cell>
  </row>
  <row row="11">
   <cell col-end="0" col-start="0" row-end="11" row-start="11" text="Corollary 8">
   </cell>
   <cell col-end="1" col-start="1" row-end="11" row-start="11" text="LHS = 0.2, RHS = 0, satisfies LHS &gt; RHS as the condition for
     
      Corollary 8">
   </cell>
  </row>
  <row row="12">
   <cell col-end="0" col-start="0" row-end="12" row-start="12" text="Corollary 9">
   </cell>
   <cell col-end="1" col-start="1" row-end="12" row-start="12" text="LHS = 6, RHS =max{−0.829; −0.699}, satisfies LHS &gt; RHS in
     
      Eq. (49)">
   </cell>
  </row>
  <row row="13">
   <cell col-end="0" col-start="0" row-end="13" row-start="13" text="Corollary 10">
   </cell>
   <cell col-end="1" col-start="1" row-end="13" row-start="13" text="LHS = −6000, RHS =0, satisfies LHS &lt; RHS in
     
      Eq. (53)">
   </cell>
  </row>
  <row row="14">
   <cell col-end="0" col-start="0" row-end="14" row-start="14" text="">
   </cell>
   <cell col-end="1" col-start="1" row-end="14" row-start="14" text="LHS = 6000, RHS =337.088, satisfies LHS &gt; RHS in
     
      Eq. (54)">
   </cell>
  </row>
  <row row="15">
   <cell col-end="0" col-start="0" row-end="15" row-start="15" text="Corollary 11">
   </cell>
   <cell col-end="1" col-start="1" row-end="15" row-start="15" text="LHS = 0.2, RHS = 0, satisfies LHS &gt; RHS as the condition for
     
      Corollary 11">
   </cell>
  </row>
  <row row="16">
   <cell col-end="0" col-start="0" row-end="16" row-start="16" text="">
   </cell>
   <cell col-end="1" col-start="1" row-end="16" row-start="16" text="LHS = 6, RHS =max{−1.241; 1.324}, satisfies LHS &gt; RHS in
     
      Eq. (49)">
   </cell>
  </row>
  <row row="17">
   <cell col-end="0" col-start="0" row-end="17" row-start="17" text="">
   </cell>
   <cell col-end="1" col-start="1" row-end="17" row-start="17" text="LHS = −6000, RHS =0, satisfies LHS &lt; RHS in
     
      Eq. (53)">
   </cell>
  </row>
  <row row="18">
   <cell col-end="0" col-start="0" row-end="18" row-start="18" text="">
   </cell>
   <cell col-end="1" col-start="1" row-end="18" row-start="18" text="LHS (g) = 6000, RHS =225.379, satisfies LHS &gt; RHS in
     
      Eq. (54)">
   </cell>
  </row>
  <statements>
   <statement id="3" text="If LHS = 0.1, RHS = 4.983, satisfies LHS &lt; RHS in Condition." type="">
   </statement>
   <statement id="5" text="The LHS and RHS satisfies technical condition for each corollary." type="">
   </statement>
  </statements>
 </table>
</document>