<document>
 <table id="Table 1">
  <caption text="

   Agricultural residues and biomass fuels used, together with the added fertiliser, where applicable, and their origin.
  
">
  </caption>
  <row row="0">
   <cell col-end="0" col-start="0" row-end="0" row-start="0" text="Fuel">
   </cell>
   <cell col-end="1" col-start="1" row-end="0" row-start="0" text="Site">
   </cell>
   <cell col-end="2" col-start="2" row-end="0" row-start="0" text="Added N as ammonium nitrate (kg/Ha)">
   </cell>
   <cell col-end="3" col-start="3" row-end="0" row-start="0" text="Added K as K
     
      2
     
     SO
     
      4
     
     (kg/Ha)">
   </cell>
   <cell col-end="4" col-start="4" row-end="0" row-start="0" text="Comments on fuel sources">
   </cell>
  </row>
  <row row="1">
   <cell col-end="0" col-start="0" row-end="1" row-start="1" text="Winter wheat straw">
   </cell>
   <cell col-end="1" col-start="1" row-end="1" row-start="1" text="013">
   </cell>
   <cell col-end="2" col-start="2" row-end="1" row-start="1" text="192">
   </cell>
   <cell col-end="3" col-start="3" row-end="1" row-start="1" text="">
   </cell>
   <cell col-end="4" col-start="4" row-end="1" row-start="1" text="And farmyard manure added, 35 t/ha.">
   </cell>
  </row>
  <row row="2">
   <cell col-end="0" col-start="0" row-end="2" row-start="2" text="Winter wheat straw">
   </cell>
   <cell col-end="1" col-start="1" row-end="2" row-start="2" text="093">
   </cell>
   <cell col-end="2" col-start="2" row-end="2" row-start="2" text="192">
   </cell>
   <cell col-end="3" col-start="3" row-end="2" row-start="2" text="90">
   </cell>
   <cell col-end="4" col-start="4" row-end="2" row-start="2" text="Fertiliser added as shown.">
   </cell>
  </row>
  <row row="3">
   <cell col-end="0" col-start="0" row-end="3" row-start="3" text="Winter wheat straw">
   </cell>
   <cell col-end="1" col-start="1" row-end="3" row-start="3" text="123">
   </cell>
   <cell col-end="2" col-start="2" row-end="3" row-start="3" text="240">
   </cell>
   <cell col-end="3" col-start="3" row-end="3" row-start="3" text="180">
   </cell>
   <cell col-end="4" col-start="4" row-end="3" row-start="3" text="Fertiliser added as shown and 55 kg/ha Na as Na
     
      2
     
     SO
     
      4
     
     .">
   </cell>
  </row>
  <row row="4">
   <cell col-end="0" col-start="0" row-end="4" row-start="4" text="Winter wheat straw">
   </cell>
   <cell col-end="1" col-start="1" row-end="4" row-start="4" text="143">
   </cell>
   <cell col-end="2" col-start="2" row-end="4" row-start="4" text="">
   </cell>
   <cell col-end="3" col-start="3" row-end="4" row-start="4" text="90">
   </cell>
   <cell col-end="4" col-start="4" row-end="4" row-start="4" text="As 093, but K added as KCl">
   </cell>
  </row>
  <row row="5">
   <cell col-end="0" col-start="0" row-end="5" row-start="5" text="Spring barley straw">
   </cell>
   <cell col-end="1" col-start="1" row-end="5" row-start="5" text="423">
   </cell>
   <cell col-end="2" col-start="2" row-end="5" row-start="5" text="144">
   </cell>
   <cell col-end="3" col-start="3" row-end="5" row-start="5" text="90">
   </cell>
   <cell col-end="4" col-start="4" row-end="5" row-start="5" text="Fertiliser added as shown">
   </cell>
  </row>
  <row row="6">
   <cell col-end="0" col-start="0" row-end="6" row-start="6" text="Spring barley straw">
   </cell>
   <cell col-end="1" col-start="1" row-end="6" row-start="6" text="433">
   </cell>
   <cell col-end="2" col-start="2" row-end="6" row-start="6" text="144">
   </cell>
   <cell col-end="3" col-start="3" row-end="6" row-start="6" text="90">
   </cell>
   <cell col-end="4" col-start="4" row-end="6" row-start="6" text="Fertiliser added and 450 kg/ha as Na
     
      2
     
     SiO
     
      3">
   </cell>
  </row>
  <row row="7">
   <cell col-end="0" col-start="0" row-end="7" row-start="7" text="Spring barley straw">
   </cell>
   <cell col-end="1" col-start="1" row-end="7" row-start="7" text="723">
   </cell>
   <cell col-end="2" col-start="2" row-end="7" row-start="7" text="144">
   </cell>
   <cell col-end="3" col-start="3" row-end="7" row-start="7" text="">
   </cell>
   <cell col-end="4" col-start="4" row-end="7" row-start="7" text="N, P &amp; K from farmyard manure">
   </cell>
  </row>
  <row row="8">
   <cell col-end="0" col-start="0" row-end="8" row-start="8" text="Bagasse">
   </cell>
   <cell col-end="1" col-start="1" row-end="8" row-start="8" text="">
   </cell>
   <cell col-end="2" col-start="2" row-end="8" row-start="8" text="–">
   </cell>
   <cell col-end="3" col-start="3" row-end="8" row-start="8" text="–">
   </cell>
   <cell col-end="4" col-start="4" row-end="8" row-start="8" text="Brazil">
   </cell>
  </row>
  <row row="9">
   <cell col-end="0" col-start="0" row-end="9" row-start="9" text="Miscanthus">
   </cell>
   <cell col-end="1" col-start="1" row-end="9" row-start="9" text="">
   </cell>
   <cell col-end="2" col-start="2" row-end="9" row-start="9" text="–">
   </cell>
   <cell col-end="3" col-start="3" row-end="9" row-start="9" text="–">
   </cell>
   <cell col-end="4" col-start="4" row-end="9" row-start="9" text="South-west UK (locally grown)">
   </cell>
  </row>
  <row row="10">
   <cell col-end="0" col-start="0" row-end="10" row-start="10" text="Commercially made ‘Heatlogs’ briquettes">
   </cell>
   <cell col-end="1" col-start="1" row-end="10" row-start="10" text="">
   </cell>
   <cell col-end="2" col-start="2" row-end="10" row-start="10" text="–">
   </cell>
   <cell col-end="3" col-start="3" row-end="10" row-start="10" text="–">
   </cell>
   <cell col-end="4" col-start="4" row-end="10" row-start="10" text="Hardwood briquettes made by Fuel Express, HETAS Approved.">
   </cell>
  </row>
  <row row="11">
   <cell col-end="0" col-start="0" row-end="11" row-start="11" text="Commercially made ‘Hotmax’ briquettes">
   </cell>
   <cell col-end="1" col-start="1" row-end="11" row-start="11" text="">
   </cell>
   <cell col-end="2" col-start="2" row-end="11" row-start="11" text="">
   </cell>
   <cell col-end="3" col-start="3" row-end="11" row-start="11" text="">
   </cell>
   <cell col-end="4" col-start="4" row-end="11" row-start="11" text="Softwood (pine) waste briquettes made by Hotmax, HETAS Approved.">
   </cell>
  </row>
  <row row="12">
   <cell col-end="0" col-start="0" row-end="12" row-start="12" text="Wood logs, spruce">
   </cell>
   <cell col-end="1" col-start="1" row-end="12" row-start="12" text="">
   </cell>
   <cell col-end="2" col-start="2" row-end="12" row-start="12" text="">
   </cell>
   <cell col-end="3" col-start="3" row-end="12" row-start="12" text="">
   </cell>
   <cell col-end="4" col-start="4" row-end="12" row-start="12" text="18% moisture DEFRA Approved.">
   </cell>
  </row>
  <row row="13">
   <cell col-end="0" col-start="0" row-end="13" row-start="13" text="Wood logs, willow">
   </cell>
   <cell col-end="1" col-start="1" row-end="13" row-start="13" text="">
   </cell>
   <cell col-end="2" col-start="2" row-end="13" row-start="13" text="">
   </cell>
   <cell col-end="3" col-start="3" row-end="13" row-start="13" text="">
   </cell>
   <cell col-end="4" col-start="4" row-end="13" row-start="13" text="10% moisture, DEFRA Approved.">
   </cell>
  </row>
  <statements>
   <statement id="0" text="013- 143 is the value of site for Winter wheat straw Fuel." type="">
   </statement>
   <statement id="1" text="180 is the maximum value under Added K as K 2 SO 4 (kg/Ha) column" type="">
   </statement>
   <statement id="3" text="Compare to all 723 is the highest Site value." type="">
   </statement>
   <statement id="6" text="When compared to all, 923 is the highest Site value." type="">
   </statement>
  </statements>
 </table>
 <table id="Table 2">
  <caption text="

   Ultimate and proximate analyses of samples of the fuels; the straw samples were analysed before briquetting; the other analyses are of the finished briquettes.
  
">
  </caption>
  <legend text="

   Db: dry basis; ar: as received; MC: moisture content wt%; HHV: Higher Heating Value.
  
">
  </legend>
  <row row="0">
   <cell col-end="0" col-start="0" row-end="0" row-start="0" text="">
   </cell>
   <cell col-end="5" col-start="1" row-end="0" row-start="0" text="wt% db">
   </cell>
   <cell col-end="6" col-start="6" row-end="0" row-start="0" text="ar">
   </cell>
   <cell col-end="9" col-start="7" row-end="0" row-start="0" text="wt% db">
   </cell>
   <cell col-end="10" col-start="10" row-end="0" row-start="0" text="HHV, db">
   </cell>
  </row>
  <row row="1">
   <cell col-end="0" col-start="0" row-end="1" row-start="1" text="Sample">
   </cell>
   <cell col-end="1" col-start="1" row-end="1" row-start="1" text="C">
   </cell>
   <cell col-end="2" col-start="2" row-end="1" row-start="1" text="H">
   </cell>
   <cell col-end="3" col-start="3" row-end="1" row-start="1" text="N">
   </cell>
   <cell col-end="4" col-start="4" row-end="1" row-start="1" text="S">
   </cell>
   <cell col-end="5" col-start="5" row-end="1" row-start="1" text="Cl">
   </cell>
   <cell col-end="6" col-start="6" row-end="1" row-start="1" text="MC">
   </cell>
   <cell col-end="7" col-start="7" row-end="1" row-start="1" text="VM">
   </cell>
   <cell col-end="8" col-start="8" row-end="1" row-start="1" text="FC">
   </cell>
   <cell col-end="9" col-start="9" row-end="1" row-start="1" text="Ash">
   </cell>
   <cell col-end="10" col-start="10" row-end="1" row-start="1" text="MJ/kg">
   </cell>
  </row>
  <row row="2">
   <cell col-end="0" col-start="0" row-end="2" row-start="2" text="WS 013">
   </cell>
   <cell col-end="1" col-start="1" row-end="2" row-start="2" text="44.3">
   </cell>
   <cell col-end="2" col-start="2" row-end="2" row-start="2" text="6.2">
   </cell>
   <cell col-end="3" col-start="3" row-end="2" row-start="2" text="0.5">
   </cell>
   <cell col-end="4" col-start="4" row-end="2" row-start="2" text="0.10">
   </cell>
   <cell col-end="5" col-start="5" row-end="2" row-start="2" text="0.06">
   </cell>
   <cell col-end="6" col-start="6" row-end="2" row-start="2" text="6.7">
   </cell>
   <cell col-end="7" col-start="7" row-end="2" row-start="2" text="82.3">
   </cell>
   <cell col-end="8" col-start="8" row-end="2" row-start="2" text="12">
   </cell>
   <cell col-end="9" col-start="9" row-end="2" row-start="2" text="7.0">
   </cell>
   <cell col-end="10" col-start="10" row-end="2" row-start="2" text="17.62">
   </cell>
  </row>
  <row row="3">
   <cell col-end="0" col-start="0" row-end="3" row-start="3" text="WS 093">
   </cell>
   <cell col-end="1" col-start="1" row-end="3" row-start="3" text="50.3">
   </cell>
   <cell col-end="2" col-start="2" row-end="3" row-start="3" text="5.5">
   </cell>
   <cell col-end="3" col-start="3" row-end="3" row-start="3" text="0.5">
   </cell>
   <cell col-end="4" col-start="4" row-end="3" row-start="3" text="0.06">
   </cell>
   <cell col-end="5" col-start="5" row-end="3" row-start="3" text="0.03">
   </cell>
   <cell col-end="6" col-start="6" row-end="3" row-start="3" text="5.8">
   </cell>
   <cell col-end="7" col-start="7" row-end="3" row-start="3" text="79.6">
   </cell>
   <cell col-end="8" col-start="8" row-end="3" row-start="3" text="16.2">
   </cell>
   <cell col-end="9" col-start="9" row-end="3" row-start="3" text="4.2">
   </cell>
   <cell col-end="10" col-start="10" row-end="3" row-start="3" text="19.71">
   </cell>
  </row>
  <row row="4">
   <cell col-end="0" col-start="0" row-end="4" row-start="4" text="WS 123">
   </cell>
   <cell col-end="1" col-start="1" row-end="4" row-start="4" text="47.8">
   </cell>
   <cell col-end="2" col-start="2" row-end="4" row-start="4" text="5.2">
   </cell>
   <cell col-end="3" col-start="3" row-end="4" row-start="4" text="0.6">
   </cell>
   <cell col-end="4" col-start="4" row-end="4" row-start="4" text="0.08">
   </cell>
   <cell col-end="5" col-start="5" row-end="4" row-start="4" text="0.04">
   </cell>
   <cell col-end="6" col-start="6" row-end="4" row-start="4" text="8.7">
   </cell>
   <cell col-end="7" col-start="7" row-end="4" row-start="4" text="78.6">
   </cell>
   <cell col-end="8" col-start="8" row-end="4" row-start="4" text="16.8">
   </cell>
   <cell col-end="9" col-start="9" row-end="4" row-start="4" text="4.7">
   </cell>
   <cell col-end="10" col-start="10" row-end="4" row-start="4" text="19.59">
   </cell>
  </row>
  <row row="5">
   <cell col-end="0" col-start="0" row-end="5" row-start="5" text="WS 143">
   </cell>
   <cell col-end="1" col-start="1" row-end="5" row-start="5" text="43.2">
   </cell>
   <cell col-end="2" col-start="2" row-end="5" row-start="5" text="6.2">
   </cell>
   <cell col-end="3" col-start="3" row-end="5" row-start="5" text="0.4">
   </cell>
   <cell col-end="4" col-start="4" row-end="5" row-start="5" text="0.24">
   </cell>
   <cell col-end="5" col-start="5" row-end="5" row-start="5" text="0.02">
   </cell>
   <cell col-end="6" col-start="6" row-end="5" row-start="5" text="6.6">
   </cell>
   <cell col-end="7" col-start="7" row-end="5" row-start="5" text="87.7">
   </cell>
   <cell col-end="8" col-start="8" row-end="5" row-start="5" text="6.6">
   </cell>
   <cell col-end="9" col-start="9" row-end="5" row-start="5" text="5.7">
   </cell>
   <cell col-end="10" col-start="10" row-end="5" row-start="5" text="19.23">
   </cell>
  </row>
  <row row="6">
   <cell col-end="0" col-start="0" row-end="6" row-start="6" text="BS 423">
   </cell>
   <cell col-end="1" col-start="1" row-end="6" row-start="6" text="48.7">
   </cell>
   <cell col-end="2" col-start="2" row-end="6" row-start="6" text="5.1">
   </cell>
   <cell col-end="3" col-start="3" row-end="6" row-start="6" text="0.9">
   </cell>
   <cell col-end="4" col-start="4" row-end="6" row-start="6" text="0.10">
   </cell>
   <cell col-end="5" col-start="5" row-end="6" row-start="6" text="0.11">
   </cell>
   <cell col-end="6" col-start="6" row-end="6" row-start="6" text="7.4">
   </cell>
   <cell col-end="7" col-start="7" row-end="6" row-start="6" text="75.1">
   </cell>
   <cell col-end="8" col-start="8" row-end="6" row-start="6" text="19.0">
   </cell>
   <cell col-end="9" col-start="9" row-end="6" row-start="6" text="5.9">
   </cell>
   <cell col-end="10" col-start="10" row-end="6" row-start="6" text="19.75">
   </cell>
  </row>
  <row row="7">
   <cell col-end="0" col-start="0" row-end="7" row-start="7" text="BS 433">
   </cell>
   <cell col-end="1" col-start="1" row-end="7" row-start="7" text="48.2">
   </cell>
   <cell col-end="2" col-start="2" row-end="7" row-start="7" text="5.1">
   </cell>
   <cell col-end="3" col-start="3" row-end="7" row-start="7" text="0.9">
   </cell>
   <cell col-end="4" col-start="4" row-end="7" row-start="7" text="0.10">
   </cell>
   <cell col-end="5" col-start="5" row-end="7" row-start="7" text="0.13">
   </cell>
   <cell col-end="6" col-start="6" row-end="7" row-start="7" text="7.8">
   </cell>
   <cell col-end="7" col-start="7" row-end="7" row-start="7" text="74.2">
   </cell>
   <cell col-end="8" col-start="8" row-end="7" row-start="7" text="19.3">
   </cell>
   <cell col-end="9" col-start="9" row-end="7" row-start="7" text="6.5">
   </cell>
   <cell col-end="10" col-start="10" row-end="7" row-start="7" text="19.66">
   </cell>
  </row>
  <row row="8">
   <cell col-end="0" col-start="0" row-end="8" row-start="8" text="BS 723">
   </cell>
   <cell col-end="1" col-start="1" row-end="8" row-start="8" text="47.4">
   </cell>
   <cell col-end="2" col-start="2" row-end="8" row-start="8" text="5.2">
   </cell>
   <cell col-end="3" col-start="3" row-end="8" row-start="8" text="0.5">
   </cell>
   <cell col-end="4" col-start="4" row-end="8" row-start="8" text="0.06">
   </cell>
   <cell col-end="5" col-start="5" row-end="8" row-start="8" text="0.05">
   </cell>
   <cell col-end="6" col-start="6" row-end="8" row-start="8" text="7.3">
   </cell>
   <cell col-end="7" col-start="7" row-end="8" row-start="8" text="76.6">
   </cell>
   <cell col-end="8" col-start="8" row-end="8" row-start="8" text="18.2">
   </cell>
   <cell col-end="9" col-start="9" row-end="8" row-start="8" text="5.2">
   </cell>
   <cell col-end="10" col-start="10" row-end="8" row-start="8" text="19.23">
   </cell>
  </row>
  <row row="9">
   <cell col-end="0" col-start="0" row-end="9" row-start="9" text="Bagasse">
   </cell>
   <cell col-end="1" col-start="1" row-end="9" row-start="9" text="48.2">
   </cell>
   <cell col-end="2" col-start="2" row-end="9" row-start="9" text="5.6">
   </cell>
   <cell col-end="3" col-start="3" row-end="9" row-start="9" text="0.3">
   </cell>
   <cell col-end="4" col-start="4" row-end="9" row-start="9" text="0.03">
   </cell>
   <cell col-end="5" col-start="5" row-end="9" row-start="9" text="0.01">
   </cell>
   <cell col-end="6" col-start="6" row-end="9" row-start="9" text="5.9">
   </cell>
   <cell col-end="7" col-start="7" row-end="9" row-start="9" text="87.5">
   </cell>
   <cell col-end="8" col-start="8" row-end="9" row-start="9" text="">
   </cell>
   <cell col-end="9" col-start="9" row-end="9" row-start="9" text="5.4">
   </cell>
   <cell col-end="10" col-start="10" row-end="9" row-start="9" text="18.95">
   </cell>
  </row>
  <row row="10">
   <cell col-end="0" col-start="0" row-end="10" row-start="10" text="Miscanthus">
   </cell>
   <cell col-end="1" col-start="1" row-end="10" row-start="10" text="47.3">
   </cell>
   <cell col-end="2" col-start="2" row-end="10" row-start="10" text="5.7">
   </cell>
   <cell col-end="3" col-start="3" row-end="10" row-start="10" text="0.8">
   </cell>
   <cell col-end="4" col-start="4" row-end="10" row-start="10" text="0.10">
   </cell>
   <cell col-end="5" col-start="5" row-end="10" row-start="10" text="0.25">
   </cell>
   <cell col-end="6" col-start="6" row-end="10" row-start="10" text="9.1">
   </cell>
   <cell col-end="7" col-start="7" row-end="10" row-start="10" text="87.0">
   </cell>
   <cell col-end="8" col-start="8" row-end="10" row-start="10" text="">
   </cell>
   <cell col-end="9" col-start="9" row-end="10" row-start="10" text="4.6">
   </cell>
   <cell col-end="10" col-start="10" row-end="10" row-start="10" text="20.02">
   </cell>
  </row>
  <row row="11">
   <cell col-end="0" col-start="0" row-end="11" row-start="11" text="Wood briq. Heatlogs">
   </cell>
   <cell col-end="1" col-start="1" row-end="11" row-start="11" text="49.7">
   </cell>
   <cell col-end="2" col-start="2" row-end="11" row-start="11" text="5.8">
   </cell>
   <cell col-end="3" col-start="3" row-end="11" row-start="11" text="0.2">
   </cell>
   <cell col-end="4" col-start="4" row-end="11" row-start="11" text="0.02">
   </cell>
   <cell col-end="5" col-start="5" row-end="11" row-start="11" text="0.01">
   </cell>
   <cell col-end="6" col-start="6" row-end="11" row-start="11" text="6.7">
   </cell>
   <cell col-end="7" col-start="7" row-end="11" row-start="11" text="90.1">
   </cell>
   <cell col-end="8" col-start="8" row-end="11" row-start="11" text="8.6">
   </cell>
   <cell col-end="9" col-start="9" row-end="11" row-start="11" text="1.3">
   </cell>
   <cell col-end="10" col-start="10" row-end="11" row-start="11" text="19.81">
   </cell>
  </row>
  <row row="12">
   <cell col-end="0" col-start="0" row-end="12" row-start="12" text="Wood briq. Hotmax">
   </cell>
   <cell col-end="1" col-start="1" row-end="12" row-start="12" text="49.7">
   </cell>
   <cell col-end="2" col-start="2" row-end="12" row-start="12" text="6.1">
   </cell>
   <cell col-end="3" col-start="3" row-end="12" row-start="12" text="0.5">
   </cell>
   <cell col-end="4" col-start="4" row-end="12" row-start="12" text="0.0">
   </cell>
   <cell col-end="5" col-start="5" row-end="12" row-start="12" text="–">
   </cell>
   <cell col-end="6" col-start="6" row-end="12" row-start="12" text="5.5">
   </cell>
   <cell col-end="7" col-start="7" row-end="12" row-start="12" text="75.8">
   </cell>
   <cell col-end="8" col-start="8" row-end="12" row-start="12" text="19.1">
   </cell>
   <cell col-end="9" col-start="9" row-end="12" row-start="12" text="4.9">
   </cell>
   <cell col-end="10" col-start="10" row-end="12" row-start="12" text="19.8">
   </cell>
  </row>
  <statements>
   <statement id="1" text="Db is measured in MJ/kg." type="">
   </statement>
   <statement id="2" text="Db stands for dry basis." type="">
   </statement>
   <statement id="4" text="It should perhaps be noted though, that the N-content of these fuels is still lower than typical values for coal-based smokeless fuels, such as those found on the Defra-approved fuels list, and only recently discontinued." type="">
   </statement>
   <statement id="5" text="Moisture content of WS013 is 6.6%." type="">
   </statement>
   <statement id="6" text="Moisture content of WS013 is 6.7%." type="">
   </statement>
   <statement id="7" text="Table has 31 samples." type="">
   </statement>
   <statement id="8" text="The table contains the information of ultimate and proximate analyses of samples of the fuel." type="">
   </statement>
   <statement id="9" text="The table contains the information of ultimate and proximate analyses of samples of the Metal." type="">
   </statement>
  </statements>
 </table>
 <table id="Table 3">
  <caption text="

   Metals analysis in the whole sample by Atomic Absorption Spectroscopy.
  
">
  </caption>
  <row row="0">
   <cell col-end="0" col-start="0" row-end="0" row-start="0" text="">
   </cell>
   <cell col-end="8" col-start="1" row-end="0" row-start="0" text="mg/kg (db)">
   </cell>
  </row>
  <row row="1">
   <cell col-end="0" col-start="0" row-end="1" row-start="1" text="Sample">
   </cell>
   <cell col-end="1" col-start="1" row-end="1" row-start="1" text="K">
   </cell>
   <cell col-end="2" col-start="2" row-end="1" row-start="1" text="Na">
   </cell>
   <cell col-end="3" col-start="3" row-end="1" row-start="1" text="Fe">
   </cell>
   <cell col-end="4" col-start="4" row-end="1" row-start="1" text="Mn">
   </cell>
   <cell col-end="5" col-start="5" row-end="1" row-start="1" text="Ca">
   </cell>
   <cell col-end="6" col-start="6" row-end="1" row-start="1" text="Al">
   </cell>
   <cell col-end="7" col-start="7" row-end="1" row-start="1" text="Zn">
   </cell>
   <cell col-end="8" col-start="8" row-end="1" row-start="1" text="Mg">
   </cell>
  </row>
  <row row="2">
   <cell col-end="0" col-start="0" row-end="2" row-start="2" text="WS 013">
   </cell>
   <cell col-end="1" col-start="1" row-end="2" row-start="2" text="8077">
   </cell>
   <cell col-end="2" col-start="2" row-end="2" row-start="2" text="104">
   </cell>
   <cell col-end="3" col-start="3" row-end="2" row-start="2" text="98">
   </cell>
   <cell col-end="4" col-start="4" row-end="2" row-start="2" text="44">
   </cell>
   <cell col-end="5" col-start="5" row-end="2" row-start="2" text="5754">
   </cell>
   <cell col-end="6" col-start="6" row-end="2" row-start="2" text="111">
   </cell>
   <cell col-end="7" col-start="7" row-end="2" row-start="2" text="">
   </cell>
   <cell col-end="8" col-start="8" row-end="2" row-start="2" text="633">
   </cell>
  </row>
  <row row="3">
   <cell col-end="0" col-start="0" row-end="3" row-start="3" text="WS 093">
   </cell>
   <cell col-end="1" col-start="1" row-end="3" row-start="3" text="5053">
   </cell>
   <cell col-end="2" col-start="2" row-end="3" row-start="3" text="53">
   </cell>
   <cell col-end="3" col-start="3" row-end="3" row-start="3" text="91">
   </cell>
   <cell col-end="4" col-start="4" row-end="3" row-start="3" text="33">
   </cell>
   <cell col-end="5" col-start="5" row-end="3" row-start="3" text="4374">
   </cell>
   <cell col-end="6" col-start="6" row-end="3" row-start="3" text="138">
   </cell>
   <cell col-end="7" col-start="7" row-end="3" row-start="3" text="42">
   </cell>
   <cell col-end="8" col-start="8" row-end="3" row-start="3" text="907">
   </cell>
  </row>
  <row row="4">
   <cell col-end="0" col-start="0" row-end="4" row-start="4" text="WS 123">
   </cell>
   <cell col-end="1" col-start="1" row-end="4" row-start="4" text="5495">
   </cell>
   <cell col-end="2" col-start="2" row-end="4" row-start="4" text="55">
   </cell>
   <cell col-end="3" col-start="3" row-end="4" row-start="4" text="89">
   </cell>
   <cell col-end="4" col-start="4" row-end="4" row-start="4" text="31">
   </cell>
   <cell col-end="5" col-start="5" row-end="4" row-start="4" text="5274">
   </cell>
   <cell col-end="6" col-start="6" row-end="4" row-start="4" text="92">
   </cell>
   <cell col-end="7" col-start="7" row-end="4" row-start="4" text="37">
   </cell>
   <cell col-end="8" col-start="8" row-end="4" row-start="4" text="874">
   </cell>
  </row>
  <row row="5">
   <cell col-end="0" col-start="0" row-end="5" row-start="5" text="WS 143">
   </cell>
   <cell col-end="1" col-start="1" row-end="5" row-start="5" text="5252">
   </cell>
   <cell col-end="2" col-start="2" row-end="5" row-start="5" text="254">
   </cell>
   <cell col-end="3" col-start="3" row-end="5" row-start="5" text="120">
   </cell>
   <cell col-end="4" col-start="4" row-end="5" row-start="5" text="36">
   </cell>
   <cell col-end="5" col-start="5" row-end="5" row-start="5" text="3911">
   </cell>
   <cell col-end="6" col-start="6" row-end="5" row-start="5" text="60">
   </cell>
   <cell col-end="7" col-start="7" row-end="5" row-start="5" text="">
   </cell>
   <cell col-end="8" col-start="8" row-end="5" row-start="5" text="584">
   </cell>
  </row>
  <row row="6">
   <cell col-end="0" col-start="0" row-end="6" row-start="6" text="BS 423">
   </cell>
   <cell col-end="1" col-start="1" row-end="6" row-start="6" text="20,649">
   </cell>
   <cell col-end="2" col-start="2" row-end="6" row-start="6" text="260">
   </cell>
   <cell col-end="3" col-start="3" row-end="6" row-start="6" text="147">
   </cell>
   <cell col-end="4" col-start="4" row-end="6" row-start="6" text="39">
   </cell>
   <cell col-end="5" col-start="5" row-end="6" row-start="6" text="7298">
   </cell>
   <cell col-end="6" col-start="6" row-end="6" row-start="6" text="196">
   </cell>
   <cell col-end="7" col-start="7" row-end="6" row-start="6" text="43">
   </cell>
   <cell col-end="8" col-start="8" row-end="6" row-start="6" text="999">
   </cell>
  </row>
  <row row="7">
   <cell col-end="0" col-start="0" row-end="7" row-start="7" text="BS 433">
   </cell>
   <cell col-end="1" col-start="1" row-end="7" row-start="7" text="16,464">
   </cell>
   <cell col-end="2" col-start="2" row-end="7" row-start="7" text="1078">
   </cell>
   <cell col-end="3" col-start="3" row-end="7" row-start="7" text="156">
   </cell>
   <cell col-end="4" col-start="4" row-end="7" row-start="7" text="52">
   </cell>
   <cell col-end="5" col-start="5" row-end="7" row-start="7" text="7922">
   </cell>
   <cell col-end="6" col-start="6" row-end="7" row-start="7" text="196">
   </cell>
   <cell col-end="7" col-start="7" row-end="7" row-start="7" text="46">
   </cell>
   <cell col-end="8" col-start="8" row-end="7" row-start="7" text="1014">
   </cell>
  </row>
  <row row="8">
   <cell col-end="0" col-start="0" row-end="8" row-start="8" text="BS 723">
   </cell>
   <cell col-end="1" col-start="1" row-end="8" row-start="8" text="12,394">
   </cell>
   <cell col-end="2" col-start="2" row-end="8" row-start="8" text="206">
   </cell>
   <cell col-end="3" col-start="3" row-end="8" row-start="8" text="147">
   </cell>
   <cell col-end="4" col-start="4" row-end="8" row-start="8" text="14">
   </cell>
   <cell col-end="5" col-start="5" row-end="8" row-start="8" text="5149">
   </cell>
   <cell col-end="6" col-start="6" row-end="8" row-start="8" text="217">
   </cell>
   <cell col-end="7" col-start="7" row-end="8" row-start="8" text="43">
   </cell>
   <cell col-end="8" col-start="8" row-end="8" row-start="8" text="617">
   </cell>
  </row>
  <row row="9">
   <cell col-end="0" col-start="0" row-end="9" row-start="9" text="Bagasse">
   </cell>
   <cell col-end="1" col-start="1" row-end="9" row-start="9" text="2645">
   </cell>
   <cell col-end="2" col-start="2" row-end="9" row-start="9" text="280">
   </cell>
   <cell col-end="3" col-start="3" row-end="9" row-start="9" text="1889
     


       a">
   </cell>
   <cell col-end="4" col-start="4" row-end="9" row-start="9" text="68">
   </cell>
   <cell col-end="5" col-start="5" row-end="9" row-start="9" text="1969">
   </cell>
   <cell col-end="6" col-start="6" row-end="9" row-start="9" text="3058
     


       a">
   </cell>
   <cell col-end="7" col-start="7" row-end="9" row-start="9" text="">
   </cell>
   <cell col-end="8" col-start="8" row-end="9" row-start="9" text="282">
   </cell>
  </row>
  <row row="10">
   <cell col-end="0" col-start="0" row-end="10" row-start="10" text="Miscanthus">
   </cell>
   <cell col-end="1" col-start="1" row-end="10" row-start="10" text="11,112">
   </cell>
   <cell col-end="2" col-start="2" row-end="10" row-start="10" text="171">
   </cell>
   <cell col-end="3" col-start="3" row-end="10" row-start="10" text="97">
   </cell>
   <cell col-end="4" col-start="4" row-end="10" row-start="10" text="29">
   </cell>
   <cell col-end="5" col-start="5" row-end="10" row-start="10" text="4406">
   </cell>
   <cell col-end="6" col-start="6" row-end="10" row-start="10" text="23">
   </cell>
   <cell col-end="7" col-start="7" row-end="10" row-start="10" text="">
   </cell>
   <cell col-end="8" col-start="8" row-end="10" row-start="10" text="555">
   </cell>
  </row>
  <row row="11">
   <cell col-end="0" col-start="0" row-end="11" row-start="11" text="Wood briq. Heatlogs">
   </cell>
   <cell col-end="1" col-start="1" row-end="11" row-start="11" text="1326">
   </cell>
   <cell col-end="2" col-start="2" row-end="11" row-start="11" text="23">
   </cell>
   <cell col-end="3" col-start="3" row-end="11" row-start="11" text="167">
   </cell>
   <cell col-end="4" col-start="4" row-end="11" row-start="11" text="8">
   </cell>
   <cell col-end="5" col-start="5" row-end="11" row-start="11" text="3888">
   </cell>
   <cell col-end="6" col-start="6" row-end="11" row-start="11" text="138">
   </cell>
   <cell col-end="7" col-start="7" row-end="11" row-start="11" text="">
   </cell>
   <cell col-end="8" col-start="8" row-end="11" row-start="11" text="926">
   </cell>
  </row>
  <statements>
   <statement id="0" text="Miscanthus, resembles BS in terms of alkali concentrations, and Bagasse contains the lowest alkali of all the fuels (and the lowest Ca content)." type="">
   </statement>
   <statement id="3" text="The highest value is 20,649 of K metal in BS 423 sample." type="">
   </statement>
   <statement id="6" text="There are 10 types of samples." type="">
   </statement>
   <statement id="7" text="There are 15 types of samples." type="">
   </statement>
   <statement id="8" text="There are 8 different types of metals in the given table." type="">
   </statement>
  </statements>
 </table>
 <table id="Table 4">
  <caption text="

   Analysis of some of the fuel ash fractions.
  
">
  </caption>
  <row row="0">
   <cell col-end="0" col-start="0" row-end="0" row-start="0" text="">
   </cell>
   <cell col-end="11" col-start="1" row-end="0" row-start="0" text="wt% oxides">
   </cell>
  </row>
  <row row="1">
   <cell col-end="0" col-start="0" row-end="1" row-start="1" text="Sample">
   </cell>
   <cell col-end="1" col-start="1" row-end="1" row-start="1" text="SiO
     
      2">
   </cell>
   <cell col-end="2" col-start="2" row-end="1" row-start="1" text="Al
     
      2
     
     O
     
      3">
   </cell>
   <cell col-end="3" col-start="3" row-end="1" row-start="1" text="Fe
     
      2
     
     O
     
      3">
   </cell>
   <cell col-end="4" col-start="4" row-end="1" row-start="1" text="TiO
     
      2">
   </cell>
   <cell col-end="5" col-start="5" row-end="1" row-start="1" text="CaO">
   </cell>
   <cell col-end="6" col-start="6" row-end="1" row-start="1" text="MgO">
   </cell>
   <cell col-end="7" col-start="7" row-end="1" row-start="1" text="Na
     
      2
     
     O">
   </cell>
   <cell col-end="8" col-start="8" row-end="1" row-start="1" text="K
     
      2
     
     O">
   </cell>
   <cell col-end="9" col-start="9" row-end="1" row-start="1" text="Mn
     
      3
     
     O
     
      4">
   </cell>
   <cell col-end="10" col-start="10" row-end="1" row-start="1" text="P
     
      2
     
     O
     
      5">
   </cell>
   <cell col-end="11" col-start="11" row-end="1" row-start="1" text="SO
     
      3">
   </cell>
  </row>
  <row row="2">
   <cell col-end="0" col-start="0" row-end="2" row-start="2" text="WS 013">
   </cell>
   <cell col-end="1" col-start="1" row-end="2" row-start="2" text="55.8">
   </cell>
   <cell col-end="2" col-start="2" row-end="2" row-start="2" text="0.3">
   </cell>
   <cell col-end="3" col-start="3" row-end="2" row-start="2" text="0.2">
   </cell>
   <cell col-end="4" col-start="4" row-end="2" row-start="2" text="&lt;0.1">
   </cell>
   <cell col-end="5" col-start="5" row-end="2" row-start="2" text="11.5">
   </cell>
   <cell col-end="6" col-start="6" row-end="2" row-start="2" text="1.5">
   </cell>
   <cell col-end="7" col-start="7" row-end="2" row-start="2" text="0.2">
   </cell>
   <cell col-end="8" col-start="8" row-end="2" row-start="2" text="13.9">
   </cell>
   <cell col-end="9" col-start="9" row-end="2" row-start="2" text="&lt;0.1">
   </cell>
   <cell col-end="10" col-start="10" row-end="2" row-start="2" text="2.1">
   </cell>
   <cell col-end="11" col-start="11" row-end="2" row-start="2" text="3.1">
   </cell>
  </row>
  <row row="3">
   <cell col-end="0" col-start="0" row-end="3" row-start="3" text="WS 143">
   </cell>
   <cell col-end="1" col-start="1" row-end="3" row-start="3" text="62.8">
   </cell>
   <cell col-end="2" col-start="2" row-end="3" row-start="3" text="0.2">
   </cell>
   <cell col-end="3" col-start="3" row-end="3" row-start="3" text="0.3">
   </cell>
   <cell col-end="4" col-start="4" row-end="3" row-start="3" text="&lt;0.1">
   </cell>
   <cell col-end="5" col-start="5" row-end="3" row-start="3" text="9.6">
   </cell>
   <cell col-end="6" col-start="6" row-end="3" row-start="3" text="1.7">
   </cell>
   <cell col-end="7" col-start="7" row-end="3" row-start="3" text="0.6">
   </cell>
   <cell col-end="8" col-start="8" row-end="3" row-start="3" text="11.1">
   </cell>
   <cell col-end="9" col-start="9" row-end="3" row-start="3" text="0.1">
   </cell>
   <cell col-end="10" col-start="10" row-end="3" row-start="3" text="1.5">
   </cell>
   <cell col-end="11" col-start="11" row-end="3" row-start="3" text="2.1">
   </cell>
  </row>
  <row row="4">
   <cell col-end="0" col-start="0" row-end="4" row-start="4" text="Bagasse">
   </cell>
   <cell col-end="1" col-start="1" row-end="4" row-start="4" text="60.1">
   </cell>
   <cell col-end="2" col-start="2" row-end="4" row-start="4" text="10.7">
   </cell>
   <cell col-end="3" col-start="3" row-end="4" row-start="4" text="5">
   </cell>
   <cell col-end="4" col-start="4" row-end="4" row-start="4" text="0.6">
   </cell>
   <cell col-end="5" col-start="5" row-end="4" row-start="4" text="5.1">
   </cell>
   <cell col-end="6" col-start="6" row-end="4" row-start="4" text="2.4">
   </cell>
   <cell col-end="7" col-start="7" row-end="4" row-start="4" text="0.7">
   </cell>
   <cell col-end="8" col-start="8" row-end="4" row-start="4" text="5.9">
   </cell>
   <cell col-end="9" col-start="9" row-end="4" row-start="4" text="0.2">
   </cell>
   <cell col-end="10" col-start="10" row-end="4" row-start="4" text="2.2">
   </cell>
   <cell col-end="11" col-start="11" row-end="4" row-start="4" text="1.3">
   </cell>
  </row>
  <row row="5">
   <cell col-end="0" col-start="0" row-end="5" row-start="5" text="Miscanthus">
   </cell>
   <cell col-end="1" col-start="1" row-end="5" row-start="5" text="33.2">
   </cell>
   <cell col-end="2" col-start="2" row-end="5" row-start="5" text="0.3">
   </cell>
   <cell col-end="3" col-start="3" row-end="5" row-start="5" text="0.3">
   </cell>
   <cell col-end="4" col-start="4" row-end="5" row-start="5" text="&lt;0.1">
   </cell>
   <cell col-end="5" col-start="5" row-end="5" row-start="5" text="13.4">
   </cell>
   <cell col-end="6" col-start="6" row-end="5" row-start="5" text="2">
   </cell>
   <cell col-end="7" col-start="7" row-end="5" row-start="5" text="0.5">
   </cell>
   <cell col-end="8" col-start="8" row-end="5" row-start="5" text="29.1">
   </cell>
   <cell col-end="9" col-start="9" row-end="5" row-start="5" text="&lt;0.1">
   </cell>
   <cell col-end="10" col-start="10" row-end="5" row-start="5" text="3">
   </cell>
   <cell col-end="11" col-start="11" row-end="5" row-start="5" text="3.8">
   </cell>
  </row>
  <statements>
   <statement id="0" text="Note that the SiO 2 content of the bagasse ash and wheat straw ash was over 60 wt%." type="">
   </statement>
   <statement id="1" text="The highest MgO is 1.5." type="">
   </statement>
   <statement id="2" text="The highest MgO is 2.4." type="">
   </statement>
   <statement id="4" text="The lowest P 2 O is 1.5." type="">
   </statement>
   <statement id="5" text="The lowest SO 3 is 1.3." type="">
   </statement>
  </statements>
 </table>
 <table id="Table 6">
  <caption text="

   Emission Factors for gases over the whole cycle for the fuels studied, g/kg
   
    db.
   

">
  </caption>
  <row row="0">
   <cell col-end="0" col-start="0" row-end="0" row-start="0" text="Sample">
   </cell>
   <cell col-end="1" col-start="1" row-end="0" row-start="0" text="CO">
   </cell>
   <cell col-end="2" col-start="2" row-end="0" row-start="0" text="NOx">
   </cell>
   <cell col-end="3" col-start="3" row-end="0" row-start="0" text="HCl">
   </cell>
   <cell col-end="4" col-start="4" row-end="0" row-start="0" text="SO
     
      2">
   </cell>
   <cell col-end="5" col-start="5" row-end="0" row-start="0" text="CH
     
      4">
   </cell>
   <cell col-end="6" col-start="6" row-end="0" row-start="0" text="Reference">
   </cell>
  </row>
  <row row="1">
   <cell col-end="0" col-start="0" row-end="1" row-start="1" text="WS 093">
   </cell>
   <cell col-end="1" col-start="1" row-end="1" row-start="1" text="100">
   </cell>
   <cell col-end="2" col-start="2" row-end="1" row-start="1" text="2.0">
   </cell>
   <cell col-end="3" col-start="3" row-end="1" row-start="1" text="0.2">
   </cell>
   <cell col-end="4" col-start="4" row-end="1" row-start="1" text="0.5">
   </cell>
   <cell col-end="5" col-start="5" row-end="1" row-start="1" text="0.7">
   </cell>
   <cell col-end="6" col-start="6" row-end="1" row-start="1" text="This work">
   </cell>
  </row>
  <row row="2">
   <cell col-end="0" col-start="0" row-end="2" row-start="2" text="WS 123">
   </cell>
   <cell col-end="1" col-start="1" row-end="2" row-start="2" text="150">
   </cell>
   <cell col-end="2" col-start="2" row-end="2" row-start="2" text="3.0">
   </cell>
   <cell col-end="3" col-start="3" row-end="2" row-start="2" text="0.4">
   </cell>
   <cell col-end="4" col-start="4" row-end="2" row-start="2" text="0.6">
   </cell>
   <cell col-end="5" col-start="5" row-end="2" row-start="2" text="1.4">
   </cell>
   <cell col-end="6" col-start="6" row-end="2" row-start="2" text="This work">
   </cell>
  </row>
  <row row="3">
   <cell col-end="0" col-start="0" row-end="3" row-start="3" text="BS 423">
   </cell>
   <cell col-end="1" col-start="1" row-end="3" row-start="3" text="180">
   </cell>
   <cell col-end="2" col-start="2" row-end="3" row-start="3" text="3.6">
   </cell>
   <cell col-end="3" col-start="3" row-end="3" row-start="3" text="0.3">
   </cell>
   <cell col-end="4" col-start="4" row-end="3" row-start="3" text="0.8">
   </cell>
   <cell col-end="5" col-start="5" row-end="3" row-start="3" text="2.2">
   </cell>
   <cell col-end="6" col-start="6" row-end="3" row-start="3" text="This work">
   </cell>
  </row>
  <row row="4">
   <cell col-end="0" col-start="0" row-end="4" row-start="4" text="BS 433">
   </cell>
   <cell col-end="1" col-start="1" row-end="4" row-start="4" text="180">
   </cell>
   <cell col-end="2" col-start="2" row-end="4" row-start="4" text="3.4">
   </cell>
   <cell col-end="3" col-start="3" row-end="4" row-start="4" text="0.3">
   </cell>
   <cell col-end="4" col-start="4" row-end="4" row-start="4" text="1.2">
   </cell>
   <cell col-end="5" col-start="5" row-end="4" row-start="4" text="2.4">
   </cell>
   <cell col-end="6" col-start="6" row-end="4" row-start="4" text="This work">
   </cell>
  </row>
  <row row="5">
   <cell col-end="0" col-start="0" row-end="5" row-start="5" text="BS 723">
   </cell>
   <cell col-end="1" col-start="1" row-end="5" row-start="5" text="150">
   </cell>
   <cell col-end="2" col-start="2" row-end="5" row-start="5" text="2.2">
   </cell>
   <cell col-end="3" col-start="3" row-end="5" row-start="5" text="0.3">
   </cell>
   <cell col-end="4" col-start="4" row-end="5" row-start="5" text="0.6">
   </cell>
   <cell col-end="5" col-start="5" row-end="5" row-start="5" text="1.6">
   </cell>
   <cell col-end="6" col-start="6" row-end="5" row-start="5" text="This work">
   </cell>
  </row>
  <row row="6">
   <cell col-end="0" col-start="0" row-end="6" row-start="6" text="Bagasse">
   </cell>
   <cell col-end="1" col-start="1" row-end="6" row-start="6" text="160">
   </cell>
   <cell col-end="2" col-start="2" row-end="6" row-start="6" text="1.8">
   </cell>
   <cell col-end="3" col-start="3" row-end="6" row-start="6" text="0.05">
   </cell>
   <cell col-end="4" col-start="4" row-end="6" row-start="6" text="0.6">
   </cell>
   <cell col-end="5" col-start="5" row-end="6" row-start="6" text="2.1">
   </cell>
   <cell col-end="6" col-start="6" row-end="6" row-start="6" text="This work">
   </cell>
  </row>
  <row row="7">
   <cell col-end="0" col-start="0" row-end="7" row-start="7" text="Miscanthus">
   </cell>
   <cell col-end="1" col-start="1" row-end="7" row-start="7" text="160">
   </cell>
   <cell col-end="2" col-start="2" row-end="7" row-start="7" text="2.5">
   </cell>
   <cell col-end="3" col-start="3" row-end="7" row-start="7" text="0.3">
   </cell>
   <cell col-end="4" col-start="4" row-end="7" row-start="7" text="0.8">
   </cell>
   <cell col-end="5" col-start="5" row-end="7" row-start="7" text="1.2">
   </cell>
   <cell col-end="6" col-start="6" row-end="7" row-start="7" text="This work">
   </cell>
  </row>
  <row row="8">
   <cell col-end="0" col-start="0" row-end="8" row-start="8" text="Wood briquettes, Heatlogs">
   </cell>
   <cell col-end="1" col-start="1" row-end="8" row-start="8" text="120">
   </cell>
   <cell col-end="2" col-start="2" row-end="8" row-start="8" text="1.4">
   </cell>
   <cell col-end="3" col-start="3" row-end="8" row-start="8" text="0.06">
   </cell>
   <cell col-end="4" col-start="4" row-end="8" row-start="8" text="0.3">
   </cell>
   <cell col-end="5" col-start="5" row-end="8" row-start="8" text="1.5">
   </cell>
   <cell col-end="6" col-start="6" row-end="8" row-start="8" text="This work">
   </cell>
  </row>
  <row row="9">
   <cell col-end="0" col-start="0" row-end="9" row-start="9" text="Wood briquette, Hotmax">
   </cell>
   <cell col-end="1" col-start="1" row-end="9" row-start="9" text="50.8">
   </cell>
   <cell col-end="2" col-start="2" row-end="9" row-start="9" text="1.5">
   </cell>
   <cell col-end="3" col-start="3" row-end="9" row-start="9" text="0.06">
   </cell>
   <cell col-end="4" col-start="4" row-end="9" row-start="9" text="0.9">
   </cell>
   <cell col-end="5" col-start="5" row-end="9" row-start="9" text="1.1">
   </cell>
   <cell col-end="6" col-start="6" row-end="9" row-start="9" text="This work">
   </cell>
  </row>
  <row row="10">
   <cell col-end="0" col-start="0" row-end="10" row-start="10" text="Wood logs (spruce, 18% moisture)">
   </cell>
   <cell col-end="1" col-start="1" row-end="10" row-start="10" text="110">
   </cell>
   <cell col-end="2" col-start="2" row-end="10" row-start="10" text="1.2">
   </cell>
   <cell col-end="3" col-start="3" row-end="10" row-start="10" text="0.6">
   </cell>
   <cell col-end="4" col-start="4" row-end="10" row-start="10" text="7.3">
   </cell>
   <cell col-end="5" col-start="5" row-end="10" row-start="10" text="4.2">
   </cell>
   <cell col-end="6" col-start="6" row-end="10" row-start="10" text="[
     ]">
   </cell>
  </row>
  <row row="11">
   <cell col-end="0" col-start="0" row-end="11" row-start="11" text="Wood logs (willow, 10% moisture)">
   </cell>
   <cell col-end="1" col-start="1" row-end="11" row-start="11" text="80">
   </cell>
   <cell col-end="2" col-start="2" row-end="11" row-start="11" text="2.6">
   </cell>
   <cell col-end="3" col-start="3" row-end="11" row-start="11" text="0.2">
   </cell>
   <cell col-end="4" col-start="4" row-end="11" row-start="11" text="3.4">
   </cell>
   <cell col-end="5" col-start="5" row-end="11" row-start="11" text="6.4">
   </cell>
   <cell col-end="6" col-start="6" row-end="11" row-start="11" text="[
     ]">
   </cell>
  </row>
  <statements>
   <statement id="0" text="The highest NOx is 180." type="">
   </statement>
   <statement id="1" text="The highest SO 2 is 250." type="">
   </statement>
   <statement id="3" text="The lowest CH 4 is 0.7." type="">
   </statement>
   <statement id="4" text="The lowest CH 4 is 112." type="">
   </statement>
   <statement id="5" text="The lowest HCl is 0.2." type="">
   </statement>
   <statement id="6" text="There are 11 different types of sample in the given table." type="">
   </statement>
  </statements>
 </table>
</document>