<document>
 <table id="Table 1">
  <caption text="

   Comparison of efficiency of our parallel solution and the serial solution (1 k = 1000).
  
">
  </caption>
  <row row="0">
   <cell col-end="0" col-start="0" row-end="1" row-start="0" text="Mesh Model">
   </cell>
   <cell col-end="1" col-start="1" row-end="1" row-start="0" text="Num. of Node">
   </cell>
   <cell col-end="2" col-start="2" row-end="1" row-start="0" text="Num. of Elem.">
   </cell>
   <cell col-end="4" col-start="3" row-end="0" row-start="0" text="Serial (/ms)">
   </cell>
   <cell col-end="6" col-start="5" row-end="0" row-start="0" text="Parallel (/ms)">
   </cell>
   <cell col-end="8" col-start="7" row-end="0" row-start="0" text="Speedup">
   </cell>
  </row>
  <row row="1">
   <cell col-end="3" col-start="3" row-end="1" row-start="1" text="Find Node">
   </cell>
   <cell col-end="4" col-start="4" row-end="1" row-start="1" text="Find Elem.">
   </cell>
   <cell col-end="5" col-start="5" row-end="1" row-start="1" text="Find Node">
   </cell>
   <cell col-end="6" col-start="6" row-end="1" row-start="1" text="Find Elem.">
   </cell>
   <cell col-end="7" col-start="7" row-end="1" row-start="1" text="Find Node">
   </cell>
   <cell col-end="8" col-start="8" row-end="1" row-start="1" text="Find Elem.">
   </cell>
  </row>
  <row row="2">
   <cell col-end="0" col-start="0" row-end="2" row-start="2" text="Armadillo">
   </cell>
   <cell col-end="1" col-start="1" row-end="2" row-start="2" text="172 k">
   </cell>
   <cell col-end="2" col-start="2" row-end="2" row-start="2" text="346 k">
   </cell>
   <cell col-end="3" col-start="3" row-end="2" row-start="2" text="2527">
   </cell>
   <cell col-end="4" col-start="4" row-end="2" row-start="2" text="1732">
   </cell>
   <cell col-end="5" col-start="5" row-end="2" row-start="2" text="50.0">
   </cell>
   <cell col-end="6" col-start="6" row-end="2" row-start="2" text="22.1">
   </cell>
   <cell col-end="7" col-start="7" row-end="2" row-start="2" text="50.5">
   </cell>
   <cell col-end="8" col-start="8" row-end="2" row-start="2" text="78.4">
   </cell>
  </row>
  <row row="3">
   <cell col-end="0" col-start="0" row-end="3" row-start="3" text="Angel">
   </cell>
   <cell col-end="1" col-start="1" row-end="3" row-start="3" text="237 k">
   </cell>
   <cell col-end="2" col-start="2" row-end="3" row-start="3" text="474 k">
   </cell>
   <cell col-end="3" col-start="3" row-end="3" row-start="3" text="3635">
   </cell>
   <cell col-end="4" col-start="4" row-end="3" row-start="3" text="2580">
   </cell>
   <cell col-end="5" col-start="5" row-end="3" row-start="3" text="66.7">
   </cell>
   <cell col-end="6" col-start="6" row-end="3" row-start="3" text="29.4">
   </cell>
   <cell col-end="7" col-start="7" row-end="3" row-start="3" text="54.5">
   </cell>
   <cell col-end="8" col-start="8" row-end="3" row-start="3" text="87.8">
   </cell>
  </row>
  <row row="4">
   <cell col-end="0" col-start="0" row-end="4" row-start="4" text="Hand">
   </cell>
   <cell col-end="1" col-start="1" row-end="4" row-start="4" text="327 k">
   </cell>
   <cell col-end="2" col-start="2" row-end="4" row-start="4" text="655 k">
   </cell>
   <cell col-end="3" col-start="3" row-end="4" row-start="4" text="4806">
   </cell>
   <cell col-end="4" col-start="4" row-end="4" row-start="4" text="3305">
   </cell>
   <cell col-end="5" col-start="5" row-end="4" row-start="4" text="89.1">
   </cell>
   <cell col-end="6" col-start="6" row-end="4" row-start="4" text="38.3">
   </cell>
   <cell col-end="7" col-start="7" row-end="4" row-start="4" text="53.9">
   </cell>
   <cell col-end="8" col-start="8" row-end="4" row-start="4" text="86.3">
   </cell>
  </row>
  <row row="5">
   <cell col-end="0" col-start="0" row-end="5" row-start="5" text="Dragon">
   </cell>
   <cell col-end="1" col-start="1" row-end="5" row-start="5" text="437 k">
   </cell>
   <cell col-end="2" col-start="2" row-end="5" row-start="5" text="871 k">
   </cell>
   <cell col-end="3" col-start="3" row-end="5" row-start="5" text="6543">
   </cell>
   <cell col-end="4" col-start="4" row-end="5" row-start="5" text="4488">
   </cell>
   <cell col-end="5" col-start="5" row-end="5" row-start="5" text="112.7">
   </cell>
   <cell col-end="6" col-start="6" row-end="5" row-start="5" text="48.5">
   </cell>
   <cell col-end="7" col-start="7" row-end="5" row-start="5" text="58.1">
   </cell>
   <cell col-end="8" col-start="8" row-end="5" row-start="5" text="92.5">
   </cell>
  </row>
  <row row="6">
   <cell col-end="0" col-start="0" row-end="6" row-start="6" text="Buddha">
   </cell>
   <cell col-end="1" col-start="1" row-end="6" row-start="6" text="543 k">
   </cell>
   <cell col-end="2" col-start="2" row-end="6" row-start="6" text="1088 k">
   </cell>
   <cell col-end="3" col-start="3" row-end="6" row-start="6" text="8577">
   </cell>
   <cell col-end="4" col-start="4" row-end="6" row-start="6" text="6072">
   </cell>
   <cell col-end="5" col-start="5" row-end="6" row-start="6" text="138.5">
   </cell>
   <cell col-end="6" col-start="6" row-end="6" row-start="6" text="60.6">
   </cell>
   <cell col-end="7" col-start="7" row-end="6" row-start="6" text="61.9">
   </cell>
   <cell col-end="8" col-start="8" row-end="6" row-start="6" text="100.2">
   </cell>
  </row>
  <row row="7">
   <cell col-end="0" col-start="0" row-end="7" row-start="7" text="Blade">
   </cell>
   <cell col-end="1" col-start="1" row-end="7" row-start="7" text="882 k">
   </cell>
   <cell col-end="2" col-start="2" row-end="7" row-start="7" text="1765 k">
   </cell>
   <cell col-end="3" col-start="3" row-end="7" row-start="7" text="13,931">
   </cell>
   <cell col-end="4" col-start="4" row-end="7" row-start="7" text="10,000">
   </cell>
   <cell col-end="5" col-start="5" row-end="7" row-start="7" text="221.3">
   </cell>
   <cell col-end="6" col-start="6" row-end="7" row-start="7" text="93.3">
   </cell>
   <cell col-end="7" col-start="7" row-end="7" row-start="7" text="63.0">
   </cell>
   <cell col-end="8" col-start="8" row-end="7" row-start="7" text="107.2">
   </cell>
  </row>
  <statements>
   <statement id="0" text="Armadillo has 34 k elements." type="">
   </statement>
   <statement id="1" text="Armadillo has 346 k elements." type="">
   </statement>
   <statement id="6" text="The table is for Comparison of efficiency of our parallel solution and the serial solution." type="">
   </statement>
  </statements>
 </table>
</document>