<document>
 <table id="Table 1">
  <caption text="

   Metrics of alternative draft assemblies.
  
">
  </caption>
  <row row="0">
   <cell col-end="0" col-start="0" row-end="0" row-start="0" text="Contig metrics">
   </cell>
   <cell col-end="1" col-start="1" row-end="0" row-start="0" text="SPAdes
     
     v.3.6.0">
   </cell>
   <cell col-end="2" col-start="2" row-end="0" row-start="0" text="SPAdes
     
     v.3.6.0">
   </cell>
   <cell col-end="3" col-start="3" row-end="0" row-start="0" text="Newbler
     
     v.2.9 + HUMGGAT">
   </cell>
   <cell col-end="4" col-start="4" row-end="0" row-start="0" text="Velvet
     
     v.1.2.0">
   </cell>
   <cell col-end="5" col-start="5" row-end="0" row-start="0" text="CLC
     
     v.8.5">
   </cell>
   <cell col-end="6" col-start="6" row-end="0" row-start="0" text="CLC
     
     v.8.5">
   </cell>
   <cell col-end="7" col-start="7" row-end="0" row-start="0" text="SPAdes
     
     v.3.13.0">
   </cell>
   <cell col-end="8" col-start="8" row-end="0" row-start="0" text="Unicycler
     
     v.0.4.8">
   </cell>
  </row>
  <row row="1">
   <cell col-end="0" col-start="0" row-end="1" row-start="1" text="Library type">
   </cell>
   <cell col-end="1" col-start="1" row-end="1" row-start="1" text="Illumina paired-end">
   </cell>
   <cell col-end="2" col-start="2" row-end="1" row-start="1" text="Illumina mate pair">
   </cell>
   <cell col-end="3" col-start="3" row-end="1" row-start="1" text="Illumina paired-end; Illumina mate pair">
   </cell>
   <cell col-end="4" col-start="4" row-end="1" row-start="1" text="Illumina paired-end">
   </cell>
   <cell col-end="5" col-start="5" row-end="1" row-start="1" text="Illumina paired-end">
   </cell>
   <cell col-end="6" col-start="6" row-end="1" row-start="1" text="Illumina mate pair">
   </cell>
   <cell col-end="7" col-start="7" row-end="1" row-start="1" text="Illumina paired-end, Illumina mate pair, Oxford Nanopore">
   </cell>
   <cell col-end="8" col-start="8" row-end="1" row-start="1" text="Illumina paired-end, Illumina mate pair, Oxford Nanopore">
   </cell>
  </row>
  <row row="2">
   <cell col-end="0" col-start="0" row-end="2" row-start="2" text="Largest contig">
   </cell>
   <cell col-end="1" col-start="1" row-end="2" row-start="2" text="573,930">
   </cell>
   <cell col-end="2" col-start="2" row-end="2" row-start="2" text="972,016">
   </cell>
   <cell col-end="3" col-start="3" row-end="2" row-start="2" text="971,946">
   </cell>
   <cell col-end="4" col-start="4" row-end="2" row-start="2" text="462,794">
   </cell>
   <cell col-end="5" col-start="5" row-end="2" row-start="2" text="868,994">
   </cell>
   <cell col-end="6" col-start="6" row-end="2" row-start="2" text="1883,967">
   </cell>
   <cell col-end="7" col-start="7" row-end="2" row-start="2" text="1304,922">
   </cell>
   <cell col-end="8" col-start="8" row-end="2" row-start="2" text="3347,597">
   </cell>
  </row>
  <row row="3">
   <cell col-end="0" col-start="0" row-end="3" row-start="3" text="Number of contigs ≥1000 bp">
   </cell>
   <cell col-end="1" col-start="1" row-end="3" row-start="3" text="43">
   </cell>
   <cell col-end="2" col-start="2" row-end="3" row-start="3" text="45">
   </cell>
   <cell col-end="3" col-start="3" row-end="3" row-start="3" text="22">
   </cell>
   <cell col-end="4" col-start="4" row-end="3" row-start="3" text="47">
   </cell>
   <cell col-end="5" col-start="5" row-end="3" row-start="3" text="45">
   </cell>
   <cell col-end="6" col-start="6" row-end="3" row-start="3" text="18">
   </cell>
   <cell col-end="7" col-start="7" row-end="3" row-start="3" text="16">
   </cell>
   <cell col-end="8" col-start="8" row-end="3" row-start="3" text="10">
   </cell>
  </row>
  <row row="4">
   <cell col-end="0" col-start="0" row-end="4" row-start="4" text="N50">
   </cell>
   <cell col-end="1" col-start="1" row-end="4" row-start="4" text="259,753">
   </cell>
   <cell col-end="2" col-start="2" row-end="4" row-start="4" text="240,878">
   </cell>
   <cell col-end="3" col-start="3" row-end="4" row-start="4" text="427,030">
   </cell>
   <cell col-end="4" col-start="4" row-end="4" row-start="4" text="179,795">
   </cell>
   <cell col-end="5" col-start="5" row-end="4" row-start="4" text="317,660">
   </cell>
   <cell col-end="6" col-start="6" row-end="4" row-start="4" text="1283,905">
   </cell>
   <cell col-end="7" col-start="7" row-end="4" row-start="4" text="794,261">
   </cell>
   <cell col-end="8" col-start="8" row-end="4" row-start="4" text="3347,597">
   </cell>
  </row>
  <statements>
   <statement id="0" text="Assemble Velvet v.1.2.0 has lowest largest contig." type="">
   </statement>
   <statement id="4" text="Metrics N50 has lowest number in Unicycler v.0.4.8." type="">
   </statement>
   <statement id="5" text="Metrics of alternative draft assemblies), so the data of all the assemblies were used to verify one another." type="">
   </statement>
   <statement id="8" text="There are ten alternative draft assemblies are given in the table." type="">
   </statement>
  </statements>
 </table>
 <table id="Table 2">
  <caption text="

   Annotation characteristics.
  
">
  </caption>
  <row row="0">
   <cell col-end="0" col-start="0" row-end="0" row-start="0" text="Annotator">
   </cell>
   <cell col-end="1" col-start="1" row-end="0" row-start="0" text="Genes (total)">
   </cell>
   <cell col-end="2" col-start="2" row-end="0" row-start="0" text="CDS (total)">
   </cell>
   <cell col-end="3" col-start="3" row-end="0" row-start="0" text="rRNA (5S, 16S, 23S)">
   </cell>
   <cell col-end="4" col-start="4" row-end="0" row-start="0" text="tRNA">
   </cell>
   <cell col-end="5" col-start="5" row-end="0" row-start="0" text="other ncRNA">
   </cell>
  </row>
  <row row="1">
   <cell col-end="0" col-start="0" row-end="1" row-start="1" text="RAST">
   </cell>
   <cell col-end="1" col-start="1" row-end="1" row-start="1" text="5573">
   </cell>
   <cell col-end="2" col-start="2" row-end="1" row-start="1" text="5468">
   </cell>
   <cell col-end="3" col-start="3" row-end="1" row-start="1" text="8; 8; 8">
   </cell>
   <cell col-end="4" col-start="4" row-end="1" row-start="1" text="81">
   </cell>
   <cell col-end="5" col-start="5" row-end="1" row-start="1" text="0">
   </cell>
  </row>
  <row row="2">
   <cell col-end="0" col-start="0" row-end="2" row-start="2" text="PGAP 4.11">
   </cell>
   <cell col-end="1" col-start="1" row-end="2" row-start="2" text="5014">
   </cell>
   <cell col-end="2" col-start="2" row-end="2" row-start="2" text="4905">
   </cell>
   <cell col-end="3" col-start="3" row-end="2" row-start="2" text="8; 8; 8">
   </cell>
   <cell col-end="4" col-start="4" row-end="2" row-start="2" text="81">
   </cell>
   <cell col-end="5" col-start="5" row-end="2" row-start="2" text="4">
   </cell>
  </row>
  <row row="3">
   <cell col-end="0" col-start="0" row-end="3" row-start="3" text="Prokka 1.4.15">
   </cell>
   <cell col-end="1" col-start="1" row-end="3" row-start="3" text="5070">
   </cell>
   <cell col-end="2" col-start="2" row-end="3" row-start="3" text="4919">
   </cell>
   <cell col-end="3" col-start="3" row-end="3" row-start="3" text="8; 8; 8">
   </cell>
   <cell col-end="4" col-start="4" row-end="3" row-start="3" text="83">
   </cell>
   <cell col-end="5" col-start="5" row-end="3" row-start="3" text="44">
   </cell>
  </row>
  <statements>
   <statement id="0" text="PGAP 4.11 Genes (total) is 4919." type="">
   </statement>
   <statement id="3" text="The highest CCD(total) is 5468." type="">
   </statement>
   <statement id="5" text="The lowest value of other ncRNA is 0." type="">
   </statement>
  </statements>
 </table>
</document>