<document>
 <table id="Table 1">
  <caption text="

   Overview of whole genome bisulphite sequencing (WGBS) and RNA-Seq.
  
">
  </caption>
  <row row="0">
   <cell col-end="0" col-start="0" row-end="0" row-start="0" text="">
   </cell>
   <cell col-end="1" col-start="1" row-end="0" row-start="0" text="GC1Y">
   </cell>
   <cell col-end="2" col-start="2" row-end="0" row-start="0" text="GC3Y">
   </cell>
  </row>
  <row row="1">
   <cell col-end="0" col-start="0" row-end="1" row-start="1" text="Total WGBS Reads">
   </cell>
   <cell col-end="1" col-start="1" row-end="1" row-start="1" text="17,032.35 Mb">
   </cell>
   <cell col-end="2" col-start="2" row-end="1" row-start="1" text="19,049.74 Mb">
   </cell>
  </row>
  <row row="2">
   <cell col-end="0" col-start="0" row-end="2" row-start="2" text="Mapping efficiency">
   </cell>
   <cell col-end="1" col-start="1" row-end="2" row-start="2" text="74.9%">
   </cell>
   <cell col-end="2" col-start="2" row-end="2" row-start="2" text="77.3%">
   </cell>
  </row>
  <row row="3">
   <cell col-end="0" col-start="0" row-end="3" row-start="3" text="mCG_ratio">
   </cell>
   <cell col-end="1" col-start="1" row-end="3" row-start="3" text="78.9%">
   </cell>
   <cell col-end="2" col-start="2" row-end="3" row-start="3" text="78.2%">
   </cell>
  </row>
  <row row="4">
   <cell col-end="0" col-start="0" row-end="4" row-start="4" text="mCHG_ratio">
   </cell>
   <cell col-end="1" col-start="1" row-end="4" row-start="4" text="0.4%">
   </cell>
   <cell col-end="2" col-start="2" row-end="4" row-start="4" text="0.4%">
   </cell>
  </row>
  <row row="5">
   <cell col-end="0" col-start="0" row-end="5" row-start="5" text="mCHH_ratio">
   </cell>
   <cell col-end="1" col-start="1" row-end="5" row-start="5" text="0.5%">
   </cell>
   <cell col-end="2" col-start="2" row-end="5" row-start="5" text="0.4%">
   </cell>
  </row>
  <row row="6">
   <cell col-end="0" col-start="0" row-end="6" row-start="6" text="Read Depth (X)">
   </cell>
   <cell col-end="1" col-start="1" row-end="6" row-start="6" text="37.85">
   </cell>
   <cell col-end="2" col-start="2" row-end="6" row-start="6" text="42.33">
   </cell>
  </row>
  <row row="7">
   <cell col-end="0" col-start="0" row-end="7" row-start="7" text="Conversion Rate">
   </cell>
   <cell col-end="1" col-start="1" row-end="7" row-start="7" text="99.73%">
   </cell>
   <cell col-end="2" col-start="2" row-end="7" row-start="7" text="99.71%">
   </cell>
  </row>
  <row row="8">
   <cell col-end="0" col-start="0" row-end="8" row-start="8" text="Total RNA-Seq Reads">
   </cell>
   <cell col-end="1" col-start="1" row-end="8" row-start="8" text="353.59 Mb">
   </cell>
   <cell col-end="2" col-start="2" row-end="8" row-start="8" text="358.96 Mb">
   </cell>
  </row>
  <row row="9">
   <cell col-end="0" col-start="0" row-end="9" row-start="9" text="Total mapped reads">
   </cell>
   <cell col-end="1" col-start="1" row-end="9" row-start="9" text="287.47 Mb (81.3%)">
   </cell>
   <cell col-end="2" col-start="2" row-end="9" row-start="9" text="288.15 Mb (80.3%)">
   </cell>
  </row>
  <row row="10">
   <cell col-end="0" col-start="0" row-end="10" row-start="10" text="perfect match">
   </cell>
   <cell col-end="1" col-start="1" row-end="10" row-start="10" text="222.33 Mb (62.9%)">
   </cell>
   <cell col-end="2" col-start="2" row-end="10" row-start="10" text="220.38 Mb (61.4%)">
   </cell>
  </row>
  <row row="11">
   <cell col-end="0" col-start="0" row-end="11" row-start="11" text="Unique match">
   </cell>
   <cell col-end="1" col-start="1" row-end="11" row-start="11" text="265.85 Mb (75.2%)">
   </cell>
   <cell col-end="2" col-start="2" row-end="11" row-start="11" text="261.03 Mb (72.7%)">
   </cell>
  </row>
  <row row="12">
   <cell col-end="0" col-start="0" row-end="12" row-start="12" text="Total Unmapped Reads">
   </cell>
   <cell col-end="1" col-start="1" row-end="12" row-start="12" text="66.13 Mb (18.7%)">
   </cell>
   <cell col-end="2" col-start="2" row-end="12" row-start="12" text="70.81 Mb (19.7%)">
   </cell>
  </row>
  <statements>
   <statement id="0" text="A total of 17,032.35 Mb and" type="">
   </statement>
   <statement id="1" text="GC1Y for Total RNA-Seq Reads is 123.45 Mb." type="">
   </statement>
   <statement id="2" text="GC1Y for Total RNA-Seq Reads is 353.59 Mb." type="">
   </statement>
   <statement id="3" text="GC1Y for Total WGBS Reads is 10,037.37 Mb." type="">
   </statement>
   <statement id="4" text="GC1Y for Total WGBS Reads is 17,032.35 Mb." type="">
   </statement>
   <statement id="6" text="GC3Y for Mapping efficiency is 77.3%." type="">
   </statement>
   <statement id="10" text="WGBS reads were generated from GC1Y and GC3Y, respectively ( Table 1 )." type="">
   </statement>
  </statements>
 </table>
</document>