<document>
 <table id="Table 1">
  <caption text="

   Intact rock properties of samples PGR6-RI according to Blöcher et al.
   

     40
    


">
  </caption>
  <legend text="




      T
     

      S
     


   : tensile strength,
   



       K
      


        I
       

        C
       




   : mode I fracture toughness,
   


      U
     

      C
     

      S
     


   : unixaixial compressive strength,
   

     E
    

   : Young's modulus,
   

     v
    

   : Poisson ratio,
   

     φ
    

   : porosity,
   



       k
      


        i
       

        n
       

        i
       




   : initial permeability.
  
">
  </legend>
  <row row="0">
   <cell col-end="0" col-start="0" row-end="0" row-start="0" text="">
   </cell>
   <cell col-end="1" col-start="1" row-end="0" row-start="0" text="TS
      

     [MPa]">
   </cell>
   <cell col-end="2" col-start="2" row-end="0" row-start="0" text="K
     
      IC
     
     [MPa*m
     
      0.5
     
     ]">
   </cell>
   <cell col-end="3" col-start="3" row-end="0" row-start="0" text="UCS
      

     [MPa]">
   </cell>
   <cell col-end="4" col-start="4" row-end="0" row-start="0" text="E
      

     [GPa]">
   </cell>
   <cell col-end="5" col-start="5" row-end="0" row-start="0" text="ν
      

     [−]">
   </cell>
   <cell col-end="6" col-start="6" row-end="0" row-start="0" text="φ
      

     [%]">
   </cell>
   <cell col-end="7" col-start="7" row-end="0" row-start="0" text="k
        

         ini
        



     [m
     
      2
     
     ]">
   </cell>
  </row>
  <row row="1">
   <cell col-end="0" col-start="0" row-end="1" row-start="1" text="IGSN: GFTRE0033">
   </cell>
   <cell col-end="1" col-start="1" row-end="1" row-start="1" text="11.8">
   </cell>
   <cell col-end="2" col-start="2" row-end="1" row-start="1" text="1.347">
   </cell>
   <cell col-end="3" col-start="3" row-end="1" row-start="1" text="120–142">
   </cell>
   <cell col-end="4" col-start="4" row-end="1" row-start="1" text="39.9 to 47.6">
   </cell>
   <cell col-end="5" col-start="5" row-end="1" row-start="1" text="0.19 to 0.26">
   </cell>
   <cell col-end="6" col-start="6" row-end="1" row-start="1" text="&gt;0.5">
   </cell>
   <cell col-end="7" col-start="7" row-end="1" row-start="1" text="&gt;10
     
      −18">
   </cell>
  </row>
  <statements>
   <statement id="0" text="1.347 is value of K IC [MPa*m 0.5 ]." type="">
   </statement>
   <statement id="1" text="The value of TS [MPa] is 11.8." type="">
   </statement>
   <statement id="2" text="The value of TS [MPa] is 21.8." type="">
   </statement>
   <statement id="3" text="The value of UCS [MPa]nranges from 120142." type="">
   </statement>
  </statements>
 </table>
 <table id="Table 2">
  <caption text="

   List of samples, sample dimensions and testing conditions.
  
">
  </caption>
  <legend text="





       P
      

       c
      



   : confining pressure,
   



       P
      

       p
      



   : pore pressure,
   



       L
      


        I
       

        P
       




   : length of intact portion,
   

     L
    

   : sample length,
   

     d
    

   : sample diameter.
  
">
  </legend>
  <row row="0">
   <cell col-end="0" col-start="0" row-end="0" row-start="0" text="Sample ID">
   </cell>
   <cell col-end="1" col-start="1" row-end="0" row-start="0" text="Testing conditions">
   </cell>
   <cell col-end="2" col-start="2" row-end="0" row-start="0" text="L
     
      IP
     
     [mm], L [mm], d [mm]">
   </cell>
   <cell col-end="3" col-start="3" row-end="0" row-start="0" text="Additional measurements">
   </cell>
   <cell col-end="4" col-start="4" row-end="0" row-start="0" text="Comments">
   </cell>
  </row>
  <row row="1">
   <cell col-end="0" col-start="0" row-end="1" row-start="1" text="PGR6-RI-01-07">
   </cell>
   <cell col-end="1" col-start="1" row-end="1" row-start="1" text="Failure:
     




         P
        

         c
        



     = 40 MPa,
     




         P
        

         p
        



     = 20 MPa;
     
     Pressure cycling: none">
   </cell>
   <cell col-end="2" col-start="2" row-end="1" row-start="1" text="31.40, 49.4, 50.05">
   </cell>
   <cell col-end="3" col-start="3" row-end="1" row-start="1" text="Integrity of electrical circuit of silver paste, no LVDT extensometer chain">
   </cell>
   <cell col-end="4" col-start="4" row-end="1" row-start="1" text="Small leak at the outlet, no reliable fluid volume data without impact on permeability">
   </cell>
  </row>
  <row row="2">
   <cell col-end="0" col-start="0" row-end="2" row-start="2" text="PGR6-RI-01-08">
   </cell>
   <cell col-end="1" col-start="1" row-end="2" row-start="2" text="Failure:
     




         P
        

         c
        



     = 40 MPa,
     




         P
        

         p
        



     = 20 MPa;
     
     Pressure cycling: 5 MPa">
   </cell>
   <cell col-end="2" col-start="2" row-end="2" row-start="2" text="30.15, 50.15, 50.10">
   </cell>
   <cell col-end="3" col-start="3" row-end="2" row-start="2" text="LVDT extensometer chain, x-ray CT scanning">
   </cell>
   <cell col-end="4" col-start="4" row-end="2" row-start="2" text="">
   </cell>
  </row>
  <row row="3">
   <cell col-end="0" col-start="0" row-end="3" row-start="3" text="PGR6-RI-01-09">
   </cell>
   <cell col-end="1" col-start="1" row-end="3" row-start="3" text="Failure:
     




         P
        

         c
        



     = 40 MPa,
     




         P
        

         p
        



     = 20 MPa;
     
     Pressure cycling: 10 MPa">
   </cell>
   <cell col-end="2" col-start="2" row-end="3" row-start="3" text="30.18, 50.19, 50.10">
   </cell>
   <cell col-end="3" col-start="3" row-end="3" row-start="3" text="LVDT extensometer chain, x-ray CT scanning">
   </cell>
   <cell col-end="4" col-start="4" row-end="3" row-start="3" text="">
   </cell>
  </row>
  <statements>
   <statement id="0" text="Integrity of electrical circuit of silver paste, no LVDT extensometer chain is the additional measurements of sample PGR6-RI-01-07." type="">
   </statement>
   <statement id="2" text="PGR6-RI-01-08 Testing conditions is Failure: P c = 40 MPa, P p = 20 MPa; Pressure cycling: 5 MPa." type="">
   </statement>
   <statement id="3" text="PGR6-RI-01-09 L IP [mm], L [mm], d [mm] is 30.15, 50.15, 50.10." type="">
   </statement>
   <statement id="4" text="PGR6-RI-01-09 Testing conditions is Failure: P c = 40 MPa, P p = 20 MPa; Pressure cycling: 10 MPa." type="">
   </statement>
   <statement id="6" text="The intact rock properties of the Odenwald granite, in the following labelled as PGR6-RI, 40 are summarized in Table 1 ." type="">
   </statement>
   <statement id="9" text="They have three sample ID." type="">
   </statement>
  </statements>
 </table>
 <table id="Table 3">
  <caption text="

   Experimental results.
  
">
  </caption>
  <row row="0">
   <cell col-end="0" col-start="0" row-end="0" row-start="0" text="Sample ID">
   </cell>
   <cell col-end="1" col-start="1" row-end="0" row-start="0" text="P
        

         eff
        



     [MPa]">
   </cell>
   <cell col-end="2" col-start="2" row-end="0" row-start="0" text="v
        

         prop
        



     [mm/s]">
   </cell>
   <cell col-end="3" col-start="3" row-end="0" row-start="0" text="K
        

         IIc
        



     [MPa*m
     
      0.5
     
     ]">
   </cell>
   <cell col-end="4" col-start="4" row-end="0" row-start="0" text="k
        

         FOI
        



     [−]">
   </cell>
   <cell col-end="5" col-start="5" row-end="0" row-start="0" text="e
        

         mech
        



     [mm]">
   </cell>
  </row>
  <row row="1">
   <cell col-end="0" col-start="0" row-end="1" row-start="1" text="PGR6-RI-01-07">
   </cell>
   <cell col-end="1" col-start="1" row-end="1" row-start="1" text="20">
   </cell>
   <cell col-end="2" col-start="2" row-end="1" row-start="1" text="0.1">
   </cell>
   <cell col-end="3" col-start="3" row-end="1" row-start="1" text="16.42">
   </cell>
   <cell col-end="4" col-start="4" row-end="1" row-start="1" text="~520">
   </cell>
   <cell col-end="5" col-start="5" row-end="1" row-start="1" text="–">
   </cell>
  </row>
  <row row="2">
   <cell col-end="0" col-start="0" row-end="2" row-start="2" text="PGR6-RI-01-08">
   </cell>
   <cell col-end="1" col-start="1" row-end="2" row-start="2" text="20">
   </cell>
   <cell col-end="2" col-start="2" row-end="2" row-start="2" text="0.3">
   </cell>
   <cell col-end="3" col-start="3" row-end="2" row-start="2" text="15.71">
   </cell>
   <cell col-end="4" col-start="4" row-end="2" row-start="2" text="~230">
   </cell>
   <cell col-end="5" col-start="5" row-end="2" row-start="2" text="0.07 (0.09–0.1)">
   </cell>
  </row>
  <row row="3">
   <cell col-end="0" col-start="0" row-end="3" row-start="3" text="PGR6-RI-01-09">
   </cell>
   <cell col-end="1" col-start="1" row-end="3" row-start="3" text="20">
   </cell>
   <cell col-end="2" col-start="2" row-end="3" row-start="3" text="0.3">
   </cell>
   <cell col-end="3" col-start="3" row-end="3" row-start="3" text="15.34">
   </cell>
   <cell col-end="4" col-start="4" row-end="3" row-start="3" text="~230">
   </cell>
   <cell col-end="5" col-start="5" row-end="3" row-start="3" text="0.08 (0.07–0.1)">
   </cell>
  </row>
  <statements>
   <statement id="2" text="For all granite samples, the increase in permeability was about 2 to almost 3 orders of magnitude at an effective pressure of 20 MPa (P c = 40 MPa, P p = 20 MPa), comparing the pre-failure permeability and the permeability during the hold phase ( k F O I , Table 3 )." type="">
   </statement>
   <statement id="4" text="The highest standard deviation is 550." type="">
   </statement>
   <statement id="7" text="There are 4 different types of analysis in the given table." type="">
   </statement>
  </statements>
 </table>
</document>