<document>
 <table id="Table 1">
  <caption text="

   Nutrition interventions proposed by the experts during the expert elicitation workshops.
  
">
  </caption>
  <row row="0">
   <cell col-end="0" col-start="0" row-end="0" row-start="0" text="State">
   </cell>
   <cell col-end="1" col-start="1" row-end="0" row-start="0" text="Nutritional concern">
   </cell>
   <cell col-end="2" col-start="2" row-end="0" row-start="0" text="Target population">
   </cell>
   <cell col-end="3" col-start="3" row-end="0" row-start="0" text="Entry point">
   </cell>
   <cell col-end="4" col-start="4" row-end="0" row-start="0" text="Action/intervention">
   </cell>
   <cell col-end="5" col-start="5" row-end="0" row-start="0" text="Agents of change">
   </cell>
   <cell col-end="6" col-start="6" row-end="0" row-start="0" text="Impact pathway">
   </cell>
   <cell col-end="7" col-start="7" row-end="0" row-start="0" text="Rank">
   </cell>
  </row>
  <row row="1">
   <cell col-end="0" col-start="0" row-end="1" row-start="1" text="Odisha">
   </cell>
   <cell col-end="1" col-start="1" row-end="1" row-start="1" text="High use of low-quality fat/oil which has adverse effects to health (i.e. lifestyle diseases)">
   </cell>
   <cell col-end="2" col-start="2" row-end="1" row-start="1" text="Children and teenagers">
   </cell>
   <cell col-end="3" col-start="3" row-end="1" row-start="1" text="Occasion level: PM Snacks
     
     Dish level:
     
     Junk food (including fast food)">
   </cell>
   <cell col-end="4" col-start="4" row-end="1" row-start="1" text="Dishes like steamed food, germinated grains with nuts and oil seeds, and eggs">
   </cell>
   <cell col-end="5" col-start="5" row-end="1" row-start="1" text="Ministry of Women and Child Development (WCD), dietitians, nutritionists, and mass media">
   </cell>
   <cell col-end="6" col-start="6" row-end="1" row-start="1" text="Awareness through mass media (e.g., advertisements)">
   </cell>
   <cell col-end="7" col-start="7" row-end="1" row-start="1" text="1">
   </cell>
  </row>
  <row row="2">
   <cell col-end="0" col-start="0" row-end="2" row-start="2" text="">
   </cell>
   <cell col-end="1" col-start="1" row-end="2" row-start="2" text="Frequent use of refined wheat flour, peeled vegetables, faulty cooking process">
   </cell>
   <cell col-end="2" col-start="2" row-end="2" row-start="2" text="All age groups in both rural and urban areas">
   </cell>
   <cell col-end="3" col-start="3" row-end="2" row-start="2" text="Dish level: dishes with low fiber">
   </cell>
   <cell col-end="4" col-start="4" row-end="2" row-start="2" text="Multigrain dishes and inclusion of flour with husk or peel of vegetables
     
     Wash vegetables before cutting">
   </cell>
   <cell col-end="5" col-start="5" row-end="2" row-start="2" text="Household">
   </cell>
   <cell col-end="6" col-start="6" row-end="2" row-start="2" text="Awareness through training, demonstration, or information and communications technology (ICT)">
   </cell>
   <cell col-end="7" col-start="7" row-end="2" row-start="2" text="2">
   </cell>
  </row>
  <row row="3">
   <cell col-end="0" col-start="0" row-end="3" row-start="3" text="">
   </cell>
   <cell col-end="1" col-start="1" row-end="3" row-start="3" text="Combat malnutrition">
   </cell>
   <cell col-end="2" col-start="2" row-end="3" row-start="3" text="Children 3 to 6 years old">
   </cell>
   <cell col-end="3" col-start="3" row-end="3" row-start="3" text="Dish level">
   </cell>
   <cell col-end="4" col-start="4" row-end="3" row-start="3" text="Use of protein-rich under-utilized seeds and oil cakes">
   </cell>
   <cell col-end="5" col-start="5" row-end="3" row-start="3" text="Research organizations and the government">
   </cell>
   <cell col-end="6" col-start="6" row-end="3" row-start="3" text="Research organizations to develop nutritious food items and make them available to children">
   </cell>
   <cell col-end="7" col-start="7" row-end="3" row-start="3" text="3">
   </cell>
  </row>
  <row row="4">
   <cell col-end="0" col-start="0" row-end="4" row-start="4" text="West Bengal">
   </cell>
   <cell col-end="1" col-start="1" row-end="4" row-start="4" text="Undernutrition (severe acute malnutrition)">
   </cell>
   <cell col-end="2" col-start="2" row-end="4" row-start="4" text="Preschool children age 6 years old onwards in both rural and urban areas">
   </cell>
   <cell col-end="3" col-start="3" row-end="4" row-start="4" text="Occasion level: Taking small frequent meals">
   </cell>
   <cell col-end="4" col-start="4" row-end="4" row-start="4" text="High calorie and high protein dishes (e.g., suji payesh, chanar, etc.)">
   </cell>
   <cell col-end="5" col-start="5" row-end="4" row-start="4" text="Integrated Child Development Services (ICDS) centers, Government, and NGOs">
   </cell>
   <cell col-end="6" col-start="6" row-end="4" row-start="4" text="Awareness and monitoring">
   </cell>
   <cell col-end="7" col-start="7" row-end="4" row-start="4" text="1">
   </cell>
  </row>
  <row row="5">
   <cell col-end="0" col-start="0" row-end="5" row-start="5" text="">
   </cell>
   <cell col-end="1" col-start="1" row-end="5" row-start="5" text="Iron deficiency">
   </cell>
   <cell col-end="2" col-start="2" row-end="5" row-start="5" text="Pregnant women, adolescent girls, and anemic people">
   </cell>
   <cell col-end="3" col-start="3" row-end="5" row-start="5" text="Ingredient level">
   </cell>
   <cell col-end="4" col-start="4" row-end="5" row-start="5" text="Inclusion of sprouted Bengal gram, green gram, and Jaggery instead of sugar in diet
     
     Promotion of kitchen garden">
   </cell>
   <cell col-end="5" col-start="5" row-end="5" row-start="5" text="Panchayats
     
     (village councils), Schools, NGOs, the Government, and ICDS">
   </cell>
   <cell col-end="6" col-start="6" row-end="5" row-start="5" text="Awareness and availability of improved value-added products on shops">
   </cell>
   <cell col-end="7" col-start="7" row-end="5" row-start="5" text="2">
   </cell>
  </row>
  <row row="6">
   <cell col-end="0" col-start="0" row-end="6" row-start="6" text="">
   </cell>
   <cell col-end="1" col-start="1" row-end="6" row-start="6" text="Loss of nutritive value while cooking and handling food">
   </cell>
   <cell col-end="2" col-start="2" row-end="6" row-start="6" text="Lower middle-income group">
   </cell>
   <cell col-end="3" col-start="3" row-end="6" row-start="6" text="Dish">
   </cell>
   <cell col-end="4" col-start="4" row-end="6" row-start="6" text="Inclusion of fruit or edible raw vegetables in diet">
   </cell>
   <cell col-end="5" col-start="5" row-end="6" row-start="6" text="Social activists,
     
      Anganwadi
     
     workers, Accredited Social Health Activist (ASHA), Community facilitators, and School professionals">
   </cell>
   <cell col-end="6" col-start="6" row-end="6" row-start="6" text="Awareness programs, feeding demonstrations, nutrition care and counselling session of mothers in
     
      Anganwadi
     
     Centers (AWC)">
   </cell>
   <cell col-end="7" col-start="7" row-end="6" row-start="6" text="3">
   </cell>
  </row>
  <statements>
   <statement id="1" text="Specific target populations included children, pregnant women, adolescent girls and anemic people." type="">
   </statement>
  </statements>
 </table>
 <table id="Table 2">
  <caption text="

   Number of dishes by occasions in West Bengal.
  
">
  </caption>
  <row row="0">
   <cell col-end="0" col-start="0" row-end="0" row-start="0" text="Occasion">
   </cell>
   <cell col-end="1" col-start="1" row-end="0" row-start="0" text="Number of dishes or recipes
     

       a">
   </cell>
  </row>
  <row row="1">
   <cell col-end="0" col-start="0" row-end="1" row-start="1" text="Breakfast">
   </cell>
   <cell col-end="1" col-start="1" row-end="1" row-start="1" text="62">
   </cell>
  </row>
  <row row="2">
   <cell col-end="0" col-start="0" row-end="2" row-start="2" text="AM Snack">
   </cell>
   <cell col-end="1" col-start="1" row-end="2" row-start="2" text="41">
   </cell>
  </row>
  <row row="3">
   <cell col-end="0" col-start="0" row-end="3" row-start="3" text="Lunch">
   </cell>
   <cell col-end="1" col-start="1" row-end="3" row-start="3" text="63">
   </cell>
  </row>
  <row row="4">
   <cell col-end="0" col-start="0" row-end="4" row-start="4" text="PM Snack">
   </cell>
   <cell col-end="1" col-start="1" row-end="4" row-start="4" text="60">
   </cell>
  </row>
  <row row="5">
   <cell col-end="0" col-start="0" row-end="5" row-start="5" text="Dinner">
   </cell>
   <cell col-end="1" col-start="1" row-end="5" row-start="5" text="65">
   </cell>
  </row>
  <statements>
   <statement id="0" text="AM Snack will have High Number of dishes or recipes Compare to PM Snack." type="">
   </statement>
   <statement id="1" text="For Dinner Number of dishes or recipes will be High." type="">
   </statement>
   <statement id="2" text="For Dinner Number of dishes or recipes will be Low." type="">
   </statement>
   <statement id="4" text="Lunch will have 63 Type of dishes or recipes." type="">
   </statement>
   <statement id="5" text="Number of dishes or recipes varies from 91 to 165." type="">
   </statement>
  </statements>
 </table>
</document>