<document>
 <table id="Table 1">
  <caption text="

   Time delays for baroreflex model
   .
  
">
  </caption>
  <row row="0">
   <cell col-end="0" col-start="0" row-end="0" row-start="0" text="τ
     


       pc">
   </cell>
   <cell col-end="1" col-start="1" row-end="0" row-start="0" text="τ
     


       sc">
   </cell>
   <cell col-end="2" col-start="2" row-end="0" row-start="0" text="τ
     


       sr">
   </cell>
   <cell col-end="3" col-start="3" row-end="0" row-start="0" text="τ
     


       a">
   </cell>
  </row>
  <row row="1">
   <cell col-end="0" col-start="0" row-end="1" row-start="1" text="0.3">
   </cell>
   <cell col-end="1" col-start="1" row-end="1" row-start="1" text="0.8">
   </cell>
   <cell col-end="2" col-start="2" row-end="1" row-start="1" text="0.85">
   </cell>
   <cell col-end="3" col-start="3" row-end="1" row-start="1" text="0.5">
   </cell>
  </row>
  <statements>
   <statement id="0" text=" sr Model will have low delay time." type="">
   </statement>
   <statement id="3" text="All the Models will have unique Time delay." type="">
   </statement>
   <statement id="5" text="Delay time varies from 0.3 to 0.85." type="">
   </statement>
   <statement id="8" text="There are 5 Models in the table." type="">
   </statement>
  </statements>
 </table>
 <table id="Table 3">
  <caption text="

   Segmentation of clinical data.
  
">
  </caption>
  <row row="0">
   <cell col-end="0" col-start="0" row-end="0" row-start="0" text="Parameter">
   </cell>
   <cell col-end="1" col-start="1" row-end="0" row-start="0" text="t
     


       o
      


     −
     

      t
     

      1">
   </cell>
   <cell col-end="2" col-start="2" row-end="0" row-start="0" text="t
     

      1
     

     −
     

      t
     

      2">
   </cell>
   <cell col-end="3" col-start="3" row-end="0" row-start="0" text="t
     

      2
     

     −
     

      t
     

      3">
   </cell>
   <cell col-end="4" col-start="4" row-end="0" row-start="0" text="t
     

      3
     

     −
     

      t
     


       p">
   </cell>
  </row>
  <row row="1">
   <cell col-end="0" col-start="0" row-end="1" row-start="1" text="A
     
     (height)">
   </cell>
   <cell col-end="1" col-start="1" row-end="1" row-start="1" text="29.18">
   </cell>
   <cell col-end="2" col-start="2" row-end="1" row-start="1" text="26.02">
   </cell>
   <cell col-end="3" col-start="3" row-end="1" row-start="1" text="0">
   </cell>
   <cell col-end="4" col-start="4" row-end="1" row-start="1" text="3.37">
   </cell>
  </row>
  <row row="2">
   <cell col-end="0" col-start="0" row-end="2" row-start="2" text="τ
     
     (length)">
   </cell>
   <cell col-end="1" col-start="1" row-end="2" row-start="2" text="0.068">
   </cell>
   <cell col-end="2" col-start="2" row-end="2" row-start="2" text="0.104">
   </cell>
   <cell col-end="3" col-start="3" row-end="2" row-start="2" text="0.0452">
   </cell>
   <cell col-end="4" col-start="4" row-end="2" row-start="2" text="0.053">
   </cell>
  </row>
  <statements>
   <statement id="0" text="All the values in the given table consist of negative values." type="">
   </statement>
   <statement id="1" text="All the values in the given table consist of positive values." type="">
   </statement>
   <statement id="3" text="The highest value is 29.18 of t o  t 1 in A (height) parameter." type="">
   </statement>
   <statement id="4" text="The length value is &lt; 0 in all the columns." type="">
   </statement>
   <statement id="6" text="The specific parameters for each segment can be found in Table 3 ." type="">
   </statement>
   <statement id="7" text="There are 2 types of parameters - A (height) and  (length)." type="">
   </statement>
   <statement id="9" text="There are 5 types of parameters" type="">
   </statement>
  </statements>
 </table>
 <table id="Table 4">
  <caption text="

   Modification of
   
    β
   
   values due to pulsatility.
  
">
  </caption>
  <row row="0">
   <cell col-end="0" col-start="0" row-end="0" row-start="0" text="Arctan function">
   </cell>
   <cell col-end="1" col-start="1" row-end="0" row-start="0" text="β
     


       pc">
   </cell>
   <cell col-end="2" col-start="2" row-end="0" row-start="0" text="β
     


       sc">
   </cell>
   <cell col-end="3" col-start="3" row-end="0" row-start="0" text="β
     


       sr">
   </cell>
  </row>
  <row row="1">
   <cell col-end="0" col-start="0" row-end="1" row-start="1" text="Original Arctan (Case 1 &amp;2)">
   </cell>
   <cell col-end="1" col-start="1" row-end="1" row-start="1" text="−0.1342">
   </cell>
   <cell col-end="2" col-start="2" row-end="1" row-start="1" text="0.035">
   </cell>
   <cell col-end="3" col-start="3" row-end="1" row-start="1" text="0.04">
   </cell>
  </row>
  <row row="2">
   <cell col-end="0" col-start="0" row-end="2" row-start="2" text="EQNL Arctan (Case 3)">
   </cell>
   <cell col-end="1" col-start="1" row-end="2" row-start="2" text="−0.1342*0.55">
   </cell>
   <cell col-end="2" col-start="2" row-end="2" row-start="2" text="0.035*0.875">
   </cell>
   <cell col-end="3" col-start="3" row-end="2" row-start="2" text="0.04*0.82">
   </cell>
  </row>
  <statements>
   <statement id="2" text="Each Arctan function has its own unique value." type="">
   </statement>
   <statement id="7" text="There are 2 types of Arctan function." type="">
   </statement>
  </statements>
 </table>
 <table id="Table 5">
  <caption text="

   Comparative LF oscillation amplitude for analytical and simulation results.
  
">
  </caption>
  <row row="0">
   <cell col-end="0" col-start="0" row-end="0" row-start="0" text="Case">
   </cell>
   <cell col-end="1" col-start="1" row-end="0" row-start="0" text="A
     
     ′">
   </cell>
   <cell col-end="2" col-start="2" row-end="0" row-start="0" text="BP
     
     osc. ampl. (mmHg)">
   </cell>
   <cell col-end="3" col-start="3" row-end="0" row-start="0" text="Osc. freq. (Hz)">
   </cell>
  </row>
  <row row="1">
   <cell col-end="0" col-start="0" row-end="1" row-start="1" text="Analytical soln.">
   </cell>
   <cell col-end="1" col-start="1" row-end="1" row-start="1" text="16.4504">
   </cell>
   <cell col-end="2" col-start="2" row-end="1" row-start="1" text="∼ 1.38">
   </cell>
   <cell col-end="3" col-start="3" row-end="1" row-start="1" text="0.317">
   </cell>
  </row>
  <row row="2">
   <cell col-end="0" col-start="0" row-end="2" row-start="2" text="Simulation">
   </cell>
   <cell col-end="1" col-start="1" row-end="2" row-start="2" text="15.1">
   </cell>
   <cell col-end="2" col-start="2" row-end="2" row-start="2" text="∼ 1.34">
   </cell>
   <cell col-end="3" col-start="3" row-end="2" row-start="2" text="0.307">
   </cell>
  </row>
  <statements>
   <statement id="0" text="Each value has a unique in the given table." type="">
   </statement>
   <statement id="3" text="The lowest BP is 350." type="">
   </statement>
   <statement id="4" text="The lowest BP osc. ampl. (mmHg) is  1.34." type="">
   </statement>
   <statement id="5" text="The lowest SCR is 50." type="">
   </statement>
   <statement id="6" text="There are 2 different types of case in the given table." type="">
   </statement>
  </statements>
 </table>
 <table id="Table 6">
  <caption text="

   Test conditions.
  
">
  </caption>
  <row row="0">
   <cell col-end="0" col-start="0" row-end="0" row-start="0" text="Case">
   </cell>
   <cell col-end="1" col-start="1" row-end="0" row-start="0" text="Baroreflex function parameters">
   </cell>
   <cell col-end="2" col-start="2" row-end="0" row-start="0" text="Pulse signal
     
      P
     
     present">
   </cell>
  </row>
  <row row="1">
   <cell col-end="0" col-start="0" row-end="1" row-start="1" text="1">
   </cell>
   <cell col-end="1" col-start="1" row-end="1" row-start="1" text="f
     


       xx">
   </cell>
   <cell col-end="2" col-start="2" row-end="1" row-start="1" text="Yes">
   </cell>
  </row>
  <row row="2">
   <cell col-end="0" col-start="0" row-end="2" row-start="2" text="2">
   </cell>
   <cell col-end="1" col-start="1" row-end="2" row-start="2" text="f
     


       xx">
   </cell>
   <cell col-end="2" col-start="2" row-end="2" row-start="2" text="No">
   </cell>
  </row>
  <row row="3">
   <cell col-end="0" col-start="0" row-end="3" row-start="3" text="3">
   </cell>
   <cell col-end="1" col-start="1" row-end="3" row-start="3" text="f
       

        xx
       

        e">
   </cell>
   <cell col-end="2" col-start="2" row-end="3" row-start="3" text="No">
   </cell>
  </row>
  <statements>
   <statement id="2" text="f xx e is the Baroreflex function parameters for case 3." type="">
   </statement>
   <statement id="3" text="Pulsatility can therefore be represented, for simulation purposes, either by including a pulsatile component P in the BP signal, as shown in Fig. 1" type="">
   </statement>
   <statement id="4" text="The Baroreflex function parameters is same for 1 and 2 case." type="">
   </statement>
   <statement id="5" text="The Baroreflex function parameters is uniquely defined for each case." type="">
   </statement>
   <statement id="6" text="The pulse signal P present is no for both 2 and 3 case." type="">
   </statement>
   <statement id="7" text="The pulse signal P present is no for only 1 case." type="">
   </statement>
  </statements>
 </table>
</document>