<document>
 <table id="Table 1">
  <caption text="

   Formation enthalpy Y (eV/atom), Composition ratio X, Symmetry S, Fitness F (eV/block), Volumes V(Å
   
    3
   
   /atom), Enthalpies E(eV/atom), and Compositions C for the first 10 structures include in the convex hull of the Nb-N system at 0 GPa.
  
">
  </caption>
  <row row="0">
   <cell col-end="0" col-start="0" row-end="0" row-start="0" text="ID">
   </cell>
   <cell col-end="1" col-start="1" row-end="0" row-start="0" text="C">
   </cell>
   <cell col-end="2" col-start="2" row-end="0" row-start="0" text="E">
   </cell>
   <cell col-end="3" col-start="3" row-end="0" row-start="0" text="V">
   </cell>
   <cell col-end="4" col-start="4" row-end="0" row-start="0" text="F">
   </cell>
   <cell col-end="5" col-start="5" row-end="0" row-start="0" text="S">
   </cell>
   <cell col-end="6" col-start="6" row-end="0" row-start="0" text="X">
   </cell>
   <cell col-end="7" col-start="7" row-end="0" row-start="0" text="Y">
   </cell>
  </row>
  <row row="1">
   <cell col-end="0" col-start="0" row-end="1" row-start="1" text="71">
   </cell>
   <cell col-end="1" col-start="1" row-end="1" row-start="1" text="[
     ]">
   </cell>
   <cell col-end="2" col-start="2" row-end="1" row-start="1" text="−893.5888">
   </cell>
   <cell col-end="3" col-start="3" row-end="1" row-start="1" text="14.4958">
   </cell>
   <cell col-end="4" col-start="4" row-end="1" row-start="1" text="0.0000">
   </cell>
   <cell col-end="5" col-start="5" row-end="1" row-start="1" text="1">
   </cell>
   <cell col-end="6" col-start="6" row-end="1" row-start="1" text="0.533">
   </cell>
   <cell col-end="7" col-start="7" row-end="1" row-start="1" text="−0.9929">
   </cell>
  </row>
  <row row="2">
   <cell col-end="0" col-start="0" row-end="2" row-start="2" text="75">
   </cell>
   <cell col-end="1" col-start="1" row-end="2" row-start="2" text="[0 14]">
   </cell>
   <cell col-end="2" col-start="2" row-end="2" row-start="2" text="−270.1198">
   </cell>
   <cell col-end="3" col-start="3" row-end="2" row-start="2" text="14.3751">
   </cell>
   <cell col-end="4" col-start="4" row-end="2" row-start="2" text="0.0000">
   </cell>
   <cell col-end="5" col-start="5" row-end="2" row-start="2" text="1">
   </cell>
   <cell col-end="6" col-start="6" row-end="2" row-start="2" text="1.000">
   </cell>
   <cell col-end="7" col-start="7" row-end="2" row-start="2" text="0.0000">
   </cell>
  </row>
  <row row="3">
   <cell col-end="0" col-start="0" row-end="3" row-start="3" text="89">
   </cell>
   <cell col-end="1" col-start="1" row-end="3" row-start="3" text="[14
     ]">
   </cell>
   <cell col-end="2" col-start="2" row-end="3" row-start="3" text="−1369.2158">
   </cell>
   <cell col-end="3" col-start="3" row-end="3" row-start="3" text="18.0875">
   </cell>
   <cell col-end="4" col-start="4" row-end="3" row-start="3" text="0.0000">
   </cell>
   <cell col-end="5" col-start="5" row-end="3" row-start="3" text="1">
   </cell>
   <cell col-end="6" col-start="6" row-end="3" row-start="3" text="0.176">
   </cell>
   <cell col-end="7" col-start="7" row-end="3" row-start="3" text="−0.6086">
   </cell>
  </row>
  <row row="4">
   <cell col-end="0" col-start="0" row-end="4" row-start="4" text="97">
   </cell>
   <cell col-end="1" col-start="1" row-end="4" row-start="4" text="[15 0]">
   </cell>
   <cell col-end="2" col-start="2" row-end="4" row-start="4" text="−1603.9973">
   </cell>
   <cell col-end="3" col-start="3" row-end="4" row-start="4" text="22.8193">
   </cell>
   <cell col-end="4" col-start="4" row-end="4" row-start="4" text="0.0000">
   </cell>
   <cell col-end="5" col-start="5" row-end="4" row-start="4" text="1">
   </cell>
   <cell col-end="6" col-start="6" row-end="4" row-start="4" text="0.000">
   </cell>
   <cell col-end="7" col-start="7" row-end="4" row-start="4" text="0.000">
   </cell>
  </row>
  <row row="5">
   <cell col-end="0" col-start="0" row-end="5" row-start="5" text="113">
   </cell>
   <cell col-end="1" col-start="1" row-end="5" row-start="5" text="[13
     ]">
   </cell>
   <cell col-end="2" col-start="2" row-end="5" row-start="5" text="−1183.5582">
   </cell>
   <cell col-end="3" col-start="3" row-end="5" row-start="5" text="16.1519">
   </cell>
   <cell col-end="4" col-start="4" row-end="5" row-start="5" text="0.0000">
   </cell>
   <cell col-end="5" col-start="5" row-end="5" row-start="5" text="1">
   </cell>
   <cell col-end="6" col-start="6" row-end="5" row-start="5" text="0.316">
   </cell>
   <cell col-end="7" col-start="7" row-end="5" row-start="5" text="−0.7854">
   </cell>
  </row>
  <row row="6">
   <cell col-end="0" col-start="0" row-end="6" row-start="6" text="121">
   </cell>
   <cell col-end="1" col-start="1" row-end="6" row-start="6" text="[
     ]">
   </cell>
   <cell col-end="2" col-start="2" row-end="6" row-start="6" text="−804.6286">
   </cell>
   <cell col-end="3" col-start="3" row-end="6" row-start="6" text="14.1712">
   </cell>
   <cell col-end="4" col-start="4" row-end="6" row-start="6" text="0.0000">
   </cell>
   <cell col-end="5" col-start="5" row-end="6" row-start="6" text="1">
   </cell>
   <cell col-end="6" col-start="6" row-end="6" row-start="6" text="0.600">
   </cell>
   <cell col-end="7" col-start="7" row-end="6" row-start="6" text="−0.9578">
   </cell>
  </row>
  <row row="7">
   <cell col-end="0" col-start="0" row-end="7" row-start="7" text="123">
   </cell>
   <cell col-end="1" col-start="1" row-end="7" row-start="7" text="[
     ]">
   </cell>
   <cell col-end="2" col-start="2" row-end="7" row-start="7" text="−715.6656">
   </cell>
   <cell col-end="3" col-start="3" row-end="7" row-start="7" text="13.0397">
   </cell>
   <cell col-end="4" col-start="4" row-end="7" row-start="7" text="0.0000">
   </cell>
   <cell col-end="5" col-start="5" row-end="7" row-start="7" text="1">
   </cell>
   <cell col-end="6" col-start="6" row-end="7" row-start="7" text="0.667">
   </cell>
   <cell col-end="7" col-start="7" row-end="7" row-start="7" text="−0.9200">
   </cell>
  </row>
  <row row="8">
   <cell col-end="0" col-start="0" row-end="8" row-start="8" text="125">
   </cell>
   <cell col-end="1" col-start="1" row-end="8" row-start="8" text="[
     ]">
   </cell>
   <cell col-end="2" col-start="2" row-end="8" row-start="8" text="−626.5662">
   </cell>
   <cell col-end="3" col-start="3" row-end="8" row-start="8" text="18.2131">
   </cell>
   <cell col-end="4" col-start="4" row-end="8" row-start="8" text="0.0000">
   </cell>
   <cell col-end="5" col-start="5" row-end="8" row-start="8" text="1">
   </cell>
   <cell col-end="6" col-start="6" row-end="8" row-start="8" text="0.733">
   </cell>
   <cell col-end="7" col-start="7" row-end="8" row-start="8" text="−0.7457">
   </cell>
  </row>
  <row row="9">
   <cell col-end="0" col-start="0" row-end="9" row-start="9" text="132">
   </cell>
   <cell col-end="1" col-start="1" row-end="9" row-start="9" text="[
     ]">
   </cell>
   <cell col-end="2" col-start="2" row-end="9" row-start="9" text="−998.6407">
   </cell>
   <cell col-end="3" col-start="3" row-end="9" row-start="9" text="14.8818">
   </cell>
   <cell col-end="4" col-start="4" row-end="9" row-start="9" text="0.0000">
   </cell>
   <cell col-end="5" col-start="5" row-end="9" row-start="9" text="1">
   </cell>
   <cell col-end="6" col-start="6" row-end="9" row-start="9" text="0.455">
   </cell>
   <cell col-end="7" col-start="7" row-end="9" row-start="9" text="−0.9513">
   </cell>
  </row>
  <row row="10">
   <cell col-end="0" col-start="0" row-end="10" row-start="10" text="66">
   </cell>
   <cell col-end="1" col-start="1" row-end="10" row-start="10" text="[
     13]">
   </cell>
   <cell col-end="2" col-start="2" row-end="10" row-start="10" text="−692.2129">
   </cell>
   <cell col-end="3" col-start="3" row-end="10" row-start="10" text="10.5534">
   </cell>
   <cell col-end="4" col-start="4" row-end="10" row-start="10" text="0.0055">
   </cell>
   <cell col-end="5" col-start="5" row-end="10" row-start="10" text="1">
   </cell>
   <cell col-end="6" col-start="6" row-end="10" row-start="10" text="0.684">
   </cell>
   <cell col-end="7" col-start="7" row-end="10" row-start="10" text="−0.8686">
   </cell>
  </row>
  <statements>
   <statement id="0" text="0.000 is the value of 97 ID under Y." type="">
   </statement>
   <statement id="1" text="1.800 is the value of 97 ID under Y." type="">
   </statement>
   <statement id="2" text="66 ID has only value of 0.0055 under F column." type="">
   </statement>
   <statement id="3" text="98.6407 is the value of 125 ID under E column." type="">
   </statement>
   <statement id="4" text="The value of S is 1 which is constant for all IDs." type="">
   </statement>
   <statement id="5" text="The value of S is 6 which is constant for all IDs." type="">
   </statement>
  </statements>
 </table>
 <table id="Table 2">
  <caption text="

   Formation enthalpy Y (eV/atom), Composition ratio X, Symmetry S, Fitness F (eV/block), Volumes V(Å
   
    3
   
   /atom), Enthalpies E(eV/atom), and Compositions C for the first 10 structures include in the convex hull of the Nb-N system at 30 GPa.
  
">
  </caption>
  <row row="0">
   <cell col-end="0" col-start="0" row-end="0" row-start="0" text="ID">
   </cell>
   <cell col-end="1" col-start="1" row-end="0" row-start="0" text="C">
   </cell>
   <cell col-end="2" col-start="2" row-end="0" row-start="0" text="E">
   </cell>
   <cell col-end="3" col-start="3" row-end="0" row-start="0" text="V">
   </cell>
   <cell col-end="4" col-start="4" row-end="0" row-start="0" text="F">
   </cell>
   <cell col-end="5" col-start="5" row-end="0" row-start="0" text="S">
   </cell>
   <cell col-end="6" col-start="6" row-end="0" row-start="0" text="X">
   </cell>
   <cell col-end="7" col-start="7" row-end="0" row-start="0" text="Y">
   </cell>
  </row>
  <row row="1">
   <cell col-end="0" col-start="0" row-end="1" row-start="1" text="32">
   </cell>
   <cell col-end="1" col-start="1" row-end="1" row-start="1" text="[16
     ]">
   </cell>
   <cell col-end="2" col-start="2" row-end="1" row-start="1" text="−1287.1755">
   </cell>
   <cell col-end="3" col-start="3" row-end="1" row-start="1" text="18.1217">
   </cell>
   <cell col-end="4" col-start="4" row-end="1" row-start="1" text="0.0000">
   </cell>
   <cell col-end="5" col-start="5" row-end="1" row-start="1" text="1">
   </cell>
   <cell col-end="6" col-start="6" row-end="1" row-start="1" text="0.238">
   </cell>
   <cell col-end="7" col-start="7" row-end="1" row-start="1" text="−0.5553">
   </cell>
  </row>
  <row row="2">
   <cell col-end="0" col-start="0" row-end="2" row-start="2" text="75">
   </cell>
   <cell col-end="1" col-start="1" row-end="2" row-start="2" text="[0 9]">
   </cell>
   <cell col-end="2" col-start="2" row-end="2" row-start="2" text="−270.1825">
   </cell>
   <cell col-end="3" col-start="3" row-end="2" row-start="2" text="16.1194">
   </cell>
   <cell col-end="4" col-start="4" row-end="2" row-start="2" text="0.0000">
   </cell>
   <cell col-end="5" col-start="5" row-end="2" row-start="2" text="1">
   </cell>
   <cell col-end="6" col-start="6" row-end="2" row-start="2" text="1.000">
   </cell>
   <cell col-end="7" col-start="7" row-end="2" row-start="2" text="0.0000">
   </cell>
  </row>
  <row row="3">
   <cell col-end="0" col-start="0" row-end="3" row-start="3" text="105">
   </cell>
   <cell col-end="1" col-start="1" row-end="3" row-start="3" text="[24 0]">
   </cell>
   <cell col-end="2" col-start="2" row-end="3" row-start="3" text="−1604.2570">
   </cell>
   <cell col-end="3" col-start="3" row-end="3" row-start="3" text="23.0125">
   </cell>
   <cell col-end="4" col-start="4" row-end="3" row-start="3" text="0.0000">
   </cell>
   <cell col-end="5" col-start="5" row-end="3" row-start="3" text="1">
   </cell>
   <cell col-end="6" col-start="6" row-end="3" row-start="3" text="0.000">
   </cell>
   <cell col-end="7" col-start="7" row-end="3" row-start="3" text="0.0000">
   </cell>
  </row>
  <row row="4">
   <cell col-end="0" col-start="0" row-end="4" row-start="4" text="107">
   </cell>
   <cell col-end="1" col-start="1" row-end="4" row-start="4" text="[13
     ]">
   </cell>
   <cell col-end="2" col-start="2" row-end="4" row-start="4" text="−1059.3153">
   </cell>
   <cell col-end="3" col-start="3" row-end="4" row-start="4" text="14.4932">
   </cell>
   <cell col-end="4" col-start="4" row-end="4" row-start="4" text="0.0000">
   </cell>
   <cell col-end="5" col-start="5" row-end="4" row-start="4" text="1">
   </cell>
   <cell col-end="6" col-start="6" row-end="4" row-start="4" text="0.409">
   </cell>
   <cell col-end="7" col-start="7" row-end="4" row-start="4" text="−0.8161">
   </cell>
  </row>
  <row row="5">
   <cell col-end="0" col-start="0" row-end="5" row-start="5" text="116">
   </cell>
   <cell col-end="1" col-start="1" row-end="5" row-start="5" text="[
     13]">
   </cell>
   <cell col-end="2" col-start="2" row-end="5" row-start="5" text="−738.0236">
   </cell>
   <cell col-end="3" col-start="3" row-end="5" row-start="5" text="16.5452">
   </cell>
   <cell col-end="4" col-start="4" row-end="5" row-start="5" text="0.0000">
   </cell>
   <cell col-end="5" col-start="5" row-end="5" row-start="5" text="1">
   </cell>
   <cell col-end="6" col-start="6" row-end="5" row-start="5" text="0.650">
   </cell>
   <cell col-end="7" col-start="7" row-end="5" row-start="5" text="−0.9150">
   </cell>
  </row>
  <row row="6">
   <cell col-end="0" col-start="0" row-end="6" row-start="6" text="112">
   </cell>
   <cell col-end="1" col-start="1" row-end="6" row-start="6" text="[16
     ]">
   </cell>
   <cell col-end="2" col-start="2" row-end="6" row-start="6" text="−1287.1669">
   </cell>
   <cell col-end="3" col-start="3" row-end="6" row-start="6" text="18.1217">
   </cell>
   <cell col-end="4" col-start="4" row-end="6" row-start="6" text="0.0086">
   </cell>
   <cell col-end="5" col-start="5" row-end="6" row-start="6" text="1">
   </cell>
   <cell col-end="6" col-start="6" row-end="6" row-start="6" text="0.238">
   </cell>
   <cell col-end="7" col-start="7" row-end="6" row-start="6" text="−0.5467">
   </cell>
  </row>
  <row row="7">
   <cell col-end="0" col-start="0" row-end="7" row-start="7" text="95">
   </cell>
   <cell col-end="1" col-start="1" row-end="7" row-start="7" text="[
     ]">
   </cell>
   <cell col-end="2" col-start="2" row-end="7" row-start="7" text="−1212.5120">
   </cell>
   <cell col-end="3" col-start="3" row-end="7" row-start="7" text="16.4024">
   </cell>
   <cell col-end="4" col-start="4" row-end="7" row-start="7" text="0.0089">
   </cell>
   <cell col-end="5" col-start="5" row-end="7" row-start="7" text="1">
   </cell>
   <cell col-end="6" col-start="6" row-end="7" row-start="7" text="0.294">
   </cell>
   <cell col-end="7" col-start="7" row-end="7" row-start="7" text="−0.6318">
   </cell>
  </row>
  <row row="8">
   <cell col-end="0" col-start="0" row-end="8" row-start="8" text="81">
   </cell>
   <cell col-end="1" col-start="1" row-end="8" row-start="8" text="[24 0]">
   </cell>
   <cell col-end="2" col-start="2" row-end="8" row-start="8" text="−1604.2386">
   </cell>
   <cell col-end="3" col-start="3" row-end="8" row-start="8" text="23.0125">
   </cell>
   <cell col-end="4" col-start="4" row-end="8" row-start="8" text="0.0184">
   </cell>
   <cell col-end="5" col-start="5" row-end="8" row-start="8" text="1">
   </cell>
   <cell col-end="6" col-start="6" row-end="8" row-start="8" text="0.000">
   </cell>
   <cell col-end="7" col-start="7" row-end="8" row-start="8" text="0.0184">
   </cell>
  </row>
  <row row="9">
   <cell col-end="0" col-start="0" row-end="9" row-start="9" text="85">
   </cell>
   <cell col-end="1" col-start="1" row-end="9" row-start="9" text="[
     ]">
   </cell>
   <cell col-end="2" col-start="2" row-end="9" row-start="9" text="−1033.3115">
   </cell>
   <cell col-end="3" col-start="3" row-end="9" row-start="9" text="16.8773">
   </cell>
   <cell col-end="4" col-start="4" row-end="9" row-start="9" text="0.0234">
   </cell>
   <cell col-end="5" col-start="5" row-end="9" row-start="9" text="1">
   </cell>
   <cell col-end="6" col-start="6" row-end="9" row-start="9" text="0.429">
   </cell>
   <cell col-end="7" col-start="7" row-end="9" row-start="9" text="−0.8007">
   </cell>
  </row>
  <row row="10">
   <cell col-end="0" col-start="0" row-end="10" row-start="10" text="51">
   </cell>
   <cell col-end="1" col-start="1" row-end="10" row-start="10" text="[24 0]">
   </cell>
   <cell col-end="2" col-start="2" row-end="10" row-start="10" text="−1604.1912">
   </cell>
   <cell col-end="3" col-start="3" row-end="10" row-start="10" text="23.0125">
   </cell>
   <cell col-end="4" col-start="4" row-end="10" row-start="10" text="0.0658">
   </cell>
   <cell col-end="5" col-start="5" row-end="10" row-start="10" text="1">
   </cell>
   <cell col-end="6" col-start="6" row-end="10" row-start="10" text="0.000">
   </cell>
   <cell col-end="7" col-start="7" row-end="10" row-start="10" text="0.0658">
   </cell>
  </row>
  <statements>
   <statement id="1" text="F 0.0089 ID is 81 ." type="">
   </statement>
   <statement id="2" text="F 0.0089 ID is 95." type="">
   </statement>
   <statement id="4" text="ID 51 Y is 0.0658." type="">
   </statement>
   <statement id="6" text="V 16.1194 ID is 75." type="">
   </statement>
  </statements>
 </table>
 <table id="Table 3">
  <caption text="

   Formation enthalpy Y (eV/atom), Composition ratio X, Symmetry S, Fitness F (eV/block), Volumes V(Å
   
    3
   
   /atom), Enthalpies E(eV/atom), and Compositions C for the first 10 structures include in the convex hull of the Nb-N system at 50 GPa.
  
">
  </caption>
  <row row="0">
   <cell col-end="0" col-start="0" row-end="0" row-start="0" text="ID">
   </cell>
   <cell col-end="1" col-start="1" row-end="0" row-start="0" text="C">
   </cell>
   <cell col-end="2" col-start="2" row-end="0" row-start="0" text="E">
   </cell>
   <cell col-end="3" col-start="3" row-end="0" row-start="0" text="V">
   </cell>
   <cell col-end="4" col-start="4" row-end="0" row-start="0" text="F">
   </cell>
   <cell col-end="5" col-start="5" row-end="0" row-start="0" text="S">
   </cell>
   <cell col-end="6" col-start="6" row-end="0" row-start="0" text="X">
   </cell>
   <cell col-end="7" col-start="7" row-end="0" row-start="0" text="Y">
   </cell>
  </row>
  <row row="1">
   <cell col-end="0" col-start="0" row-end="1" row-start="1" text="8">
   </cell>
   <cell col-end="1" col-start="1" row-end="1" row-start="1" text="[23 0]">
   </cell>
   <cell col-end="2" col-start="2" row-end="1" row-start="1" text="−1604.0754">
   </cell>
   <cell col-end="3" col-start="3" row-end="1" row-start="1" text="22.8215">
   </cell>
   <cell col-end="4" col-start="4" row-end="1" row-start="1" text="0.0000">
   </cell>
   <cell col-end="5" col-start="5" row-end="1" row-start="1" text="2">
   </cell>
   <cell col-end="6" col-start="6" row-end="1" row-start="1" text="0.000">
   </cell>
   <cell col-end="7" col-start="7" row-end="1" row-start="1" text="0.000">
   </cell>
  </row>
  <row row="2">
   <cell col-end="0" col-start="0" row-end="2" row-start="2" text="18">
   </cell>
   <cell col-end="1" col-start="1" row-end="2" row-start="2" text="[
     ]">
   </cell>
   <cell col-end="2" col-start="2" row-end="2" row-start="2" text="−1362.0233">
   </cell>
   <cell col-end="3" col-start="3" row-end="2" row-start="2" text="19.9797">
   </cell>
   <cell col-end="4" col-start="4" row-end="2" row-start="2" text="0.0000">
   </cell>
   <cell col-end="5" col-start="5" row-end="2" row-start="2" text="8">
   </cell>
   <cell col-end="6" col-start="6" row-end="2" row-start="2" text="0.182">
   </cell>
   <cell col-end="7" col-start="7" row-end="2" row-start="2" text="−0.6457">
   </cell>
  </row>
  <row row="3">
   <cell col-end="0" col-start="0" row-end="3" row-start="3" text="69">
   </cell>
   <cell col-end="1" col-start="1" row-end="3" row-start="3" text="[
     13]">
   </cell>
   <cell col-end="2" col-start="2" row-end="3" row-start="3" text="−448.3141">
   </cell>
   <cell col-end="3" col-start="3" row-end="3" row-start="3" text="15.0906">
   </cell>
   <cell col-end="4" col-start="4" row-end="3" row-start="3" text="0.0000">
   </cell>
   <cell col-end="5" col-start="5" row-end="3" row-start="3" text="1">
   </cell>
   <cell col-end="6" col-start="6" row-end="3" row-start="3" text="0.867">
   </cell>
   <cell col-end="7" col-start="7" row-end="3" row-start="3" text="−1.0985">
   </cell>
  </row>
  <row row="4">
   <cell col-end="0" col-start="0" row-end="4" row-start="4" text="70">
   </cell>
   <cell col-end="1" col-start="1" row-end="4" row-start="4" text="[0 12]">
   </cell>
   <cell col-end="2" col-start="2" row-end="4" row-start="4" text="−269.2371">
   </cell>
   <cell col-end="3" col-start="3" row-end="4" row-start="4" text="7.5067">
   </cell>
   <cell col-end="4" col-start="4" row-end="4" row-start="4" text="0.0000">
   </cell>
   <cell col-end="5" col-start="5" row-end="4" row-start="4" text="1">
   </cell>
   <cell col-end="6" col-start="6" row-end="4" row-start="4" text="1.000">
   </cell>
   <cell col-end="7" col-start="7" row-end="4" row-start="4" text="0.0000">
   </cell>
  </row>
  <row row="5">
   <cell col-end="0" col-start="0" row-end="5" row-start="5" text="90">
   </cell>
   <cell col-end="1" col-start="1" row-end="5" row-start="5" text="[
     ]">
   </cell>
   <cell col-end="2" col-start="2" row-end="5" row-start="5" text="−967.3247">
   </cell>
   <cell col-end="3" col-start="3" row-end="5" row-start="5" text="15.3563">
   </cell>
   <cell col-end="4" col-start="4" row-end="5" row-start="5" text="0.0000">
   </cell>
   <cell col-end="5" col-start="5" row-end="5" row-start="5" text="1">
   </cell>
   <cell col-end="6" col-start="6" row-end="5" row-start="5" text="0.478">
   </cell>
   <cell col-end="7" col-start="7" row-end="5" row-start="5" text="−1.6502">
   </cell>
  </row>
  <row row="6">
   <cell col-end="0" col-start="0" row-end="6" row-start="6" text="53">
   </cell>
   <cell col-end="1" col-start="1" row-end="6" row-start="6" text="[
     18]">
   </cell>
   <cell col-end="2" col-start="2" row-end="6" row-start="6" text="−681.2706">
   </cell>
   <cell col-end="3" col-start="3" row-end="6" row-start="6" text="12.4209">
   </cell>
   <cell col-end="4" col-start="4" row-end="6" row-start="6" text="0.0322">
   </cell>
   <cell col-end="5" col-start="5" row-end="6" row-start="6" text="1">
   </cell>
   <cell col-end="6" col-start="6" row-end="6" row-start="6" text="0.692">
   </cell>
   <cell col-end="7" col-start="7" row-end="6" row-start="6" text="−1.3140">
   </cell>
  </row>
  <row row="7">
   <cell col-end="0" col-start="0" row-end="7" row-start="7" text="125">
   </cell>
   <cell col-end="1" col-start="1" row-end="7" row-start="7" text="[0 12]">
   </cell>
   <cell col-end="2" col-start="2" row-end="7" row-start="7" text="−269.1999">
   </cell>
   <cell col-end="3" col-start="3" row-end="7" row-start="7" text="7.5067">
   </cell>
   <cell col-end="4" col-start="4" row-end="7" row-start="7" text="0.0372">
   </cell>
   <cell col-end="5" col-start="5" row-end="7" row-start="7" text="1">
   </cell>
   <cell col-end="6" col-start="6" row-end="7" row-start="7" text="1.000">
   </cell>
   <cell col-end="7" col-start="7" row-end="7" row-start="7" text="0.0372">
   </cell>
  </row>
  <row row="8">
   <cell col-end="0" col-start="0" row-end="8" row-start="8" text="28">
   </cell>
   <cell col-end="1" col-start="1" row-end="8" row-start="8" text="[23 0]">
   </cell>
   <cell col-end="2" col-start="2" row-end="8" row-start="8" text="−1604.0290">
   </cell>
   <cell col-end="3" col-start="3" row-end="8" row-start="8" text="22.8215">
   </cell>
   <cell col-end="4" col-start="4" row-end="8" row-start="8" text="0.0465">
   </cell>
   <cell col-end="5" col-start="5" row-end="8" row-start="8" text="1">
   </cell>
   <cell col-end="6" col-start="6" row-end="8" row-start="8" text="0.000">
   </cell>
   <cell col-end="7" col-start="7" row-end="8" row-start="8" text="0.0465">
   </cell>
  </row>
  <row row="9">
   <cell col-end="0" col-start="0" row-end="9" row-start="9" text="34">
   </cell>
   <cell col-end="1" col-start="1" row-end="9" row-start="9" text="[18
     ]">
   </cell>
   <cell col-end="2" col-start="2" row-end="9" row-start="9" text="−1470.8920">
   </cell>
   <cell col-end="3" col-start="3" row-end="9" row-start="9" text="21.2585">
   </cell>
   <cell col-end="4" col-start="4" row-end="9" row-start="9" text="0.0548">
   </cell>
   <cell col-end="5" col-start="5" row-end="9" row-start="9" text="1">
   </cell>
   <cell col-end="6" col-start="6" row-end="9" row-start="9" text="0.100">
   </cell>
   <cell col-end="7" col-start="7" row-end="9" row-start="9" text="−0.3004">
   </cell>
  </row>
  <row row="10">
   <cell col-end="0" col-start="0" row-end="10" row-start="10" text="43">
   </cell>
   <cell col-end="1" col-start="1" row-end="10" row-start="10" text="[0 11]">
   </cell>
   <cell col-end="2" col-start="2" row-end="10" row-start="10" text="−269.1667">
   </cell>
   <cell col-end="3" col-start="3" row-end="10" row-start="10" text="7.2106">
   </cell>
   <cell col-end="4" col-start="4" row-end="10" row-start="10" text="0.0703">
   </cell>
   <cell col-end="5" col-start="5" row-end="10" row-start="10" text="1">
   </cell>
   <cell col-end="6" col-start="6" row-end="10" row-start="10" text="1.000">
   </cell>
   <cell col-end="7" col-start="7" row-end="10" row-start="10" text="0.0703">
   </cell>
  </row>
  <statements>
   <statement id="1" text="8 is the least value under ID." type="">
   </statement>
   <statement id="2" text="97.2106 is the least value compare to all under V column" type="">
   </statement>
   <statement id="3" text="Compare to all the greatest value of ID is 125." type="">
   </statement>
   <statement id="4" text="Composition ratio values have been updated in column X" type="">
   </statement>
  </statements>
 </table>
 <table id="Table 4">
  <caption text="

   Formation enthalpy Y (eV/atom), Composition ratio X, Symmetry S, Fitness F (eV/block), Volumes V(Å
   
    3
   
   /atom), Enthalpies E(eV/atom), and Compositions C for the first 10 structures include in the convex hull of the Nb-N system at 100 GPa.
  
">
  </caption>
  <row row="0">
   <cell col-end="0" col-start="0" row-end="0" row-start="0" text="ID">
   </cell>
   <cell col-end="1" col-start="1" row-end="0" row-start="0" text="C">
   </cell>
   <cell col-end="2" col-start="2" row-end="0" row-start="0" text="E">
   </cell>
   <cell col-end="3" col-start="3" row-end="0" row-start="0" text="V">
   </cell>
   <cell col-end="4" col-start="4" row-end="0" row-start="0" text="F">
   </cell>
   <cell col-end="5" col-start="5" row-end="0" row-start="0" text="S">
   </cell>
   <cell col-end="6" col-start="6" row-end="0" row-start="0" text="X">
   </cell>
   <cell col-end="7" col-start="7" row-end="0" row-start="0" text="Y">
   </cell>
  </row>
  <row row="1">
   <cell col-end="0" col-start="0" row-end="1" row-start="1" text="26">
   </cell>
   <cell col-end="1" col-start="1" row-end="1" row-start="1" text="[17
     ]">
   </cell>
   <cell col-end="2" col-start="2" row-end="1" row-start="1" text="−1110.9227">
   </cell>
   <cell col-end="3" col-start="3" row-end="1" row-start="1" text="17.0387">
   </cell>
   <cell col-end="4" col-start="4" row-end="1" row-start="1" text="0.0000">
   </cell>
   <cell col-end="5" col-start="5" row-end="1" row-start="1" text="1">
   </cell>
   <cell col-end="6" col-start="6" row-end="1" row-start="1" text="0.370">
   </cell>
   <cell col-end="7" col-start="7" row-end="1" row-start="1" text="−1.1849">
   </cell>
  </row>
  <row row="2">
   <cell col-end="0" col-start="0" row-end="2" row-start="2" text="28">
   </cell>
   <cell col-end="1" col-start="1" row-end="2" row-start="2" text="[27 0]">
   </cell>
   <cell col-end="2" col-start="2" row-end="2" row-start="2" text="−1604.0364">
   </cell>
   <cell col-end="3" col-start="3" row-end="2" row-start="2" text="22.8210">
   </cell>
   <cell col-end="4" col-start="4" row-end="2" row-start="2" text="0.0000">
   </cell>
   <cell col-end="5" col-start="5" row-end="2" row-start="2" text="144">
   </cell>
   <cell col-end="6" col-start="6" row-end="2" row-start="2" text="0.000">
   </cell>
   <cell col-end="7" col-start="7" row-end="2" row-start="2" text="0.000">
   </cell>
  </row>
  <row row="3">
   <cell col-end="0" col-start="0" row-end="3" row-start="3" text="46">
   </cell>
   <cell col-end="1" col-start="1" row-end="3" row-start="3" text="[
     ]">
   </cell>
   <cell col-end="2" col-start="2" row-end="3" row-start="3" text="−1337.8241">
   </cell>
   <cell col-end="3" col-start="3" row-end="3" row-start="3" text="19.6973">
   </cell>
   <cell col-end="4" col-start="4" row-end="3" row-start="3" text="0.0000">
   </cell>
   <cell col-end="5" col-start="5" row-end="3" row-start="3" text="53">
   </cell>
   <cell col-end="6" col-start="6" row-end="3" row-start="3" text="0.200">
   </cell>
   <cell col-end="7" col-start="7" row-end="3" row-start="3" text="−0.7089">
   </cell>
  </row>
  <row row="4">
   <cell col-end="0" col-start="0" row-end="4" row-start="4" text="71">
   </cell>
   <cell col-end="1" col-start="1" row-end="4" row-start="4" text="[
     ]">
   </cell>
   <cell col-end="2" col-start="2" row-end="4" row-start="4" text="−513.0993">
   </cell>
   <cell col-end="3" col-start="3" row-end="4" row-start="4" text="13.4886">
   </cell>
   <cell col-end="4" col-start="4" row-end="4" row-start="4" text="0.0000">
   </cell>
   <cell col-end="5" col-start="5" row-end="4" row-start="4" text="1">
   </cell>
   <cell col-end="6" col-start="6" row-end="4" row-start="4" text="0.818">
   </cell>
   <cell col-end="7" col-start="7" row-end="4" row-start="4" text="−1.0133">
   </cell>
  </row>
  <row row="5">
   <cell col-end="0" col-start="0" row-end="5" row-start="5" text="92">
   </cell>
   <cell col-end="1" col-start="1" row-end="5" row-start="5" text="[
     14]">
   </cell>
   <cell col-end="2" col-start="2" row-end="5" row-start="5" text="−715.7423">
   </cell>
   <cell col-end="3" col-start="3" row-end="5" row-start="5" text="17.7711">
   </cell>
   <cell col-end="4" col-start="4" row-end="5" row-start="5" text="0.0000">
   </cell>
   <cell col-end="5" col-start="5" row-end="5" row-start="5" text="1">
   </cell>
   <cell col-end="6" col-start="6" row-end="5" row-start="5" text="0.667">
   </cell>
   <cell col-end="7" col-start="7" row-end="5" row-start="5" text="−1.4432">
   </cell>
  </row>
  <row row="6">
   <cell col-end="0" col-start="0" row-end="6" row-start="6" text="108">
   </cell>
   <cell col-end="1" col-start="1" row-end="6" row-start="6" text="[13 16]">
   </cell>
   <cell col-end="2" col-start="2" row-end="6" row-start="6" text="−869.2586">
   </cell>
   <cell col-end="3" col-start="3" row-end="6" row-start="6" text="14.2094">
   </cell>
   <cell col-end="4" col-start="4" row-end="6" row-start="6" text="0.0000">
   </cell>
   <cell col-end="5" col-start="5" row-end="6" row-start="6" text="1">
   </cell>
   <cell col-end="6" col-start="6" row-end="6" row-start="6" text="0.552">
   </cell>
   <cell col-end="7" col-start="7" row-end="6" row-start="6" text="−1.5566">
   </cell>
  </row>
  <row row="7">
   <cell col-end="0" col-start="0" row-end="7" row-start="7" text="110">
   </cell>
   <cell col-end="1" col-start="1" row-end="7" row-start="7" text="[27
     ]">
   </cell>
   <cell col-end="2" col-start="2" row-end="7" row-start="7" text="−1556.5567">
   </cell>
   <cell col-end="3" col-start="3" row-end="7" row-start="7" text="21.1000">
   </cell>
   <cell col-end="4" col-start="4" row-end="7" row-start="7" text="0.0000">
   </cell>
   <cell col-end="5" col-start="5" row-end="7" row-start="7" text="1">
   </cell>
   <cell col-end="6" col-start="6" row-end="7" row-start="7" text="0.036">
   </cell>
   <cell col-end="7" col-start="7" row-end="7" row-start="7" text="−0.1848">
   </cell>
  </row>
  <row row="8">
   <cell col-end="0" col-start="0" row-end="8" row-start="8" text="127">
   </cell>
   <cell col-end="1" col-start="1" row-end="8" row-start="8" text="[
     ]">
   </cell>
   <cell col-end="2" col-start="2" row-end="8" row-start="8" text="−372.6535">
   </cell>
   <cell col-end="3" col-start="3" row-end="8" row-start="8" text="9.3197">
   </cell>
   <cell col-end="4" col-start="4" row-end="8" row-start="8" text="0.0000">
   </cell>
   <cell col-end="5" col-start="5" row-end="8" row-start="8" text="1">
   </cell>
   <cell col-end="6" col-start="6" row-end="8" row-start="8" text="0.923">
   </cell>
   <cell col-end="7" col-start="7" row-end="8" row-start="8" text="−0.5611">
   </cell>
  </row>
  <row row="9">
   <cell col-end="0" col-start="0" row-end="9" row-start="9" text="133">
   </cell>
   <cell col-end="1" col-start="1" row-end="9" row-start="9" text="[0 9]">
   </cell>
   <cell col-end="2" col-start="2" row-end="9" row-start="9" text="−269.4304">
   </cell>
   <cell col-end="3" col-start="3" row-end="9" row-start="9" text="8.0945">
   </cell>
   <cell col-end="4" col-start="4" row-end="9" row-start="9" text="0.0000">
   </cell>
   <cell col-end="5" col-start="5" row-end="9" row-start="9" text="1">
   </cell>
   <cell col-end="6" col-start="6" row-end="9" row-start="9" text="1.000">
   </cell>
   <cell col-end="7" col-start="7" row-end="9" row-start="9" text="0.0000">
   </cell>
  </row>
  <row row="10">
   <cell col-end="0" col-start="0" row-end="10" row-start="10" text="130">
   </cell>
   <cell col-end="1" col-start="1" row-end="10" row-start="10" text="[0 11]">
   </cell>
   <cell col-end="2" col-start="2" row-end="10" row-start="10" text="−269.4190">
   </cell>
   <cell col-end="3" col-start="3" row-end="10" row-start="10" text="8.0942">
   </cell>
   <cell col-end="4" col-start="4" row-end="10" row-start="10" text="0.0114">
   </cell>
   <cell col-end="5" col-start="5" row-end="10" row-start="10" text="1">
   </cell>
   <cell col-end="6" col-start="6" row-end="10" row-start="10" text="1.000">
   </cell>
   <cell col-end="7" col-start="7" row-end="10" row-start="10" text="0.0114">
   </cell>
  </row>
  <statements>
   <statement id="1" text="ID 46, 71 and 127 does not have any Compositions." type="">
   </statement>
   <statement id="4" text="There are six IDs given in the table." type="">
   </statement>
   <statement id="5" text="There are ten IDs given in the table." type="">
   </statement>
  </statements>
 </table>
</document>