<document>
 <table id="Table 1">
  <caption text="

   Material constants for 5182-O aluminum alloy and parameters used in this study.
  
">
  </caption>
  <row row="0">
   <cell col-end="0" col-start="0" row-end="0" row-start="0" text="Elastic constants [GPa]
     
     (Voigt notation)">
   </cell>
   <cell col-end="1" col-start="1" row-end="0" row-start="0" text="C
     

      11
     
     = 108.2
     

      C
     

      12
     
     = 61.3
     

      C
     

      44
     
     = 28.5">
   </cell>
  </row>
  <row row="1">
   <cell col-end="0" col-start="0" row-end="1" row-start="1" text="Reference shear rate,
     



         γ
        

         ̇
        


        0
       


     [s
     
      −1
     
     ]">
   </cell>
   <cell col-end="1" col-start="1" row-end="1" row-start="1" text="0.5">
   </cell>
  </row>
  <row row="2">
   <cell col-end="0" col-start="0" row-end="2" row-start="2" text="Strain rate sensitivity factor,
     
      m">
   </cell>
   <cell col-end="1" col-start="1" row-end="2" row-start="2" text="0.005">
   </cell>
  </row>
  <statements>
   <statement id="0" text="A fixed strain sensitivity factor ( m ) of 0.005 was chosen because the strain sensitivity of aluminum alloy is generally low." type="">
   </statement>
   <statement id="2" text="Elastic constants is measured in GPa." type="">
   </statement>
   <statement id="3" text="Elastic constants of C11=108.2 GPA." type="">
   </statement>
   <statement id="4" text="Reference shear rate is measured in GPa." type="">
   </statement>
   <statement id="5" text="The material constants for 5182-O aluminum alloy and the parameters used in this study are listed in Table 1 [ 32 ]." type="">
   </statement>
  </statements>
 </table>
 <table id="Table 3">
  <caption text="

   Bunge Euler angle of the ideal orientations of the different preferred texture components.
  
">
  </caption>
  <row row="0">
   <cell col-end="0" col-start="0" row-end="0" row-start="0" text="Component">
   </cell>
   <cell col-end="1" col-start="1" row-end="0" row-start="0" text="Euler angles (
     
      ϕ
     

      1
     
     ,
     
      ϕ, ϕ
     

      2
     
     ; °)">
   </cell>
  </row>
  <row row="1">
   <cell col-end="0" col-start="0" row-end="1" row-start="1" text="Cube {001}〈100〉">
   </cell>
   <cell col-end="1" col-start="1" row-end="1" row-start="1" text="(0, 0, 0)">
   </cell>
  </row>
  <row row="2">
   <cell col-end="0" col-start="0" row-end="2" row-start="2" text="Goss {110}〈001〉">
   </cell>
   <cell col-end="1" col-start="1" row-end="2" row-start="2" text="(0, 45, 0)">
   </cell>
  </row>
  <row row="3">
   <cell col-end="0" col-start="0" row-end="3" row-start="3" text="S {123}〈634〉">
   </cell>
   <cell col-end="1" col-start="1" row-end="3" row-start="3" text="(59, 37, 63), (27, 58, 18), and (53, 75, 34)">
   </cell>
  </row>
  <row row="4">
   <cell col-end="0" col-start="0" row-end="4" row-start="4" text="Brass {110}〈112〉">
   </cell>
   <cell col-end="1" col-start="1" row-end="4" row-start="4" text="(35, 45, 0) and (55, 90, 45)">
   </cell>
  </row>
  <row row="5">
   <cell col-end="0" col-start="0" row-end="5" row-start="5" text="Copper {112}〈111〉">
   </cell>
   <cell col-end="1" col-start="1" row-end="5" row-start="5" text="(90, 35, 45) and (39, 66, 27)">
   </cell>
  </row>
  <statements>
   <statement id="1" text="Components table has been divided into three columns - Diameter , Component and Euler angles." type="">
   </statement>
   <statement id="2" text="Cube has (0, 0, 0) values." type="">
   </statement>
   <statement id="3" text="The synthetic texture was modeled using a three-dimensional Gaussian distribution function based on the ideal orientations given in Table 3 ." type="">
   </statement>
  </statements>
 </table>
 <table id="Table 4">
  <caption text="

   Volume fraction (
   
    V
   


     i
    

   ) and the variance (
   
    ζ
   


     i
    


    2
   
   ) of the preferred texture components in the synthetic textures (A, B, and C) used to test the trained DNN-2D and DNN-3D.
  
">
  </caption>
  <row row="0">
   <cell col-end="0" col-start="0" row-end="1" row-start="0" text="">
   </cell>
   <cell col-end="2" col-start="1" row-end="0" row-start="0" text="Cube">
   </cell>
   <cell col-end="4" col-start="3" row-end="0" row-start="0" text="S">
   </cell>
   <cell col-end="6" col-start="5" row-end="0" row-start="0" text="Goss">
   </cell>
   <cell col-end="8" col-start="7" row-end="0" row-start="0" text="Brass">
   </cell>
   <cell col-end="10" col-start="9" row-end="0" row-start="0" text="Copper">
   </cell>
   <cell col-end="11" col-start="11" row-end="0" row-start="0" text="Random">
   </cell>
  </row>
  <row row="1">
   <cell col-end="1" col-start="1" row-end="1" row-start="1" text="V
     

      cube">
   </cell>
   <cell col-end="2" col-start="2" row-end="1" row-start="1" text="ζ
     

      cube
     

      2">
   </cell>
   <cell col-end="3" col-start="3" row-end="1" row-start="1" text="V
     
      S">
   </cell>
   <cell col-end="4" col-start="4" row-end="1" row-start="1" text="ζ
     

      S
     

      2">
   </cell>
   <cell col-end="5" col-start="5" row-end="1" row-start="1" text="V
     

      Goss">
   </cell>
   <cell col-end="6" col-start="6" row-end="1" row-start="1" text="ζ
     

      Goss
     

      2">
   </cell>
   <cell col-end="7" col-start="7" row-end="1" row-start="1" text="V
     

      Brass">
   </cell>
   <cell col-end="8" col-start="8" row-end="1" row-start="1" text="ζ
     

      Brass
     

      2">
   </cell>
   <cell col-end="9" col-start="9" row-end="1" row-start="1" text="V
     

      Copper">
   </cell>
   <cell col-end="10" col-start="10" row-end="1" row-start="1" text="ζ
     

      Copper
     

      2">
   </cell>
   <cell col-end="11" col-start="11" row-end="1" row-start="1" text="V
     

      Random">
   </cell>
  </row>
  <row row="2">
   <cell col-end="0" col-start="0" row-end="2" row-start="2" text="Texture A">
   </cell>
   <cell col-end="1" col-start="1" row-end="2" row-start="2" text="6%">
   </cell>
   <cell col-end="2" col-start="2" row-end="2" row-start="2" text="11 deg
     
      2">
   </cell>
   <cell col-end="3" col-start="3" row-end="2" row-start="2" text="29%">
   </cell>
   <cell col-end="4" col-start="4" row-end="2" row-start="2" text="7 deg
     
      2">
   </cell>
   <cell col-end="5" col-start="5" row-end="2" row-start="2" text="5%">
   </cell>
   <cell col-end="6" col-start="6" row-end="2" row-start="2" text="7 deg
     
      2">
   </cell>
   <cell col-end="7" col-start="7" row-end="2" row-start="2" text="15%">
   </cell>
   <cell col-end="8" col-start="8" row-end="2" row-start="2" text="7 deg
     
      2">
   </cell>
   <cell col-end="9" col-start="9" row-end="2" row-start="2" text="15%">
   </cell>
   <cell col-end="10" col-start="10" row-end="2" row-start="2" text="7 deg
     
      2">
   </cell>
   <cell col-end="11" col-start="11" row-end="2" row-start="2" text="30%">
   </cell>
  </row>
  <row row="3">
   <cell col-end="0" col-start="0" row-end="3" row-start="3" text="Texture B">
   </cell>
   <cell col-end="1" col-start="1" row-end="3" row-start="3" text="5%">
   </cell>
   <cell col-end="2" col-start="2" row-end="3" row-start="3" text="14 deg
     
      2">
   </cell>
   <cell col-end="3" col-start="3" row-end="3" row-start="3" text="41%">
   </cell>
   <cell col-end="4" col-start="4" row-end="3" row-start="3" text="9 deg
     
      2">
   </cell>
   <cell col-end="5" col-start="5" row-end="3" row-start="3" text="4%">
   </cell>
   <cell col-end="6" col-start="6" row-end="3" row-start="3" text="6 deg
     
      2">
   </cell>
   <cell col-end="7" col-start="7" row-end="3" row-start="3" text="22%">
   </cell>
   <cell col-end="8" col-start="8" row-end="3" row-start="3" text="9 deg
     
      2">
   </cell>
   <cell col-end="9" col-start="9" row-end="3" row-start="3" text="16%">
   </cell>
   <cell col-end="10" col-start="10" row-end="3" row-start="3" text="11 deg
     
      2">
   </cell>
   <cell col-end="11" col-start="11" row-end="3" row-start="3" text="12%">
   </cell>
  </row>
  <row row="4">
   <cell col-end="0" col-start="0" row-end="4" row-start="4" text="Texture C">
   </cell>
   <cell col-end="1" col-start="1" row-end="4" row-start="4" text="18%">
   </cell>
   <cell col-end="2" col-start="2" row-end="4" row-start="4" text="13 deg
     
      2">
   </cell>
   <cell col-end="3" col-start="3" row-end="4" row-start="4" text="8%">
   </cell>
   <cell col-end="4" col-start="4" row-end="4" row-start="4" text="8 deg
     
      2">
   </cell>
   <cell col-end="5" col-start="5" row-end="4" row-start="4" text="10%">
   </cell>
   <cell col-end="6" col-start="6" row-end="4" row-start="4" text="12 deg
     
      2">
   </cell>
   <cell col-end="7" col-start="7" row-end="4" row-start="4" text="2%">
   </cell>
   <cell col-end="8" col-start="8" row-end="4" row-start="4" text="13 deg
     
      2">
   </cell>
   <cell col-end="9" col-start="9" row-end="4" row-start="4" text="4%">
   </cell>
   <cell col-end="10" col-start="10" row-end="4" row-start="4" text="5 deg
     
      2">
   </cell>
   <cell col-end="11" col-start="11" row-end="4" row-start="4" text="58%">
   </cell>
  </row>
  <statements>
   <statement id="1" text="The highest  cube 2 is 11 deg 2." type="">
   </statement>
   <statement id="2" text="The highest V Copper is 4%." type="">
   </statement>
   <statement id="3" text="The highest V Random is 58%." type="">
   </statement>
  </statements>
 </table>
 <table id="Table 5">
  <caption text="

   Volume fraction (
   
    V
   


     i
    

   ) and variance (
   
    ζ
   


     i
    


    2
   
   ) of the five synthetic textures for which highest
   
    d
   


     i
    
    8
   
   at the reference plastic strain of
   
    ε
   

    0
   

    p
   
   = 0.04 were observed in the test datasets. The texture ID corresponds to the index
   
    i
   
   of
   
    d
   


     i
    
    8
   
   .
  
">
  </caption>
  <row row="0">
   <cell col-end="0" col-start="0" row-end="1" row-start="0" text="Texture ID">
   </cell>
   <cell col-end="2" col-start="1" row-end="0" row-start="0" text="Cube">
   </cell>
   <cell col-end="4" col-start="3" row-end="0" row-start="0" text="S">
   </cell>
   <cell col-end="6" col-start="5" row-end="0" row-start="0" text="Goss">
   </cell>
   <cell col-end="8" col-start="7" row-end="0" row-start="0" text="Brass">
   </cell>
   <cell col-end="10" col-start="9" row-end="0" row-start="0" text="Copper">
   </cell>
   <cell col-end="11" col-start="11" row-end="0" row-start="0" text="Random">
   </cell>
  </row>
  <row row="1">
   <cell col-end="1" col-start="1" row-end="1" row-start="1" text="V
     

      cube">
   </cell>
   <cell col-end="2" col-start="2" row-end="1" row-start="1" text="ζ
     

      cube
     

      2">
   </cell>
   <cell col-end="3" col-start="3" row-end="1" row-start="1" text="V
     
      S">
   </cell>
   <cell col-end="4" col-start="4" row-end="1" row-start="1" text="ζ
     

      S
     

      2">
   </cell>
   <cell col-end="5" col-start="5" row-end="1" row-start="1" text="V
     

      Goss">
   </cell>
   <cell col-end="6" col-start="6" row-end="1" row-start="1" text="ζ
     

      Goss
     

      2">
   </cell>
   <cell col-end="7" col-start="7" row-end="1" row-start="1" text="V
     

      Brass">
   </cell>
   <cell col-end="8" col-start="8" row-end="1" row-start="1" text="ζ
     

      Brass
     

      2">
   </cell>
   <cell col-end="9" col-start="9" row-end="1" row-start="1" text="V
     

      Copper">
   </cell>
   <cell col-end="10" col-start="10" row-end="1" row-start="1" text="ζ
     

      Copper
     

      2">
   </cell>
   <cell col-end="11" col-start="11" row-end="1" row-start="1" text="V
     

      Random">
   </cell>
  </row>
  <row row="2">
   <cell col-end="0" col-start="0" row-end="2" row-start="2" text="51">
   </cell>
   <cell col-end="1" col-start="1" row-end="2" row-start="2" text="10%">
   </cell>
   <cell col-end="2" col-start="2" row-end="2" row-start="2" text="9 deg
     
      2">
   </cell>
   <cell col-end="3" col-start="3" row-end="2" row-start="2" text="10%">
   </cell>
   <cell col-end="4" col-start="4" row-end="2" row-start="2" text="13 deg
     
      2">
   </cell>
   <cell col-end="5" col-start="5" row-end="2" row-start="2" text="60%">
   </cell>
   <cell col-end="6" col-start="6" row-end="2" row-start="2" text="8 deg
     
      2">
   </cell>
   <cell col-end="7" col-start="7" row-end="2" row-start="2" text="10%">
   </cell>
   <cell col-end="8" col-start="8" row-end="2" row-start="2" text="13 deg
     
      2">
   </cell>
   <cell col-end="9" col-start="9" row-end="2" row-start="2" text="10%">
   </cell>
   <cell col-end="10" col-start="10" row-end="2" row-start="2" text="8 deg
     
      2">
   </cell>
   <cell col-end="11" col-start="11" row-end="2" row-start="2" text="0%">
   </cell>
  </row>
  <row row="3">
   <cell col-end="0" col-start="0" row-end="3" row-start="3" text="63">
   </cell>
   <cell col-end="1" col-start="1" row-end="3" row-start="3" text="10%">
   </cell>
   <cell col-end="2" col-start="2" row-end="3" row-start="3" text="10 deg
     
      2">
   </cell>
   <cell col-end="3" col-start="3" row-end="3" row-start="3" text="10%">
   </cell>
   <cell col-end="4" col-start="4" row-end="3" row-start="3" text="10 deg
     
      2">
   </cell>
   <cell col-end="5" col-start="5" row-end="3" row-start="3" text="50%">
   </cell>
   <cell col-end="6" col-start="6" row-end="3" row-start="3" text="6 deg
     
      2">
   </cell>
   <cell col-end="7" col-start="7" row-end="3" row-start="3" text="10%">
   </cell>
   <cell col-end="8" col-start="8" row-end="3" row-start="3" text="13 deg
     
      2">
   </cell>
   <cell col-end="9" col-start="9" row-end="3" row-start="3" text="10%">
   </cell>
   <cell col-end="10" col-start="10" row-end="3" row-start="3" text="14 deg
     
      2">
   </cell>
   <cell col-end="11" col-start="11" row-end="3" row-start="3" text="10%">
   </cell>
  </row>
  <row row="4">
   <cell col-end="0" col-start="0" row-end="4" row-start="4" text="134">
   </cell>
   <cell col-end="1" col-start="1" row-end="4" row-start="4" text="20%">
   </cell>
   <cell col-end="2" col-start="2" row-end="4" row-start="4" text="6 deg
     
      2">
   </cell>
   <cell col-end="3" col-start="3" row-end="4" row-start="4" text="10%">
   </cell>
   <cell col-end="4" col-start="4" row-end="4" row-start="4" text="7 deg
     
      2">
   </cell>
   <cell col-end="5" col-start="5" row-end="4" row-start="4" text="50%">
   </cell>
   <cell col-end="6" col-start="6" row-end="4" row-start="4" text="10 deg
     
      2">
   </cell>
   <cell col-end="7" col-start="7" row-end="4" row-start="4" text="10%">
   </cell>
   <cell col-end="8" col-start="8" row-end="4" row-start="4" text="10 deg
     
      2">
   </cell>
   <cell col-end="9" col-start="9" row-end="4" row-start="4" text="10%">
   </cell>
   <cell col-end="10" col-start="10" row-end="4" row-start="4" text="7 deg
     
      2">
   </cell>
   <cell col-end="11" col-start="11" row-end="4" row-start="4" text="0%">
   </cell>
  </row>
  <row row="5">
   <cell col-end="0" col-start="0" row-end="5" row-start="5" text="3">
   </cell>
   <cell col-end="1" col-start="1" row-end="5" row-start="5" text="10%">
   </cell>
   <cell col-end="2" col-start="2" row-end="5" row-start="5" text="5 deg
     
      2">
   </cell>
   <cell col-end="3" col-start="3" row-end="5" row-start="5" text="10%">
   </cell>
   <cell col-end="4" col-start="4" row-end="5" row-start="5" text="11 deg
     
      2">
   </cell>
   <cell col-end="5" col-start="5" row-end="5" row-start="5" text="50%">
   </cell>
   <cell col-end="6" col-start="6" row-end="5" row-start="5" text="12 deg
     
      2">
   </cell>
   <cell col-end="7" col-start="7" row-end="5" row-start="5" text="10%">
   </cell>
   <cell col-end="8" col-start="8" row-end="5" row-start="5" text="14 deg
     
      2">
   </cell>
   <cell col-end="9" col-start="9" row-end="5" row-start="5" text="20%">
   </cell>
   <cell col-end="10" col-start="10" row-end="5" row-start="5" text="13 deg
     
      2">
   </cell>
   <cell col-end="11" col-start="11" row-end="5" row-start="5" text="0%">
   </cell>
  </row>
  <row row="6">
   <cell col-end="0" col-start="0" row-end="6" row-start="6" text="90">
   </cell>
   <cell col-end="1" col-start="1" row-end="6" row-start="6" text="10%">
   </cell>
   <cell col-end="2" col-start="2" row-end="6" row-start="6" text="12 deg
     
      2">
   </cell>
   <cell col-end="3" col-start="3" row-end="6" row-start="6" text="10%">
   </cell>
   <cell col-end="4" col-start="4" row-end="6" row-start="6" text="10 deg
     
      2">
   </cell>
   <cell col-end="5" col-start="5" row-end="6" row-start="6" text="50%">
   </cell>
   <cell col-end="6" col-start="6" row-end="6" row-start="6" text="13 deg
     
      2">
   </cell>
   <cell col-end="7" col-start="7" row-end="6" row-start="6" text="10%">
   </cell>
   <cell col-end="8" col-start="8" row-end="6" row-start="6" text="5 deg
     
      2">
   </cell>
   <cell col-end="9" col-start="9" row-end="6" row-start="6" text="10%">
   </cell>
   <cell col-end="10" col-start="10" row-end="6" row-start="6" text="14 deg
     
      2">
   </cell>
   <cell col-end="11" col-start="11" row-end="6" row-start="6" text="10%">
   </cell>
  </row>
  <statements>
   <statement id="3" text="The Random value for texture ID 51, 134 and 3 is 0%." type="">
   </statement>
   <statement id="4" text="The Random value for texture ID 63 and 90 is 0%." type="">
   </statement>
   <statement id="6" text="There are 5 synthetic textures given in the table." type="">
   </statement>
   <statement id="7" text="There are 8 synthetic textures given in the table." type="">
   </statement>
  </statements>
 </table>
</document>