<document>
 <table id="Table 2">
  <caption text="

   Oxide compositions of the binding materials used.
  
">
  </caption>
  <legend text="

   LOI = Loss of Ignition, determined at 800 °C.
  
">
  </legend>
  <row row="0">
   <cell col-end="0" col-start="0" row-end="0" row-start="0" text="Oxide Composition">
   </cell>
   <cell col-end="1" col-start="1" row-end="0" row-start="0" text="CaO
     
     (%)">
   </cell>
   <cell col-end="2" col-start="2" row-end="0" row-start="0" text="SiO
     
      2
     

     (%)">
   </cell>
   <cell col-end="3" col-start="3" row-end="0" row-start="0" text="Al
     
      2
     
     O
     
      3
     

     (%)">
   </cell>
   <cell col-end="4" col-start="4" row-end="0" row-start="0" text="Fe
     
      2
     
     O
     
      3
     

     (%)">
   </cell>
   <cell col-end="5" col-start="5" row-end="0" row-start="0" text="MgO
     
     (%)">
   </cell>
   <cell col-end="6" col-start="6" row-end="0" row-start="0" text="K
     
      2
     
     O
     
     (%)">
   </cell>
   <cell col-end="7" col-start="7" row-end="0" row-start="0" text="Na
     
      2
     
     O
     
     (%)">
   </cell>
   <cell col-end="8" col-start="8" row-end="0" row-start="0" text="SO
     
      3
     

     (%)">
   </cell>
   <cell col-end="9" col-start="9" row-end="0" row-start="0" text="TiO
     
      2
     

     (%)">
   </cell>
   <cell col-end="10" col-start="10" row-end="0" row-start="0" text="P
     
      2
     
     O
     
      5
     

     (%)">
   </cell>
   <cell col-end="11" col-start="11" row-end="0" row-start="0" text="LOI
     
     (%)">
   </cell>
  </row>
  <row row="1">
   <cell col-end="0" col-start="0" row-end="1" row-start="1" text="AONSA
     
     PLC">
   </cell>
   <cell col-end="1" col-start="1" row-end="1" row-start="1" text="2.04
     
     64.50">
   </cell>
   <cell col-end="2" col-start="2" row-end="1" row-start="1" text="65.02
     
     21.55">
   </cell>
   <cell col-end="3" col-start="3" row-end="1" row-start="1" text="16.28
     
     5.50">
   </cell>
   <cell col-end="4" col-start="4" row-end="1" row-start="1" text="10.16
     
     3.08">
   </cell>
   <cell col-end="5" col-start="5" row-end="1" row-start="1" text="1.53
     
     1.52">
   </cell>
   <cell col-end="6" col-start="6" row-end="1" row-start="1" text="0.52
     
     0.61">
   </cell>
   <cell col-end="7" col-start="7" row-end="1" row-start="1" text="0.45
     
     –">
   </cell>
   <cell col-end="8" col-start="8" row-end="1" row-start="1" text="1.32
     
     2.03">
   </cell>
   <cell col-end="9" col-start="9" row-end="1" row-start="1" text="0.01
     
     –">
   </cell>
   <cell col-end="10" col-start="10" row-end="1" row-start="1" text="0.01
     
     –">
   </cell>
   <cell col-end="11" col-start="11" row-end="1" row-start="1" text="2.95
     
     1.20">
   </cell>
  </row>
  <statements>
   <statement id="1" text="Fe 2 O 3, CaO and MgO Oxide Composition will not have PLC" type="">
   </statement>
   <statement id="4" text="SiO 2 Oxide Composition will have High AONSA." type="">
   </statement>
   <statement id="5" text="The reason for the higher compressive strength due to an increase in AONSA content (15 % maximum) cannot be far-fetched: Anacardium occidentale nutshell ash (AONSA), as shown in Table 2 , showed substantial contents of silica oxide (SiO 2 ) and alumina oxide" type="">
   </statement>
   <statement id="6" text="The results indicated that the compressive strengths increased with increasing AONSA content up to 15 % replacement for all concrete grades at all curing ages but at 20 % substitution, the strength reduced marginally." type="">
   </statement>
   <statement id="7" text="There are 11 Oxide Composition ." type="">
   </statement>
   <statement id="8" text="There are 13 Oxide Composition ." type="">
   </statement>
   <statement id="9" text="TiO 2 and P 2 O 5 Oxide Composition will have same AONSA." type="">
   </statement>
   <statement id="10" text="TiO 2 Oxide Composition will have High AONSA." type="">
   </statement>
  </statements>
 </table>
</document>