<document>
 <table id="Table 4">
  <caption text="

   Detailed performance on Pascal VOC 2012 test set.
  
">
  </caption>
  <row row="0">
   <cell col-end="0" col-start="0" row-end="0" row-start="0" text="Method">
   </cell>
   <cell col-end="1" col-start="1" row-end="0" row-start="0" text="Aero">
   </cell>
   <cell col-end="2" col-start="2" row-end="0" row-start="0" text="Bike">
   </cell>
   <cell col-end="3" col-start="3" row-end="0" row-start="0" text="Bird">
   </cell>
   <cell col-end="4" col-start="4" row-end="0" row-start="0" text="Boat">
   </cell>
   <cell col-end="5" col-start="5" row-end="0" row-start="0" text="Bottle">
   </cell>
   <cell col-end="6" col-start="6" row-end="0" row-start="0" text="Bus">
   </cell>
   <cell col-end="7" col-start="7" row-end="0" row-start="0" text="Car">
   </cell>
   <cell col-end="8" col-start="8" row-end="0" row-start="0" text="Cat">
   </cell>
   <cell col-end="9" col-start="9" row-end="0" row-start="0" text="Chair">
   </cell>
   <cell col-end="10" col-start="10" row-end="0" row-start="0" text="Cow">
   </cell>
   <cell col-end="11" col-start="11" row-end="0" row-start="0" text="Table">
   </cell>
   <cell col-end="12" col-start="12" row-end="0" row-start="0" text="Dog">
   </cell>
   <cell col-end="13" col-start="13" row-end="0" row-start="0" text="Horse">
   </cell>
   <cell col-end="14" col-start="14" row-end="0" row-start="0" text="Mbike">
   </cell>
   <cell col-end="15" col-start="15" row-end="0" row-start="0" text="Person">
   </cell>
   <cell col-end="16" col-start="16" row-end="0" row-start="0" text="Plant">
   </cell>
   <cell col-end="17" col-start="17" row-end="0" row-start="0" text="Sheep">
   </cell>
   <cell col-end="18" col-start="18" row-end="0" row-start="0" text="Sofa">
   </cell>
   <cell col-end="19" col-start="19" row-end="0" row-start="0" text="Train">
   </cell>
   <cell col-end="20" col-start="20" row-end="0" row-start="0" text="Tv">
   </cell>
   <cell col-end="21" col-start="21" row-end="0" row-start="0" text="mIoU(%)">
   </cell>
  </row>
  <row row="1">
   <cell col-end="0" col-start="0" row-end="1" row-start="1" text="FCN
     
      [5]">
   </cell>
   <cell col-end="1" col-start="1" row-end="1" row-start="1" text="76.8">
   </cell>
   <cell col-end="2" col-start="2" row-end="1" row-start="1" text="34.2">
   </cell>
   <cell col-end="3" col-start="3" row-end="1" row-start="1" text="68.9">
   </cell>
   <cell col-end="4" col-start="4" row-end="1" row-start="1" text="49.4">
   </cell>
   <cell col-end="5" col-start="5" row-end="1" row-start="1" text="60.3">
   </cell>
   <cell col-end="6" col-start="6" row-end="1" row-start="1" text="75.3">
   </cell>
   <cell col-end="7" col-start="7" row-end="1" row-start="1" text="74.7">
   </cell>
   <cell col-end="8" col-start="8" row-end="1" row-start="1" text="77.6">
   </cell>
   <cell col-end="9" col-start="9" row-end="1" row-start="1" text="21.4">
   </cell>
   <cell col-end="10" col-start="10" row-end="1" row-start="1" text="62.5">
   </cell>
   <cell col-end="11" col-start="11" row-end="1" row-start="1" text="46.8">
   </cell>
   <cell col-end="12" col-start="12" row-end="1" row-start="1" text="71.8">
   </cell>
   <cell col-end="13" col-start="13" row-end="1" row-start="1" text="63.9">
   </cell>
   <cell col-end="14" col-start="14" row-end="1" row-start="1" text="76.5">
   </cell>
   <cell col-end="15" col-start="15" row-end="1" row-start="1" text="73.9">
   </cell>
   <cell col-end="16" col-start="16" row-end="1" row-start="1" text="45.2">
   </cell>
   <cell col-end="17" col-start="17" row-end="1" row-start="1" text="72.4">
   </cell>
   <cell col-end="18" col-start="18" row-end="1" row-start="1" text="37.4">
   </cell>
   <cell col-end="19" col-start="19" row-end="1" row-start="1" text="70.9">
   </cell>
   <cell col-end="20" col-start="20" row-end="1" row-start="1" text="55.1">
   </cell>
   <cell col-end="21" col-start="21" row-end="1" row-start="1" text="62.2">
   </cell>
  </row>
  <row row="2">
   <cell col-end="0" col-start="0" row-end="2" row-start="2" text="DeepLabv2
     
      [10]">
   </cell>
   <cell col-end="1" col-start="1" row-end="2" row-start="2" text="84.4">
   </cell>
   <cell col-end="2" col-start="2" row-end="2" row-start="2" text="54.5">
   </cell>
   <cell col-end="3" col-start="3" row-end="2" row-start="2" text="81.5">
   </cell>
   <cell col-end="4" col-start="4" row-end="2" row-start="2" text="63.6">
   </cell>
   <cell col-end="5" col-start="5" row-end="2" row-start="2" text="65.9">
   </cell>
   <cell col-end="6" col-start="6" row-end="2" row-start="2" text="85.1">
   </cell>
   <cell col-end="7" col-start="7" row-end="2" row-start="2" text="79.1">
   </cell>
   <cell col-end="8" col-start="8" row-end="2" row-start="2" text="83.4">
   </cell>
   <cell col-end="9" col-start="9" row-end="2" row-start="2" text="30.7">
   </cell>
   <cell col-end="10" col-start="10" row-end="2" row-start="2" text="74.1">
   </cell>
   <cell col-end="11" col-start="11" row-end="2" row-start="2" text="59.8">
   </cell>
   <cell col-end="12" col-start="12" row-end="2" row-start="2" text="79.0">
   </cell>
   <cell col-end="13" col-start="13" row-end="2" row-start="2" text="76.1">
   </cell>
   <cell col-end="14" col-start="14" row-end="2" row-start="2" text="83.27">
   </cell>
   <cell col-end="15" col-start="15" row-end="2" row-start="2" text="80.8">
   </cell>
   <cell col-end="16" col-start="16" row-end="2" row-start="2" text="59.7">
   </cell>
   <cell col-end="17" col-start="17" row-end="2" row-start="2" text="82.2">
   </cell>
   <cell col-end="18" col-start="18" row-end="2" row-start="2" text="50.4">
   </cell>
   <cell col-end="19" col-start="19" row-end="2" row-start="2" text="73.1">
   </cell>
   <cell col-end="20" col-start="20" row-end="2" row-start="2" text="63.7">
   </cell>
   <cell col-end="21" col-start="21" row-end="2" row-start="2" text="71.6">
   </cell>
  </row>
  <row row="3">
   <cell col-end="0" col-start="0" row-end="3" row-start="3" text="CRF-RNN
     
      [36]">
   </cell>
   <cell col-end="1" col-start="1" row-end="3" row-start="3" text="87.5">
   </cell>
   <cell col-end="2" col-start="2" row-end="3" row-start="3" text="39.0">
   </cell>
   <cell col-end="3" col-start="3" row-end="3" row-start="3" text="79.7">
   </cell>
   <cell col-end="4" col-start="4" row-end="3" row-start="3" text="64.2">
   </cell>
   <cell col-end="5" col-start="5" row-end="3" row-start="3" text="68.3">
   </cell>
   <cell col-end="6" col-start="6" row-end="3" row-start="3" text="87.6">
   </cell>
   <cell col-end="7" col-start="7" row-end="3" row-start="3" text="80.8">
   </cell>
   <cell col-end="8" col-start="8" row-end="3" row-start="3" text="84.4">
   </cell>
   <cell col-end="9" col-start="9" row-end="3" row-start="3" text="30.4">
   </cell>
   <cell col-end="10" col-start="10" row-end="3" row-start="3" text="78.2">
   </cell>
   <cell col-end="11" col-start="11" row-end="3" row-start="3" text="60.4">
   </cell>
   <cell col-end="12" col-start="12" row-end="3" row-start="3" text="80.5">
   </cell>
   <cell col-end="13" col-start="13" row-end="3" row-start="3" text="77.8">
   </cell>
   <cell col-end="14" col-start="14" row-end="3" row-start="3" text="83.1">
   </cell>
   <cell col-end="15" col-start="15" row-end="3" row-start="3" text="80.6">
   </cell>
   <cell col-end="16" col-start="16" row-end="3" row-start="3" text="59.5">
   </cell>
   <cell col-end="17" col-start="17" row-end="3" row-start="3" text="82.8">
   </cell>
   <cell col-end="18" col-start="18" row-end="3" row-start="3" text="47.8">
   </cell>
   <cell col-end="19" col-start="19" row-end="3" row-start="3" text="78.3">
   </cell>
   <cell col-end="20" col-start="20" row-end="3" row-start="3" text="67.1">
   </cell>
   <cell col-end="21" col-start="21" row-end="3" row-start="3" text="72.0">
   </cell>
  </row>
  <row row="4">
   <cell col-end="0" col-start="0" row-end="4" row-start="4" text="DeconvNet
     
      [32]">
   </cell>
   <cell col-end="1" col-start="1" row-end="4" row-start="4" text="89.9">
   </cell>
   <cell col-end="2" col-start="2" row-end="4" row-start="4" text="39.3">
   </cell>
   <cell col-end="3" col-start="3" row-end="4" row-start="4" text="79.7">
   </cell>
   <cell col-end="4" col-start="4" row-end="4" row-start="4" text="63.9">
   </cell>
   <cell col-end="5" col-start="5" row-end="4" row-start="4" text="68.2">
   </cell>
   <cell col-end="6" col-start="6" row-end="4" row-start="4" text="87.4">
   </cell>
   <cell col-end="7" col-start="7" row-end="4" row-start="4" text="81.2">
   </cell>
   <cell col-end="8" col-start="8" row-end="4" row-start="4" text="86.1">
   </cell>
   <cell col-end="9" col-start="9" row-end="4" row-start="4" text="28.5">
   </cell>
   <cell col-end="10" col-start="10" row-end="4" row-start="4" text="77.0">
   </cell>
   <cell col-end="11" col-start="11" row-end="4" row-start="4" text="62.0">
   </cell>
   <cell col-end="12" col-start="12" row-end="4" row-start="4" text="79.0">
   </cell>
   <cell col-end="13" col-start="13" row-end="4" row-start="4" text="80.3">
   </cell>
   <cell col-end="14" col-start="14" row-end="4" row-start="4" text="83.6">
   </cell>
   <cell col-end="15" col-start="15" row-end="4" row-start="4" text="80.2">
   </cell>
   <cell col-end="16" col-start="16" row-end="4" row-start="4" text="58.8">
   </cell>
   <cell col-end="17" col-start="17" row-end="4" row-start="4" text="83.4">
   </cell>
   <cell col-end="18" col-start="18" row-end="4" row-start="4" text="54.3">
   </cell>
   <cell col-end="19" col-start="19" row-end="4" row-start="4" text="80.7">
   </cell>
   <cell col-end="20" col-start="20" row-end="4" row-start="4" text="65.0">
   </cell>
   <cell col-end="21" col-start="21" row-end="4" row-start="4" text="72.5">
   </cell>
  </row>
  <row row="5">
   <cell col-end="0" col-start="0" row-end="5" row-start="5" text="DPN
     
      [4]">
   </cell>
   <cell col-end="1" col-start="1" row-end="5" row-start="5" text="87.7">
   </cell>
   <cell col-end="2" col-start="2" row-end="5" row-start="5" text="59.4">
   </cell>
   <cell col-end="3" col-start="3" row-end="5" row-start="5" text="78.4">
   </cell>
   <cell col-end="4" col-start="4" row-end="5" row-start="5" text="64.9">
   </cell>
   <cell col-end="5" col-start="5" row-end="5" row-start="5" text="70.3">
   </cell>
   <cell col-end="6" col-start="6" row-end="5" row-start="5" text="89.3">
   </cell>
   <cell col-end="7" col-start="7" row-end="5" row-start="5" text="83.5">
   </cell>
   <cell col-end="8" col-start="8" row-end="5" row-start="5" text="86.1">
   </cell>
   <cell col-end="9" col-start="9" row-end="5" row-start="5" text="31.7">
   </cell>
   <cell col-end="10" col-start="10" row-end="5" row-start="5" text="79.9">
   </cell>
   <cell col-end="11" col-start="11" row-end="5" row-start="5" text="62.6">
   </cell>
   <cell col-end="12" col-start="12" row-end="5" row-start="5" text="81.9">
   </cell>
   <cell col-end="13" col-start="13" row-end="5" row-start="5" text="80.0">
   </cell>
   <cell col-end="14" col-start="14" row-end="5" row-start="5" text="83.5">
   </cell>
   <cell col-end="15" col-start="15" row-end="5" row-start="5" text="82.3">
   </cell>
   <cell col-end="16" col-start="16" row-end="5" row-start="5" text="60.5">
   </cell>
   <cell col-end="17" col-start="17" row-end="5" row-start="5" text="83.2">
   </cell>
   <cell col-end="18" col-start="18" row-end="5" row-start="5" text="53.4">
   </cell>
   <cell col-end="19" col-start="19" row-end="5" row-start="5" text="77.9">
   </cell>
   <cell col-end="20" col-start="20" row-end="5" row-start="5" text="65.0">
   </cell>
   <cell col-end="21" col-start="21" row-end="5" row-start="5" text="74.1">
   </cell>
  </row>
  <row row="6">
   <cell col-end="0" col-start="0" row-end="6" row-start="6" text="Piecewise
     
      [37]">
   </cell>
   <cell col-end="1" col-start="1" row-end="6" row-start="6" text="90.6">
   </cell>
   <cell col-end="2" col-start="2" row-end="6" row-start="6" text="37.6">
   </cell>
   <cell col-end="3" col-start="3" row-end="6" row-start="6" text="80.0">
   </cell>
   <cell col-end="4" col-start="4" row-end="6" row-start="6" text="67.8">
   </cell>
   <cell col-end="5" col-start="5" row-end="6" row-start="6" text="74.4">
   </cell>
   <cell col-end="6" col-start="6" row-end="6" row-start="6" text="92.0">
   </cell>
   <cell col-end="7" col-start="7" row-end="6" row-start="6" text="85.2">
   </cell>
   <cell col-end="8" col-start="8" row-end="6" row-start="6" text="86.2">
   </cell>
   <cell col-end="9" col-start="9" row-end="6" row-start="6" text="39.1">
   </cell>
   <cell col-end="10" col-start="10" row-end="6" row-start="6" text="81.2">
   </cell>
   <cell col-end="11" col-start="11" row-end="6" row-start="6" text="58.9">
   </cell>
   <cell col-end="12" col-start="12" row-end="6" row-start="6" text="83.8">
   </cell>
   <cell col-end="13" col-start="13" row-end="6" row-start="6" text="83.9">
   </cell>
   <cell col-end="14" col-start="14" row-end="6" row-start="6" text="84.3">
   </cell>
   <cell col-end="15" col-start="15" row-end="6" row-start="6" text="84.8">
   </cell>
   <cell col-end="16" col-start="16" row-end="6" row-start="6" text="62.1">
   </cell>
   <cell col-end="17" col-start="17" row-end="6" row-start="6" text="83.2">
   </cell>
   <cell col-end="18" col-start="18" row-end="6" row-start="6" text="58.2">
   </cell>
   <cell col-end="19" col-start="19" row-end="6" row-start="6" text="80.8">
   </cell>
   <cell col-end="20" col-start="20" row-end="6" row-start="6" text="72.3">
   </cell>
   <cell col-end="21" col-start="21" row-end="6" row-start="6" text="75.3">
   </cell>
  </row>
  <row row="7">
   <cell col-end="0" col-start="0" row-end="7" row-start="7" text="PSPNet
     
      [9]">
   </cell>
   <cell col-end="1" col-start="1" row-end="7" row-start="7" text="91.8">
   </cell>
   <cell col-end="2" col-start="2" row-end="7" row-start="7" text="71.9">
   </cell>
   <cell col-end="3" col-start="3" row-end="7" row-start="7" text="94.7">
   </cell>
   <cell col-end="4" col-start="4" row-end="7" row-start="7" text="71.2">
   </cell>
   <cell col-end="5" col-start="5" row-end="7" row-start="7" text="75.8">
   </cell>
   <cell col-end="6" col-start="6" row-end="7" row-start="7" text="95.2">
   </cell>
   <cell col-end="7" col-start="7" row-end="7" row-start="7" text="89.9">
   </cell>
   <cell col-end="8" col-start="8" row-end="7" row-start="7" text="95.9">
   </cell>
   <cell col-end="9" col-start="9" row-end="7" row-start="7" text="39.3">
   </cell>
   <cell col-end="10" col-start="10" row-end="7" row-start="7" text="90.7">
   </cell>
   <cell col-end="11" col-start="11" row-end="7" row-start="7" text="71.7">
   </cell>
   <cell col-end="12" col-start="12" row-end="7" row-start="7" text="90.5">
   </cell>
   <cell col-end="13" col-start="13" row-end="7" row-start="7" text="94.5">
   </cell>
   <cell col-end="14" col-start="14" row-end="7" row-start="7" text="88.8">
   </cell>
   <cell col-end="15" col-start="15" row-end="7" row-start="7" text="89.6">
   </cell>
   <cell col-end="16" col-start="16" row-end="7" row-start="7" text="72.8">
   </cell>
   <cell col-end="17" col-start="17" row-end="7" row-start="7" text="89.6">
   </cell>
   <cell col-end="18" col-start="18" row-end="7" row-start="7" text="64.0">
   </cell>
   <cell col-end="19" col-start="19" row-end="7" row-start="7" text="85.1">
   </cell>
   <cell col-end="20" col-start="20" row-end="7" row-start="7" text="76.3">
   </cell>
   <cell col-end="21" col-start="21" row-end="7" row-start="7" text="82.6">
   </cell>
  </row>
  <row row="8">
   <cell col-end="0" col-start="0" row-end="8" row-start="8" text="EncNet
     
      [26]">
   </cell>
   <cell col-end="1" col-start="1" row-end="8" row-start="8" text="94.1">
   </cell>
   <cell col-end="2" col-start="2" row-end="8" row-start="8" text="69.2">
   </cell>
   <cell col-end="3" col-start="3" row-end="8" row-start="8" text="96.3">
   </cell>
   <cell col-end="4" col-start="4" row-end="8" row-start="8" text="76.7">
   </cell>
   <cell col-end="5" col-start="5" row-end="8" row-start="8" text="86.2">
   </cell>
   <cell col-end="6" col-start="6" row-end="8" row-start="8" text="96.3">
   </cell>
   <cell col-end="7" col-start="7" row-end="8" row-start="8" text="90.7">
   </cell>
   <cell col-end="8" col-start="8" row-end="8" row-start="8" text="94.2">
   </cell>
   <cell col-end="9" col-start="9" row-end="8" row-start="8" text="38.8">
   </cell>
   <cell col-end="10" col-start="10" row-end="8" row-start="8" text="90.7">
   </cell>
   <cell col-end="11" col-start="11" row-end="8" row-start="8" text="73.3">
   </cell>
   <cell col-end="12" col-start="12" row-end="8" row-start="8" text="90.0">
   </cell>
   <cell col-end="13" col-start="13" row-end="8" row-start="8" text="92.5">
   </cell>
   <cell col-end="14" col-start="14" row-end="8" row-start="8" text="88.8">
   </cell>
   <cell col-end="15" col-start="15" row-end="8" row-start="8" text="87.9">
   </cell>
   <cell col-end="16" col-start="16" row-end="8" row-start="8" text="68.7">
   </cell>
   <cell col-end="17" col-start="17" row-end="8" row-start="8" text="92.6">
   </cell>
   <cell col-end="18" col-start="18" row-end="8" row-start="8" text="59.0">
   </cell>
   <cell col-end="19" col-start="19" row-end="8" row-start="8" text="86.4">
   </cell>
   <cell col-end="20" col-start="20" row-end="8" row-start="8" text="73.4">
   </cell>
   <cell col-end="21" col-start="21" row-end="8" row-start="8" text="82.9">
   </cell>
  </row>
  <row row="9">
   <cell col-end="0" col-start="0" row-end="9" row-start="9" text="PCANet">
   </cell>
   <cell col-end="1" col-start="1" row-end="9" row-start="9" text="93.8">
   </cell>
   <cell col-end="2" col-start="2" row-end="9" row-start="9" text="74.7">
   </cell>
   <cell col-end="3" col-start="3" row-end="9" row-start="9" text="95.6">
   </cell>
   <cell col-end="4" col-start="4" row-end="9" row-start="9" text="72.0">
   </cell>
   <cell col-end="5" col-start="5" row-end="9" row-start="9" text="86.9">
   </cell>
   <cell col-end="6" col-start="6" row-end="9" row-start="9" text="95.2">
   </cell>
   <cell col-end="7" col-start="7" row-end="9" row-start="9" text="92.3">
   </cell>
   <cell col-end="8" col-start="8" row-end="9" row-start="9" text="96.3">
   </cell>
   <cell col-end="9" col-start="9" row-end="9" row-start="9" text="39.2">
   </cell>
   <cell col-end="10" col-start="10" row-end="9" row-start="9" text="92.5">
   </cell>
   <cell col-end="11" col-start="11" row-end="9" row-start="9" text="75.6">
   </cell>
   <cell col-end="12" col-start="12" row-end="9" row-start="9" text="93.7">
   </cell>
   <cell col-end="13" col-start="13" row-end="9" row-start="9" text="95.8">
   </cell>
   <cell col-end="14" col-start="14" row-end="9" row-start="9" text="90.3">
   </cell>
   <cell col-end="15" col-start="15" row-end="9" row-start="9" text="89.1">
   </cell>
   <cell col-end="16" col-start="16" row-end="9" row-start="9" text="71.8">
   </cell>
   <cell col-end="17" col-start="17" row-end="9" row-start="9" text="94.1">
   </cell>
   <cell col-end="18" col-start="18" row-end="9" row-start="9" text="61.0">
   </cell>
   <cell col-end="19" col-start="19" row-end="9" row-start="9" text="85.3">
   </cell>
   <cell col-end="20" col-start="20" row-end="9" row-start="9" text="76.9">
   </cell>
   <cell col-end="21" col-start="21" row-end="9" row-start="9" text="84.2">
   </cell>
  </row>
  <statements>
   <statement id="2" text="FCN Method will have Less Chair." type="">
   </statement>
   <statement id="3" text="More details of final result as listed in Table 4 ." type="">
   </statement>
  </statements>
 </table>
 <table id="Table 5">
  <caption text="

   Detailed performance on Cityscapes test set. Coarse: Use the extra 20,000 coarsely annotated training images.
  
">
  </caption>
  <row row="0">
   <cell col-end="0" col-start="0" row-end="0" row-start="0" text="Method">
   </cell>
   <cell col-end="1" col-start="1" row-end="0" row-start="0" text="Coarse">
   </cell>
   <cell col-end="2" col-start="2" row-end="0" row-start="0" text="Mean IoU(%)">
   </cell>
  </row>
  <row row="1">
   <cell col-end="0" col-start="0" row-end="1" row-start="1" text="DeepLabv2-CRF
     
      [11]">
   </cell>
   <cell col-end="1" col-start="1" row-end="1" row-start="1" text="">
   </cell>
   <cell col-end="2" col-start="2" row-end="1" row-start="1" text="70.4">
   </cell>
  </row>
  <row row="2">
   <cell col-end="0" col-start="0" row-end="2" row-start="2" text="LRR-4
     
     ×
     
      [38]">
   </cell>
   <cell col-end="1" col-start="1" row-end="2" row-start="2" text="✓">
   </cell>
   <cell col-end="2" col-start="2" row-end="2" row-start="2" text="71.8">
   </cell>
  </row>
  <row row="3">
   <cell col-end="0" col-start="0" row-end="3" row-start="3" text="RefineNet
     
      [33]">
   </cell>
   <cell col-end="1" col-start="1" row-end="3" row-start="3" text="">
   </cell>
   <cell col-end="2" col-start="2" row-end="3" row-start="3" text="73.6">
   </cell>
  </row>
  <row row="4">
   <cell col-end="0" col-start="0" row-end="4" row-start="4" text="DUC
     
      [12]">
   </cell>
   <cell col-end="1" col-start="1" row-end="4" row-start="4" text="">
   </cell>
   <cell col-end="2" col-start="2" row-end="4" row-start="4" text="77.6">
   </cell>
  </row>
  <row row="5">
   <cell col-end="0" col-start="0" row-end="5" row-start="5" text="PSPNet
     
      [9]">
   </cell>
   <cell col-end="1" col-start="1" row-end="5" row-start="5" text="">
   </cell>
   <cell col-end="2" col-start="2" row-end="5" row-start="5" text="78.4">
   </cell>
  </row>
  <row row="6">
   <cell col-end="0" col-start="0" row-end="6" row-start="6" text="PAN
     
      [19]">
   </cell>
   <cell col-end="1" col-start="1" row-end="6" row-start="6" text="">
   </cell>
   <cell col-end="2" col-start="2" row-end="6" row-start="6" text="78.6">
   </cell>
  </row>
  <row row="7">
   <cell col-end="0" col-start="0" row-end="7" row-start="7" text="BiSeNet
     
      [25]">
   </cell>
   <cell col-end="1" col-start="1" row-end="7" row-start="7" text="">
   </cell>
   <cell col-end="2" col-start="2" row-end="7" row-start="7" text="78.9">
   </cell>
  </row>
  <row row="8">
   <cell col-end="0" col-start="0" row-end="8" row-start="8" text="SegNet
     
      [39]">
   </cell>
   <cell col-end="1" col-start="1" row-end="8" row-start="8" text="✓">
   </cell>
   <cell col-end="2" col-start="2" row-end="8" row-start="8" text="79.2">
   </cell>
  </row>
  <row row="9">
   <cell col-end="0" col-start="0" row-end="9" row-start="9" text="DFN
     
      [18]">
   </cell>
   <cell col-end="1" col-start="1" row-end="9" row-start="9" text="">
   </cell>
   <cell col-end="2" col-start="2" row-end="9" row-start="9" text="79.3">
   </cell>
  </row>
  <row row="10">
   <cell col-end="0" col-start="0" row-end="10" row-start="10" text="PCANet">
   </cell>
   <cell col-end="1" col-start="1" row-end="10" row-start="10" text="">
   </cell>
   <cell col-end="2" col-start="2" row-end="10" row-start="10" text="80.1">
   </cell>
  </row>
  <statements>
   <statement id="1" text="Coarse are marked only for RefineNet method." type="">
   </statement>
   <statement id="2" text="Mean percentage is different for each method." type="">
   </statement>
   <statement id="6" text="There are five methods given in the table." type="">
   </statement>
   <statement id="7" text="There are ten methods given in the table." type="">
   </statement>
  </statements>
 </table>
</document>