<document>
 <table id="Table 4">
  <caption text="

   Band positions and relative intensities in percentage of the samples studied with Raman microscopy. Bands with relative intensities below 5% are not listed.
  
">
  </caption>
  <row row="0">
   <cell col-end="1" col-start="0" row-end="0" row-start="0" text="C1-A">
   </cell>
   <cell col-end="3" col-start="2" row-end="0" row-start="0" text="C2-A">
   </cell>
   <cell col-end="5" col-start="4" row-end="0" row-start="0" text="C1-P1">
   </cell>
   <cell col-end="7" col-start="6" row-end="0" row-start="0" text="C1-P2">
   </cell>
   <cell col-end="9" col-start="8" row-end="0" row-start="0" text="C1-P3">
   </cell>
  </row>
  <row row="1">
   <cell col-end="0" col-start="0" row-end="1" row-start="1" text="[cm
     
      −1
     
     ]">
   </cell>
   <cell col-end="1" col-start="1" row-end="1" row-start="1" text="[%]">
   </cell>
   <cell col-end="2" col-start="2" row-end="1" row-start="1" text="[cm
     
      −1
     
     ]">
   </cell>
   <cell col-end="3" col-start="3" row-end="1" row-start="1" text="[%]">
   </cell>
   <cell col-end="4" col-start="4" row-end="1" row-start="1" text="[cm
     
      −1
     
     ]">
   </cell>
   <cell col-end="5" col-start="5" row-end="1" row-start="1" text="[%]">
   </cell>
   <cell col-end="6" col-start="6" row-end="1" row-start="1" text="[cm
     
      −1
     
     ]">
   </cell>
   <cell col-end="7" col-start="7" row-end="1" row-start="1" text="[%]">
   </cell>
   <cell col-end="8" col-start="8" row-end="1" row-start="1" text="[cm
     
      −1
     
     ]">
   </cell>
   <cell col-end="9" col-start="9" row-end="1" row-start="1" text="[%]">
   </cell>
  </row>
  <row row="2">
   <cell col-end="0" col-start="0" row-end="2" row-start="2" text="1111">
   </cell>
   <cell col-end="1" col-start="1" row-end="2" row-start="2" text="100">
   </cell>
   <cell col-end="2" col-start="2" row-end="2" row-start="2" text="1109">
   </cell>
   <cell col-end="3" col-start="3" row-end="2" row-start="2" text="77">
   </cell>
   <cell col-end="4" col-start="4" row-end="2" row-start="2" text="1109">
   </cell>
   <cell col-end="5" col-start="5" row-end="2" row-start="2" text="97">
   </cell>
   <cell col-end="6" col-start="6" row-end="2" row-start="2" text="1110">
   </cell>
   <cell col-end="7" col-start="7" row-end="2" row-start="2" text="93">
   </cell>
   <cell col-end="8" col-start="8" row-end="2" row-start="2" text="1109">
   </cell>
   <cell col-end="9" col-start="9" row-end="2" row-start="2" text="100">
   </cell>
  </row>
  <row row="3">
   <cell col-end="0" col-start="0" row-end="3" row-start="3" text="1087">
   </cell>
   <cell col-end="1" col-start="1" row-end="3" row-start="3" text="–">
   </cell>
   <cell col-end="2" col-start="2" row-end="3" row-start="3" text="1089">
   </cell>
   <cell col-end="3" col-start="3" row-end="3" row-start="3" text="29">
   </cell>
   <cell col-end="4" col-start="4" row-end="3" row-start="3" text="1086">
   </cell>
   <cell col-end="5" col-start="5" row-end="3" row-start="3" text="22">
   </cell>
   <cell col-end="6" col-start="6" row-end="3" row-start="3" text="1085">
   </cell>
   <cell col-end="7" col-start="7" row-end="3" row-start="3" text="47">
   </cell>
   <cell col-end="8" col-start="8" row-end="3" row-start="3" text="1086">
   </cell>
   <cell col-end="9" col-start="9" row-end="3" row-start="3" text="31">
   </cell>
  </row>
  <row row="4">
   <cell col-end="0" col-start="0" row-end="4" row-start="4" text="1026">
   </cell>
   <cell col-end="1" col-start="1" row-end="4" row-start="4" text="20">
   </cell>
   <cell col-end="2" col-start="2" row-end="4" row-start="4" text="1026">
   </cell>
   <cell col-end="3" col-start="3" row-end="4" row-start="4" text="15">
   </cell>
   <cell col-end="4" col-start="4" row-end="4" row-start="4" text="1024">
   </cell>
   <cell col-end="5" col-start="5" row-end="4" row-start="4" text="23">
   </cell>
   <cell col-end="6" col-start="6" row-end="4" row-start="4" text="1024">
   </cell>
   <cell col-end="7" col-start="7" row-end="4" row-start="4" text="23">
   </cell>
   <cell col-end="8" col-start="8" row-end="4" row-start="4" text="1024">
   </cell>
   <cell col-end="9" col-start="9" row-end="4" row-start="4" text="22">
   </cell>
  </row>
  <row row="5">
   <cell col-end="0" col-start="0" row-end="5" row-start="5" text="783">
   </cell>
   <cell col-end="1" col-start="1" row-end="5" row-start="5" text="9">
   </cell>
   <cell col-end="2" col-start="2" row-end="5" row-start="5" text="779">
   </cell>
   <cell col-end="3" col-start="3" row-end="5" row-start="5" text="5">
   </cell>
   <cell col-end="4" col-start="4" row-end="5" row-start="5" text="782">
   </cell>
   <cell col-end="5" col-start="5" row-end="5" row-start="5" text="8">
   </cell>
   <cell col-end="6" col-start="6" row-end="5" row-start="5" text="782">
   </cell>
   <cell col-end="7" col-start="7" row-end="5" row-start="5" text="10">
   </cell>
   <cell col-end="8" col-start="8" row-end="5" row-start="5" text="781">
   </cell>
   <cell col-end="9" col-start="9" row-end="5" row-start="5" text="9">
   </cell>
  </row>
  <row row="6">
   <cell col-end="0" col-start="0" row-end="6" row-start="6" text="686">
   </cell>
   <cell col-end="1" col-start="1" row-end="6" row-start="6" text="11">
   </cell>
   <cell col-end="2" col-start="2" row-end="6" row-start="6" text="684">
   </cell>
   <cell col-end="3" col-start="3" row-end="6" row-start="6" text="16">
   </cell>
   <cell col-end="4" col-start="4" row-end="6" row-start="6" text="686">
   </cell>
   <cell col-end="5" col-start="5" row-end="6" row-start="6" text="11">
   </cell>
   <cell col-end="6" col-start="6" row-end="6" row-start="6" text="686">
   </cell>
   <cell col-end="7" col-start="7" row-end="6" row-start="6" text="11">
   </cell>
   <cell col-end="8" col-start="8" row-end="6" row-start="6" text="687">
   </cell>
   <cell col-end="9" col-start="9" row-end="6" row-start="6" text="11">
   </cell>
  </row>
  <row row="7">
   <cell col-end="0" col-start="0" row-end="7" row-start="7" text="603">
   </cell>
   <cell col-end="1" col-start="1" row-end="7" row-start="7" text="99">
   </cell>
   <cell col-end="2" col-start="2" row-end="7" row-start="7" text="603">
   </cell>
   <cell col-end="3" col-start="3" row-end="7" row-start="7" text="100">
   </cell>
   <cell col-end="4" col-start="4" row-end="7" row-start="7" text="602">
   </cell>
   <cell col-end="5" col-start="5" row-end="7" row-start="7" text="100">
   </cell>
   <cell col-end="6" col-start="6" row-end="7" row-start="7" text="601">
   </cell>
   <cell col-end="7" col-start="7" row-end="7" row-start="7" text="100">
   </cell>
   <cell col-end="8" col-start="8" row-end="7" row-start="7" text="601">
   </cell>
   <cell col-end="9" col-start="9" row-end="7" row-start="7" text="98">
   </cell>
  </row>
  <row row="8">
   <cell col-end="0" col-start="0" row-end="8" row-start="8" text="483">
   </cell>
   <cell col-end="1" col-start="1" row-end="8" row-start="8" text="33">
   </cell>
   <cell col-end="2" col-start="2" row-end="8" row-start="8" text="483">
   </cell>
   <cell col-end="3" col-start="3" row-end="8" row-start="8" text="21">
   </cell>
   <cell col-end="4" col-start="4" row-end="8" row-start="8" text="483">
   </cell>
   <cell col-end="5" col-start="5" row-end="8" row-start="8" text="34">
   </cell>
   <cell col-end="6" col-start="6" row-end="8" row-start="8" text="483">
   </cell>
   <cell col-end="7" col-start="7" row-end="8" row-start="8" text="35">
   </cell>
   <cell col-end="8" col-start="8" row-end="8" row-start="8" text="482">
   </cell>
   <cell col-end="9" col-start="9" row-end="8" row-start="8" text="34">
   </cell>
  </row>
  <row row="9">
   <cell col-end="0" col-start="0" row-end="9" row-start="9" text="427">
   </cell>
   <cell col-end="1" col-start="1" row-end="9" row-start="9" text="20">
   </cell>
   <cell col-end="2" col-start="2" row-end="9" row-start="9" text="427">
   </cell>
   <cell col-end="3" col-start="3" row-end="9" row-start="9" text="15">
   </cell>
   <cell col-end="4" col-start="4" row-end="9" row-start="9" text="427">
   </cell>
   <cell col-end="5" col-start="5" row-end="9" row-start="9" text="23">
   </cell>
   <cell col-end="6" col-start="6" row-end="9" row-start="9" text="427">
   </cell>
   <cell col-end="7" col-start="7" row-end="9" row-start="9" text="23">
   </cell>
   <cell col-end="8" col-start="8" row-end="9" row-start="9" text="426">
   </cell>
   <cell col-end="9" col-start="9" row-end="9" row-start="9" text="24">
   </cell>
  </row>
  <row row="10">
   <cell col-end="0" col-start="0" row-end="10" row-start="10" text="384">
   </cell>
   <cell col-end="1" col-start="1" row-end="10" row-start="10" text="6">
   </cell>
   <cell col-end="2" col-start="2" row-end="10" row-start="10" text="383">
   </cell>
   <cell col-end="3" col-start="3" row-end="10" row-start="10" text="13">
   </cell>
   <cell col-end="4" col-start="4" row-end="10" row-start="10" text="380">
   </cell>
   <cell col-end="5" col-start="5" row-end="10" row-start="10" text="7">
   </cell>
   <cell col-end="6" col-start="6" row-end="10" row-start="10" text="383">
   </cell>
   <cell col-end="7" col-start="7" row-end="10" row-start="10" text="8">
   </cell>
   <cell col-end="8" col-start="8" row-end="10" row-start="10" text="382">
   </cell>
   <cell col-end="9" col-start="9" row-end="10" row-start="10" text="8">
   </cell>
  </row>
  <row row="11">
   <cell col-end="0" col-start="0" row-end="11" row-start="11" text="288">
   </cell>
   <cell col-end="1" col-start="1" row-end="11" row-start="11" text="17">
   </cell>
   <cell col-end="2" col-start="2" row-end="11" row-start="11" text="283">
   </cell>
   <cell col-end="3" col-start="3" row-end="11" row-start="11" text="19">
   </cell>
   <cell col-end="4" col-start="4" row-end="11" row-start="11" text="289">
   </cell>
   <cell col-end="5" col-start="5" row-end="11" row-start="11" text="16">
   </cell>
   <cell col-end="6" col-start="6" row-end="11" row-start="11" text="284">
   </cell>
   <cell col-end="7" col-start="7" row-end="11" row-start="11" text="17">
   </cell>
   <cell col-end="8" col-start="8" row-end="11" row-start="11" text="290">
   </cell>
   <cell col-end="9" col-start="9" row-end="11" row-start="11" text="17">
   </cell>
  </row>
  <statements>
   <statement id="0" text="The highest value in C1-A is 1111." type="">
   </statement>
   <statement id="1" text="The highest value in C1-A is 283." type="">
   </statement>
   <statement id="2" text="The highest value in C1-P1 is 1109." type="">
   </statement>
   <statement id="3" text="The highest value in C1-P1 is 427." type="">
   </statement>
   <statement id="4" text="The highest value in C2-A is 1109." type="">
   </statement>
   <statement id="5" text="The highest value in C2-A is 288." type="">
   </statement>
   <statement id="6" text="The lowest value in C1-P2 is 1085." type="">
   </statement>
   <statement id="8" text="The lowest value in C1-P3 is 1109." type="">
   </statement>
   <statement id="9" text="The lowest value in C1-P3 is 290." type="">
   </statement>
  </statements>
 </table>
</document>