<document>
 <table id="Table 1">
  <caption text="

   Data summary of demographic variables.
  
">
  </caption>
  <legend text="


    Note:
   
   The respondents could skip questions they did not want to answer. Therefore, the number of observations varies for each question.
  
">
  </legend>
  <row row="0">
   <cell col-end="0" col-start="0" row-end="0" row-start="0" text="Variable">
   </cell>
   <cell col-end="1" col-start="1" row-end="0" row-start="0" text="Obs.">
   </cell>
   <cell col-end="2" col-start="2" row-end="0" row-start="0" text="Mean">
   </cell>
   <cell col-end="3" col-start="3" row-end="0" row-start="0" text="S.D.">
   </cell>
   <cell col-end="4" col-start="4" row-end="0" row-start="0" text="Min.">
   </cell>
   <cell col-end="5" col-start="5" row-end="0" row-start="0" text="Max.">
   </cell>
  </row>
  <row row="1">
   <cell col-end="0" col-start="0" row-end="1" row-start="1" text="Age">
   </cell>
   <cell col-end="1" col-start="1" row-end="1" row-start="1" text="526">
   </cell>
   <cell col-end="2" col-start="2" row-end="1" row-start="1" text="26.5">
   </cell>
   <cell col-end="3" col-start="3" row-end="1" row-start="1" text="7.59">
   </cell>
   <cell col-end="4" col-start="4" row-end="1" row-start="1" text="16">
   </cell>
   <cell col-end="5" col-start="5" row-end="1" row-start="1" text="68">
   </cell>
  </row>
  <row row="2">
   <cell col-end="0" col-start="0" row-end="2" row-start="2" text="Marital Status">
   </cell>
   <cell col-end="1" col-start="1" row-end="2" row-start="2" text="529">
   </cell>
   <cell col-end="2" col-start="2" row-end="2" row-start="2" text="2.47">
   </cell>
   <cell col-end="3" col-start="3" row-end="2" row-start="2" text="0.70">
   </cell>
   <cell col-end="4" col-start="4" row-end="2" row-start="2" text="1">
   </cell>
   <cell col-end="5" col-start="5" row-end="2" row-start="2" text="2">
   </cell>
  </row>
  <row row="3">
   <cell col-end="0" col-start="0" row-end="3" row-start="3" text="Gender">
   </cell>
   <cell col-end="1" col-start="1" row-end="3" row-start="3" text="530">
   </cell>
   <cell col-end="2" col-start="2" row-end="3" row-start="3" text="1.54">
   </cell>
   <cell col-end="3" col-start="3" row-end="3" row-start="3" text="0.49">
   </cell>
   <cell col-end="4" col-start="4" row-end="3" row-start="3" text="1">
   </cell>
   <cell col-end="5" col-start="5" row-end="3" row-start="3" text="2">
   </cell>
  </row>
  <row row="4">
   <cell col-end="0" col-start="0" row-end="4" row-start="4" text="Social class">
   </cell>
   <cell col-end="1" col-start="1" row-end="4" row-start="4" text="525">
   </cell>
   <cell col-end="2" col-start="2" row-end="4" row-start="4" text="6.18">
   </cell>
   <cell col-end="3" col-start="3" row-end="4" row-start="4" text="1.84">
   </cell>
   <cell col-end="4" col-start="4" row-end="4" row-start="4" text="0">
   </cell>
   <cell col-end="5" col-start="5" row-end="4" row-start="4" text="10">
   </cell>
  </row>
  <row row="5">
   <cell col-end="0" col-start="0" row-end="5" row-start="5" text="Urban/Rural">
   </cell>
   <cell col-end="1" col-start="1" row-end="5" row-start="5" text="529">
   </cell>
   <cell col-end="2" col-start="2" row-end="5" row-start="5" text="2.86">
   </cell>
   <cell col-end="3" col-start="3" row-end="5" row-start="5" text="0.37">
   </cell>
   <cell col-end="4" col-start="4" row-end="5" row-start="5" text="1">
   </cell>
   <cell col-end="5" col-start="5" row-end="5" row-start="5" text="3">
   </cell>
  </row>
  <statements>
   <statement id="0" text="All the values given in the table consist of negative values." type="">
   </statement>
   <statement id="1" text="Amongst them, age and social status (0 = low , 10 = high ) were a continuous scale variable, whereas, categorical variables that subsequently were recoded, i.e., gender (1 = male , 2 = female ; marital status (1 = in relationship , 2 = married , and 3 = single ), urban/rural (1 = don't know ," type="">
   </statement>
   <statement id="2" text="Table 1 represents the socio-demographic variables." type="">
   </statement>
   <statement id="3" text="The highest min value is 0 of social class." type="">
   </statement>
   <statement id="4" text="The lowest min value is 0 of social class." type="">
   </statement>
   <statement id="5" text="The Mean and S.D. values consist of a decimal point." type="">
   </statement>
   <statement id="6" text="The Obs. and Max values consist of a decimal point." type="">
   </statement>
   <statement id="8" text="The Obs. value for Marital Status and Urban/Rural is 687." type="">
   </statement>
   <statement id="9" text="There are 7 types of variable." type="">
   </statement>
  </statements>
 </table>
 <table id="Table 2">
  <caption text="

   Descriptive statistics of people's trustworthiness.
  
">
  </caption>
  <legend text="


    Note:
   
   The respondents could skip questions they did not want to answer. Therefore, the number of observations varies for each question.
  
">
  </legend>
  <row row="0">
   <cell col-end="0" col-start="0" row-end="0" row-start="0" text="Items">
   </cell>
   <cell col-end="1" col-start="1" row-end="0" row-start="0" text="Obs.">
   </cell>
   <cell col-end="2" col-start="2" row-end="0" row-start="0" text="Mean">
   </cell>
   <cell col-end="3" col-start="3" row-end="0" row-start="0" text="S.D.">
   </cell>
   <cell col-end="4" col-start="4" row-end="0" row-start="0" text="Min.">
   </cell>
   <cell col-end="5" col-start="5" row-end="0" row-start="0" text="Max.">
   </cell>
  </row>
  <row row="1">
   <cell col-end="0" col-start="0" row-end="1" row-start="1" text="Scientists">
   </cell>
   <cell col-end="1" col-start="1" row-end="1" row-start="1" text="531">
   </cell>
   <cell col-end="2" col-start="2" row-end="1" row-start="1" text="8.10">
   </cell>
   <cell col-end="3" col-start="3" row-end="1" row-start="1" text="1.98">
   </cell>
   <cell col-end="4" col-start="4" row-end="1" row-start="1" text="0">
   </cell>
   <cell col-end="5" col-start="5" row-end="1" row-start="1" text="10">
   </cell>
  </row>
  <row row="2">
   <cell col-end="0" col-start="0" row-end="2" row-start="2" text="Government">
   </cell>
   <cell col-end="1" col-start="1" row-end="2" row-start="2" text="530">
   </cell>
   <cell col-end="2" col-start="2" row-end="2" row-start="2" text="6.16">
   </cell>
   <cell col-end="3" col-start="3" row-end="2" row-start="2" text="2.61">
   </cell>
   <cell col-end="4" col-start="4" row-end="2" row-start="2" text="0">
   </cell>
   <cell col-end="5" col-start="5" row-end="2" row-start="2" text="10">
   </cell>
  </row>
  <row row="3">
   <cell col-end="0" col-start="0" row-end="3" row-start="3" text="Politicians">
   </cell>
   <cell col-end="1" col-start="1" row-end="3" row-start="3" text="530">
   </cell>
   <cell col-end="2" col-start="2" row-end="3" row-start="3" text="3.87">
   </cell>
   <cell col-end="3" col-start="3" row-end="3" row-start="3" text="2.68">
   </cell>
   <cell col-end="4" col-start="4" row-end="3" row-start="3" text="0">
   </cell>
   <cell col-end="5" col-start="5" row-end="3" row-start="3" text="10">
   </cell>
  </row>
  <row row="4">
   <cell col-end="0" col-start="0" row-end="4" row-start="4" text="People I know">
   </cell>
   <cell col-end="1" col-start="1" row-end="4" row-start="4" text="529">
   </cell>
   <cell col-end="2" col-start="2" row-end="4" row-start="4" text="5.39">
   </cell>
   <cell col-end="3" col-start="3" row-end="4" row-start="4" text="2.68">
   </cell>
   <cell col-end="4" col-start="4" row-end="4" row-start="4" text="0">
   </cell>
   <cell col-end="5" col-start="5" row-end="4" row-start="4" text="10">
   </cell>
  </row>
  <row row="5">
   <cell col-end="0" col-start="0" row-end="5" row-start="5" text="Traditional news (TV, newspaper, radio)">
   </cell>
   <cell col-end="1" col-start="1" row-end="5" row-start="5" text="530">
   </cell>
   <cell col-end="2" col-start="2" row-end="5" row-start="5" text="5.59">
   </cell>
   <cell col-end="3" col-start="3" row-end="5" row-start="5" text="2.74">
   </cell>
   <cell col-end="4" col-start="4" row-end="5" row-start="5" text="0">
   </cell>
   <cell col-end="5" col-start="5" row-end="5" row-start="5" text="10">
   </cell>
  </row>
  <row row="6">
   <cell col-end="0" col-start="0" row-end="6" row-start="6" text="Facebook">
   </cell>
   <cell col-end="1" col-start="1" row-end="6" row-start="6" text="526">
   </cell>
   <cell col-end="2" col-start="2" row-end="6" row-start="6" text="4.35">
   </cell>
   <cell col-end="3" col-start="3" row-end="6" row-start="6" text="2.91">
   </cell>
   <cell col-end="4" col-start="4" row-end="6" row-start="6" text="0">
   </cell>
   <cell col-end="5" col-start="5" row-end="6" row-start="6" text="10">
   </cell>
  </row>
  <row row="7">
   <cell col-end="0" col-start="0" row-end="7" row-start="7" text="Twitter">
   </cell>
   <cell col-end="1" col-start="1" row-end="7" row-start="7" text="526">
   </cell>
   <cell col-end="2" col-start="2" row-end="7" row-start="7" text="4.71">
   </cell>
   <cell col-end="3" col-start="3" row-end="7" row-start="7" text="3.02">
   </cell>
   <cell col-end="4" col-start="4" row-end="7" row-start="7" text="0">
   </cell>
   <cell col-end="5" col-start="5" row-end="7" row-start="7" text="10">
   </cell>
  </row>
  <row row="8">
   <cell col-end="0" col-start="0" row-end="8" row-start="8" text="YouTube">
   </cell>
   <cell col-end="1" col-start="1" row-end="8" row-start="8" text="525">
   </cell>
   <cell col-end="2" col-start="2" row-end="8" row-start="8" text="4.35">
   </cell>
   <cell col-end="3" col-start="3" row-end="8" row-start="8" text="2.88">
   </cell>
   <cell col-end="4" col-start="4" row-end="8" row-start="8" text="0">
   </cell>
   <cell col-end="5" col-start="5" row-end="8" row-start="8" text="10">
   </cell>
  </row>
  <statements>
   <statement id="0" text="Min statistics of all items is 0." type="">
   </statement>
   <statement id="1" text="S.D. of Politicians is 2.68." type="">
   </statement>
   <statement id="4" text="The lowest Mean is 8.10." type="">
   </statement>
  </statements>
 </table>
 <table id="Table 3">
  <caption text="

   Descriptive statistics regarding the use of different news sources in the last month.
  
">
  </caption>
  <legend text="


    Note
   
   : The respondents could skip questions they did not want to answer. Therefore, the number of observations varies for each question.
  
">
  </legend>
  <row row="0">
   <cell col-end="0" col-start="0" row-end="0" row-start="0" text="Items">
   </cell>
   <cell col-end="1" col-start="1" row-end="0" row-start="0" text="Obs.">
   </cell>
   <cell col-end="2" col-start="2" row-end="0" row-start="0" text="Mean">
   </cell>
   <cell col-end="3" col-start="3" row-end="0" row-start="0" text="S.D.">
   </cell>
   <cell col-end="4" col-start="4" row-end="0" row-start="0" text="Min.">
   </cell>
   <cell col-end="5" col-start="5" row-end="0" row-start="0" text="Max.">
   </cell>
  </row>
  <row row="1">
   <cell col-end="0" col-start="0" row-end="1" row-start="1" text="Online websites">
   </cell>
   <cell col-end="1" col-start="1" row-end="1" row-start="1" text="531">
   </cell>
   <cell col-end="2" col-start="2" row-end="1" row-start="1" text="7.46">
   </cell>
   <cell col-end="3" col-start="3" row-end="1" row-start="1" text="2.63">
   </cell>
   <cell col-end="4" col-start="4" row-end="1" row-start="1" text="0">
   </cell>
   <cell col-end="5" col-start="5" row-end="1" row-start="1" text="10">
   </cell>
  </row>
  <row row="2">
   <cell col-end="0" col-start="0" row-end="2" row-start="2" text="TV">
   </cell>
   <cell col-end="1" col-start="1" row-end="2" row-start="2" text="532">
   </cell>
   <cell col-end="2" col-start="2" row-end="2" row-start="2" text="6.43">
   </cell>
   <cell col-end="3" col-start="3" row-end="2" row-start="2" text="3.15">
   </cell>
   <cell col-end="4" col-start="4" row-end="2" row-start="2" text="0">
   </cell>
   <cell col-end="5" col-start="5" row-end="2" row-start="2" text="10">
   </cell>
  </row>
  <row row="3">
   <cell col-end="0" col-start="0" row-end="3" row-start="3" text="Newspapers">
   </cell>
   <cell col-end="1" col-start="1" row-end="3" row-start="3" text="529">
   </cell>
   <cell col-end="2" col-start="2" row-end="3" row-start="3" text="3.30">
   </cell>
   <cell col-end="3" col-start="3" row-end="3" row-start="3" text="3.29">
   </cell>
   <cell col-end="4" col-start="4" row-end="3" row-start="3" text="0">
   </cell>
   <cell col-end="5" col-start="5" row-end="3" row-start="3" text="10">
   </cell>
  </row>
  <row row="4">
   <cell col-end="0" col-start="0" row-end="4" row-start="4" text="Facebook">
   </cell>
   <cell col-end="1" col-start="1" row-end="4" row-start="4" text="532">
   </cell>
   <cell col-end="2" col-start="2" row-end="4" row-start="4" text="5.83">
   </cell>
   <cell col-end="3" col-start="3" row-end="4" row-start="4" text="3.46">
   </cell>
   <cell col-end="4" col-start="4" row-end="4" row-start="4" text="0">
   </cell>
   <cell col-end="5" col-start="5" row-end="4" row-start="4" text="10">
   </cell>
  </row>
  <row row="5">
   <cell col-end="0" col-start="0" row-end="5" row-start="5" text="Twitter">
   </cell>
   <cell col-end="1" col-start="1" row-end="5" row-start="5" text="532">
   </cell>
   <cell col-end="2" col-start="2" row-end="5" row-start="5" text="3.82">
   </cell>
   <cell col-end="3" col-start="3" row-end="5" row-start="5" text="3.65">
   </cell>
   <cell col-end="4" col-start="4" row-end="5" row-start="5" text="0">
   </cell>
   <cell col-end="5" col-start="5" row-end="5" row-start="5" text="10">
   </cell>
  </row>
  <row row="6">
   <cell col-end="0" col-start="0" row-end="6" row-start="6" text="YouTube">
   </cell>
   <cell col-end="1" col-start="1" row-end="6" row-start="6" text="531">
   </cell>
   <cell col-end="2" col-start="2" row-end="6" row-start="6" text="4.90">
   </cell>
   <cell col-end="3" col-start="3" row-end="6" row-start="6" text="3.57">
   </cell>
   <cell col-end="4" col-start="4" row-end="6" row-start="6" text="0">
   </cell>
   <cell col-end="5" col-start="5" row-end="6" row-start="6" text="10">
   </cell>
  </row>
  <statements>
   <statement id="0" text="Newspapers has the greatest value 9.30 as a Mean." type="">
   </statement>
   <statement id="1" text="Online websites and YouTube has 831 of Obs" type="">
   </statement>
   <statement id="2" text="The Max value for all Items are constant to 10." type="">
   </statement>
   <statement id="3" text="The Max value for all Items are constant to 100." type="">
   </statement>
   <statement id="4" text="There are items listed under news sources table for last 1 month." type="">
   </statement>
  </statements>
 </table>
 <table id="Table 4">
  <caption text="

   Data description of people's perception of misinformation.
  
">
  </caption>
  <legend text="


    Note:
   
   The respondents could skip questions they did not want to answer. Therefore, the number of observations varies for each question.
  
">
  </legend>
  <row row="0">
   <cell col-end="0" col-start="0" row-end="0" row-start="0" text="Items">
   </cell>
   <cell col-end="1" col-start="1" row-end="0" row-start="0" text="Obs.">
   </cell>
   <cell col-end="2" col-start="2" row-end="0" row-start="0" text="Mean">
   </cell>
   <cell col-end="3" col-start="3" row-end="0" row-start="0" text="S.D.">
   </cell>
   <cell col-end="4" col-start="4" row-end="0" row-start="0" text="Min.">
   </cell>
   <cell col-end="5" col-start="5" row-end="0" row-start="0" text="Max.">
   </cell>
  </row>
  <row row="1">
   <cell col-end="0" col-start="0" row-end="1" row-start="1" text="Scientists">
   </cell>
   <cell col-end="1" col-start="1" row-end="1" row-start="1" text="517">
   </cell>
   <cell col-end="2" col-start="2" row-end="1" row-start="1" text="6.12">
   </cell>
   <cell col-end="3" col-start="3" row-end="1" row-start="1" text="2.90">
   </cell>
   <cell col-end="4" col-start="4" row-end="1" row-start="1" text="0">
   </cell>
   <cell col-end="5" col-start="5" row-end="1" row-start="1" text="10">
   </cell>
  </row>
  <row row="2">
   <cell col-end="0" col-start="0" row-end="2" row-start="2" text="Government">
   </cell>
   <cell col-end="1" col-start="1" row-end="2" row-start="2" text="513">
   </cell>
   <cell col-end="2" col-start="2" row-end="2" row-start="2" text="5.65">
   </cell>
   <cell col-end="3" col-start="3" row-end="2" row-start="2" text="2.57">
   </cell>
   <cell col-end="4" col-start="4" row-end="2" row-start="2" text="0">
   </cell>
   <cell col-end="5" col-start="5" row-end="2" row-start="2" text="10">
   </cell>
  </row>
  <row row="3">
   <cell col-end="0" col-start="0" row-end="3" row-start="3" text="Politicians">
   </cell>
   <cell col-end="1" col-start="1" row-end="3" row-start="3" text="514">
   </cell>
   <cell col-end="2" col-start="2" row-end="3" row-start="3" text="4.99">
   </cell>
   <cell col-end="3" col-start="3" row-end="3" row-start="3" text="2.84">
   </cell>
   <cell col-end="4" col-start="4" row-end="3" row-start="3" text="0">
   </cell>
   <cell col-end="5" col-start="5" row-end="3" row-start="3" text="10">
   </cell>
  </row>
  <row row="4">
   <cell col-end="0" col-start="0" row-end="4" row-start="4" text="People I know">
   </cell>
   <cell col-end="1" col-start="1" row-end="4" row-start="4" text="514">
   </cell>
   <cell col-end="2" col-start="2" row-end="4" row-start="4" text="5.32">
   </cell>
   <cell col-end="3" col-start="3" row-end="4" row-start="4" text="2.55">
   </cell>
   <cell col-end="4" col-start="4" row-end="4" row-start="4" text="0">
   </cell>
   <cell col-end="5" col-start="5" row-end="4" row-start="4" text="10">
   </cell>
  </row>
  <row row="5">
   <cell col-end="0" col-start="0" row-end="5" row-start="5" text="Traditional news (TV, newspaper, radio)">
   </cell>
   <cell col-end="1" col-start="1" row-end="5" row-start="5" text="516">
   </cell>
   <cell col-end="2" col-start="2" row-end="5" row-start="5" text="5.41">
   </cell>
   <cell col-end="3" col-start="3" row-end="5" row-start="5" text="2.39">
   </cell>
   <cell col-end="4" col-start="4" row-end="5" row-start="5" text="0">
   </cell>
   <cell col-end="5" col-start="5" row-end="5" row-start="5" text="10">
   </cell>
  </row>
  <row row="6">
   <cell col-end="0" col-start="0" row-end="6" row-start="6" text="Facebook">
   </cell>
   <cell col-end="1" col-start="1" row-end="6" row-start="6" text="516">
   </cell>
   <cell col-end="2" col-start="2" row-end="6" row-start="6" text="4.96">
   </cell>
   <cell col-end="3" col-start="3" row-end="6" row-start="6" text="2.79">
   </cell>
   <cell col-end="4" col-start="4" row-end="6" row-start="6" text="0">
   </cell>
   <cell col-end="5" col-start="5" row-end="6" row-start="6" text="10">
   </cell>
  </row>
  <row row="7">
   <cell col-end="0" col-start="0" row-end="7" row-start="7" text="Twitter">
   </cell>
   <cell col-end="1" col-start="1" row-end="7" row-start="7" text="512">
   </cell>
   <cell col-end="2" col-start="2" row-end="7" row-start="7" text="4.95">
   </cell>
   <cell col-end="3" col-start="3" row-end="7" row-start="7" text="2.70">
   </cell>
   <cell col-end="4" col-start="4" row-end="7" row-start="7" text="0">
   </cell>
   <cell col-end="5" col-start="5" row-end="7" row-start="7" text="10">
   </cell>
  </row>
  <row row="8">
   <cell col-end="0" col-start="0" row-end="8" row-start="8" text="YouTube">
   </cell>
   <cell col-end="1" col-start="1" row-end="8" row-start="8" text="510">
   </cell>
   <cell col-end="2" col-start="2" row-end="8" row-start="8" text="4.97">
   </cell>
   <cell col-end="3" col-start="3" row-end="8" row-start="8" text="2.79">
   </cell>
   <cell col-end="4" col-start="4" row-end="8" row-start="8" text="0">
   </cell>
   <cell col-end="5" col-start="5" row-end="8" row-start="8" text="10">
   </cell>
  </row>
  <statements>
   <statement id="0" text="Obs has the highest value for Scientists of 517." type="">
   </statement>
   <statement id="2" text="Obs has the lowest value for YouTube of 510." type="">
   </statement>
   <statement id="4" text="S.D. has the lowest value for Twitter of 7.89." type="">
   </statement>
   <statement id="6" text="There are two Data description of people's perception of misinformation." type="">
   </statement>
  </statements>
 </table>
</document>