<document>
 <table id="Table 1">
  <caption text="

   Primer sequences for the LAMP assays specific for
   
    Dracunculus medinensis
   
   ,
   
    D. insignis
   
   and the copepod internal positive control.
  
">
  </caption>
  <row row="0">
   <cell col-end="0" col-start="0" row-end="0" row-start="0" text="Primer">
   </cell>
   <cell col-end="1" col-start="1" row-end="0" row-start="0" text="Sequence (5′–3′)">
   </cell>
  </row>
  <row row="1">
   <cell col-end="0" col-start="0" row-end="1" row-start="1" text="D.med F3">
   </cell>
   <cell col-end="1" col-start="1" row-end="1" row-start="1" text="GTTATTACTTCTCATGCTATTATGATA">
   </cell>
  </row>
  <row row="2">
   <cell col-end="0" col-start="0" row-end="2" row-start="2" text="D.med B3">
   </cell>
   <cell col-end="1" col-start="1" row-end="2" row-start="2" text="AAACTAAAAATAGCCAAATCAACTCTAT">
   </cell>
  </row>
  <row row="3">
   <cell col-end="0" col-start="0" row-end="3" row-start="3" text="D.med FIP">
   </cell>
   <cell col-end="1" col-start="1" row-end="3" row-start="3" text="ACAGGCATCAATCAATAACTAACATTATTCTGGTAATGCCTAGTTTGATTGGA">
   </cell>
  </row>
  <row row="4">
   <cell col-end="0" col-start="0" row-end="4" row-start="4" text="D.med BIP">
   </cell>
   <cell col-end="1" col-start="1" row-end="4" row-start="4" text="AATATTGATTTTGTCTGCTTGTTTGGTGCCAGGATGACCCCTAGTACTT">
   </cell>
  </row>
  <row row="5">
   <cell col-end="0" col-start="0" row-end="5" row-start="5" text="D.med F-loop">
   </cell>
   <cell col-end="1" col-start="1" row-end="5" row-start="5" text="ATATCAGGAGCCCCCAACATT">
   </cell>
  </row>
  <row row="6">
   <cell col-end="0" col-start="0" row-end="6" row-start="6" text="D.med B-loop">
   </cell>
   <cell col-end="1" col-start="1" row-end="6" row-start="6" text="TCTTGTGGAACTAGATGGACTA">
   </cell>
  </row>
  <row row="7">
   <cell col-end="0" col-start="0" row-end="7" row-start="7" text="D.insig F3">
   </cell>
   <cell col-end="1" col-start="1" row-end="7" row-start="7" text="TTTTTATGGTTATGCCTAGTTTGATT">
   </cell>
  </row>
  <row row="8">
   <cell col-end="0" col-start="0" row-end="8" row-start="8" text="D.insig B3">
   </cell>
   <cell col-end="1" col-start="1" row-end="8" row-start="8" text="CAGAACAATGTAAACTAAAAATAGCCA">
   </cell>
  </row>
  <row row="9">
   <cell col-end="0" col-start="0" row-end="9" row-start="9" text="D.insig FIP">
   </cell>
   <cell col-end="1" col-start="1" row-end="9" row-start="9" text="CATCAAAGAAACAGGTATTAACCAATAACGGTGGTTTTGGTAATTGGATAGTT">
   </cell>
  </row>
  <row row="10">
   <cell col-end="0" col-start="0" row-end="10" row-start="10" text="D.insig BIP">
   </cell>
   <cell col-end="1" col-start="1" row-end="10" row-start="10" text="AGTCGATAGTTCTTGTGGTACTAGTTCAACACTATTTCCAGGATGACCA">
   </cell>
  </row>
  <row row="11">
   <cell col-end="0" col-start="0" row-end="11" row-start="11" text="D.insig F-loop">
   </cell>
   <cell col-end="1" col-start="1" row-end="11" row-start="11" text="CACATTATTCAAACGAGGAAAACTT">
   </cell>
  </row>
  <row row="12">
   <cell col-end="0" col-start="0" row-end="12" row-start="12" text="D.insig B-loop">
   </cell>
   <cell col-end="1" col-start="1" row-end="12" row-start="12" text="GAACTGTTTATCCTCCTTTGAGT">
   </cell>
  </row>
  <row row="13">
   <cell col-end="0" col-start="0" row-end="13" row-start="13" text="Copepod F3">
   </cell>
   <cell col-end="1" col-start="1" row-end="13" row-start="13" text="GTCGACTGTGGCATAGACG">
   </cell>
  </row>
  <row row="14">
   <cell col-end="0" col-start="0" row-end="14" row-start="14" text="Copepod B3">
   </cell>
   <cell col-end="1" col-start="1" row-end="14" row-start="14" text="CTCATTCCGATTACCAGGCC">
   </cell>
  </row>
  <row row="15">
   <cell col-end="0" col-start="0" row-end="15" row-start="15" text="Copepod FIP">
   </cell>
   <cell col-end="1" col-start="1" row-end="15" row-start="15" text="TCAGGCTCCCTCTCCGGAATCCCACAGTGGTTTTGACGG">
   </cell>
  </row>
  <row row="16">
   <cell col-end="0" col-start="0" row-end="16" row-start="16" text="Copepod BIP">
   </cell>
   <cell col-end="1" col-start="1" row-end="16" row-start="16" text="AAGGCAGCAGGCACGCAAATTCGGATGAGTCTGGTATCGT">
   </cell>
  </row>
  <row row="17">
   <cell col-end="0" col-start="0" row-end="17" row-start="17" text="Copepod F-loop">
   </cell>
   <cell col-end="1" col-start="1" row-end="17" row-start="17" text="CGAACCCTAATTCCCCGTTAC">
   </cell>
  </row>
  <row row="18">
   <cell col-end="0" col-start="0" row-end="18" row-start="18" text="Copepod B-loop">
   </cell>
   <cell col-end="1" col-start="1" row-end="18" row-start="18" text="GCCGAGGTAGTGACGAAAAAT">
   </cell>
  </row>
  <statements>
   <statement id="1" text="D.insig F-loop has CACATTATTCAAACGAGGAAAACTT as Sequence ." type="">
   </statement>
   <statement id="2" text="GCCGAGGTAGTGACGAAAAAT is a Sequence for Copepod B-loop ." type="">
   </statement>
   <statement id="5" text="Primer and Sequence (53) are two columns given." type="">
   </statement>
   <statement id="6" text="There are 18 items under Primer column" type="">
   </statement>
   <statement id="7" text="There are 48 items under Primer column" type="">
   </statement>
  </statements>
 </table>
 <table id="Table 2">
  <caption text="

   Real-time LAMP results for DNA extraction from
   
    Dracunculus medinensis
   
   specimens from a range of host species and countries of origin. – indicates no detection and n/a indicates not applicable.
  
">
  </caption>
  <row row="0">
   <cell col-end="0" col-start="0" row-end="1" row-start="0" text="Extract ID">
   </cell>
   <cell col-end="1" col-start="1" row-end="1" row-start="0" text="Origin">
   </cell>
   <cell col-end="2" col-start="2" row-end="1" row-start="0" text="Host">
   </cell>
   <cell col-end="4" col-start="3" row-end="0" row-start="0" text="Dracunculus medinensis
     
     assay">
   </cell>
  </row>
  <row row="1">
   <cell col-end="3" col-start="3" row-end="1" row-start="1" text="Time to positive (min:sec)">
   </cell>
   <cell col-end="4" col-start="4" row-end="1" row-start="1" text="Annealing temperature (°C)">
   </cell>
  </row>
  <row row="2">
   <cell col-end="0" col-start="0" row-end="2" row-start="2" text="ChDo-339.2">
   </cell>
   <cell col-end="1" col-start="1" row-end="2" row-start="2" text="Chad">
   </cell>
   <cell col-end="2" col-start="2" row-end="2" row-start="2" text="Dog">
   </cell>
   <cell col-end="3" col-start="3" row-end="2" row-start="2" text="10:00">
   </cell>
   <cell col-end="4" col-start="4" row-end="2" row-start="2" text="81.11">
   </cell>
  </row>
  <row row="3">
   <cell col-end="0" col-start="0" row-end="3" row-start="3" text="ChHu-69">
   </cell>
   <cell col-end="1" col-start="1" row-end="3" row-start="3" text="Chad">
   </cell>
   <cell col-end="2" col-start="2" row-end="3" row-start="3" text="Human">
   </cell>
   <cell col-end="3" col-start="3" row-end="3" row-start="3" text="12:15">
   </cell>
   <cell col-end="4" col-start="4" row-end="3" row-start="3" text="80.55">
   </cell>
  </row>
  <row row="4">
   <cell col-end="0" col-start="0" row-end="4" row-start="4" text="ChDo-1">
   </cell>
   <cell col-end="1" col-start="1" row-end="4" row-start="4" text="Chad">
   </cell>
   <cell col-end="2" col-start="2" row-end="4" row-start="4" text="Dog">
   </cell>
   <cell col-end="3" col-start="3" row-end="4" row-start="4" text="7:45">
   </cell>
   <cell col-end="4" col-start="4" row-end="4" row-start="4" text="81.34">
   </cell>
  </row>
  <row row="5">
   <cell col-end="0" col-start="0" row-end="5" row-start="5" text="ChDo-108.5">
   </cell>
   <cell col-end="1" col-start="1" row-end="5" row-start="5" text="Chad">
   </cell>
   <cell col-end="2" col-start="2" row-end="5" row-start="5" text="Dog">
   </cell>
   <cell col-end="3" col-start="3" row-end="5" row-start="5" text="8:15">
   </cell>
   <cell col-end="4" col-start="4" row-end="5" row-start="5" text="81.30">
   </cell>
  </row>
  <row row="6">
   <cell col-end="0" col-start="0" row-end="6" row-start="6" text="ChHu-25">
   </cell>
   <cell col-end="1" col-start="1" row-end="6" row-start="6" text="Chad">
   </cell>
   <cell col-end="2" col-start="2" row-end="6" row-start="6" text="Human">
   </cell>
   <cell col-end="3" col-start="3" row-end="6" row-start="6" text="8:45">
   </cell>
   <cell col-end="4" col-start="4" row-end="6" row-start="6" text="80.86">
   </cell>
  </row>
  <row row="7">
   <cell col-end="0" col-start="0" row-end="7" row-start="7" text="ChCa-10a">
   </cell>
   <cell col-end="1" col-start="1" row-end="7" row-start="7" text="Chad">
   </cell>
   <cell col-end="2" col-start="2" row-end="7" row-start="7" text="Cat">
   </cell>
   <cell col-end="3" col-start="3" row-end="7" row-start="7" text="9:00">
   </cell>
   <cell col-end="4" col-start="4" row-end="7" row-start="7" text="81.15">
   </cell>
  </row>
  <row row="8">
   <cell col-end="0" col-start="0" row-end="8" row-start="8" text="ChDo-189">
   </cell>
   <cell col-end="1" col-start="1" row-end="8" row-start="8" text="Chad">
   </cell>
   <cell col-end="2" col-start="2" row-end="8" row-start="8" text="Dog">
   </cell>
   <cell col-end="3" col-start="3" row-end="8" row-start="8" text="10:15">
   </cell>
   <cell col-end="4" col-start="4" row-end="8" row-start="8" text="81.50">
   </cell>
  </row>
  <row row="9">
   <cell col-end="0" col-start="0" row-end="9" row-start="9" text="ChDo-13">
   </cell>
   <cell col-end="1" col-start="1" row-end="9" row-start="9" text="Chad">
   </cell>
   <cell col-end="2" col-start="2" row-end="9" row-start="9" text="Dog">
   </cell>
   <cell col-end="3" col-start="3" row-end="9" row-start="9" text="8:00">
   </cell>
   <cell col-end="4" col-start="4" row-end="9" row-start="9" text="81.40">
   </cell>
  </row>
  <row row="10">
   <cell col-end="0" col-start="0" row-end="10" row-start="10" text="ChDo-11">
   </cell>
   <cell col-end="1" col-start="1" row-end="10" row-start="10" text="Chad">
   </cell>
   <cell col-end="2" col-start="2" row-end="10" row-start="10" text="Dog">
   </cell>
   <cell col-end="3" col-start="3" row-end="10" row-start="10" text="9:00">
   </cell>
   <cell col-end="4" col-start="4" row-end="10" row-start="10" text="80.86">
   </cell>
  </row>
  <row row="11">
   <cell col-end="0" col-start="0" row-end="11" row-start="11" text="ChDo-47.11">
   </cell>
   <cell col-end="1" col-start="1" row-end="11" row-start="11" text="Chad">
   </cell>
   <cell col-end="2" col-start="2" row-end="11" row-start="11" text="Dog">
   </cell>
   <cell col-end="3" col-start="3" row-end="11" row-start="11" text="8:30">
   </cell>
   <cell col-end="4" col-start="4" row-end="11" row-start="11" text="81.60">
   </cell>
  </row>
  <row row="12">
   <cell col-end="0" col-start="0" row-end="12" row-start="12" text="ChHu-100">
   </cell>
   <cell col-end="1" col-start="1" row-end="12" row-start="12" text="Chad">
   </cell>
   <cell col-end="2" col-start="2" row-end="12" row-start="12" text="Human">
   </cell>
   <cell col-end="3" col-start="3" row-end="12" row-start="12" text="10:15">
   </cell>
   <cell col-end="4" col-start="4" row-end="12" row-start="12" text="81.35">
   </cell>
  </row>
  <row row="13">
   <cell col-end="0" col-start="0" row-end="13" row-start="13" text="ChHu-24">
   </cell>
   <cell col-end="1" col-start="1" row-end="13" row-start="13" text="Chad">
   </cell>
   <cell col-end="2" col-start="2" row-end="13" row-start="13" text="Human">
   </cell>
   <cell col-end="3" col-start="3" row-end="13" row-start="13" text="8:30">
   </cell>
   <cell col-end="4" col-start="4" row-end="13" row-start="13" text="81.45">
   </cell>
  </row>
  <row row="14">
   <cell col-end="0" col-start="0" row-end="14" row-start="14" text="ChDo-1">
   </cell>
   <cell col-end="1" col-start="1" row-end="14" row-start="14" text="Chad">
   </cell>
   <cell col-end="2" col-start="2" row-end="14" row-start="14" text="Dog">
   </cell>
   <cell col-end="3" col-start="3" row-end="14" row-start="14" text="7:45">
   </cell>
   <cell col-end="4" col-start="4" row-end="14" row-start="14" text="81.20">
   </cell>
  </row>
  <row row="15">
   <cell col-end="0" col-start="0" row-end="15" row-start="15" text="ChHu-283">
   </cell>
   <cell col-end="1" col-start="1" row-end="15" row-start="15" text="Chad">
   </cell>
   <cell col-end="2" col-start="2" row-end="15" row-start="15" text="Human">
   </cell>
   <cell col-end="3" col-start="3" row-end="15" row-start="15" text="10:00">
   </cell>
   <cell col-end="4" col-start="4" row-end="15" row-start="15" text="82.58">
   </cell>
  </row>
  <row row="16">
   <cell col-end="0" col-start="0" row-end="16" row-start="16" text="EtDo-172">
   </cell>
   <cell col-end="1" col-start="1" row-end="16" row-start="16" text="Ethiopia">
   </cell>
   <cell col-end="2" col-start="2" row-end="16" row-start="16" text="Dog">
   </cell>
   <cell col-end="3" col-start="3" row-end="16" row-start="16" text="12:15">
   </cell>
   <cell col-end="4" col-start="4" row-end="16" row-start="16" text="82.78">
   </cell>
  </row>
  <row row="17">
   <cell col-end="0" col-start="0" row-end="17" row-start="17" text="EtHu-278">
   </cell>
   <cell col-end="1" col-start="1" row-end="17" row-start="17" text="Ethiopia">
   </cell>
   <cell col-end="2" col-start="2" row-end="17" row-start="17" text="Human">
   </cell>
   <cell col-end="3" col-start="3" row-end="17" row-start="17" text="10:30">
   </cell>
   <cell col-end="4" col-start="4" row-end="17" row-start="17" text="82.63">
   </cell>
  </row>
  <row row="18">
   <cell col-end="0" col-start="0" row-end="18" row-start="18" text="EtBa-153">
   </cell>
   <cell col-end="1" col-start="1" row-end="18" row-start="18" text="Ethiopia">
   </cell>
   <cell col-end="2" col-start="2" row-end="18" row-start="18" text="Baboon">
   </cell>
   <cell col-end="3" col-start="3" row-end="18" row-start="18" text="10:30">
   </cell>
   <cell col-end="4" col-start="4" row-end="18" row-start="18" text="82.87">
   </cell>
  </row>
  <row row="19">
   <cell col-end="0" col-start="0" row-end="19" row-start="19" text="EtHu-152">
   </cell>
   <cell col-end="1" col-start="1" row-end="19" row-start="19" text="Ethiopia">
   </cell>
   <cell col-end="2" col-start="2" row-end="19" row-start="19" text="Human">
   </cell>
   <cell col-end="3" col-start="3" row-end="19" row-start="19" text="10:00">
   </cell>
   <cell col-end="4" col-start="4" row-end="19" row-start="19" text="82.57">
   </cell>
  </row>
  <row row="20">
   <cell col-end="0" col-start="0" row-end="20" row-start="20" text="MaHu-165">
   </cell>
   <cell col-end="1" col-start="1" row-end="20" row-start="20" text="Mali">
   </cell>
   <cell col-end="2" col-start="2" row-end="20" row-start="20" text="Human">
   </cell>
   <cell col-end="3" col-start="3" row-end="20" row-start="20" text="9:45">
   </cell>
   <cell col-end="4" col-start="4" row-end="20" row-start="20" text="82.67">
   </cell>
  </row>
  <row row="21">
   <cell col-end="0" col-start="0" row-end="21" row-start="21" text="MaHu-240">
   </cell>
   <cell col-end="1" col-start="1" row-end="21" row-start="21" text="Mali">
   </cell>
   <cell col-end="2" col-start="2" row-end="21" row-start="21" text="Human">
   </cell>
   <cell col-end="3" col-start="3" row-end="21" row-start="21" text="10:00">
   </cell>
   <cell col-end="4" col-start="4" row-end="21" row-start="21" text="82.54">
   </cell>
  </row>
  <row row="22">
   <cell col-end="0" col-start="0" row-end="22" row-start="22" text="MaHu-242">
   </cell>
   <cell col-end="1" col-start="1" row-end="22" row-start="22" text="Mali">
   </cell>
   <cell col-end="2" col-start="2" row-end="22" row-start="22" text="Human">
   </cell>
   <cell col-end="3" col-start="3" row-end="22" row-start="22" text="23:00">
   </cell>
   <cell col-end="4" col-start="4" row-end="22" row-start="22" text="82.58">
   </cell>
  </row>
  <row row="23">
   <cell col-end="0" col-start="0" row-end="23" row-start="23" text="MaHu-253">
   </cell>
   <cell col-end="1" col-start="1" row-end="23" row-start="23" text="Mali">
   </cell>
   <cell col-end="2" col-start="2" row-end="23" row-start="23" text="Human">
   </cell>
   <cell col-end="3" col-start="3" row-end="23" row-start="23" text="11:00">
   </cell>
   <cell col-end="4" col-start="4" row-end="23" row-start="23" text="82.79">
   </cell>
  </row>
  <row row="24">
   <cell col-end="0" col-start="0" row-end="24" row-start="24" text="SsHu-201">
   </cell>
   <cell col-end="1" col-start="1" row-end="24" row-start="24" text="South Sudan">
   </cell>
   <cell col-end="2" col-start="2" row-end="24" row-start="24" text="Human">
   </cell>
   <cell col-end="3" col-start="3" row-end="24" row-start="24" text="8:45">
   </cell>
   <cell col-end="4" col-start="4" row-end="24" row-start="24" text="82.50">
   </cell>
  </row>
  <row row="25">
   <cell col-end="0" col-start="0" row-end="25" row-start="25" text="SsHu-256">
   </cell>
   <cell col-end="1" col-start="1" row-end="25" row-start="25" text="South Sudan">
   </cell>
   <cell col-end="2" col-start="2" row-end="25" row-start="25" text="Human">
   </cell>
   <cell col-end="3" col-start="3" row-end="25" row-start="25" text="10:15">
   </cell>
   <cell col-end="4" col-start="4" row-end="25" row-start="25" text="82.36">
   </cell>
  </row>
  <row row="26">
   <cell col-end="0" col-start="0" row-end="26" row-start="26" text="SsDo-183">
   </cell>
   <cell col-end="1" col-start="1" row-end="26" row-start="26" text="South Sudan">
   </cell>
   <cell col-end="2" col-start="2" row-end="26" row-start="26" text="Dog">
   </cell>
   <cell col-end="3" col-start="3" row-end="26" row-start="26" text="10:30">
   </cell>
   <cell col-end="4" col-start="4" row-end="26" row-start="26" text="82.48">
   </cell>
  </row>
  <row row="27">
   <cell col-end="0" col-start="0" row-end="27" row-start="27" text="Uninfected copepod">
   </cell>
   <cell col-end="1" col-start="1" row-end="27" row-start="27" text="n/a">
   </cell>
   <cell col-end="2" col-start="2" row-end="27" row-start="27" text="n/a">
   </cell>
   <cell col-end="3" col-start="3" row-end="27" row-start="27" text="–">
   </cell>
   <cell col-end="4" col-start="4" row-end="27" row-start="27" text="–">
   </cell>
  </row>
  <row row="28">
   <cell col-end="0" col-start="0" row-end="28" row-start="28" text="Dracunculus insignis">
   </cell>
   <cell col-end="1" col-start="1" row-end="28" row-start="28" text="n/a">
   </cell>
   <cell col-end="2" col-start="2" row-end="28" row-start="28" text="n/a">
   </cell>
   <cell col-end="3" col-start="3" row-end="28" row-start="28" text="–">
   </cell>
   <cell col-end="4" col-start="4" row-end="28" row-start="28" text="–">
   </cell>
  </row>
  <statements>
   <statement id="0" text="Annealing temperature (C) will be from 90.55 to 102.87." type="">
   </statement>
   <statement id="2" text="MaHu-242 and ChDo-189 will not have Origin and Host." type="">
   </statement>
   <statement id="4" text="The first 14 Extract ID will have same Origin." type="">
   </statement>
   <statement id="6" text="The limit of detection of the D. insignis assay was equivalent to that of the D. medinensis assay, and no cross reactivity was observed with DNA extracted from D. medinensis or uninfected copepods (data not shown)." type="">
   </statement>
   <statement id="8" text="There Table has 27 Extract ID ." type="">
   </statement>
   <statement id="11" text="Time to positive for Dracunculus medinensis assay will be from 7:45 to 23:00." type="">
   </statement>
   <statement id="12" text="Uninfected copepod and Dracunculus insignis will not have Origin and Host." type="">
   </statement>
  </statements>
 </table>
 <table id="Table 3">
  <caption text="

   Summary of real-time LAMP results testing samples comprising
   
    Dracunculus
   
   -free copepods spiked with
   
    D. medinensis
   
   or
   
    D. insignis
   
   larvae. Nt = sample not tested, - = negative result. -ve sample is a no-template control, +ve controls are copepods mixed with
   
    Dracunculus
   
   DNA. Tp = time to positive, Ta = Annealing temperature.
  
">
  </caption>
  <row row="0">
   <cell col-end="2" col-start="0" row-end="0" row-start="0" text="Number spiked into sample">
   </cell>
   <cell col-end="8" col-start="3" row-end="0" row-start="0" text="Samples tested with LAMP assays for">
   </cell>
  </row>
  <row row="1">
   <cell col-end="0" col-start="0" row-end="2" row-start="1" text="Copepods">
   </cell>
   <cell col-end="1" col-start="1" row-end="2" row-start="1" text="D. medinensis">
   </cell>
   <cell col-end="2" col-start="2" row-end="2" row-start="1" text="D. insignis">
   </cell>
   <cell col-end="4" col-start="3" row-end="1" row-start="1" text="D. medinensis">
   </cell>
   <cell col-end="6" col-start="5" row-end="1" row-start="1" text="D. insignis">
   </cell>
   <cell col-end="8" col-start="7" row-end="1" row-start="1" text="Copepod">
   </cell>
  </row>
  <row row="2">
   <cell col-end="3" col-start="3" row-end="2" row-start="2" text="Tp (min:sec)">
   </cell>
   <cell col-end="4" col-start="4" row-end="2" row-start="2" text="Ta (°C)">
   </cell>
   <cell col-end="5" col-start="5" row-end="2" row-start="2" text="Tp (min:sec)">
   </cell>
   <cell col-end="6" col-start="6" row-end="2" row-start="2" text="Ta (°C)">
   </cell>
   <cell col-end="7" col-start="7" row-end="2" row-start="2" text="Tp (min:sec)">
   </cell>
   <cell col-end="8" col-start="8" row-end="2" row-start="2" text="Ta (°C)">
   </cell>
  </row>
  <row row="3">
   <cell col-end="0" col-start="0" row-end="3" row-start="3" text="1">
   </cell>
   <cell col-end="1" col-start="1" row-end="3" row-start="3" text="1">
   </cell>
   <cell col-end="2" col-start="2" row-end="3" row-start="3" text="0">
   </cell>
   <cell col-end="3" col-start="3" row-end="3" row-start="3" text="8:15">
   </cell>
   <cell col-end="4" col-start="4" row-end="3" row-start="3" text="82.20">
   </cell>
   <cell col-end="5" col-start="5" row-end="3" row-start="3" text="nt">
   </cell>
   <cell col-end="6" col-start="6" row-end="3" row-start="3" text="nt">
   </cell>
   <cell col-end="7" col-start="7" row-end="3" row-start="3" text="6:30">
   </cell>
   <cell col-end="8" col-start="8" row-end="3" row-start="3" text="87.49">
   </cell>
  </row>
  <row row="4">
   <cell col-end="0" col-start="0" row-end="4" row-start="4" text="10">
   </cell>
   <cell col-end="1" col-start="1" row-end="4" row-start="4" text="1">
   </cell>
   <cell col-end="2" col-start="2" row-end="4" row-start="4" text="0">
   </cell>
   <cell col-end="3" col-start="3" row-end="4" row-start="4" text="7:45">
   </cell>
   <cell col-end="4" col-start="4" row-end="4" row-start="4" text="82.07">
   </cell>
   <cell col-end="5" col-start="5" row-end="4" row-start="4" text="nt">
   </cell>
   <cell col-end="6" col-start="6" row-end="4" row-start="4" text="nt">
   </cell>
   <cell col-end="7" col-start="7" row-end="4" row-start="4" text="6:15">
   </cell>
   <cell col-end="8" col-start="8" row-end="4" row-start="4" text="87.65">
   </cell>
  </row>
  <row row="5">
   <cell col-end="0" col-start="0" row-end="5" row-start="5" text="20">
   </cell>
   <cell col-end="1" col-start="1" row-end="5" row-start="5" text="1">
   </cell>
   <cell col-end="2" col-start="2" row-end="5" row-start="5" text="0">
   </cell>
   <cell col-end="3" col-start="3" row-end="5" row-start="5" text="8:00">
   </cell>
   <cell col-end="4" col-start="4" row-end="5" row-start="5" text="82.09">
   </cell>
   <cell col-end="5" col-start="5" row-end="5" row-start="5" text="nt">
   </cell>
   <cell col-end="6" col-start="6" row-end="5" row-start="5" text="nt">
   </cell>
   <cell col-end="7" col-start="7" row-end="5" row-start="5" text="5:15">
   </cell>
   <cell col-end="8" col-start="8" row-end="5" row-start="5" text="87.78">
   </cell>
  </row>
  <row row="6">
   <cell col-end="0" col-start="0" row-end="6" row-start="6" text="30">
   </cell>
   <cell col-end="1" col-start="1" row-end="6" row-start="6" text="1">
   </cell>
   <cell col-end="2" col-start="2" row-end="6" row-start="6" text="0">
   </cell>
   <cell col-end="3" col-start="3" row-end="6" row-start="6" text="8:15">
   </cell>
   <cell col-end="4" col-start="4" row-end="6" row-start="6" text="82.04">
   </cell>
   <cell col-end="5" col-start="5" row-end="6" row-start="6" text="nt">
   </cell>
   <cell col-end="6" col-start="6" row-end="6" row-start="6" text="nt">
   </cell>
   <cell col-end="7" col-start="7" row-end="6" row-start="6" text="5:30">
   </cell>
   <cell col-end="8" col-start="8" row-end="6" row-start="6" text="87.79">
   </cell>
  </row>
  <row row="7">
   <cell col-end="0" col-start="0" row-end="7" row-start="7" text="30">
   </cell>
   <cell col-end="1" col-start="1" row-end="7" row-start="7" text="1">
   </cell>
   <cell col-end="2" col-start="2" row-end="7" row-start="7" text="0">
   </cell>
   <cell col-end="3" col-start="3" row-end="7" row-start="7" text="8:45">
   </cell>
   <cell col-end="4" col-start="4" row-end="7" row-start="7" text="81.97">
   </cell>
   <cell col-end="5" col-start="5" row-end="7" row-start="7" text="nt">
   </cell>
   <cell col-end="6" col-start="6" row-end="7" row-start="7" text="nt">
   </cell>
   <cell col-end="7" col-start="7" row-end="7" row-start="7" text="5:30">
   </cell>
   <cell col-end="8" col-start="8" row-end="7" row-start="7" text="87.76">
   </cell>
  </row>
  <row row="8">
   <cell col-end="0" col-start="0" row-end="8" row-start="8" text="10">
   </cell>
   <cell col-end="1" col-start="1" row-end="8" row-start="8" text="0">
   </cell>
   <cell col-end="2" col-start="2" row-end="8" row-start="8" text="0">
   </cell>
   <cell col-end="3" col-start="3" row-end="8" row-start="8" text="–">
   </cell>
   <cell col-end="4" col-start="4" row-end="8" row-start="8" text="–">
   </cell>
   <cell col-end="5" col-start="5" row-end="8" row-start="8" text="nt">
   </cell>
   <cell col-end="6" col-start="6" row-end="8" row-start="8" text="nt">
   </cell>
   <cell col-end="7" col-start="7" row-end="8" row-start="8" text="6:30">
   </cell>
   <cell col-end="8" col-start="8" row-end="8" row-start="8" text="87.21">
   </cell>
  </row>
  <row row="9">
   <cell col-end="0" col-start="0" row-end="9" row-start="9" text="20">
   </cell>
   <cell col-end="1" col-start="1" row-end="9" row-start="9" text="0">
   </cell>
   <cell col-end="2" col-start="2" row-end="9" row-start="9" text="0">
   </cell>
   <cell col-end="3" col-start="3" row-end="9" row-start="9" text="–">
   </cell>
   <cell col-end="4" col-start="4" row-end="9" row-start="9" text="–">
   </cell>
   <cell col-end="5" col-start="5" row-end="9" row-start="9" text="nt">
   </cell>
   <cell col-end="6" col-start="6" row-end="9" row-start="9" text="nt">
   </cell>
   <cell col-end="7" col-start="7" row-end="9" row-start="9" text="6:00">
   </cell>
   <cell col-end="8" col-start="8" row-end="9" row-start="9" text="87.75">
   </cell>
  </row>
  <row row="10">
   <cell col-end="0" col-start="0" row-end="10" row-start="10" text="≥50">
   </cell>
   <cell col-end="1" col-start="1" row-end="10" row-start="10" text="0">
   </cell>
   <cell col-end="2" col-start="2" row-end="10" row-start="10" text="0">
   </cell>
   <cell col-end="3" col-start="3" row-end="10" row-start="10" text="–">
   </cell>
   <cell col-end="4" col-start="4" row-end="10" row-start="10" text="–">
   </cell>
   <cell col-end="5" col-start="5" row-end="10" row-start="10" text="nt">
   </cell>
   <cell col-end="6" col-start="6" row-end="10" row-start="10" text="nt">
   </cell>
   <cell col-end="7" col-start="7" row-end="10" row-start="10" text="6:15">
   </cell>
   <cell col-end="8" col-start="8" row-end="10" row-start="10" text="87.16">
   </cell>
  </row>
  <row row="11">
   <cell col-end="0" col-start="0" row-end="11" row-start="11" text="≥100">
   </cell>
   <cell col-end="1" col-start="1" row-end="11" row-start="11" text="0">
   </cell>
   <cell col-end="2" col-start="2" row-end="11" row-start="11" text="0">
   </cell>
   <cell col-end="3" col-start="3" row-end="11" row-start="11" text="–">
   </cell>
   <cell col-end="4" col-start="4" row-end="11" row-start="11" text="–">
   </cell>
   <cell col-end="5" col-start="5" row-end="11" row-start="11" text="nt">
   </cell>
   <cell col-end="6" col-start="6" row-end="11" row-start="11" text="nt">
   </cell>
   <cell col-end="7" col-start="7" row-end="11" row-start="11" text="6:15">
   </cell>
   <cell col-end="8" col-start="8" row-end="11" row-start="11" text="87.21">
   </cell>
  </row>
  <row row="12">
   <cell col-end="0" col-start="0" row-end="12" row-start="12" text="1">
   </cell>
   <cell col-end="1" col-start="1" row-end="12" row-start="12" text="0">
   </cell>
   <cell col-end="2" col-start="2" row-end="12" row-start="12" text="1">
   </cell>
   <cell col-end="3" col-start="3" row-end="12" row-start="12" text="nt">
   </cell>
   <cell col-end="4" col-start="4" row-end="12" row-start="12" text="nt">
   </cell>
   <cell col-end="5" col-start="5" row-end="12" row-start="12" text="10:15">
   </cell>
   <cell col-end="6" col-start="6" row-end="12" row-start="12" text="82.50">
   </cell>
   <cell col-end="7" col-start="7" row-end="12" row-start="12" text="9:00">
   </cell>
   <cell col-end="8" col-start="8" row-end="12" row-start="12" text="88.26">
   </cell>
  </row>
  <row row="13">
   <cell col-end="0" col-start="0" row-end="13" row-start="13" text="10">
   </cell>
   <cell col-end="1" col-start="1" row-end="13" row-start="13" text="0">
   </cell>
   <cell col-end="2" col-start="2" row-end="13" row-start="13" text="1">
   </cell>
   <cell col-end="3" col-start="3" row-end="13" row-start="13" text="nt">
   </cell>
   <cell col-end="4" col-start="4" row-end="13" row-start="13" text="nt">
   </cell>
   <cell col-end="5" col-start="5" row-end="13" row-start="13" text="13:00">
   </cell>
   <cell col-end="6" col-start="6" row-end="13" row-start="13" text="82.49">
   </cell>
   <cell col-end="7" col-start="7" row-end="13" row-start="13" text="7:30">
   </cell>
   <cell col-end="8" col-start="8" row-end="13" row-start="13" text="88.31">
   </cell>
  </row>
  <row row="14">
   <cell col-end="0" col-start="0" row-end="14" row-start="14" text="10">
   </cell>
   <cell col-end="1" col-start="1" row-end="14" row-start="14" text="0">
   </cell>
   <cell col-end="2" col-start="2" row-end="14" row-start="14" text="0">
   </cell>
   <cell col-end="3" col-start="3" row-end="14" row-start="14" text="nt">
   </cell>
   <cell col-end="4" col-start="4" row-end="14" row-start="14" text="nt">
   </cell>
   <cell col-end="5" col-start="5" row-end="14" row-start="14" text="–">
   </cell>
   <cell col-end="6" col-start="6" row-end="14" row-start="14" text="–">
   </cell>
   <cell col-end="7" col-start="7" row-end="14" row-start="14" text="7:00">
   </cell>
   <cell col-end="8" col-start="8" row-end="14" row-start="14" text="88.26">
   </cell>
  </row>
  <row row="15">
   <cell col-end="0" col-start="0" row-end="15" row-start="15" text="-ve control">
   </cell>
   <cell col-end="1" col-start="1" row-end="15" row-start="15" text="">
   </cell>
   <cell col-end="2" col-start="2" row-end="15" row-start="15" text="">
   </cell>
   <cell col-end="3" col-start="3" row-end="15" row-start="15" text="–">
   </cell>
   <cell col-end="4" col-start="4" row-end="15" row-start="15" text="–">
   </cell>
   <cell col-end="5" col-start="5" row-end="15" row-start="15" text="–">
   </cell>
   <cell col-end="6" col-start="6" row-end="15" row-start="15" text="–">
   </cell>
   <cell col-end="7" col-start="7" row-end="15" row-start="15" text="–">
   </cell>
   <cell col-end="8" col-start="8" row-end="15" row-start="15" text="–">
   </cell>
  </row>
  <row row="16">
   <cell col-end="0" col-start="0" row-end="16" row-start="16" text="">
   </cell>
   <cell col-end="1" col-start="1" row-end="16" row-start="16" text="+ve control">
   </cell>
   <cell col-end="2" col-start="2" row-end="16" row-start="16" text="">
   </cell>
   <cell col-end="3" col-start="3" row-end="16" row-start="16" text="7:30">
   </cell>
   <cell col-end="4" col-start="4" row-end="16" row-start="16" text="81.83">
   </cell>
   <cell col-end="5" col-start="5" row-end="16" row-start="16" text="nt">
   </cell>
   <cell col-end="6" col-start="6" row-end="16" row-start="16" text="nt">
   </cell>
   <cell col-end="7" col-start="7" row-end="16" row-start="16" text="6:00">
   </cell>
   <cell col-end="8" col-start="8" row-end="16" row-start="16" text="87.67">
   </cell>
  </row>
  <row row="17">
   <cell col-end="0" col-start="0" row-end="17" row-start="17" text="">
   </cell>
   <cell col-end="1" col-start="1" row-end="17" row-start="17" text="">
   </cell>
   <cell col-end="2" col-start="2" row-end="17" row-start="17" text="+ve control">
   </cell>
   <cell col-end="3" col-start="3" row-end="17" row-start="17" text="nt">
   </cell>
   <cell col-end="4" col-start="4" row-end="17" row-start="17" text="nt">
   </cell>
   <cell col-end="5" col-start="5" row-end="17" row-start="17" text="11:30">
   </cell>
   <cell col-end="6" col-start="6" row-end="17" row-start="17" text="82.42">
   </cell>
   <cell col-end="7" col-start="7" row-end="17" row-start="17" text="8:00">
   </cell>
   <cell col-end="8" col-start="8" row-end="17" row-start="17" text="88.41">
   </cell>
  </row>
  <statements>
   <statement id="1" text="Number spiked into sample D. insignis 0 Samples tested with LAMP assays for D. insignis is nt." type="">
   </statement>
   <statement id="3" text="Samples tested with LAMP assays for Copepod Tp (min:sec) 7:00 Number spiked into sample Copepods is 15." type="">
   </statement>
   <statement id="5" text="Samples tested with LAMP assays for D. medinensis Tp (min:sec) 8:45 Number spiked into sample Number spiked into sample D. medinensis is 1." type="">
   </statement>
  </statements>
 </table>
</document>